#{"t_start": 1791136619.0712347, "env_id": "None"}
r,l,t,is_success,curriculum_stage,reach_success,grasp_success,lift_success,transport_success,above_cup_success,correct_release,placement_success
-5.014997,500,12.951649,False,1,False,False,False,False,False,False,False
-5.413286,500,14.266754,False,1,False,False,False,False,False,False,False
-5.178722,500,15.544546,False,1,False,False,False,False,False,False,False
-5.154701,500,16.927918,False,1,True,False,False,False,False,False,False
-97.295284,500,18.926129,False,1,False,False,False,False,False,False,False
-110.953764,500,20.234953,False,1,False,False,False,False,False,False,False
-111.488395,500,21.576724,False,1,False,False,False,False,False,False,False
-111.262044,500,22.903979,False,1,False,False,False,False,False,False,False
-113.249539,500,24.512845,False,1,False,False,False,False,False,False,False
-113.443285,500,25.813512,False,1,False,False,False,False,False,False,False
-114.073946,500,27.11163,False,1,False,False,False,False,False,False,False
-115.069823,500,28.4072,False,1,False,False,False,False,False,False,False
-113.577595,500,30.060724,False,1,False,False,False,False,False,False,False
-113.12175,500,31.353107,False,1,False,False,False,False,False,False,False
-112.147717,500,32.642622,False,1,False,False,False,False,False,False,False
-110.72445,500,33.934715,False,1,False,False,False,False,False,False,False
-113.437806,500,35.764798,False,1,False,False,False,False,False,False,False
-112.394425,500,37.056756,False,1,False,False,False,False,False,False,False
-114.756059,500,38.337589,False,1,False,False,False,False,False,False,False
-114.241757,500,39.633941,False,1,False,False,False,False,False,False,False
-114.732458,500,41.28868,False,1,False,False,False,False,False,False,False
-115.556819,500,42.669813,False,1,False,False,False,False,False,False,False
-116.149978,500,43.990751,False,1,False,False,False,False,False,False,False
-115.371889,500,45.262236,False,1,False,False,False,False,False,False,False
-115.601102,500,47.031626,False,1,False,False,False,False,False,False,False
-115.092544,500,48.339243,False,1,False,False,False,False,False,False,False
-116.310106,500,49.625069,False,1,False,False,False,False,False,False,False
-115.237733,500,50.963623,False,1,False,False,False,False,False,False,False
-115.912344,500,52.620288,False,1,False,False,False,False,False,False,False
-116.685387,500,53.946451,False,1,False,False,False,False,False,False,False
-116.135155,500,55.24445,False,1,False,False,False,False,False,False,False
-116.561422,500,56.522725,False,1,False,False,False,False,False,False,False
-116.235937,500,58.247238,False,1,False,False,False,False,False,False,False
-116.231298,500,59.544648,False,1,False,False,False,False,False,False,False
-115.601254,500,60.820038,False,1,False,False,False,False,False,False,False
-115.324836,500,62.231388,False,1,False,False,False,False,False,False,False
-115.08517,500,63.878371,False,1,False,False,False,False,False,False,False
-119.710058,500,65.220227,False,1,False,False,False,False,False,False,False
-119.154874,500,66.558672,False,1,False,False,False,False,False,False,False
-119.095638,500,67.879772,False,1,False,False,False,False,False,False,False
-118.498608,500,69.601478,False,1,False,False,False,False,False,False,False
-116.644488,500,70.925022,False,1,False,False,False,False,False,False,False
-117.492804,500,72.225689,False,1,False,False,False,False,False,False,False
-116.430768,500,73.513446,False,1,False,False,False,False,False,False,False
-116.29622,500,74.870206,False,1,False,False,False,False,False,False,False
-119.639374,500,76.574582,False,1,False,False,False,False,False,False,False
-120.196957,500,77.975589,False,1,False,False,False,False,False,False,False
-119.608376,500,79.409427,False,1,False,False,False,False,False,False,False
-120.340959,500,80.752517,False,1,False,False,False,False,False,False,False
-120.276459,500,82.371193,False,1,False,False,False,False,False,False,False
-121.707874,500,83.723639,False,1,False,False,False,False,False,False,False
-120.614025,500,85.086474,False,1,False,False,False,False,False,False,False
-121.307253,500,86.460394,False,1,False,False,False,False,False,False,False
-119.484467,500,88.118592,False,1,False,False,False,False,False,False,False
-119.831218,500,89.410026,False,1,False,False,False,False,False,False,False
-119.634535,500,90.706259,False,1,False,False,False,False,False,False,False
-120.612195,500,92.027121,False,1,False,False,False,False,False,False,False
-116.413763,500,93.688609,False,1,False,False,False,False,False,False,False
-116.495188,500,95.000154,False,1,False,False,False,False,False,False,False
-115.377181,500,96.361015,False,1,False,False,False,False,False,False,False
-116.225277,500,97.663618,False,1,False,False,False,False,False,False,False
-114.421139,500,99.302047,False,1,False,False,False,False,False,False,False
-116.152703,500,100.675724,False,1,False,False,False,False,False,False,False
-114.503046,500,101.974828,False,1,False,False,False,False,False,False,False
-115.562103,500,103.272153,False,1,False,False,False,False,False,False,False
-117.282431,500,104.965287,False,1,False,False,False,False,False,False,False
-117.689711,500,106.32743,False,1,False,False,False,False,False,False,False
-117.843769,500,107.663325,False,1,False,False,False,False,False,False,False
-118.297771,500,108.910768,False,1,False,False,False,False,False,False,False
-117.513627,500,110.586996,False,1,False,False,False,False,False,False,False
-117.476087,500,111.93458,False,1,False,False,False,False,False,False,False
-118.519262,500,113.289019,False,1,False,False,False,False,False,False,False
-117.238787,500,114.655499,False,1,False,False,False,False,False,False,False
-117.322329,500,116.300233,False,1,False,False,False,False,False,False,False
-119.140221,500,117.648254,False,1,False,False,False,False,False,False,False
-119.431764,500,118.994068,False,1,False,False,False,False,False,False,False
-118.566743,500,120.355441,False,1,False,False,False,False,False,False,False
-119.274786,500,122.012976,False,1,False,False,False,False,False,False,False
-115.330855,500,123.305118,False,1,False,False,False,False,False,False,False
-116.412351,500,124.589445,False,1,False,False,False,False,False,False,False
-116.275951,500,125.916334,False,1,False,False,False,False,False,False,False
-116.407212,500,127.636677,False,1,False,False,False,False,False,False,False
-121.683655,500,128.910326,False,1,False,False,False,False,False,False,False
-123.299377,500,130.212416,False,1,False,False,False,False,False,False,False
-122.481944,500,131.503816,False,1,False,False,False,False,False,False,False
-122.534396,500,132.807185,False,1,False,False,False,False,False,False,False
-117.056002,500,134.446293,False,1,False,False,False,False,False,False,False
-116.923417,500,135.730362,False,1,False,False,False,False,False,False,False
-115.644533,500,137.071487,False,1,False,False,False,False,False,False,False
-115.474161,500,138.332065,False,1,False,False,False,False,False,False,False
-116.662276,500,140.028389,False,1,False,False,False,False,False,False,False
-117.779837,500,141.322824,False,1,False,False,False,False,False,False,False
-118.223757,500,142.646086,False,1,False,False,False,False,False,False,False
-115.786002,500,143.92185,False,1,False,False,False,False,False,False,False
-115.511963,500,145.511201,False,1,False,False,False,False,False,False,False
-114.47044,500,146.861999,False,1,False,False,False,False,False,False,False
-114.932486,500,148.244415,False,1,False,False,False,False,False,False,False
-115.745944,500,149.549569,False,1,False,False,False,False,False,False,False
-114.340318,500,151.165101,False,1,False,False,False,False,False,False,False
-114.114711,500,152.501436,False,1,False,False,False,False,False,False,False
-114.935456,500,153.865195,False,1,False,False,False,False,False,False,False
-113.777547,500,155.132279,False,1,False,False,False,False,False,False,False
-114.372998,500,156.83186,False,1,False,False,False,False,False,False,False
-113.339976,500,158.167641,False,1,False,False,False,False,False,False,False
-113.243572,500,159.484053,False,1,False,False,False,False,False,False,False
-112.283306,500,160.824818,False,1,False,False,False,False,False,False,False
-113.338885,500,162.421011,False,1,False,False,False,False,False,False,False
-111.560351,500,163.765807,False,1,False,False,False,False,False,False,False
-111.905685,500,165.100529,False,1,False,False,False,False,False,False,False
-112.259339,500,166.383538,False,1,False,False,False,False,False,False,False
-112.177537,500,168.038926,False,1,False,False,False,False,False,False,False
-111.650534,500,169.414865,False,1,False,False,False,False,False,False,False
-111.367054,500,170.730689,False,1,False,False,False,False,False,False,False
-110.803289,500,172.001468,False,1,False,False,False,False,False,False,False
-113.002948,500,173.709182,False,1,False,False,False,False,False,False,False
-115.324403,500,175.057363,False,1,False,False,False,False,False,False,False
-114.965496,500,176.349054,False,1,False,False,False,False,False,False,False
-115.075537,500,177.6596,False,1,False,False,False,False,False,False,False
-113.170323,500,179.301336,False,1,False,False,False,False,False,False,False
-110.791822,500,180.684748,False,1,False,False,False,False,False,False,False
-111.486438,500,182.014147,False,1,False,False,False,False,False,False,False
-110.677343,500,183.314589,False,1,False,False,False,False,False,False,False
-111.459163,500,185.040401,False,1,False,False,False,False,False,False,False
-109.479728,500,186.409593,False,1,False,False,False,False,False,False,False
-109.233232,500,187.705537,False,1,False,False,False,False,False,False,False
-109.744891,500,189.034552,False,1,False,False,False,False,False,False,False
-108.644837,500,190.661674,False,1,False,False,False,False,False,False,False
-107.778932,500,191.960238,False,1,False,False,False,False,False,False,False
-107.996343,500,193.244246,False,1,False,False,False,False,False,False,False
-108.38952,500,194.599688,False,1,False,False,False,False,False,False,False
-108.250169,500,195.966612,False,1,False,False,False,False,False,False,False
-107.952584,500,197.682248,False,1,False,False,False,False,False,False,False
-105.061961,500,198.988554,False,1,False,False,False,False,False,False,False
-106.534205,500,200.270694,False,1,False,False,False,False,False,False,False
-107.418266,500,201.583363,False,1,False,False,False,False,False,False,False
-105.032283,500,203.417348,False,1,False,False,False,False,False,False,False
-105.89593,500,204.748368,False,1,False,False,False,False,False,False,False
-105.747652,500,206.100762,False,1,False,False,False,False,False,False,False
-105.854317,500,207.406868,False,1,False,False,False,False,False,False,False
-104.89515,500,209.092878,False,1,False,False,False,False,False,False,False
-104.849871,500,210.442782,False,1,False,False,False,False,False,False,False
-105.04584,500,211.746308,False,1,False,False,False,False,False,False,False
-105.665441,500,212.999513,False,1,False,False,False,False,False,False,False
-105.352109,500,214.632571,False,1,False,False,False,False,False,False,False
-106.602599,500,215.947888,False,1,False,False,False,False,False,False,False
-105.26824,500,217.244528,False,1,False,False,False,False,False,False,False
-105.087416,500,218.565421,False,1,False,False,False,False,False,False,False
-109.350288,500,220.203012,False,1,False,False,False,False,False,False,False
-111.254793,500,221.480039,False,1,False,False,False,False,False,False,False
-112.506048,500,222.762754,False,1,False,False,False,False,False,False,False
-110.289413,500,224.11606,False,1,False,False,False,False,False,False,False
-111.658876,500,225.77654,False,1,False,False,False,False,False,False,False
-110.707692,500,227.12119,False,1,False,False,False,False,False,False,False
-110.185164,500,228.501481,False,1,False,False,False,False,False,False,False
-109.817423,500,229.930152,False,1,False,False,False,False,False,False,False
-111.968148,500,231.581746,False,1,False,False,False,False,False,False,False
-109.216701,500,233.032814,False,1,False,False,False,False,False,False,False
-108.768368,500,234.38273,False,1,False,False,False,False,False,False,False
-109.682818,500,235.715149,False,1,False,False,False,False,False,False,False
-107.810684,500,237.381809,False,1,False,False,False,False,False,False,False
-102.620501,500,238.724089,False,1,False,False,False,False,False,False,False
-102.015328,500,240.009969,False,1,False,False,False,False,False,False,False
-101.935535,500,241.410979,False,1,False,False,False,False,False,False,False
-102.286587,500,243.078737,False,1,False,False,False,False,False,False,False
-103.045452,500,244.425074,False,1,False,False,False,False,False,False,False
-103.342458,500,245.789869,False,1,False,False,False,False,False,False,False
-102.757035,500,247.061272,False,1,False,False,False,False,False,False,False
-103.013118,500,248.716295,False,1,False,False,False,False,False,False,False
-96.10382,500,250.070964,False,1,False,False,False,False,False,False,False
-96.319251,500,251.439664,False,1,False,False,False,False,False,False,False
-97.845999,500,252.75244,False,1,False,False,False,False,False,False,False
-97.58425,500,254.057864,False,1,False,False,False,False,False,False,False
-94.770494,500,255.702677,False,1,False,False,False,False,False,False,False
-97.648401,500,257.076565,False,1,False,False,False,False,False,False,False
-96.32249,500,258.388714,False,1,False,False,False,False,False,False,False
-98.014575,500,259.71197,False,1,False,False,False,False,False,False,False
-93.509443,500,261.393654,False,1,False,False,False,False,False,False,False
-92.60112,500,262.697542,False,1,False,False,False,False,False,False,False
-92.478421,500,264.002311,False,1,False,False,False,False,False,False,False
-92.769538,500,265.279773,False,1,False,False,False,False,False,False,False
-94.492376,500,267.04388,False,1,False,False,False,False,False,False,False
-94.270459,500,268.372443,False,1,False,False,False,False,False,False,False
-93.539398,500,269.690588,False,1,False,False,False,False,False,False,False
-93.725803,500,270.982039,False,1,False,False,False,False,False,False,False
-92.018073,500,272.59114,False,1,False,False,False,False,False,False,False
-90.097539,500,273.943692,False,1,False,False,False,False,False,False,False
-91.809693,500,275.236953,False,1,False,False,False,False,False,False,False
-90.389671,500,276.532056,False,1,False,False,False,False,False,False,False
-91.481935,500,278.178082,False,1,False,False,False,False,False,False,False
-91.720664,500,279.485439,False,1,False,False,False,False,False,False,False
-92.203762,500,280.812183,False,1,False,False,False,False,False,False,False
-91.268702,500,282.13392,False,1,False,False,False,False,False,False,False
-89.824882,500,283.794606,False,1,False,False,False,False,False,False,False
-87.550174,500,285.035722,False,1,False,False,False,False,False,False,False
-85.834914,500,286.333842,False,1,False,False,False,False,False,False,False
-87.259979,500,287.67398,False,1,False,False,False,False,False,False,False
-87.168653,500,289.314483,False,1,False,False,False,False,False,False,False
-87.288884,500,290.698826,False,1,False,False,False,False,False,False,False
-84.955242,500,292.136406,False,1,False,False,False,False,False,False,False
-86.713268,500,293.539938,False,1,False,False,False,False,False,False,False
-86.272832,500,346.523042,False,1,False,False,False,False,False,False,False
-85.740479,500,347.892462,False,1,False,False,False,False,False,False,False
-84.528808,500,349.192228,False,1,False,False,False,False,False,False,False
-85.401493,500,350.482134,False,1,False,False,False,False,False,False,False
-85.648051,500,352.128359,False,1,False,False,False,False,False,False,False
-85.040197,500,353.426628,False,1,False,False,False,False,False,False,False
-83.62953,500,354.725432,False,1,False,False,False,False,False,False,False
-83.906559,500,356.024809,False,1,False,False,False,False,False,False,False
-84.559977,500,357.669235,False,1,False,False,False,False,False,False,False
-84.173395,500,359.045593,False,1,False,False,False,False,False,False,False
-83.674226,500,360.375856,False,1,False,False,False,False,False,False,False
-83.776563,500,361.688702,False,1,False,False,False,False,False,False,False
-82.266253,500,363.384984,False,1,False,False,False,False,False,False,False
-79.159918,500,364.834807,False,1,False,False,False,False,False,False,False
-80.539092,500,366.194762,False,1,False,False,False,False,False,False,False
-80.089462,500,367.5149,False,1,False,False,False,False,False,False,False
-79.456751,500,368.778949,False,1,False,False,False,False,False,False,False
-84.03645,500,370.578072,False,1,False,False,False,False,False,False,False
-83.221541,500,371.907797,False,1,False,False,False,False,False,False,False
-84.539114,500,373.252965,False,1,False,False,False,False,False,False,False
-84.928208,500,374.583153,False,1,False,False,False,False,False,False,False
-82.013941,500,376.225374,False,1,False,False,False,False,False,False,False
-81.291807,500,377.56943,False,1,False,False,False,False,False,False,False
-82.816051,500,378.92156,False,1,False,False,False,False,False,False,False
-80.620542,500,380.296251,False,1,False,False,False,False,False,False,False
-82.249972,500,381.951409,False,1,False,False,False,False,False,False,False
-82.853074,500,383.26286,False,1,False,False,False,False,False,False,False
-82.255753,500,384.600278,False,1,False,False,False,False,False,False,False
-84.40489,500,385.939144,False,1,False,False,False,False,False,False,False
-80.864344,500,387.586567,False,1,False,False,False,False,False,False,False
-81.481441,500,388.888587,False,1,False,False,False,False,False,False,False
-79.520294,500,390.203054,False,1,False,False,False,False,False,False,False
-80.076167,500,391.488228,False,1,False,False,False,False,False,False,False
-78.475384,500,393.139468,False,1,False,False,False,False,False,False,False
-78.526229,500,394.444261,False,1,False,False,False,False,False,False,False
-76.791334,500,395.74006,False,1,False,False,False,False,False,False,False
-79.044232,500,397.043039,False,1,False,False,False,False,False,False,False
-77.652878,500,398.688028,False,1,False,False,False,False,False,False,False
-76.302462,500,400.028493,False,1,False,False,False,False,False,False,False
-77.12315,500,401.40381,False,1,False,False,False,False,False,False,False
-76.390539,500,402.706804,False,1,False,False,False,False,False,False,False
-77.435801,500,404.310274,False,1,False,False,False,False,False,False,False
-76.616953,500,405.605334,False,1,False,False,False,False,False,False,False
-77.167565,500,406.940095,False,1,False,False,False,False,False,False,False
-77.450989,500,408.300653,False,1,False,False,False,False,False,False,False
-77.189126,500,409.971804,False,1,False,False,False,False,False,False,False
-77.338429,500,411.319403,False,1,False,False,False,False,False,False,False
-75.210336,500,412.645089,False,1,False,False,False,False,False,False,False
-76.126146,500,414.005114,False,1,False,False,False,False,False,False,False
-75.678017,500,415.674224,False,1,False,False,False,False,False,False,False
-70.005375,500,469.072145,False,1,False,False,False,False,False,False,False
-68.048365,500,470.407403,False,1,False,False,False,False,False,False,False
-70.52262,500,471.747022,False,1,False,False,False,False,False,False,False
-70.95991,500,473.465398,False,1,False,False,False,False,False,False,False
-68.729464,500,474.72971,False,1,False,False,False,False,False,False,False
-70.694798,500,476.029356,False,1,False,False,False,False,False,False,False
-68.888427,500,477.341981,False,1,False,False,False,False,False,False,False
-69.483951,500,478.6174,False,1,False,False,False,False,False,False,False
-70.698357,500,480.218447,False,1,False,False,False,False,False,False,False
-67.934371,500,481.557664,False,1,False,False,False,False,False,False,False
-68.364874,500,482.855632,False,1,False,False,False,False,False,False,False
-68.672927,500,484.154148,False,1,False,False,False,False,False,False,False
-66.787371,500,485.750282,False,1,False,False,False,False,False,False,False
-69.603916,500,487.064593,False,1,False,False,False,False,False,False,False
-67.745359,500,488.379164,False,1,False,False,False,False,False,False,False
-67.571131,500,489.68869,False,1,False,False,False,False,False,False,False
-63.85646,500,491.315614,False,1,False,False,False,False,False,False,False
-63.733225,500,492.659373,False,1,False,False,False,False,False,False,False
-62.882245,500,494.027006,False,1,False,False,False,False,False,False,False
-63.802817,500,495.350963,False,1,False,False,False,False,False,False,False
-62.3679,500,497.012377,False,1,False,False,False,False,False,False,False
-61.217444,500,498.35667,False,1,False,False,False,False,False,False,False
-61.363599,500,499.686209,False,1,False,False,False,False,False,False,False
-60.926279,500,500.983693,False,1,False,False,False,False,False,False,False
-61.352812,500,502.607651,False,1,False,False,False,False,False,False,False
-60.821732,500,503.988042,False,1,False,False,False,False,False,False,False
-61.495961,500,505.329902,False,1,False,False,False,False,False,False,False
-61.441375,500,506.583279,False,1,False,False,False,False,False,False,False
-63.456891,500,508.207687,False,1,False,False,False,False,False,False,False
-63.959052,500,509.574039,False,1,False,False,False,False,False,False,False
-64.362628,500,510.878628,False,1,False,False,False,False,False,False,False
-62.861658,500,512.17705,False,1,False,False,False,False,False,False,False
-63.753278,500,513.815718,False,1,False,False,False,False,False,False,False
-64.706908,500,515.171168,False,1,False,False,False,False,False,False,False
-63.640835,500,516.487422,False,1,False,False,False,False,False,False,False
-63.470974,500,517.801191,False,1,False,False,False,False,False,False,False
-61.995364,500,519.51317,False,1,False,False,False,False,False,False,False
-62.859282,500,520.810448,False,1,False,False,False,False,False,False,False
-62.432876,500,522.10729,False,1,False,False,False,False,False,False,False
-62.532561,500,523.399266,False,1,False,False,False,False,False,False,False
-62.31979,500,525.032717,False,1,False,False,False,False,False,False,False
-58.404101,500,526.313678,False,1,False,False,False,False,False,False,False
-58.534085,500,527.586931,False,1,False,False,False,False,False,False,False
-58.573274,500,528.885933,False,1,False,False,False,False,False,False,False
-58.528324,500,530.546877,False,1,False,False,False,False,False,False,False
-53.691049,500,531.860685,False,1,False,False,False,False,False,False,False
-53.813343,500,533.179625,False,1,False,False,False,False,False,False,False
-54.02078,500,534.524523,False,1,False,False,False,False,False,False,False
-54.680309,500,535.967956,False,1,False,False,False,False,False,False,False
-54.275133,500,537.725115,False,1,False,False,False,False,False,False,False
-54.024939,500,590.495999,False,1,False,False,False,False,False,False,False
-53.007754,500,591.782349,False,1,False,False,False,False,False,False,False
-54.795644,500,593.03295,False,1,False,False,False,False,False,False,False
-54.885438,500,594.674579,False,1,False,False,False,False,False,False,False
-54.738369,500,596.023239,False,1,False,False,False,False,False,False,False
-53.632419,500,597.322056,False,1,False,False,False,False,False,False,False
-54.729703,500,598.619361,False,1,False,False,False,False,False,False,False
-52.421491,500,600.325441,False,1,False,False,False,False,False,False,False
-50.720133,500,601.690249,False,1,False,False,False,False,False,False,False
-52.348212,500,603.005466,False,1,False,False,False,False,False,False,False
-53.10805,500,604.332773,False,1,False,False,False,False,False,False,False
-50.876129,500,605.930787,False,1,False,False,False,False,False,False,False
-49.221129,500,607.241205,False,1,False,False,False,False,False,False,False
-48.821287,500,608.553733,False,1,False,False,False,False,False,False,False
-49.192303,500,609.89835,False,1,False,False,False,False,False,False,False
-50.62407,500,611.544477,False,1,False,False,False,False,False,False,False
-52.695513,500,612.795146,False,1,False,False,False,False,False,False,False
-52.2469,500,614.086006,False,1,False,False,False,False,False,False,False
-52.497944,500,615.430543,False,1,False,False,False,False,False,False,False
-48.6377,500,617.156552,False,1,False,False,False,False,False,False,False
-47.596541,500,618.509009,False,1,False,False,False,False,False,False,False
-46.706598,500,619.900772,False,1,False,False,False,False,False,False,False
-46.138449,500,621.247595,False,1,False,False,False,False,False,False,False
-47.14014,500,622.989126,False,1,False,False,False,False,False,False,False
-47.613031,500,624.302787,False,1,False,False,False,False,False,False,False
-48.266581,500,625.623474,False,1,False,False,False,False,False,False,False
-46.691483,500,626.966371,False,1,False,False,False,False,False,False,False
-46.570511,500,628.641448,False,1,False,False,False,False,False,False,False
-46.974696,500,629.96211,False,1,False,False,False,False,False,False,False
-45.956858,500,631.274127,False,1,False,False,False,False,False,False,False
-46.633248,500,632.548558,False,1,False,False,False,False,False,False,False
-46.007882,500,634.20383,False,1,False,False,False,False,False,False,False
-43.98436,500,635.554762,False,1,False,False,False,False,False,False,False
-44.562157,500,636.926106,False,1,False,False,False,False,False,False,False
-43.700792,500,638.286702,False,1,False,False,False,False,False,False,False
-43.512991,500,639.906685,False,1,False,False,False,False,False,False,False
-37.67677,500,641.261748,False,1,False,False,False,False,False,False,False
-36.835493,500,642.567492,False,1,False,False,False,False,False,False,False
-37.506799,500,643.837332,False,1,False,False,False,False,False,False,False
-38.247281,500,645.443723,False,1,False,False,False,False,False,False,False
-38.47223,500,646.824709,False,1,False,False,False,False,False,False,False
-38.76949,500,648.153355,False,1,False,False,False,False,False,False,False
-39.286627,500,649.442357,False,1,False,False,False,False,False,False,False
-39.056129,500,650.75446,False,1,False,False,False,False,False,False,False
-38.596325,500,652.40198,False,1,False,False,False,False,False,False,False
-39.019292,500,653.731302,False,1,False,False,False,False,False,False,False
-39.324896,500,655.081876,False,1,False,False,False,False,False,False,False
-39.777597,500,656.397447,False,1,False,False,False,False,False,False,False
-35.69648,500,658.016647,False,1,False,False,False,False,False,False,False
-35.544069,500,659.395875,False,1,False,False,False,False,False,False,False
-35.841245,500,712.612249,False,1,False,False,False,False,False,False,False
-35.876234,500,713.930779,False,1,False,False,False,False,False,False,False
-31.820093,500,715.578302,False,1,False,False,False,False,False,False,False
-31.581694,500,716.84243,False,1,False,False,False,False,False,False,False
-32.988256,500,718.113211,False,1,False,False,False,False,False,False,False
-31.670801,500,719.45805,False,1,False,False,False,False,False,False,False
-30.744203,500,721.162614,False,1,False,False,False,False,False,False,False
-31.309958,500,722.513474,False,1,False,False,False,False,False,False,False
-30.280396,500,723.859504,False,1,False,False,False,False,False,False,False
-32.408568,500,725.21213,False,1,False,False,False,False,False,False,False
-29.997853,500,726.827251,False,1,False,False,False,False,False,False,False
-28.536626,500,728.115037,False,1,False,False,False,False,False,False,False
-28.115313,500,729.483042,False,1,False,False,False,False,False,False,False
-28.837734,500,730.821049,False,1,False,False,False,False,False,False,False
-27.746413,500,732.491057,False,1,False,False,False,False,False,False,False
-25.40538,500,733.784469,False,1,False,False,False,False,False,False,False
-24.593803,500,735.203327,False,1,False,False,False,False,False,False,False
-27.148373,500,736.569236,False,1,False,False,False,False,False,False,False
-24.398049,500,738.215789,False,1,False,False,False,False,False,False,False
-23.193858,500,739.622331,False,1,False,False,False,False,False,False,False
-23.293284,500,740.981467,False,1,False,False,False,False,False,False,False
-22.125335,500,742.322275,False,1,False,False,False,False,False,False,False
-21.661452,500,743.991745,False,1,False,False,False,False,False,False,False
-20.241347,500,745.451882,False,1,False,False,False,False,False,False,False
-21.402567,500,746.914207,False,1,False,False,False,False,False,False,False
-19.917477,500,748.286704,False,1,False,False,False,False,False,False,False
-18.013836,500,749.973314,False,1,False,False,False,False,False,False,False
-21.347067,500,751.423834,False,1,False,False,False,False,False,False,False
-18.518191,500,752.861308,False,1,False,False,False,False,False,False,False
-18.742295,500,754.285605,False,1,False,False,False,False,False,False,False
-18.124226,500,755.973848,False,1,False,False,False,False,False,False,False
-16.166697,500,757.5054,False,1,False,False,False,False,False,False,False
-15.368404,500,758.949264,False,1,False,False,False,False,False,False,False
-16.931488,500,760.402731,False,1,False,False,False,False,False,False,False
-15.460618,500,761.842806,False,1,False,False,False,False,False,False,False
-13.103638,500,763.474537,False,1,False,False,False,False,False,False,False
-14.791091,500,764.799266,False,1,False,False,False,False,False,False,False
-13.842738,500,766.165375,False,1,False,False,False,False,False,False,False
-15.636654,500,767.562999,False,1,False,False,False,False,False,False,False
-12.450621,500,769.254722,False,1,False,False,False,False,False,False,False
-13.035473,500,770.646155,False,1,False,False,False,False,False,False,False
-12.016842,500,772.017493,False,1,False,False,False,False,False,False,False
-12.580237,500,773.396873,False,1,False,False,False,False,False,False,False
-12.124197,500,775.085764,False,1,False,False,False,False,False,False,False
-13.576019,500,776.395049,False,1,False,False,False,False,False,False,False
-13.744837,500,777.698623,False,1,False,False,False,False,False,False,False
-13.641062,500,779.015693,False,1,False,False,False,False,False,False,False
-12.433434,500,780.632027,False,1,False,False,False,False,False,False,False
-11.617648,500,781.978982,False,1,False,False,False,False,False,False,False
-11.426748,500,783.289216,False,1,False,False,False,False,False,False,False
-10.463036,500,835.876987,False,1,False,False,False,False,False,False,False
-10.474499,500,837.553662,False,1,False,False,False,False,False,False,False
-11.121914,500,838.876194,False,1,False,False,False,False,False,False,False
-10.41882,500,840.212204,False,1,False,False,False,False,False,False,False
-11.024812,500,841.504388,False,1,False,False,False,False,False,False,False
-11.457503,500,843.092272,False,1,False,False,False,False,False,False,False
-12.46157,500,844.403099,False,1,False,False,False,False,False,False,False
-12.43108,500,845.700514,False,1,False,False,False,False,False,False,False
-11.266096,500,847.005372,False,1,False,False,False,False,False,False,False
-12.152797,500,848.66312,False,1,False,False,False,False,False,False,False
-9.357155,500,850.023777,False,1,False,False,False,False,False,False,False
-10.459993,500,851.331736,False,1,False,False,False,False,False,False,False
-10.804024,500,852.648222,False,1,False,False,False,False,False,False,False
-10.04359,500,854.358342,False,1,False,False,False,False,False,False,False
-8.655285,500,855.717562,False,1,False,False,False,False,False,False,False
-8.886338,500,857.006239,False,1,False,False,False,False,False,False,False
-8.588937,500,858.27872,False,1,False,False,False,False,False,False,False
-7.632109,500,859.881786,False,1,False,False,False,False,False,False,False
-7.201247,500,861.223824,False,1,False,False,False,False,False,False,False
-6.614106,500,862.558181,False,1,False,False,False,False,False,False,False
-7.773223,500,863.909802,False,1,False,False,False,False,False,False,False
-7.459763,500,865.559794,False,1,False,False,False,False,False,False,False
-5.899823,500,866.882278,False,1,False,False,False,False,False,False,False
-6.109243,500,868.181007,False,1,False,False,False,False,False,False,False
-6.277288,500,869.496294,False,1,False,False,False,False,False,False,False
-6.094753,500,871.185271,False,1,False,False,False,False,False,False,False
-6.446257,500,872.478374,False,1,False,False,False,False,False,False,False
-6.09363,500,873.778038,False,1,False,False,False,False,False,False,False
-6.56862,500,875.080563,False,1,False,False,False,False,False,False,False
-6.054683,500,876.403002,False,1,False,False,False,False,False,False,False
-7.696428,500,878.026025,False,1,False,False,False,False,False,False,False
-8.05236,500,879.382047,False,1,False,False,False,False,False,False,False
-7.556541,500,880.809972,False,1,False,False,False,False,False,False,False
-7.622401,500,882.171847,False,1,False,False,False,False,False,False,False
-8.253821,500,883.845089,False,1,False,False,False,False,False,False,False
-9.133125,500,885.206393,False,1,False,False,False,False,False,False,False
-9.019122,500,886.568452,False,1,False,False,False,False,False,False,False
-8.322617,500,887.903712,False,1,False,False,False,False,False,False,False
-8.612481,500,889.652951,False,1,False,False,False,False,False,False,False
-9.610935,500,891.028558,False,1,False,False,False,False,False,False,False
-8.796996,500,892.345379,False,1,False,False,False,False,False,False,False
-9.073044,500,893.661953,False,1,False,False,False,False,False,False,False
-8.335541,500,895.29669,False,1,False,False,False,False,False,False,False
-8.332962,500,896.654829,False,1,False,False,False,False,False,False,False
-8.592041,500,898.003778,False,1,False,False,False,False,False,False,False
-9.090375,500,899.303946,False,1,False,False,False,False,False,False,False
-8.50471,500,900.961107,False,1,False,False,False,False,False,False,False
-8.769478,500,902.329167,False,1,False,False,False,False,False,False,False
-9.369919,500,903.745265,False,1,False,False,False,False,False,False,False
-8.961372,500,905.210253,False,1,False,False,False,False,False,False,False
-7.576937,500,959.188423,False,1,False,False,False,False,False,False,False
-6.172771,500,960.500238,False,1,False,False,False,False,False,False,False
-6.437206,500,961.789668,False,1,False,False,False,False,False,False,False
-5.776978,500,963.198755,False,1,False,False,False,False,False,False,False
-6.261927,500,964.821807,False,1,False,False,False,False,False,False,False
-7.174894,500,966.225315,False,1,False,False,False,False,False,False,False
-7.585351,500,967.612367,False,1,False,False,False,False,False,False,False
-8.281048,500,968.983706,False,1,False,False,False,False,False,False,False
-7.020487,500,970.616366,False,1,False,False,False,False,False,False,False
-6.817052,500,972.132857,False,1,False,False,False,False,False,False,False
-5.90047,500,973.620181,False,1,False,False,False,False,False,False,False
-6.146173,500,975.072324,False,1,False,False,False,False,False,False,False
-6.454523,500,976.74207,False,1,False,False,False,False,False,False,False
-5.73896,500,978.116392,False,1,False,False,False,False,False,False,False
-5.035189,500,979.554355,False,1,False,False,False,False,False,False,False
-4.930227,500,980.993158,False,1,False,False,False,False,False,False,False
-5.563943,500,982.77712,False,1,False,False,False,False,False,False,False
-5.566928,500,984.353169,False,1,False,False,False,False,False,False,False
-5.188895,500,985.836083,False,1,False,False,False,False,False,False,False
-5.013247,500,987.324312,False,1,False,False,False,False,False,False,False
-5.383536,500,988.836262,False,1,False,False,False,False,False,False,False
-5.557405,500,990.760392,False,1,False,False,False,False,False,False,False
-5.787179,500,992.34208,False,1,False,False,False,False,False,False,False
-6.18672,500,993.864207,False,1,False,False,False,False,False,False,False
-5.846919,500,995.377984,False,1,False,False,False,False,False,False,False
-5.758768,500,997.338679,False,1,False,False,False,False,False,False,False
-5.885915,500,998.902642,False,1,False,False,False,False,False,False,False
-6.380666,500,1000.582951,False,1,False,False,False,False,False,False,False
-4.812494,500,1002.147027,False,1,False,False,False,False,False,False,False
-5.457147,500,1004.108695,False,1,False,False,False,False,False,False,False
-5.943636,500,1005.676304,False,1,False,False,False,False,False,False,False
-5.913462,500,1007.171914,False,1,False,False,False,False,False,False,False
-5.498658,500,1008.694782,False,1,False,False,False,False,False,False,False
-5.494218,500,1010.574949,False,1,False,False,False,False,False,False,False
-5.570719,500,1012.194494,False,1,False,False,False,False,False,False,False
-5.146869,500,1013.770339,False,1,False,False,False,False,False,False,False
-5.520063,500,1015.284601,False,1,False,False,False,False,False,False,False
-5.421458,500,1017.156272,False,1,False,False,False,False,False,False,False
-5.118521,500,1018.570191,False,1,False,False,False,False,False,False,False
-5.012853,500,1019.991695,False,1,False,False,False,False,False,False,False
-5.23901,500,1021.534909,False,1,False,False,False,False,False,False,False
-5.433312,500,1023.259768,False,1,False,False,False,False,False,False,False
-5.853554,500,1024.549929,False,1,False,False,False,False,False,False,False
-5.954451,500,1025.877748,False,1,False,False,False,False,False,False,False
-6.137544,500,1027.196314,False,1,False,False,False,False,False,False,False
-5.30551,500,1028.81808,False,1,False,False,False,False,False,False,False
-5.260882,500,1030.121537,False,1,False,False,False,False,False,False,False
-5.161597,500,1031.435015,False,1,False,False,False,False,False,False,False
-5.566265,500,1032.767203,False,1,False,False,False,False,False,False,False
-4.908724,500,1034.451987,False,1,False,False,False,False,False,False,False
-5.14123,500,1096.896498,False,1,False,False,False,False,False,False,False
-6.178426,500,1098.317273,False,1,False,False,False,False,False,False,False
-5.1821,500,1099.763945,False,1,False,False,False,False,False,False,False
-6.781779,500,1101.533883,False,1,False,False,False,False,False,False,False
-6.340179,500,1102.980026,False,1,False,False,False,False,False,False,False
-6.535056,500,1104.419488,False,1,False,False,False,False,False,False,False
-7.03839,500,1105.907964,False,1,False,False,False,False,False,False,False
-6.098624,500,1107.640968,False,1,False,False,False,False,False,False,False
-4.954212,500,1109.13658,False,1,False,False,False,False,False,False,False
-4.991809,500,1110.597281,False,1,False,False,False,False,False,False,False
-4.974761,500,1112.061812,False,1,False,False,False,False,False,False,False
-5.121435,500,1113.536438,False,1,False,False,False,False,False,False,False
-5.578959,500,1115.370337,False,1,False,False,False,False,False,False,False
-5.345813,500,1116.896347,False,1,False,False,False,False,False,False,False
-5.408855,500,1118.369727,False,1,False,False,False,False,False,False,False
-5.444817,500,1119.844336,False,1,False,False,False,False,False,False,False
-5.025776,500,1121.839282,False,1,False,False,False,False,False,False,False
-4.964107,500,1123.395268,False,1,False,False,False,False,False,False,False
-5.060914,500,1124.876664,False,1,False,False,False,False,False,False,False
-5.241467,500,1126.316907,False,1,False,False,False,False,False,False,False
-5.323165,500,1128.091357,False,1,False,False,False,False,False,False,False
-6.110115,500,1129.562808,False,1,False,False,False,False,False,False,False
-5.619441,500,1131.0509,False,1,False,False,False,False,False,False,False
-6.713453,500,1132.576784,False,1,False,False,False,False,False,False,False
-4.635968,500,1134.392039,False,1,False,False,False,False,False,False,False
-4.9408,500,1135.95049,False,1,False,False,False,False,False,False,False
-5.450676,500,1137.471558,False,1,False,False,False,False,False,False,False
-5.021565,500,1138.960756,False,1,False,False,False,False,False,False,False
-4.924315,500,1140.90055,False,1,False,False,False,False,False,False,False
-4.96221,500,1142.558327,False,1,False,False,False,False,False,False,False
-4.962727,500,1144.181775,False,1,False,False,False,False,False,False,False
-4.732984,500,1145.808673,False,1,False,False,False,False,False,False,False
-4.991545,500,1147.659353,False,1,False,False,False,False,False,False,False
-5.48874,500,1149.258085,False,1,False,False,False,False,False,False,False
-5.654213,500,1150.858934,False,1,False,False,False,False,False,False,False
-4.964276,500,1152.399745,False,1,False,False,False,False,False,False,False
-4.993998,500,1154.340757,False,1,False,False,False,False,False,False,False
-7.410721,500,1155.957415,False,1,False,False,False,False,False,False,False
-7.011181,500,1157.58008,False,1,False,False,False,False,False,False,False
-7.117745,500,1159.126149,False,1,False,False,False,False,False,False,False
-6.53145,500,1161.042251,False,1,False,False,False,False,False,False,False
-7.594403,500,1162.638021,False,1,False,False,False,False,False,False,False
-6.089927,500,1164.22626,False,1,False,False,False,False,False,False,False
-7.737469,500,1165.806387,False,1,False,False,False,False,False,False,False
-6.581843,500,1167.698298,False,1,False,False,False,False,False,False,False
-7.495423,500,1169.320249,False,1,False,False,False,False,False,False,False
-7.293922,500,1170.871991,False,1,False,False,False,False,False,False,False
-6.48251,500,1172.40156,False,1,False,False,False,False,False,False,False
-6.351446,500,1174.322314,False,1,False,False,False,False,False,False,False
-6.33472,500,1175.869131,False,1,False,False,False,False,False,False,False
-7.261624,500,1243.68559,False,1,False,False,False,False,False,False,False
-5.220037,500,1245.207268,False,1,False,False,False,False,False,False,False
-6.392133,500,1247.085379,False,1,False,False,False,False,False,False,False
-6.600905,500,1248.631615,False,1,False,False,False,False,False,False,False
-7.316367,500,1250.197982,False,1,False,False,False,False,False,False,False
-6.652043,500,1251.680568,False,1,False,False,False,False,False,False,False
-6.918083,500,1253.132005,False,1,False,False,False,False,False,False,False
-6.382254,500,1254.953464,False,1,False,False,False,False,False,False,False
-6.657156,500,1256.410202,False,1,False,False,False,False,False,False,False
-6.114222,500,1257.919771,False,1,False,False,False,False,False,False,False
-6.552007,500,1259.446546,False,1,False,False,False,False,False,False,False
-6.047298,500,1261.338742,False,1,False,False,False,False,False,False,False
-5.389796,500,1262.911415,False,1,False,False,False,False,False,False,False
-5.500118,500,1264.47691,False,1,False,False,False,False,False,False,False
-5.650784,500,1265.95536,False,1,False,False,False,False,False,False,False
-5.332205,500,1267.808991,False,1,False,False,False,False,False,False,False
-5.135875,500,1269.31203,False,1,False,False,False,False,False,False,False
-6.159402,500,1270.872001,False,1,False,False,False,False,False,False,False
-5.792885,500,1272.479697,False,1,False,False,False,False,False,False,False
-5.291678,500,1274.393146,False,1,False,False,False,False,False,False,False
-5.272755,500,1276.062603,False,1,False,False,False,False,False,False,False
-5.305104,500,1277.588194,False,1,False,False,False,False,False,False,False
-5.410317,500,1279.230528,False,1,False,False,False,False,False,False,False
-6.184438,500,1281.267002,False,1,False,False,False,False,False,False,False
-6.124035,500,1282.770986,False,1,False,False,False,False,False,False,False
-5.767444,500,1284.288332,False,1,False,False,False,False,False,False,False
-5.97729,500,1285.820311,False,1,False,False,False,False,False,False,False
-6.607214,500,1287.784453,False,1,False,False,False,False,False,False,False
-6.71691,500,1289.337769,False,1,False,False,False,False,False,False,False
-7.328573,500,1290.89319,False,1,False,False,False,False,False,False,False
-7.002944,500,1292.544478,False,1,False,False,False,False,False,False,False
-6.604275,500,1294.473414,False,1,False,False,False,False,False,False,False
-5.273092,500,1295.96103,False,1,False,False,False,False,False,False,False
-4.999861,500,1297.42606,False,1,False,False,False,False,False,False,False
-4.613436,500,1298.877359,False,1,False,False,False,False,False,False,False
-5.09955,500,1300.621619,False,1,False,False,False,False,False,False,False
-5.022026,500,1302.137591,False,1,False,False,False,False,False,False,False
-4.216904,500,1303.620146,False,1,False,False,False,False,False,False,False
-4.481159,500,1305.078537,False,1,False,False,False,False,False,False,False
-4.525425,500,1306.844201,False,1,False,False,False,False,False,False,False
-4.906907,500,1308.413844,False,1,False,False,False,False,False,False,False
-4.672584,500,1309.998895,False,1,False,False,False,False,False,False,False
-4.672051,500,1311.476589,False,1,False,False,False,False,False,False,False
-5.096081,500,1313.312666,False,1,False,False,False,False,False,False,False
-4.793485,500,1314.887522,False,1,False,False,False,False,False,False,False
-5.761703,500,1316.353027,False,1,False,False,False,False,False,False,False
-5.71938,500,1317.836975,False,1,False,False,False,False,False,False,False
-5.403825,500,1319.283833,False,1,False,False,False,False,False,False,False
-5.563143,500,1321.0814,False,1,False,False,False,False,False,False,False
-5.031434,500,1322.571547,False,1,False,False,False,False,False,False,False
-4.990577,500,1383.976783,False,1,False,False,False,False,False,False,False
-5.525808,500,1385.391712,False,1,False,False,False,False,False,False,False
-5.267537,500,1387.230161,False,1,False,False,False,False,False,False,False
-5.499199,500,1388.778432,False,1,False,False,False,False,False,False,False
-5.176028,500,1390.440808,False,1,False,False,False,False,False,False,False
-5.317261,500,1391.993048,False,1,False,False,False,False,False,False,False
-5.487783,500,1393.927365,False,1,False,False,False,False,False,False,False
-4.438245,500,1395.446565,False,1,False,False,False,False,False,False,False
-4.967891,500,1396.972671,False,1,False,False,False,False,False,False,False
-4.973572,500,1398.497194,False,1,False,False,False,False,False,False,False
-4.210826,500,1400.398311,False,1,False,False,False,False,False,False,False
-4.089854,500,1401.938293,False,1,False,False,False,False,False,False,False
-4.491023,500,1403.419319,False,1,False,False,False,False,False,False,False
-4.301887,500,1404.889034,False,1,False,False,False,False,False,False,False
-4.637517,500,1406.764342,False,1,False,False,False,False,False,False,False
-4.354728,500,1408.233091,False,1,False,False,False,False,False,False,False
-4.504722,500,1409.694046,False,1,False,False,False,False,False,False,False
-4.010939,500,1411.200662,False,1,False,False,False,False,False,False,False
-4.502641,500,1413.129126,False,1,False,False,False,False,False,False,False
-5.034448,500,1414.618482,False,1,False,False,False,False,False,False,False
-4.858891,500,1416.062669,False,1,False,False,False,False,False,False,False
-4.81803,500,1417.533454,False,1,False,False,False,False,False,False,False
-4.739818,500,1419.27764,False,1,False,False,False,False,False,False,False
-5.38624,500,1420.748396,False,1,False,False,False,False,False,False,False
-4.632361,500,1422.186471,False,1,False,False,False,False,False,False,False
-4.693609,500,1423.612785,False,1,False,False,False,False,False,False,False
-4.558136,500,1425.401063,False,1,False,False,False,False,False,False,False
-4.450845,500,1426.884483,False,1,False,False,False,False,False,False,False
-4.928608,500,1428.405137,False,1,False,False,False,False,False,False,False
-4.604677,500,1429.879455,False,1,False,False,False,False,False,False,False
-4.396598,500,1431.623367,False,1,False,False,False,False,False,False,False
-4.816069,500,1433.107176,False,1,False,False,False,False,False,False,False
-4.539914,500,1434.606889,False,1,False,False,False,False,False,False,False
-5.027654,500,1436.147854,False,1,False,False,False,False,False,False,False
-4.687946,500,1437.934189,False,1,False,False,False,False,False,False,False
-4.677255,500,1439.519729,False,1,False,False,False,False,False,False,False
-4.564234,500,1441.089593,False,1,False,False,False,False,False,False,False
-5.089805,500,1442.594694,False,1,False,False,False,False,False,False,False
-4.84905,500,1444.665171,False,1,False,False,False,False,False,False,False
-5.621268,500,1446.160225,False,1,False,False,False,False,False,False,False
-4.988109,500,1447.719276,False,1,False,False,False,False,False,False,False
-5.114861,500,1449.263129,False,1,False,False,False,False,False,False,False
-5.117214,500,1450.730464,False,1,True,False,False,False,False,False,False
-4.677544,500,1452.478394,False,1,False,False,False,False,False,False,False
-4.575362,500,1453.972949,False,1,False,False,False,False,False,False,False
-4.640393,500,1455.494905,False,1,False,False,False,False,False,False,False
-4.577848,500,1456.97147,False,1,False,False,False,False,False,False,False
-4.553794,500,1458.784747,False,1,False,False,False,False,False,False,False
-4.552996,500,1460.32883,False,1,False,False,False,False,False,False,False
-4.619332,500,1461.869336,False,1,False,False,False,False,False,False,False
-4.590332,500,1526.520679,False,1,False,False,False,False,False,False,False
-4.069263,500,1528.407865,False,1,False,False,False,False,False,False,False
-4.648602,500,1529.959338,False,1,False,False,False,False,False,False,False
-4.461234,500,1531.520716,False,1,False,False,False,False,False,False,False
-4.661015,500,1533.111144,False,1,False,False,False,False,False,False,False
-4.564856,500,1534.971748,False,1,False,False,False,False,False,False,False
-4.955363,500,1536.462641,False,1,False,False,False,False,False,False,False
-4.642088,500,1537.980593,False,1,False,False,False,False,False,False,False
-4.922927,500,1539.538668,False,1,True,False,False,False,False,False,False
-5.786817,500,1541.454923,False,1,False,False,False,False,False,False,False
-6.226358,500,1543.012755,False,1,True,False,False,False,False,False,False
-6.427353,500,1544.620523,False,1,False,False,False,False,False,False,False
-7.148213,500,1546.22742,False,1,False,False,False,False,False,False,False
-6.055762,500,1548.030657,False,1,False,False,False,False,False,False,False
-4.803987,500,1549.573114,False,1,False,False,False,False,False,False,False
-5.651843,500,1551.105979,False,1,False,False,False,False,False,False,False
-5.449294,500,1552.595124,False,1,False,False,False,False,False,False,False
-5.464234,500,1554.508852,False,1,False,False,False,False,False,False,False
-5.924055,500,1556.063485,False,1,False,False,False,False,False,False,False
-5.853047,500,1557.703655,False,1,False,False,False,False,False,False,False
-5.587319,500,1559.294044,False,1,False,False,False,False,False,False,False
-5.878148,500,1561.175504,False,1,False,False,False,False,False,False,False
-4.71692,500,1562.83775,False,1,False,False,False,False,False,False,False
-4.439379,500,1564.434543,False,1,False,False,False,False,False,False,False
-4.423718,500,1566.014188,False,1,False,False,False,False,False,False,False
-4.528944,500,1567.927932,False,1,False,False,False,False,False,False,False
-4.216905,500,1569.447411,False,1,False,False,False,False,False,False,False
-4.375322,500,1570.93183,False,1,False,False,False,False,False,False,False
-4.847192,500,1572.427283,False,1,False,False,False,False,False,False,False
-4.426878,500,1574.296246,False,1,False,False,False,False,False,False,False
-4.090734,500,1575.869863,False,1,False,False,False,False,False,False,False
-4.705984,500,1577.456114,False,1,False,False,False,False,False,False,False
-3.858105,500,1579.090805,False,1,False,False,False,False,False,False,False
-4.53343,500,1580.678742,False,1,False,False,False,False,False,False,False
-4.082925,500,1582.523276,False,1,False,False,False,False,False,False,False
-3.967252,500,1584.098793,False,1,False,False,False,False,False,False,False
-4.074475,500,1585.686005,False,1,False,False,False,False,False,False,False
-4.297457,500,1587.222534,False,1,False,False,False,False,False,False,False
-4.51675,500,1589.115044,False,1,False,False,False,False,False,False,False
-4.794526,500,1590.728967,False,1,False,False,False,False,False,False,False
-4.545315,500,1592.364369,False,1,False,False,False,False,False,False,False
-4.761567,500,1593.895796,False,1,False,False,False,False,False,False,False
-4.738573,500,1595.781638,False,1,False,False,False,False,False,False,False
-4.740733,500,1597.3529,False,1,False,False,False,False,False,False,False
-4.757335,500,1598.963327,False,1,False,False,False,False,False,False,False
-4.503381,500,1600.512207,False,1,False,False,False,False,False,False,False
-4.720415,500,1602.563067,False,1,False,False,False,False,False,False,False
-6.122211,500,1604.178104,False,1,False,False,False,False,False,False,False
-6.152724,500,1605.796524,False,1,False,False,False,False,False,False,False
-5.73615,500,1607.387049,False,1,False,False,False,False,False,False,False
-4.853355,500,1674.858544,False,1,False,False,False,False,False,False,False
-4.021609,500,1676.447982,False,1,False,False,False,False,False,False,False
-4.590546,500,1677.985827,False,1,False,False,False,False,False,False,False
-4.65536,500,1679.503352,False,1,False,False,False,False,False,False,False
-3.971549,500,1681.433542,False,1,False,False,False,False,False,False,False
-3.965923,500,1682.992188,False,1,False,False,False,False,False,False,False
-3.940688,500,1684.559875,False,1,False,False,False,False,False,False,False
-3.971028,500,1686.099864,False,1,False,False,False,False,False,False,False
-4.0454,500,1688.036927,False,1,False,False,False,False,False,False,False
-4.210338,500,1689.62068,False,1,False,False,False,False,False,False,False
-3.863206,500,1691.169457,False,1,False,False,False,False,False,False,False
-3.826524,500,1692.68234,False,1,False,False,False,False,False,False,False
-4.017794,500,1694.64367,False,1,False,False,False,False,False,False,False
-4.403483,500,1696.212099,False,1,False,False,False,False,False,False,False
-4.107747,500,1697.74862,False,1,False,False,False,False,False,False,False
-4.198189,500,1699.301684,False,1,False,False,False,False,False,False,False
-4.00312,500,1701.143748,False,1,False,False,False,False,False,False,False
-3.815823,500,1702.78774,False,1,False,False,False,False,False,False,False
-3.738785,500,1704.421922,False,1,False,False,False,False,False,False,False
-3.65276,500,1705.999598,False,1,False,False,False,False,False,False,False
-4.022477,500,1707.925465,False,1,False,False,False,False,False,False,False
-3.926076,500,1709.57204,False,1,False,False,False,False,False,False,False
-4.188861,500,1711.169871,False,1,False,False,False,False,False,False,False
-3.548426,500,1712.756201,False,1,False,False,False,False,False,False,False
-3.933671,500,1714.730511,False,1,False,False,False,False,False,False,False
-3.899153,500,1716.381671,False,1,False,False,False,False,False,False,False
-3.83,500,1718.04219,False,1,False,False,False,False,False,False,False
-3.839252,500,1719.801927,False,1,False,False,False,False,False,False,False
-3.787838,500,1721.412605,False,1,False,False,False,False,False,False,False
-3.862248,500,1723.381486,False,1,False,False,False,False,False,False,False
-4.130121,500,1725.074841,False,1,False,False,False,False,False,False,False
-4.03963,500,1726.722808,False,1,False,False,False,False,False,False,False
-4.001275,500,1728.342982,False,1,False,False,False,False,False,False,False
-3.849359,500,1730.353901,False,1,False,False,False,False,False,False,False
-3.860205,500,1732.023678,False,1,False,False,False,False,False,False,False
-3.973973,500,1733.600632,False,1,False,False,False,False,False,False,False
-4.236618,500,1735.14946,False,1,False,False,False,False,False,False,False
-5.223142,500,1737.178064,False,1,False,False,False,False,False,False,False
-5.716925,500,1738.866232,False,1,False,False,False,False,False,False,False
-5.876802,500,1740.555725,False,1,False,False,False,False,False,False,False
-5.89509,500,1742.192341,False,1,False,False,False,False,False,False,False
-5.71823,500,1744.169406,False,1,False,False,False,False,False,False,False
-5.410636,500,1745.858498,False,1,False,False,False,False,False,False,False
-6.022765,500,1747.470361,False,1,False,False,False,False,False,False,False
-6.510767,500,1749.090703,False,1,False,False,False,False,False,False,False
-6.202275,500,1751.106988,False,1,False,False,False,False,False,False,False
-6.620855,500,1752.843521,False,1,False,False,False,False,False,False,False
-6.280772,500,1754.506522,False,1,False,False,False,False,False,False,False
-6.522301,500,1756.165401,False,1,False,False,False,False,False,False,False
-5.37836,500,1758.179621,False,1,False,False,False,False,False,False,False
-5.273246,500,1828.932608,False,1,False,False,False,False,False,False,False
-5.284834,500,1830.504797,False,1,False,False,False,False,False,False,False
-5.599182,500,1832.104488,False,1,False,False,False,False,False,False,False
-5.535633,500,1834.170745,False,1,False,False,False,False,False,False,False
-4.023499,500,1835.814152,False,1,False,False,False,False,False,False,False
-3.653488,500,1837.518319,False,1,False,False,False,False,False,False,False
-4.143145,500,1839.211025,False,1,False,False,False,False,False,False,False
-4.066602,500,1841.211487,False,1,False,False,False,False,False,False,False
-4.565547,500,1842.856411,False,1,False,False,False,False,False,False,False
-4.431973,500,1844.536153,False,1,True,False,False,False,False,False,False
-5.237595,500,1846.169659,False,1,True,False,False,False,False,False,False
-5.794225,500,1848.197933,False,1,False,False,False,False,False,False,False
-5.384896,500,1849.804774,False,1,False,False,False,False,False,False,False
-4.806614,500,1851.419227,False,1,False,False,False,False,False,False,False
-5.292105,500,1853.010966,False,1,False,False,False,False,False,False,False
-4.712176,500,1855.042006,False,1,False,False,False,False,False,False,False
-5.70854,500,1856.733175,False,1,False,False,False,False,False,False,False
-4.308387,500,1858.442738,False,1,False,False,False,False,False,False,False
-6.805235,500,1860.098234,False,1,False,False,False,False,False,False,False
-6.452831,500,1861.799226,False,1,False,False,False,False,False,False,False
-8.332375,500,1863.694047,False,1,False,False,False,False,False,False,False
-7.342608,500,1865.485227,False,1,False,False,False,False,False,False,False
-8.025976,500,1867.294032,False,1,False,False,False,False,False,False,False
-7.036693,500,1869.048594,False,1,False,False,False,False,False,False,False
-8.084753,500,1870.909513,False,1,False,False,False,False,False,False,False
-8.315503,500,1872.489991,False,1,False,False,False,False,False,False,False
-8.199374,500,1874.038803,False,1,False,False,False,False,False,False,False
-8.42159,500,1875.70384,False,1,False,False,False,False,False,False,False
-8.440235,500,1877.63636,False,1,False,False,False,False,False,False,False
-7.689299,500,1879.275305,False,1,False,False,False,False,False,False,False
-7.972665,500,1880.929883,False,1,False,False,False,False,False,False,False
-7.076788,500,1882.56228,False,1,False,False,False,False,False,False,False
-7.614914,500,1884.493354,False,1,False,False,False,False,False,False,False
-10.321871,500,1886.037565,False,1,False,False,False,False,False,False,False
-7.669814,500,1887.663092,False,1,False,False,False,False,False,False,False
-7.970172,500,1889.258051,False,1,False,False,False,False,False,False,False
-9.195825,500,1891.141583,False,1,False,False,False,False,False,False,False
-10.293721,500,1892.734108,False,1,False,False,False,False,False,False,False
-9.539457,500,1894.340232,False,1,False,False,False,False,False,False,False
-12.176756,500,1895.873728,False,1,False,False,False,False,False,False,False
-8.473831,500,1897.783703,False,1,False,False,False,False,False,False,False
-9.616051,500,1899.445726,False,1,False,False,False,False,False,False,False
-9.976334,500,1901.01643,False,1,False,False,False,False,False,False,False
-9.288123,500,1902.641853,False,1,False,False,False,False,False,False,False
-9.738887,500,1904.665292,False,1,False,False,False,False,False,False,False
-9.864729,500,1906.433933,False,1,False,False,False,False,False,False,False
-9.625592,500,1908.034353,False,1,False,False,False,False,False,False,False
-10.442628,500,1909.621202,False,1,False,False,False,False,False,False,False
-8.78756,500,1911.530511,False,1,False,False,False,False,False,False,False
-10.053463,500,1913.043407,False,1,False,False,False,False,False,False,False
-9.263158,500,1979.583691,False,1,False,False,False,False,False,False,False
-11.692023,500,1981.127459,False,1,False,False,False,False,False,False,False
-10.244508,500,1982.980752,False,1,False,False,False,False,False,False,False
-9.489933,500,1984.757893,False,1,False,False,False,False,False,False,False
-9.056881,500,1986.544549,False,1,False,False,False,False,False,False,False
-9.749433,500,1988.175701,False,1,False,False,False,False,False,False,False
-8.96227,500,1990.138032,False,1,False,False,False,False,False,False,False
-7.539173,500,1991.808841,False,1,False,False,False,False,False,False,False
-5.929072,500,1993.53509,False,1,False,False,False,False,False,False,False
-7.237345,500,1995.222045,False,1,False,False,False,False,False,False,False
-6.978962,500,1996.86761,False,1,False,False,False,False,False,False,False
-6.79396,500,1998.894459,False,1,False,False,False,False,False,False,False
-8.37394,500,2000.613569,False,1,False,False,False,False,False,False,False
-7.438517,500,2002.392035,False,1,False,False,False,False,False,False,False
-7.510201,500,2004.060198,False,1,False,False,False,False,False,False,False
-8.556014,500,2006.072142,False,1,False,False,False,False,False,False,False
-8.303365,500,2007.800101,False,1,False,False,False,False,False,False,False
-9.518966,500,2009.502592,False,1,False,False,False,False,False,False,False
-8.525959,500,2011.165648,False,1,False,False,False,False,False,False,False
-8.938274,500,2013.124111,False,1,False,False,False,False,False,False,False
-8.825029,500,2014.848103,False,1,False,False,False,False,False,False,False
-8.441388,500,2016.655541,False,1,True,False,False,False,False,False,False
-8.727037,500,2018.45399,False,1,False,False,False,False,False,False,False
-7.848625,500,2020.461276,False,1,False,False,False,False,False,False,False
-7.505494,500,2022.135149,False,1,False,False,False,False,False,False,False
-6.695203,500,2023.7896,False,1,True,False,False,False,False,False,False
-7.985241,500,2025.478394,False,1,False,False,False,False,False,False,False
-7.838518,500,2027.516953,False,1,False,False,False,False,False,False,False
-7.258327,500,2029.204733,False,1,False,False,False,False,False,False,False
-6.419147,500,2030.752071,False,1,False,False,False,False,False,False,False
-6.284416,500,2032.270158,False,1,False,False,False,False,False,False,False
-7.628625,500,2034.280949,False,1,False,False,False,False,False,False,False
-7.374545,500,2036.008362,False,1,False,False,False,False,False,False,False
-8.946508,500,2037.721907,False,1,False,False,False,False,False,False,False
-7.915377,500,2039.462456,False,1,False,False,False,False,False,False,False
-7.280055,500,2041.495898,False,1,False,False,False,False,False,False,False
-7.241144,500,2043.123496,False,1,False,False,False,False,False,False,False
-8.79761,500,2044.677894,False,1,False,False,False,False,False,False,False
-7.803603,500,2046.246517,False,1,False,False,False,False,False,False,False
-6.602925,500,2048.030436,False,1,False,False,False,False,False,False,False
-6.637755,500,2049.639866,False,1,False,False,False,False,False,False,False
-6.469775,500,2051.147541,False,1,False,False,False,False,False,False,False
-6.015904,500,2052.6375,False,1,False,False,False,False,False,False,False
-6.334085,500,2054.494503,False,1,False,False,False,False,False,False,False
-4.809199,500,2056.007207,False,1,False,False,False,False,False,False,False
-5.241807,500,2057.53369,False,1,False,False,False,False,False,False,False
-5.246185,500,2059.079644,False,1,False,False,False,False,False,False,False
-5.132999,500,2060.864933,False,1,False,False,False,False,False,False,False
-4.688078,500,2062.412152,False,1,False,False,False,False,False,False,False
-4.694118,500,2063.930972,False,1,False,False,False,False,False,False,False
-4.725038,500,2127.937444,False,1,False,False,False,False,False,False,False
-4.410283,500,2129.765859,False,1,False,False,False,False,False,False,False
-4.7033,500,2131.30841,False,1,False,False,False,False,False,False,False
-4.849336,500,2132.853671,False,1,False,False,False,False,False,False,False
-5.1339,500,2134.412834,False,1,False,False,False,False,False,False,False
-4.855292,500,2135.915654,False,1,False,False,False,False,False,False,False
-5.734678,500,2137.868977,False,1,False,False,False,False,False,False,False
-4.882407,500,2139.488973,False,1,False,False,False,False,False,False,False
-6.588212,500,2141.116882,False,1,False,False,False,False,False,False,False
-5.521004,500,2142.645234,False,1,False,False,False,False,False,False,False
-5.723993,500,2144.595199,False,1,False,False,False,False,False,False,False
-5.581093,500,2146.190569,False,1,False,False,False,False,False,False,False
-5.870718,500,2147.797503,False,1,False,False,False,False,False,False,False
-6.04427,500,2149.437637,False,1,False,False,False,False,False,False,False
-4.880108,500,2151.346952,False,1,False,False,False,False,False,False,False
-3.937502,500,2152.947055,False,1,False,False,False,False,False,False,False
-4.398614,500,2154.523198,False,1,False,False,False,False,False,False,False
-4.461317,500,2156.130492,False,1,False,False,False,False,False,False,False
-5.327863,500,2158.219637,False,1,False,False,False,False,False,False,False
-5.221802,500,2159.8259,False,1,False,False,False,False,False,False,False
-5.242343,500,2161.500724,False,1,False,False,False,False,False,False,False
-4.471483,500,2163.1664,False,1,False,False,False,False,False,False,False
-5.455565,500,2165.082557,False,1,False,False,False,False,False,False,False
-4.51146,500,2166.743637,False,1,False,False,False,False,False,False,False
-5.05974,500,2168.393018,False,1,False,False,False,False,False,False,False
-4.890413,500,2169.9565,False,1,False,False,False,False,False,False,False
-4.628565,500,2171.892672,False,1,False,False,False,False,False,False,False
-4.278924,500,2173.467826,False,1,False,False,False,False,False,False,False
-4.326714,500,2175.023494,False,1,False,False,False,False,False,False,False
-3.953091,500,2176.679323,False,1,False,False,False,False,False,False,False
-3.907206,500,2178.632219,False,1,False,False,False,False,False,False,False
-4.948337,500,2180.273239,False,1,False,False,False,False,False,False,False
-4.539113,500,2181.894995,False,1,False,False,False,False,False,False,False
-4.852443,500,2183.583278,False,1,False,False,False,False,False,False,False
-4.294449,500,2185.459145,False,1,False,False,False,False,False,False,False
-4.658537,500,2187.096432,False,1,False,False,False,False,False,False,False
-4.726762,500,2188.76322,False,1,False,False,False,False,False,False,False
-5.011033,500,2190.420211,False,1,False,False,False,False,False,False,False
-4.568114,500,2192.326647,False,1,False,False,False,False,False,False,False
-4.377539,500,2193.966034,False,1,False,False,False,False,False,False,False
-4.614127,500,2195.655414,False,1,False,False,False,False,False,False,False
-4.898772,500,2197.373647,False,1,False,False,False,False,False,False,False
-4.485984,500,2199.315814,False,1,False,False,False,False,False,False,False
-4.505888,500,2201.016463,False,1,False,False,False,False,False,False,False
-4.327358,500,2202.71581,False,1,False,False,False,False,False,False,False
-4.259236,500,2204.352275,False,1,False,False,False,False,False,False,False
-4.088832,500,2205.997107,False,1,False,False,False,False,False,False,False
-4.428354,500,2207.94349,False,1,False,False,False,False,False,False,False
-4.206472,500,2209.469663,False,1,False,False,False,False,False,False,False
-4.77222,500,2211.040554,False,1,False,False,False,False,False,False,False
-4.252389,500,2279.918839,False,1,False,False,False,False,False,False,False
-4.161961,500,2281.983465,False,1,False,False,False,False,False,False,False
-4.127279,500,2283.637923,False,1,False,False,False,False,False,False,False
-4.281086,500,2285.281328,False,1,False,False,False,False,False,False,False
-4.207626,500,2286.907616,False,1,False,False,False,False,False,False,False
-4.827903,500,2288.828216,False,1,False,False,False,False,False,False,False
-5.328259,500,2290.389268,False,1,False,False,False,False,False,False,False
-4.837684,500,2291.913743,False,1,False,False,False,False,False,False,False
-4.960757,500,2293.494562,False,1,False,False,False,False,False,False,False
-4.973109,500,2295.311368,False,1,False,False,False,False,False,False,False
-4.82753,500,2296.833941,False,1,False,False,False,False,False,False,False
-4.967749,500,2298.391033,False,1,False,False,False,False,False,False,False
-4.755012,500,2299.883229,False,1,False,False,False,False,False,False,False
-4.308595,500,2301.740957,False,1,False,False,False,False,False,False,False
-4.251335,500,2303.214364,False,1,False,False,False,False,False,False,False
-4.67532,500,2304.764722,False,1,False,False,False,False,False,False,False
-4.19021,500,2306.294979,False,1,False,False,False,False,False,False,False
-4.079255,500,2308.122646,False,1,False,False,False,False,False,False,False
-4.559694,500,2309.704433,False,1,False,False,False,False,False,False,False
-4.566597,500,2311.298749,False,1,False,False,False,False,False,False,False
-4.576165,500,2312.835661,False,1,False,False,False,False,False,False,False
-4.702656,500,2314.704345,False,1,False,False,False,False,False,False,False
-4.695218,500,2316.202104,False,1,False,False,False,False,False,False,False
-4.878375,500,2317.690835,False,1,False,False,False,False,False,False,False
-4.793233,500,2319.197584,False,1,False,False,False,False,False,False,False
-4.828989,500,2321.028626,False,1,False,False,False,False,False,False,False
-4.787031,500,2322.503759,False,1,False,False,False,False,False,False,False
-4.897766,500,2324.000913,False,1,False,False,False,False,False,False,False
-4.701277,500,2325.515214,False,1,False,False,False,False,False,False,False
-4.496869,500,2327.287869,False,1,False,False,False,False,False,False,False
-4.401091,500,2328.761799,False,1,False,False,False,False,False,False,False
-4.52203,500,2330.319731,False,1,False,False,False,False,False,False,False
-4.366969,500,2331.89341,False,1,False,False,False,False,False,False,False
-4.498333,500,2333.926098,False,1,False,False,False,False,False,False,False
-4.754022,500,2335.515898,False,1,False,False,False,False,False,False,False
-4.653653,500,2337.045366,False,1,False,False,False,False,False,False,False
-4.510496,500,2338.537089,False,1,False,False,False,False,False,False,False
-4.639505,500,2340.376211,False,1,False,False,False,False,False,False,False
-4.697267,500,2341.970798,False,1,False,False,False,False,False,False,False
-4.478164,500,2343.529563,False,1,False,False,False,False,False,False,False
-4.916299,500,2345.047001,False,1,False,False,False,False,False,False,False
-4.857695,500,2346.664758,False,1,False,False,False,False,False,False,False
-4.684951,500,2348.545123,False,1,False,False,False,False,False,False,False
-5.812927,500,2350.083992,False,1,False,False,False,False,False,False,False
-5.817933,500,2351.695582,False,1,False,False,False,False,False,False,False
-4.702648,500,2353.238428,False,1,False,False,False,False,False,False,False
-4.729861,500,2355.244871,False,1,False,False,False,False,False,False,False
-4.1438,500,2356.823641,False,1,False,False,False,False,False,False,False
-4.60776,500,2358.353902,False,1,False,False,False,False,False,False,False
-4.546365,500,2359.867961,False,1,False,False,False,False,False,False,False
-4.056326,500,2426.301955,False,1,False,False,False,False,False,False,False
-4.35489,500,2427.935227,False,1,False,False,False,False,False,False,False
-4.019323,500,2429.509655,False,1,False,False,False,False,False,False,False
-4.080401,500,2431.085519,False,1,False,False,False,False,False,False,False
-4.173528,500,2433.081099,False,1,False,False,False,False,False,False,False
-3.894379,500,2434.716973,False,1,False,False,False,False,False,False,False
-4.449764,500,2436.354422,False,1,False,False,False,False,False,False,False
-3.911571,500,2437.999251,False,1,False,False,False,False,False,False,False
-4.300744,500,2440.036518,False,1,False,False,False,False,False,False,False
-4.230622,500,2441.693938,False,1,False,False,False,False,False,False,False
-4.39431,500,2443.363601,False,1,False,False,False,False,False,False,False
-4.416095,500,2445.043905,False,1,False,False,False,False,False,False,False
-4.586067,500,2447.031647,False,1,False,False,False,False,False,False,False
-4.376823,500,2448.693316,False,1,False,False,False,False,False,False,False
-4.321672,500,2450.285517,False,1,False,False,False,False,False,False,False
-4.193608,500,2451.879533,False,1,False,False,False,False,False,False,False
-4.338166,500,2453.801998,False,1,False,False,False,False,False,False,False
-4.365636,500,2455.434217,False,1,False,False,False,False,False,False,False
-4.65798,500,2457.152031,False,1,False,False,False,False,False,False,False
-4.465054,500,2458.84911,False,1,False,False,False,False,False,False,False
-4.45979,500,2460.875898,False,1,False,False,False,False,False,False,False
-4.364353,500,2462.587785,False,1,False,False,False,False,False,False,False
-4.219628,500,2464.248729,False,1,False,False,False,False,False,False,False
-4.525989,500,2465.906567,False,1,False,False,False,False,False,False,False
-4.411904,500,2467.859343,False,1,False,False,False,False,False,False,False
-4.597021,500,2469.515439,False,1,False,False,False,False,False,False,False
-4.51211,500,2471.141183,False,1,False,False,False,False,False,False,False
-4.28836,500,2472.745858,False,1,False,False,False,False,False,False,False
-4.745268,500,2474.691088,False,1,False,False,False,False,False,False,False
-4.563117,500,2476.365511,False,1,False,False,False,False,False,False,False
-4.653531,500,2478.008914,False,1,False,False,False,False,False,False,False
-4.578945,500,2479.712946,False,1,False,False,False,False,False,False,False
-4.385029,500,2481.362108,False,1,False,False,False,False,False,False,False
-4.007262,500,2483.496444,False,1,False,False,False,False,False,False,False
-4.021742,500,2485.232003,False,1,False,False,False,False,False,False,False
-4.165217,500,2486.87841,False,1,False,False,False,False,False,False,False
-4.281736,500,2488.505388,False,1,False,False,False,False,False,False,False
-4.026033,500,2490.503989,False,1,False,False,False,False,False,False,False
-3.967409,500,2492.230919,False,1,False,False,False,False,False,False,False
-4.013128,500,2493.893248,False,1,False,False,False,False,False,False,False
-4.026541,500,2495.546979,False,1,False,False,False,False,False,False,False
-4.164904,500,2497.59331,False,1,False,False,False,False,False,False,False
-4.277497,500,2499.31437,False,1,False,False,False,False,False,False,False
-4.120405,500,2501.030133,False,1,False,False,False,False,False,False,False
-4.117052,500,2502.784192,False,1,False,False,False,False,False,False,False
-4.728372,500,2504.773107,False,1,False,False,False,False,False,False,False
-5.671411,500,2506.445453,False,1,False,False,False,False,False,False,False
-5.991683,500,2508.169449,False,1,False,False,False,False,False,False,False
-4.789236,500,2509.834565,False,1,False,False,False,False,False,False,False
-6.211239,500,2511.830395,False,1,False,False,False,False,False,False,False
-7.01911,500,2588.46854,False,1,False,False,False,False,False,False,False
-8.728023,500,2590.320707,False,1,False,False,False,False,False,False,False
-8.230801,500,2592.141665,False,1,False,False,False,False,False,False,False
-9.648719,500,2594.205442,False,1,False,False,False,False,False,False,False
-9.591393,500,2596.087149,False,1,False,False,False,False,False,False,False
-10.142511,500,2597.823439,False,1,False,False,False,False,False,False,False
-11.026188,500,2599.633167,False,1,False,False,False,False,False,False,False
-9.584554,500,2601.674233,False,1,False,False,False,False,False,False,False
-10.113791,500,2603.355203,False,1,False,False,False,False,False,False,False
-9.955783,500,2605.084957,False,1,False,False,False,False,False,False,False
-9.774371,500,2606.890955,False,1,False,False,False,False,False,False,False
-9.568491,500,2609.028358,False,1,False,False,False,False,False,False,False
-9.83143,500,2610.92552,False,1,False,False,False,False,False,False,False
-10.098768,500,2612.791709,False,1,False,False,False,False,False,False,False
-8.925508,500,2614.683753,False,1,False,False,False,False,False,False,False
-9.691485,500,2616.879782,False,1,False,False,False,False,False,False,False
-11.28615,500,2618.760173,False,1,False,False,False,False,False,False,False
-10.890651,500,2620.651009,False,1,False,False,False,False,False,False,False
-10.366107,500,2622.452008,False,1,False,False,False,False,False,False,False
-10.822188,500,2624.640332,False,1,False,False,False,False,False,False,False
-9.474676,500,2626.624271,False,1,False,False,False,False,False,False,False
-8.239559,500,2628.666558,False,1,False,False,False,False,False,False,False
-8.417348,500,2630.655644,False,1,False,False,False,False,False,False,False
-8.937243,500,2632.616856,False,1,False,False,False,False,False,False,False
-6.147376,500,2634.747464,False,1,False,False,False,False,False,False,False
-5.251091,500,2636.413642,False,1,False,False,False,False,False,False,False
-6.331067,500,2638.128948,False,1,False,False,False,False,False,False,False
-4.588858,500,2639.757578,False,1,False,False,False,False,False,False,False
-7.004529,500,2641.865209,False,1,False,False,False,False,False,False,False
-6.812045,500,2643.586722,False,1,False,False,False,False,False,False,False
-7.000407,500,2645.341847,False,1,False,False,False,False,False,False,False
-7.898205,500,2647.123904,False,1,False,False,False,False,False,False,False
-4.936764,500,2649.281682,False,1,False,False,False,False,False,False,False
-5.170874,500,2651.021304,False,1,False,False,False,False,False,False,False
-5.064127,500,2652.754482,False,1,False,False,False,False,False,False,False
-4.61413,500,2654.481098,False,1,False,False,False,False,False,False,False
-5.15974,500,2656.585301,False,1,False,False,False,False,False,False,False
-5.344983,500,2658.292066,False,1,False,False,False,False,False,False,False
-5.131339,500,2660.126276,False,1,False,False,False,False,False,False,False
-5.361641,500,2661.934284,False,1,False,False,False,False,False,False,False
-5.097916,500,2663.917341,False,1,False,False,False,False,False,False,False
-5.07993,500,2665.735584,False,1,False,False,False,False,False,False,False
-4.106895,500,2667.461723,False,1,False,False,False,False,False,False,False
-4.693685,500,2669.036477,False,1,False,False,False,False,False,False,False
-4.653895,500,2671.146152,False,1,False,False,False,False,False,False,False
-3.764309,500,2672.821379,False,1,False,False,False,False,False,False,False
-3.881347,500,2674.469736,False,1,False,False,False,False,False,False,False
-3.630035,500,2676.143888,False,1,False,False,False,False,False,False,False
-4.011623,500,2678.205379,False,1,False,False,False,False,False,False,False
-4.52282,500,2679.857474,False,1,False,False,False,False,False,False,False
-4.262344,500,2756.721904,False,1,False,False,False,False,False,False,False
-4.088293,500,2758.379512,False,1,False,False,False,False,False,False,False
-3.65397,500,2760.364305,False,1,False,False,False,False,False,False,False
-3.853209,500,2762.013216,False,1,False,False,False,False,False,False,False
-3.854726,500,2763.692078,False,1,False,False,False,False,False,False,False
-4.100757,500,2765.399392,False,1,False,False,False,False,False,False,False
-4.328627,500,2767.510623,False,1,False,False,False,False,False,False,False
-6.777637,500,2769.171512,False,1,False,False,False,False,False,False,False
-7.12808,500,2770.841599,False,1,False,False,False,False,False,False,False
-6.320629,500,2772.459462,False,1,False,False,False,False,False,False,False
-6.789458,500,2774.45331,False,1,False,False,False,False,False,False,False
-4.996019,500,2776.254744,False,1,False,False,False,False,False,False,False
-4.800011,500,2777.991987,False,1,False,False,False,False,False,False,False
-4.747898,500,2779.707701,False,1,False,False,False,False,False,False,False
-5.122138,500,2781.791825,False,1,False,False,False,False,False,False,False
-6.342213,500,2783.612568,False,1,False,False,False,False,False,False,False
-7.356868,500,2785.306383,False,1,False,False,False,False,False,False,False
-6.827286,500,2787.040126,False,1,False,False,False,False,False,False,False
-5.965887,500,2788.809037,False,1,False,False,False,False,False,False,False
-5.175351,500,2790.914786,False,1,False,False,False,False,False,False,False
-4.650482,500,2792.64497,False,1,False,False,False,False,False,False,False
-4.77738,500,2794.341081,False,1,False,False,False,False,False,False,False
-5.12733,500,2795.958283,False,1,False,False,False,False,False,False,False
-6.409909,500,2797.990664,False,1,False,False,False,False,False,False,False
-7.672743,500,2799.556444,False,1,False,False,False,False,False,False,False
-7.497925,500,2801.112027,False,1,False,False,False,False,False,False,False
-5.656237,500,2802.734797,False,1,False,False,False,False,False,False,False
-6.034651,500,2804.725428,False,1,False,False,False,False,False,False,False
-5.338045,500,2806.395415,False,1,False,False,False,False,False,False,False
-5.696269,500,2808.083033,False,1,False,False,False,False,False,False,False
-4.323006,500,2809.78615,False,1,False,False,False,False,False,False,False
-6.179486,500,2811.695752,False,1,False,False,False,False,False,False,False
-7.449834,500,2813.242848,False,1,False,False,False,False,False,False,False
-6.128757,500,2814.815678,False,1,False,False,False,False,False,False,False
-6.613211,500,2816.375166,False,1,False,False,False,False,False,False,False
-5.969174,500,2818.279153,False,1,False,False,False,False,False,False,False
-5.442767,500,2819.831289,False,1,False,False,False,False,False,False,False
-5.378135,500,2821.38627,False,1,False,False,False,False,False,False,False
-4.720419,500,2822.955927,False,1,False,False,False,False,False,False,False
-6.421346,500,2824.794544,False,1,False,False,False,False,False,False,False
-5.822827,500,2826.403233,False,1,False,False,False,False,False,False,False
-4.951455,500,2828.075258,False,1,False,False,False,False,False,False,False
-5.822652,500,2829.692481,False,1,False,False,False,False,False,False,False
-3.941111,500,2831.637736,False,1,False,False,False,False,False,False,False
-3.728159,500,2833.300452,False,1,False,False,False,False,False,False,False
-3.749814,500,2834.975184,False,1,False,False,False,False,False,False,False
-3.69288,500,2836.673892,False,1,False,False,False,False,False,False,False
-3.83478,500,2838.757455,False,1,False,False,False,False,False,False,False
-3.65267,500,2840.401491,False,1,False,False,False,False,False,False,False
-3.754738,500,2842.050164,False,1,False,False,False,False,False,False,False
-3.728453,500,2915.244548,False,1,False,False,False,False,False,False,False
-3.445491,500,2917.282896,False,1,False,False,False,False,False,False,False
-4.636665,500,2918.899827,False,1,False,False,False,False,False,False,False
-4.508046,500,2920.52966,False,1,False,False,False,False,False,False,False
-4.242871,500,2922.159332,False,1,True,False,False,False,False,False,False
-4.325412,500,2924.110463,False,1,False,False,False,False,False,False,False
-5.134626,500,2925.726086,False,1,False,False,False,False,False,False,False
-5.585788,500,2927.396121,False,1,True,False,False,False,False,False,False
-4.552034,500,2929.037471,False,1,True,False,False,False,False,False,False
-5.650028,500,2930.582032,False,1,False,False,False,False,False,False,False
-5.955292,500,2932.62562,False,1,True,False,False,False,False,False,False
-4.748105,500,2934.276758,False,1,True,False,False,False,False,False,False
-4.752318,500,2935.866905,False,1,False,False,False,False,False,False,False
-4.882786,500,2937.473795,False,1,True,False,False,False,False,False,False
-3.886101,500,2939.41717,False,1,True,False,False,False,False,False,False
-3.733342,500,2940.980996,False,1,True,False,False,False,False,False,False
-3.732209,500,2942.630872,False,1,False,False,False,False,False,False,False
-3.760014,500,2944.236157,False,1,False,False,False,False,False,False,False
-3.837435,500,2946.248894,False,1,False,False,False,False,False,False,False
-3.861909,500,2947.94114,False,1,False,False,False,False,False,False,False
-3.767146,500,2949.602368,False,1,True,False,False,False,False,False,False
-3.850274,500,2951.214599,False,1,False,False,False,False,False,False,False
-3.877353,500,2953.176172,False,1,True,False,False,False,False,False,False
-4.068725,500,2954.774626,False,1,False,False,False,False,False,False,False
-3.972009,500,2956.466768,False,1,False,False,False,False,False,False,False
-4.051676,500,2958.090213,False,1,False,False,False,False,False,False,False
-3.929862,500,2960.019885,False,1,False,False,False,False,False,False,False
-5.666382,500,2961.625791,False,1,False,False,False,False,False,False,False
-5.709625,500,2963.332354,False,1,False,False,False,False,False,False,False
-4.689164,500,2964.984442,False,1,False,False,False,False,False,False,False
-4.714577,500,2966.961112,False,1,False,False,False,False,False,False,False
-4.244449,500,2968.589815,False,1,False,False,False,False,False,False,False
-4.143573,500,2970.242042,False,1,False,False,False,False,False,False,False
-4.527377,500,2971.846305,False,1,False,False,False,False,False,False,False
-4.33732,500,2973.733801,False,1,False,False,False,False,False,False,False
-4.180178,500,2975.388662,False,1,False,False,False,False,False,False,False
-4.320281,500,2976.994375,False,1,False,False,False,False,False,False,False
-4.159177,500,2978.642832,False,1,False,False,False,False,False,False,False
-4.039571,500,2980.613321,False,1,False,False,False,False,False,False,False
-3.903952,500,2982.301129,False,1,False,False,False,False,False,False,False
-4.124113,500,2983.969194,False,1,False,False,False,False,False,False,False
-3.906433,500,2985.68154,False,1,False,False,False,False,False,False,False
-4.054019,500,2987.774671,False,1,False,False,False,False,False,False,False
-4.046517,500,2989.4501,False,1,False,False,False,False,False,False,False
-4.088997,500,2991.214226,False,1,False,False,False,False,False,False,False
-4.230357,500,2992.93049,False,1,False,False,False,False,False,False,False
-4.228563,500,2994.984916,False,1,False,False,False,False,False,False,False
-4.733525,500,2996.619076,False,1,False,False,False,False,False,False,False
-3.871838,500,2998.292844,False,1,False,False,False,False,False,False,False
-3.927281,500,2999.957187,False,1,False,False,False,False,False,False,False
-3.84878,500,3071.318738,False,1,False,False,False,False,False,False,False
-3.681469,500,3073.003473,False,1,False,False,False,False,False,False,False
-3.687528,500,3074.650366,False,1,False,False,False,False,False,False,False
-3.616267,500,3076.31969,False,1,False,False,False,False,False,False,False
-3.685701,500,3077.990307,False,1,False,False,False,False,False,False,False
-3.841901,500,3079.93298,False,1,False,False,False,False,False,False,False
-3.759676,500,3081.511051,False,1,False,False,False,False,False,False,False
-3.776524,500,3083.169795,False,1,False,False,False,False,False,False,False
-3.763827,500,3084.866244,False,1,False,False,False,False,False,False,False
-3.887586,500,3086.88335,False,1,True,False,False,False,False,False,False
-4.060181,500,3088.538243,False,1,False,False,False,False,False,False,False
-3.666076,500,3090.193982,False,1,False,False,False,False,False,False,False
-3.881494,500,3091.810961,False,1,False,False,False,False,False,False,False
-3.785916,500,3093.814989,False,1,False,False,False,False,False,False,False
-3.749421,500,3095.444835,False,1,False,False,False,False,False,False,False
-3.727397,500,3097.048785,False,1,False,False,False,False,False,False,False
-3.729149,500,3098.695354,False,1,False,False,False,False,False,False,False
-3.523809,500,3100.6351,False,1,False,False,False,False,False,False,False
-3.892944,500,3102.268606,False,1,False,False,False,False,False,False,False
-3.571716,500,3103.891648,False,1,False,False,False,False,False,False,False
-4.013993,500,3105.534496,False,1,False,False,False,False,False,False,False
-3.787668,500,3107.461769,False,1,False,False,False,False,False,False,False
-3.927089,500,3109.107189,False,1,False,False,False,False,False,False,False
-3.946517,500,3110.734254,False,1,False,False,False,False,False,False,False
-3.941425,500,3112.331111,False,1,False,False,False,False,False,False,False
-3.967273,500,3114.208235,False,1,False,False,False,False,False,False,False
-5.568753,500,3115.860291,False,1,False,False,False,False,False,False,False
-5.53881,500,3117.485508,False,1,False,False,False,False,False,False,False
-5.268334,500,3119.218584,False,1,False,False,False,False,False,False,False
-4.696761,500,3121.272285,False,1,False,False,False,False,False,False,False
-5.59798,500,3122.923944,False,1,False,False,False,False,False,False,False
-5.973319,500,3124.614697,False,1,False,False,False,False,False,False,False
-5.357274,500,3126.345674,False,1,False,False,False,False,False,False,False
-5.627641,500,3128.410169,False,1,False,False,False,False,False,False,False
-4.318334,500,3130.068892,False,1,False,False,False,False,False,False,False
-4.509274,500,3131.689615,False,1,False,False,False,False,False,False,False
-4.03287,500,3133.310396,False,1,False,False,False,False,False,False,False
-4.13319,500,3135.206857,False,1,False,False,False,False,False,False,False
-4.826714,500,3136.831704,False,1,False,False,False,False,False,False,False
-4.801723,500,3138.455149,False,1,False,False,False,False,False,False,False
-5.861435,500,3140.102091,False,1,False,False,False,False,False,False,False
-5.71302,500,3142.058407,False,1,False,False,False,False,False,False,False
-5.84055,500,3143.714622,False,1,False,False,False,False,False,False,False
-5.38576,500,3145.315808,False,1,False,False,False,False,False,False,False
-5.637538,500,3146.923323,False,1,False,False,False,False,False,False,False
-4.429499,500,3148.527962,False,1,False,False,False,False,False,False,False
-4.539756,500,3150.394984,False,1,False,False,False,False,False,False,False
-4.092283,500,3152.034432,False,1,False,False,False,False,False,False,False
-4.978746,500,3153.658277,False,1,False,False,False,False,False,False,False
-4.589842,500,3155.301626,False,1,False,False,False,False,False,False,False
-4.91509,500,3224.821093,False,1,False,False,False,False,False,False,False
-4.710466,500,3226.490351,False,1,False,False,False,False,False,False,False
-5.51754,500,3228.09609,False,1,False,False,False,False,False,False,False
-4.408604,500,3229.73951,False,1,False,False,False,False,False,False,False
-4.561142,500,3231.644006,False,1,False,False,False,False,False,False,False
-3.72109,500,3233.273277,False,1,False,False,False,False,False,False,False
-3.791037,500,3234.891754,False,1,False,False,False,False,False,False,False
-3.718466,500,3236.479002,False,1,False,False,False,False,False,False,False
-3.854163,500,3238.51184,False,1,False,False,False,False,False,False,False
-3.95302,500,3240.147087,False,1,False,False,False,False,False,False,False
-3.992863,500,3241.784805,False,1,False,False,False,False,False,False,False
-3.932075,500,3243.43487,False,1,False,False,False,False,False,False,False
-3.954511,500,3245.407092,False,1,False,False,False,False,False,False,False
-3.948873,500,3247.101911,False,1,False,False,False,False,False,False,False
-4.06009,500,3248.72039,False,1,False,False,False,False,False,False,False
-3.96034,500,3250.318889,False,1,False,False,False,False,False,False,False
-3.957551,500,3252.27181,False,1,False,False,False,False,False,False,False
-4.021846,500,3253.961971,False,1,False,False,False,False,False,False,False
-3.865772,500,3255.635948,False,1,False,False,False,False,False,False,False
-3.477748,500,3257.239772,False,1,False,False,False,False,False,False,False
-3.911728,500,3259.223897,False,1,False,False,False,False,False,False,False
-4.01723,500,3260.884614,False,1,False,False,False,False,False,False,False
-3.703567,500,3262.512724,False,1,False,False,False,False,False,False,False
-3.76586,500,3264.120253,False,1,False,False,False,False,False,False,False
-3.914451,500,3266.038007,False,1,False,False,False,False,False,False,False
-4.07937,500,3267.703543,False,1,False,False,False,False,False,False,False
-3.872872,500,3269.263968,False,1,False,False,False,False,False,False,False
-4.002729,500,3270.839329,False,1,False,False,False,False,False,False,False
-3.930392,500,3272.780979,False,1,False,False,False,False,False,False,False
-3.818364,500,3274.396891,False,1,False,False,False,False,False,False,False
-3.901386,500,3276.008236,False,1,False,False,False,False,False,False,False
-3.73243,500,3277.654668,False,1,False,False,False,False,False,False,False
-3.764267,500,3279.57964,False,1,False,False,False,False,False,False,False
-3.966061,500,3281.220771,False,1,False,False,False,False,False,False,False
-3.903063,500,3282.833831,False,1,False,False,False,False,False,False,False
-4.182354,500,3284.479757,False,1,False,False,False,False,False,False,False
-4.091477,500,3286.37957,False,1,False,False,False,False,False,False,False
-3.997947,500,3287.997824,False,1,False,False,False,False,False,False,False
-3.89034,500,3289.604595,False,1,False,False,False,False,False,False,False
-4.024829,500,3291.222454,False,1,False,False,False,False,False,False,False
-4.062958,500,3292.827491,False,1,False,False,False,False,False,False,False
-4.545519,500,3294.848214,False,1,False,False,False,False,False,False,False
-4.051615,500,3296.480851,False,1,False,False,False,False,False,False,False
-4.645547,500,3298.115603,False,1,False,False,False,False,False,False,False
-3.994072,500,3299.730053,False,1,False,False,False,False,False,False,False
-4.142661,500,3301.692445,False,1,False,False,False,False,False,False,False
-4.531109,500,3303.278178,False,1,False,False,False,False,False,False,False
-4.857599,500,3304.881317,False,1,False,False,False,False,False,False,False
-4.195637,500,3306.515003,False,1,False,False,False,False,False,False,False
-4.378801,500,3308.480519,False,1,False,False,False,False,False,False,False
-4.861618,500,3378.087802,False,1,False,False,False,False,False,False,False
-4.094056,500,3379.717192,False,1,False,False,False,False,False,False,False
-4.411208,500,3381.325115,False,1,False,False,False,False,False,False,False
-4.324092,500,3383.262892,False,1,False,False,False,False,False,False,False
-3.93217,500,3384.863517,False,1,False,False,False,False,False,False,False
-3.844793,500,3386.490587,False,1,False,False,False,False,False,False,False
-3.918706,500,3388.117116,False,1,False,False,False,False,False,False,False
-3.732244,500,3390.077425,False,1,False,False,False,False,False,False,False
-3.940823,500,3391.761485,False,1,False,False,False,False,False,False,False
-4.009066,500,3393.435419,False,1,False,False,False,False,False,False,False
-3.834131,500,3395.036103,False,1,False,False,False,False,False,False,False
-3.962134,500,3396.958809,False,1,False,False,False,False,False,False,False
-4.104453,500,3398.568547,False,1,False,False,False,False,False,False,False
-3.958176,500,3400.193439,False,1,False,False,False,False,False,False,False
-3.901035,500,3401.809709,False,1,False,False,False,False,False,False,False
-3.628048,500,3403.840806,False,1,False,False,False,False,False,False,False
-3.893461,500,3405.44147,False,1,False,False,False,False,False,False,False
-4.035781,500,3407.059941,False,1,False,False,False,False,False,False,False
-3.963567,500,3408.674559,False,1,False,False,False,False,False,False,False
-3.923684,500,3410.596615,False,1,False,False,False,False,False,False,False
-3.83457,500,3412.278946,False,1,False,False,False,False,False,False,False
-3.889521,500,3413.960986,False,1,False,False,False,False,False,False,False
-3.975303,500,3415.589117,False,1,False,False,False,False,False,False,False
-4.196365,500,3417.504856,False,1,False,False,False,False,False,False,False
-3.978045,500,3419.207083,False,1,False,False,False,False,False,False,False
-3.865334,500,3420.861052,False,1,False,False,False,False,False,False,False
-4.1467,500,3422.487835,False,1,False,False,False,False,False,False,False
-4.090727,500,3424.514468,False,1,False,False,False,False,False,False,False
-4.4444,500,3426.147633,False,1,False,False,False,False,False,False,False
-4.123171,500,3427.809998,False,1,False,False,False,False,False,False,False
-4.36713,500,3429.419894,False,1,False,False,False,False,False,False,False
-3.826394,500,3431.070538,False,1,False,False,False,False,False,False,False
-4.089838,500,3433.054657,False,1,False,False,False,False,False,False,False
-4.373798,500,3434.659462,False,1,False,False,False,False,False,False,False
-4.349832,500,3436.263972,False,1,False,False,False,False,False,False,False
-3.928376,500,3437.885263,False,1,False,False,False,False,False,False,False
-4.318579,500,3439.804204,False,1,False,False,False,False,False,False,False
-3.949943,500,3441.440202,False,1,False,False,False,False,False,False,False
-3.949902,500,3443.084207,False,1,False,False,False,False,False,False,False
-3.729112,500,3444.711051,False,1,False,False,False,False,False,False,False
-4.070796,500,3446.699731,False,1,False,False,False,False,False,False,False
-4.230353,500,3448.332943,False,1,False,False,False,False,False,False,False
-3.540011,500,3449.972279,False,1,False,False,False,False,False,False,False
-4.325904,500,3451.615628,False,1,False,False,False,False,False,False,False
-3.976272,500,3453.560982,False,1,False,False,False,False,False,False,False
-4.117975,500,3455.162165,False,1,False,False,False,False,False,False,False
-3.948678,500,3456.779979,False,1,False,False,False,False,False,False,False
-4.036279,500,3458.437022,False,1,False,False,False,False,False,False,False
-5.80856,500,3460.516819,False,1,False,False,False,False,False,False,False
-6.776917,500,3462.352911,False,1,False,False,False,False,False,False,False
-5.02972,500,3539.72407,False,1,False,False,False,False,False,False,False
-4.96007,500,3541.446347,False,1,False,False,False,False,False,False,False
-5.244831,500,3543.602589,False,1,False,False,False,False,False,False,False
-4.389613,500,3545.326214,False,1,False,False,False,False,False,False,False
-5.652476,500,3547.099359,False,1,False,False,False,False,False,False,False
-4.437383,500,3548.837037,False,1,False,False,False,False,False,False,False
-3.795415,500,3550.959319,False,1,False,False,False,False,False,False,False
-4.096623,500,3552.785568,False,1,False,False,False,False,False,False,False
-4.046328,500,3554.618798,False,1,False,False,False,False,False,False,False
-4.089038,500,3556.35591,False,1,False,False,False,False,False,False,False
-4.13288,500,3558.51472,False,1,False,False,False,False,False,False,False
-4.178072,500,3560.274078,False,1,False,False,False,False,False,False,False
-4.065228,500,3562.094982,False,1,False,False,False,False,False,False,False
-4.309898,500,3563.869449,False,1,False,False,False,False,False,False,False
-3.991649,500,3565.946973,False,1,False,False,False,False,False,False,False
-4.298747,500,3567.65675,False,1,False,False,False,False,False,False,False
-4.548555,500,3569.40336,False,1,False,False,False,False,False,False,False
-4.618733,500,3571.165298,False,1,False,False,False,False,False,False,False
-4.421585,500,3573.267052,False,1,False,False,False,False,False,False,False
-4.447901,500,3575.000381,False,1,False,False,False,False,False,False,False
-4.349452,500,3576.762451,False,1,False,False,False,False,False,False,False
-4.259394,500,3578.50445,False,1,False,False,False,False,False,False,False
-4.570379,500,3580.21613,False,1,False,False,False,False,False,False,False
-4.354393,500,3582.352027,False,1,False,False,False,False,False,False,False
-4.670231,500,3584.091336,False,1,False,False,False,False,False,False,False
-4.542894,500,3585.807434,False,1,False,False,False,False,False,False,False
-4.474272,500,3587.519088,False,1,False,False,False,False,False,False,False
-4.48236,500,3589.586757,False,1,False,False,False,False,False,False,False
-4.405013,500,3591.353441,False,1,False,False,False,False,False,False,False
-4.355818,500,3593.090048,False,1,False,False,False,False,False,False,False
-4.465754,500,3594.905515,False,1,False,False,False,False,False,False,False
-3.959177,500,3597.043039,False,1,False,False,False,False,False,False,False
-4.301091,500,3598.867714,False,1,False,False,False,False,False,False,False
-4.151798,500,3600.586683,False,1,False,False,False,False,False,False,False
-4.163079,500,3602.325028,False,1,False,False,False,False,False,False,False
-3.958333,500,3604.492766,False,1,False,False,False,False,False,False,False
-4.139059,500,3606.234351,False,1,False,False,False,False,False,False,False
-3.862297,500,3608.001845,False,1,False,False,False,False,False,False,False
-4.302527,500,3609.775247,False,1,False,False,False,False,False,False,False
-4.365707,500,3611.861358,False,1,False,False,False,False,False,False,False
-4.201075,500,3613.545554,False,1,False,False,False,False,False,False,False
-3.821707,500,3615.261695,False,1,False,False,False,False,False,False,False
-4.46595,500,3616.959741,False,1,False,False,False,False,False,False,False
-3.971329,500,3619.027915,False,1,False,False,False,False,False,False,False
-3.99826,500,3620.862823,False,1,False,False,False,False,False,False,False
-4.308841,500,3622.659899,False,1,False,False,False,False,False,False,False
-3.939309,500,3624.394989,False,1,False,False,False,False,False,False,False
-4.280495,500,3626.515224,False,1,False,False,False,False,False,False,False
-5.009421,500,3628.333277,False,1,False,False,False,False,False,False,False
-3.835713,500,3630.045204,False,1,False,False,False,False,False,False,False
-4.403479,500,3703.64565,False,1,False,False,False,False,False,False,False
-4.224351,500,3705.646465,False,1,False,False,False,False,False,False,False
-4.525562,500,3707.357407,False,1,False,False,False,False,False,False,False
-5.098502,500,3709.101526,False,1,False,False,False,False,False,False,False
-5.020691,500,3710.90737,False,1,False,False,False,False,False,False,False
-5.024917,500,3712.926565,False,1,False,False,False,False,False,False,False
-3.915648,500,3714.743702,False,1,False,False,False,False,False,False,False
-3.869299,500,3716.556646,False,1,False,False,False,False,False,False,False
-3.922815,500,3718.359778,False,1,False,False,False,False,False,False,False
-3.823839,500,3720.443508,False,1,False,False,False,False,False,False,False
-4.257638,500,3722.195537,False,1,False,False,False,False,False,False,False
-3.940581,500,3723.889266,False,1,False,False,False,False,False,False,False
-4.417084,500,3725.570986,False,1,False,False,False,False,False,False,False
-3.999388,500,3727.518864,False,1,False,False,False,False,False,False,False
-4.726023,500,3729.254669,False,1,False,False,False,False,False,False,False
-4.955741,500,3730.981095,False,1,False,False,False,False,False,False,False
-4.931393,500,3732.704362,False,1,False,False,False,False,False,False,False
-5.005897,500,3734.481298,False,1,False,False,False,False,False,False,False
-4.240929,500,3736.615015,False,1,False,False,False,False,False,False,False
-4.163534,500,3738.309598,False,1,False,False,False,False,False,False,False
-4.25057,500,3740.117429,False,1,False,False,False,False,False,False,False
-4.182725,500,3741.863156,False,1,False,False,False,False,False,False,False
-4.729089,500,3743.971345,False,1,False,False,False,False,False,False,False
-4.217362,500,3745.733363,False,1,False,False,False,False,False,False,False
-4.327648,500,3747.415642,False,1,False,False,False,False,False,False,False
-4.268275,500,3749.114614,False,1,False,False,False,False,False,False,False
-3.932294,500,3751.258741,False,1,False,False,False,False,False,False,False
-4.176221,500,3753.017982,False,1,False,False,False,False,False,False,False
-4.066934,500,3754.859219,False,1,False,False,False,False,False,False,False
-4.247735,500,3756.550419,False,1,False,False,False,False,False,False,False
-4.205528,500,3758.672825,False,1,False,False,False,False,False,False,False
-4.121034,500,3760.514766,False,1,False,False,False,False,False,False,False
-3.833852,500,3762.297784,False,1,False,False,False,False,False,False,False
-4.093848,500,3764.103915,False,1,False,False,False,False,False,False,False
-3.827079,500,3766.335924,False,1,False,False,False,False,False,False,False
-3.879686,500,3768.044775,False,1,False,False,False,False,False,False,False
-4.053924,500,3769.752187,False,1,False,False,False,False,False,False,False
-4.181841,500,3771.553635,False,1,False,False,False,False,False,False,False
-4.066162,500,3773.648265,False,1,False,False,False,False,False,False,False
-4.036638,500,3775.42137,False,1,False,False,False,False,False,False,False
-4.043811,500,3777.224404,False,1,False,False,False,False,False,False,False
-4.076554,500,3778.977833,False,1,False,False,False,False,False,False,False
-3.84849,500,3781.058022,False,1,False,False,False,False,False,False,False
-4.451171,500,3782.887756,False,1,False,False,False,False,False,False,False
-4.51554,500,3784.731342,False,1,False,False,False,False,False,False,False
-5.447456,500,3786.681794,False,1,False,False,False,False,False,False,False
-4.47322,500,3788.905397,False,1,False,False,False,False,False,False,False
-4.688233,500,3790.608269,False,1,False,False,False,False,False,False,False
-5.957092,500,3792.392191,False,1,False,False,False,False,False,False,False
-4.42826,500,3794.166972,False,1,False,False,False,False,False,False,False
-4.597969,500,3866.899458,False,1,False,False,False,False,False,False,False
-6.040696,500,3868.710337,False,1,False,False,False,False,False,False,False
-6.961524,500,3870.530546,False,1,False,False,False,False,False,False,False
-6.528322,500,3872.374627,False,1,False,False,False,False,False,False,False
-5.092535,500,3874.549019,False,1,False,False,False,False,False,False,False
-4.204523,500,3876.145369,False,1,False,False,False,False,False,False,False
-4.302243,500,3877.77073,False,1,False,False,False,False,False,False,False
-4.071299,500,3879.40214,False,1,False,False,False,False,False,False,False
-4.248745,500,3881.039197,False,1,False,False,False,False,False,False,False
-4.846115,500,3883.056448,False,1,False,False,False,False,False,False,False
-4.93955,500,3884.726487,False,1,False,False,False,False,False,False,False
-4.970874,500,3886.354669,False,1,False,False,False,False,False,False,False
-5.132722,500,3888.025849,False,1,False,False,False,False,False,False,False
-4.746238,500,3890.052193,False,1,False,False,False,False,False,False,False
-4.737157,500,3891.646273,False,1,False,False,False,False,False,False,False
-4.460482,500,3893.346686,False,1,False,False,False,False,False,False,False
-4.705133,500,3895.062167,False,1,False,False,False,False,False,False,False
-5.075505,500,3897.032262,False,1,False,False,False,False,False,False,False
-4.921057,500,3898.673927,False,1,False,False,False,False,False,False,False
-5.773734,500,3900.412543,False,1,False,False,False,False,False,False,False
-5.734183,500,3902.05007,False,1,False,False,False,False,False,False,False
-4.473111,500,3904.095034,False,1,False,False,False,False,False,False,False
-4.479961,500,3905.838995,False,1,False,False,False,False,False,False,False
-4.803801,500,3907.511852,False,1,False,False,False,False,False,False,False
-4.492969,500,3909.207005,False,1,False,False,False,False,False,False,False
-4.79575,500,3911.190804,False,1,False,False,False,False,False,False,False
-4.863644,500,3912.788526,False,1,False,False,False,False,False,False,False
-4.471953,500,3914.476032,False,1,False,False,False,False,False,False,False
-4.766976,500,3916.152126,False,1,False,False,False,False,False,False,False
-4.388309,500,3918.017442,False,1,False,False,False,False,False,False,False
-4.345758,500,3919.622951,False,1,False,False,False,False,False,False,False
-4.616041,500,3921.29355,False,1,False,False,False,False,False,False,False
-4.988605,500,3922.947501,False,1,False,False,False,False,False,False,False
-5.035423,500,3924.911019,False,1,False,False,False,False,False,False,False
-5.264789,500,3926.678674,False,1,False,False,False,False,False,False,False
-4.832324,500,3928.364558,False,1,False,False,False,False,False,False,False
-5.083442,500,3930.034214,False,1,False,False,False,False,False,False,False
-5.656779,500,3932.077596,False,1,False,False,False,False,False,False,False
-5.675729,500,3933.788193,False,1,False,False,False,False,False,False,False
-5.05702,500,3935.495708,False,1,False,False,False,False,False,False,False
-5.86831,500,3937.212406,False,1,False,False,False,False,False,False,False
-5.066526,500,3939.254662,False,1,False,False,False,False,False,False,False
-6.661438,500,3940.922336,False,1,False,False,False,False,False,False,False
-5.587443,500,3942.590545,False,1,False,False,False,False,False,False,False
-5.352354,500,3944.285638,False,1,False,False,False,False,False,False,False
-5.878539,500,3946.226401,False,1,False,False,False,False,False,False,False
-4.394584,500,3947.917454,False,1,False,False,False,False,False,False,False
-4.399131,500,3949.59253,False,1,False,False,False,False,False,False,False
-4.508706,500,3951.270426,False,1,False,False,False,False,False,False,False
-4.439687,500,3953.209719,False,1,False,False,False,False,False,False,False
-4.641347,500,4023.213477,False,1,False,False,False,False,False,False,False
-4.208217,500,4024.840173,False,1,False,False,False,False,False,False,False
-4.174455,500,4026.476891,False,1,False,False,False,False,False,False,False
-4.354503,500,4028.044421,False,1,False,False,False,False,False,False,False
-4.481777,500,4030.110831,False,1,False,False,False,False,False,False,False
-3.791183,500,4031.733478,False,1,False,False,False,False,False,False,False
-4.234796,500,4033.352756,False,1,False,False,False,False,False,False,False
-3.958988,500,4034.96997,False,1,False,False,False,False,False,False,False
-4.100472,500,4036.895708,False,1,False,False,False,False,False,False,False
-4.663208,500,4038.529192,False,1,False,False,False,False,False,False,False
-4.730966,500,4040.151709,False,1,False,False,False,False,False,False,False
-4.31927,500,4041.791014,False,1,False,False,False,False,False,False,False
-4.298479,500,4043.764802,False,1,False,False,False,False,False,False,False
-4.082887,500,4045.364074,False,1,False,False,False,False,False,False,False
-4.207532,500,4047.016612,False,1,False,False,False,False,False,False,False
-5.041274,500,4048.720951,False,1,False,False,False,False,False,False,False
-4.167081,500,4050.649606,False,1,False,False,False,False,False,False,False
-4.239508,500,4052.229295,False,1,False,False,False,False,False,False,False
-3.957139,500,4053.880764,False,1,False,False,False,False,False,False,False
-4.184932,500,4055.511933,False,1,False,False,False,False,False,False,False
-4.165155,500,4057.474547,False,1,False,False,False,False,False,False,False
-4.11449,500,4059.143595,False,1,False,False,False,False,False,False,False
-4.088817,500,4060.799311,False,1,False,False,False,False,False,False,False
-3.984492,500,4062.407895,False,1,False,False,False,False,False,False,False
-3.848853,500,4064.439355,False,1,False,False,False,False,False,False,False
-4.081954,500,4066.080419,False,1,False,False,False,False,False,False,False
-4.083989,500,4067.665481,False,1,False,False,False,False,False,False,False
-3.850176,500,4069.268734,False,1,False,False,False,False,False,False,False
-4.144411,500,4071.192434,False,1,False,False,False,False,False,False,False
-3.892147,500,4072.884265,False,1,False,False,False,False,False,False,False
-4.468654,500,4074.594303,False,1,False,False,False,False,False,False,False
-4.269215,500,4076.270372,False,1,False,False,False,False,False,False,False
-4.69672,500,4078.367942,False,1,False,False,False,False,False,False,False
-4.031958,500,4079.998299,False,1,False,False,False,False,False,False,False
-4.107037,500,4081.635286,False,1,False,False,False,False,False,False,False
-4.376778,500,4083.27081,False,1,False,False,False,False,False,False,False
-4.206299,500,4085.304251,False,1,False,False,False,False,False,False,False
-4.394363,500,4086.920136,False,1,False,False,False,False,False,False,False
-5.123754,500,4088.570164,False,1,False,False,False,False,False,False,False
-4.946699,500,4090.202832,False,1,False,False,False,False,False,False,False
-5.285861,500,4092.186228,False,1,False,False,False,False,False,False,False
-4.057812,500,4093.853814,False,1,False,False,False,False,False,False,False
-4.53564,500,4095.507154,False,1,False,False,False,False,False,False,False
-4.100708,500,4097.101646,False,1,False,False,False,False,False,False,False
-4.001578,500,4098.70528,False,1,False,False,False,False,False,False,False
-5.150137,500,4100.673333,False,1,False,False,False,False,False,False,False
-5.968442,500,4102.397718,False,1,False,False,False,False,False,False,False
-6.131453,500,4104.131513,False,1,False,False,False,False,False,False,False
-5.744839,500,4105.806238,False,1,False,False,False,False,False,False,False
-4.180216,500,4107.825133,False,1,False,False,False,False,False,False,False
-4.260621,500,4178.645287,False,1,False,False,False,False,False,False,False
-4.1913,500,4180.259081,False,1,False,False,False,False,False,False,False
-4.287996,500,4181.86267,False,1,False,False,False,False,False,False,False
-3.77346,500,4183.79143,False,1,False,False,False,False,False,False,False
-4.050047,500,4185.382033,False,1,False,False,False,False,False,False,False
-3.932706,500,4186.983227,False,1,False,False,False,False,False,False,False
-3.903357,500,4188.646373,False,1,False,False,False,False,False,False,False
-3.901031,500,4190.629899,False,1,False,False,False,False,False,False,False
-4.225392,500,4192.375731,False,1,False,False,False,False,False,False,False
-4.214178,500,4194.025366,False,1,False,False,False,False,False,False,False
-4.7263,500,4195.673124,False,1,False,False,False,False,False,False,False
-4.071783,500,4197.682873,False,1,False,False,False,False,False,False,False
-4.129923,500,4199.311884,False,1,False,False,False,False,False,False,False
-4.571646,500,4200.998284,False,1,False,False,False,False,False,False,False
-4.130638,500,4202.627496,False,1,False,False,False,False,False,False,False
-4.327857,500,4204.566194,False,1,False,False,False,False,False,False,False
-4.359271,500,4206.125813,False,1,False,False,False,False,False,False,False
-4.715259,500,4207.768244,False,1,False,False,False,False,False,False,False
-4.489718,500,4209.392145,False,1,False,False,False,False,False,False,False
-4.031848,500,4211.32246,False,1,False,False,False,False,False,False,False
-3.993354,500,4212.939844,False,1,False,False,False,False,False,False,False
-4.46616,500,4214.538913,False,1,False,False,False,False,False,False,False
-4.960213,500,4216.185665,False,1,False,False,False,False,False,False,False
-4.973379,500,4218.216704,False,1,False,False,False,False,False,False,False
-5.599288,500,4219.897786,False,1,False,False,False,False,False,False,False
-5.094339,500,4221.535096,False,1,False,False,False,False,False,False,False
-4.476051,500,4223.20891,False,1,False,False,False,False,False,False,False
-4.279879,500,4225.138379,False,1,False,False,False,False,False,False,False
-5.953124,500,4226.915477,False,1,False,False,False,False,False,False,False
-6.414381,500,4228.620022,False,1,False,False,False,False,False,False,False
-5.064869,500,4230.269438,False,1,False,False,False,False,False,False,False
-5.810459,500,4232.301398,False,1,False,False,False,False,False,False,False
-6.74189,500,4234.04248,False,1,False,False,False,False,False,False,False
-5.56726,500,4235.780564,False,1,False,False,False,False,False,False,False
-6.000194,500,4237.514399,False,1,False,False,False,False,False,False,False
-4.698438,500,4239.218081,False,1,False,False,False,False,False,False,False
-3.998141,500,4241.127774,False,1,False,False,False,False,False,False,False
-4.126689,500,4242.731743,False,1,False,False,False,False,False,False,False
-4.104456,500,4244.334419,False,1,False,False,False,False,False,False,False
-4.493363,500,4245.931064,False,1,False,False,False,False,False,False,False
-3.800164,500,4247.834238,False,1,False,False,False,False,False,False,False
-3.693702,500,4249.444303,False,1,False,False,False,False,False,False,False
-4.053468,500,4251.073188,False,1,False,False,False,False,False,False,False
-3.801393,500,4252.724164,False,1,False,False,False,False,False,False,False
-4.014701,500,4254.766126,False,1,False,False,False,False,False,False,False
-4.066919,500,4256.387456,False,1,False,False,False,False,False,False,False
-4.014717,500,4258.004223,False,1,False,False,False,False,False,False,False
-3.85416,500,4259.612654,False,1,False,False,False,False,False,False,False
-4.129337,500,4261.544798,False,1,False,False,False,False,False,False,False
-4.15072,500,4263.148355,False,1,False,False,False,False,False,False,False
-4.236594,500,4331.305365,False,1,False,False,False,False,False,False,False
-4.252739,500,4332.890782,False,1,False,False,False,False,False,False,False
-4.033753,500,4334.769521,False,1,False,False,False,False,False,False,False
-4.034072,500,4336.369735,False,1,False,False,False,False,False,False,False
-4.176977,500,4337.962127,False,1,False,False,False,False,False,False,False
-4.061389,500,4339.559642,False,1,False,False,False,False,False,False,False
-4.071176,500,4341.589398,False,1,False,False,False,False,False,False,False
-4.249439,500,4343.167524,False,1,False,False,False,False,False,False,False
-4.306322,500,4344.734253,False,1,False,False,False,False,False,False,False
-4.207891,500,4346.319551,False,1,False,False,False,False,False,False,False
-4.591666,500,4348.25828,False,1,False,False,False,False,False,False,False
-4.210262,500,4349.899993,False,1,False,False,False,False,False,False,False
-4.316604,500,4351.480139,False,1,False,False,False,False,False,False,False
-4.223346,500,4353.092536,False,1,False,False,False,False,False,False,False
-4.14032,500,4355.159522,False,1,False,False,False,False,False,False,False
-4.207705,500,4356.782847,False,1,False,False,False,False,False,False,False
-4.244742,500,4358.413245,False,1,False,False,False,False,False,False,False
-4.33364,500,4360.027326,False,1,False,False,False,False,False,False,False
-4.275601,500,4361.956017,False,1,False,False,False,False,False,False,False
-4.163067,500,4363.626617,False,1,False,False,False,False,False,False,False
-4.165169,500,4365.31891,False,1,False,False,False,False,False,False,False
-4.275762,500,4366.9924,False,1,False,False,False,False,False,False,False
-4.185433,500,4368.956343,False,1,False,False,False,False,False,False,False
-4.645131,500,4370.674858,False,1,False,False,False,False,False,False,False
-4.863007,500,4372.359889,False,1,False,False,False,False,False,False,False
-4.504928,500,4374.07309,False,1,False,False,False,False,False,False,False
-4.238288,500,4376.031018,False,1,False,False,False,False,False,False,False
-4.050883,500,4377.687394,False,1,False,False,False,False,False,False,False
-4.089838,500,4379.325552,False,1,False,False,False,False,False,False,False
-4.102371,500,4380.956185,False,1,False,False,False,False,False,False,False
-3.864614,500,4382.553526,False,1,False,False,False,False,False,False,False
-4.117538,500,4384.582959,False,1,False,False,False,False,False,False,False
-4.243348,500,4386.201295,False,1,False,False,False,False,False,False,False
-4.002465,500,4387.842348,False,1,False,False,False,False,False,False,False
-4.158244,500,4389.450616,False,1,False,False,False,False,False,False,False
-4.199533,500,4391.415629,False,1,False,False,False,False,False,False,False
-4.267755,500,4393.019678,False,1,False,False,False,False,False,False,False
-4.272547,500,4394.628306,False,1,False,False,False,False,False,False,False
-4.45962,500,4396.242968,False,1,False,False,False,False,False,False,False
-4.28362,500,4398.168968,False,1,False,False,False,False,False,False,False
-4.277564,500,4399.783253,False,1,False,False,False,False,False,False,False
-4.286792,500,4401.391623,False,1,False,False,False,False,False,False,False
-4.655352,500,4403.008169,False,1,False,False,False,False,False,False,False
-4.945883,500,4404.943514,False,1,False,False,False,False,False,False,False
-4.297124,500,4406.548038,False,1,False,False,False,False,False,False,False
-4.128523,500,4408.128061,False,1,False,False,False,False,False,False,False
-4.853052,500,4409.772048,False,1,False,False,False,False,False,False,False
-4.083024,500,4411.670403,False,1,False,False,False,False,False,False,False
-5.074281,500,4413.309585,False,1,False,False,False,False,False,False,False
-4.995657,500,4414.997747,False,1,False,False,False,False,False,False,False
-4.957864,500,4483.662538,False,1,False,False,False,False,False,False,False
-5.035227,500,4485.598048,False,1,False,False,False,False,False,False,False
-5.669348,500,4487.227189,False,1,False,False,False,False,False,False,False
-5.120191,500,4488.830393,False,1,False,False,False,False,False,False,False
-4.730961,500,4490.520157,False,1,False,False,False,False,False,False,False
-4.579994,500,4492.43516,False,1,False,False,False,False,False,False,False
-7.197305,500,4494.151399,False,1,False,False,False,False,False,False,False
-6.659233,500,4495.769916,False,1,False,False,False,False,False,False,False
-6.526907,500,4497.408223,False,1,False,False,False,False,False,False,False
-6.874027,500,4499.466447,False,1,False,False,False,False,False,False,False
-8.182573,500,4501.136454,False,1,False,False,False,False,False,False,False
-7.727853,500,4502.792219,False,1,False,False,False,False,False,False,False
-8.324207,500,4504.496049,False,1,False,False,False,False,False,False,False
-4.943718,500,4506.558672,False,1,False,False,False,False,False,False,False
-4.665939,500,4508.225267,False,1,False,False,False,False,False,False,False
-4.24913,500,4509.891823,False,1,False,False,False,False,False,False,False
-4.552336,500,4511.491711,False,1,False,False,False,False,False,False,False
-4.339216,500,4513.394443,False,1,False,False,False,False,False,False,False
-4.473784,500,4515.022594,False,1,False,False,False,False,False,False,False
-4.342929,500,4516.660022,False,1,False,False,False,False,False,False,False
-4.582712,500,4518.314008,False,1,False,False,False,False,False,False,False
-4.231575,500,4519.985727,False,1,False,False,False,False,False,False,False
-4.287814,500,4522.011005,False,1,False,False,False,False,False,False,False
-4.211108,500,4523.665215,False,1,False,False,False,False,False,False,False
-4.158167,500,4525.297915,False,1,False,False,False,False,False,False,False
-3.94466,500,4526.928598,False,1,False,False,False,False,False,False,False
-4.349468,500,4529.003432,False,1,False,False,False,False,False,False,False
-5.807127,500,4530.66148,False,1,False,False,False,False,False,False,False
-4.45668,500,4532.274888,False,1,False,False,False,False,False,False,False
-4.530682,500,4533.946025,False,1,False,False,False,False,False,False,False
-6.102324,500,4536.054293,False,1,False,False,False,False,False,False,False
-6.215176,500,4537.829934,False,1,False,False,False,False,False,False,False
-5.749164,500,4539.565655,False,1,False,False,False,False,False,False,False
-8.109227,500,4541.370777,False,1,False,False,False,False,False,False,False
-7.942014,500,4543.625587,False,1,False,False,False,False,False,False,False
-5.150481,500,4545.256486,False,1,False,False,False,False,False,False,False
-4.533926,500,4546.931802,False,1,False,False,False,False,False,False,False
-5.664918,500,4548.626659,False,1,False,False,False,False,False,False,False
-5.336622,500,4550.616031,False,1,False,False,False,False,False,False,False
-8.125592,500,4552.393683,False,1,False,False,False,False,False,False,False
-7.857416,500,4554.180134,False,1,False,False,False,False,False,False,False
-7.940885,500,4555.964626,False,1,False,False,False,False,False,False,False
-9.483263,500,4558.142539,False,1,False,False,False,False,False,False,False
-9.08075,500,4559.969937,False,1,False,False,False,False,False,False,False
-9.971795,500,4561.840774,False,1,False,False,False,False,False,False,False
-6.587122,500,4563.549509,False,1,False,False,False,False,False,False,False
-7.69878,500,4565.729637,False,1,False,False,False,False,False,False,False
-9.944537,500,4567.559976,False,1,False,False,False,False,False,False,False
-9.018428,500,4569.387053,False,1,False,False,False,False,False,False,False
-8.072016,500,4571.113764,False,1,False,False,False,False,False,False,False
-8.674085,500,4646.777559,False,1,False,False,False,False,False,False,False
-10.730176,500,4648.5904,False,1,False,False,False,False,False,False,False
-9.636723,500,4650.488407,False,1,False,False,False,False,False,False,False
-10.227004,500,4652.319911,False,1,False,False,False,False,False,False,False
-10.402639,500,4654.503159,False,1,False,False,False,False,False,False,False
-9.657846,500,4656.207583,False,1,False,False,False,False,False,False,False
-11.249859,500,4657.976472,False,1,False,False,False,False,False,False,False
-9.993962,500,4659.697546,False,1,False,False,False,False,False,False,False
-11.249018,500,4661.79834,False,1,False,False,False,False,False,False,False
-9.602372,500,4663.437656,False,1,False,False,False,False,False,False,False
-10.242025,500,4665.069534,False,1,False,False,False,False,False,False,False
-10.314982,500,4666.656344,False,1,False,False,False,False,False,False,False
-11.091271,500,4668.570363,False,1,False,False,False,False,False,False,False
-14.242398,500,4670.220663,False,1,False,False,False,False,False,False,False
-13.694755,500,4671.896993,False,1,False,False,False,False,False,False,False
-13.262599,500,4673.554383,False,1,False,False,False,False,False,False,False
-13.821898,500,4675.228353,False,1,False,False,False,False,False,False,False
-11.304666,500,4677.167781,False,1,False,False,False,False,False,False,False
-11.377035,500,4678.843238,False,1,False,False,False,False,False,False,False
-11.302264,500,4680.501609,False,1,False,False,False,False,False,False,False
-11.800742,500,4682.134705,False,1,False,False,False,False,False,False,False
-8.472284,500,4684.073043,False,1,False,False,False,False,False,False,False
-9.916961,500,4685.743443,False,1,False,False,False,False,False,False,False
-9.327707,500,4687.40865,False,1,False,False,False,False,False,False,False
-7.730243,500,4689.043541,False,1,False,False,False,False,False,False,False
-7.32579,500,4691.098966,False,1,False,False,False,False,False,False,False
-9.243603,500,4692.824216,False,1,False,False,False,False,False,False,False
-7.723958,500,4694.630315,False,1,False,False,False,False,False,False,False
-8.19559,500,4696.339625,False,1,False,False,False,False,False,False,False
-11.77569,500,4698.381782,False,1,False,False,False,False,False,False,False
-13.274863,500,4700.138917,False,1,False,False,False,False,False,False,False
-14.04494,500,4701.882291,False,1,False,False,False,False,False,False,False
-13.539853,500,4703.56309,False,1,False,False,False,False,False,False,False
-12.80367,500,4705.564694,False,1,False,False,False,False,False,False,False
-10.868847,500,4707.154099,False,1,False,False,False,False,False,False,False
-10.469348,500,4708.74178,False,1,False,False,False,False,False,False,False
-11.580738,500,4710.292727,False,1,False,False,False,False,False,False,False
-10.252397,500,4712.162544,False,1,False,False,False,False,False,False,False
-10.976464,500,4713.748559,False,1,False,False,False,False,False,False,False
-10.610567,500,4715.371139,False,1,False,False,False,False,False,False,False
-10.797446,500,4717.001425,False,1,False,False,False,False,False,False,False
-9.638818,500,4718.914186,False,1,False,False,False,False,False,False,False
-9.284195,500,4720.567652,False,1,False,False,False,False,False,False,False
-8.983872,500,4722.177994,False,1,False,False,False,False,False,False,False
-9.931537,500,4723.789694,False,1,False,False,False,False,False,False,False
-8.240282,500,4725.730141,False,1,False,False,False,False,False,False,False
-7.656277,500,4727.695029,False,1,False,False,False,False,False,False,False
-7.569086,500,4729.839591,False,1,False,False,False,False,False,False,False
-7.816526,500,4731.776958,False,1,False,False,False,False,False,False,False
-7.372777,500,4734.133097,False,1,False,False,False,False,False,False,False
-9.619902,500,4815.59398,False,1,False,False,False,False,False,False,False
-9.015817,500,4817.424528,False,1,False,False,False,False,False,False,False
-9.589643,500,4819.237984,False,1,False,False,False,False,False,False,False
-9.461145,500,4821.438838,False,1,False,False,False,False,False,False,False
-9.44092,500,4823.286838,False,1,False,False,False,False,False,False,False
-10.239049,500,4825.14846,False,1,False,False,False,False,False,False,False
-9.375511,500,4827.00946,False,1,False,False,False,False,False,False,False
-9.043089,500,4828.863438,False,1,False,False,False,False,False,False,False
-9.067204,500,4831.047096,False,1,False,False,False,False,False,False,False
-9.476105,500,4832.827712,False,1,False,False,False,False,False,False,False
-9.079521,500,4834.657638,False,1,False,False,False,False,False,False,False
-8.784836,500,4836.46929,False,1,False,False,False,False,False,False,False
-9.857345,500,4838.623857,False,1,False,False,False,False,False,False,False
-9.940722,500,4840.436188,False,1,False,False,False,False,False,False,False
-10.027934,500,4842.236884,False,1,False,False,False,False,False,False,False
-10.123749,500,4844.037287,False,1,False,False,False,False,False,False,False
-8.429434,500,4846.211094,False,1,False,False,False,False,False,False,False
-9.58751,500,4848.033599,False,1,False,False,False,False,False,False,False
-9.025091,500,4849.896254,False,1,False,False,False,False,False,False,False
-9.167198,500,4851.74082,False,1,False,False,False,False,False,False,False
-9.495294,500,4853.971871,False,1,False,False,False,False,False,False,False
-10.20578,500,4855.797445,False,1,False,False,False,False,False,False,False
-11.276353,500,4857.66753,False,1,False,False,False,False,False,False,False
-9.668152,500,4859.50205,False,1,False,False,False,False,False,False,False
-9.092482,500,4861.694999,False,1,False,False,False,False,False,False,False
-7.79034,500,4863.567297,False,1,False,False,False,False,False,False,False
-6.839609,500,4865.335423,False,1,False,False,False,False,False,False,False
-6.170523,500,4867.118172,False,1,False,False,False,False,False,False,False
-6.932118,500,4869.235251,False,1,False,False,False,False,False,False,False
-5.954026,500,4870.994198,False,1,False,False,False,False,False,False,False
-6.18573,500,4872.742998,False,1,False,False,False,False,False,False,False
-6.210819,500,4874.539923,False,1,False,False,False,False,False,False,False
-6.241734,500,4876.691866,False,1,False,False,False,False,False,False,False
-6.188551,500,4878.474557,False,1,False,False,False,False,False,False,False
-6.472991,500,4880.27081,False,1,False,False,False,False,False,False,False
-5.325166,500,4881.995982,False,1,False,False,False,False,False,False,False
-5.000979,500,4884.090205,False,1,False,False,False,False,False,False,False
-4.045268,500,4885.746691,False,1,False,False,False,False,False,False,False
-4.212796,500,4887.3345,False,1,False,False,False,False,False,False,False
-4.381398,500,4888.948564,False,1,False,False,False,False,False,False,False
-4.212468,500,4890.95079,False,1,False,False,False,False,False,False,False
-4.113063,500,4892.551903,False,1,False,False,False,False,False,False,False
-3.987553,500,4894.147033,False,1,False,False,False,False,False,False,False
-3.860941,500,4895.760755,False,1,False,False,False,False,False,False,False
-4.167246,500,4897.795365,False,1,False,False,False,False,False,False,False
-3.916879,500,4899.652222,False,1,False,False,False,False,False,False,False
-4.138051,500,4901.298758,False,1,False,False,False,False,False,False,False
-4.12728,500,4902.96292,False,1,False,False,False,False,False,False,False
-4.122123,500,4904.946739,False,1,False,False,False,False,False,False,False
-4.749438,500,4906.688341,False,1,False,False,False,False,False,False,False
-4.848029,500,4975.059746,False,1,False,False,False,False,False,False,False
-4.590185,500,4976.727143,False,1,False,False,False,False,False,False,False
-4.473797,500,4978.407375,False,1,False,False,False,False,False,False,False
-4.11379,500,4980.492924,False,1,False,False,False,False,False,False,False
-4.163305,500,4982.112487,False,1,False,False,False,False,False,False,False
-3.984512,500,4983.715602,False,1,False,False,False,False,False,False,False
-4.108974,500,4985.336498,False,1,False,False,False,False,False,False,False
-4.110254,500,4987.295253,False,1,False,False,False,False,False,False,False
-4.066949,500,4988.923201,False,1,False,False,False,False,False,False,False
-4.089954,500,4990.60008,False,1,False,False,False,False,False,False,False
-3.740751,500,4992.232508,False,1,False,False,False,False,False,False,False
-4.018634,500,4994.255356,False,1,False,False,False,False,False,False,False
-3.965539,500,4995.976368,False,1,False,False,False,False,False,False,False
-4.044154,500,4997.684731,False,1,False,False,False,False,False,False,False
-3.826858,500,4999.321954,False,1,False,False,False,False,False,False,False
-4.194592,500,5001.301088,False,1,False,False,False,False,False,False,False
-3.925827,500,5003.033166,False,1,False,False,False,False,False,False,False
-4.010145,500,5004.714583,False,1,False,False,False,False,False,False,False
-4.029712,500,5006.416275,False,1,False,False,False,False,False,False,False
-4.146051,500,5008.388209,False,1,False,False,False,False,False,False,False
-4.838657,500,5010.214793,False,1,False,False,False,False,False,False,False
-4.732009,500,5011.94256,False,1,False,False,False,False,False,False,False
-5.977459,500,5013.639252,False,1,False,False,False,False,False,False,False
-5.37795,500,5015.724418,False,1,False,False,False,False,False,False,False
-4.322595,500,5017.439206,False,1,False,False,False,False,False,False,False
-4.484575,500,5019.097822,False,1,False,False,False,False,False,False,False
-3.984608,500,5020.676278,False,1,False,False,False,False,False,False,False
-4.055144,500,5022.710737,False,1,False,False,False,False,False,False,False
-5.754787,500,5024.385896,False,1,False,False,False,False,False,False,False
-4.163423,500,5026.048995,False,1,False,False,False,False,False,False,False
-3.96669,500,5027.70435,False,1,False,False,False,False,False,False,False
-4.281863,500,5029.726487,False,1,False,False,False,False,False,False,False
-4.084055,500,5031.458406,False,1,False,False,False,False,False,False,False
-3.937424,500,5033.195868,False,1,False,False,False,False,False,False,False
-3.771166,500,5034.89771,False,1,False,False,False,False,False,False,False
-3.882643,500,5036.841355,False,1,False,False,False,False,False,False,False
-5.246792,500,5038.598857,False,1,False,False,False,False,False,False,False
-4.461978,500,5040.24803,False,1,False,False,False,False,False,False,False
-4.639501,500,5041.925654,False,1,False,False,False,False,False,False,False
-5.270358,500,5044.055818,False,1,False,False,False,False,False,False,False
-4.721151,500,5045.671355,False,1,False,False,False,False,False,False,False
-4.070057,500,5047.360537,False,1,False,False,False,False,False,False,False
-4.723284,500,5049.110994,False,1,False,False,False,False,False,False,False
-4.465422,500,5050.895552,False,1,False,False,False,False,False,False,False
-3.825408,500,5053.01128,False,1,False,False,False,False,False,False,False
-4.728184,500,5054.840073,False,1,False,False,False,False,False,False,False
-4.78258,500,5056.575867,False,1,False,False,False,False,False,False,False
-4.222754,500,5058.245953,False,1,False,False,False,False,False,False,False
-3.824521,500,5060.292872,False,1,False,False,False,False,False,False,False
-4.472148,500,5062.008306,False,1,False,False,False,False,False,False,False
-3.756679,500,5135.470718,False,1,False,False,False,False,False,False,False
-4.074961,500,5137.209304,False,1,False,False,False,False,False,False,False
-3.703164,500,5139.484864,False,1,False,False,False,False,False,False,False
-3.755513,500,5141.255222,False,1,False,False,False,False,False,False,False
-4.019355,500,5142.990514,False,1,False,False,False,False,False,False,False
-4.004302,500,5144.673593,False,1,False,False,False,False,False,False,False
-4.258694,500,5146.745937,False,1,False,False,False,False,False,False,False
-4.270791,500,5148.467165,False,1,False,False,False,False,False,False,False
-4.331572,500,5150.188973,False,1,False,False,False,False,False,False,False
-4.572185,500,5151.896354,False,1,False,False,False,False,False,False,False
-4.311309,500,5153.920075,False,1,False,False,False,False,False,False,False
-4.327998,500,5155.680177,False,1,False,False,False,False,False,False,False
-4.60838,500,5157.477286,False,1,False,False,False,False,False,False,False
-4.571874,500,5159.180896,False,1,False,False,False,False,False,False,False
-4.444294,500,5161.405063,False,1,False,False,False,False,False,False,False
-4.468627,500,5163.149122,False,1,False,False,False,False,False,False,False
-5.160341,500,5164.864442,False,1,False,False,False,False,False,False,False
-4.4832,500,5166.678956,False,1,False,False,False,False,False,False,False
-4.69909,500,5169.03568,False,1,False,False,False,False,False,False,False
-4.115232,500,5170.863483,False,1,False,False,False,False,False,False,False
-4.409506,500,5172.643889,False,1,False,False,False,False,False,False,False
-4.441787,500,5174.424551,False,1,False,False,False,False,False,False,False
-4.44903,500,5176.504858,False,1,False,False,False,False,False,False,False
-4.208147,500,5178.202152,False,1,False,False,False,False,False,False,False
-4.078187,500,5179.88703,False,1,False,False,False,False,False,False,False
-4.24584,500,5181.585745,False,1,False,False,False,False,False,False,False
-3.956726,500,5183.565235,False,1,False,False,False,False,False,False,False
-4.257351,500,5185.414848,False,1,False,False,False,False,False,False,False
-5.343428,500,5187.185958,False,1,False,False,False,False,False,False,False
-4.323746,500,5188.812316,False,1,False,False,False,False,False,False,False
-4.779504,500,5190.901534,False,1,False,False,False,False,False,False,False
-4.486834,500,5192.498851,False,1,False,False,False,False,False,False,False
-4.227971,500,5194.129941,False,1,False,False,False,False,False,False,False
-4.451705,500,5195.743433,False,1,False,False,False,False,False,False,False
-4.746228,500,5197.397039,False,1,False,False,False,False,False,False,False
-5.097899,500,5199.487586,False,1,False,False,False,False,False,False,False
-5.469635,500,5201.322682,False,1,False,False,False,False,False,False,False
-5.140616,500,5203.146457,False,1,False,False,False,False,False,False,False
-5.531673,500,5204.990312,False,1,False,False,False,False,False,False,False
-4.761564,500,5207.184318,False,1,False,False,False,False,False,False,False
-4.499135,500,5208.854787,False,1,False,False,False,False,False,False,False
-4.749437,500,5210.50637,False,1,False,False,False,False,False,False,False
-4.491157,500,5212.161183,False,1,False,False,False,False,False,False,False
-4.228782,500,5214.205883,False,1,False,False,False,False,False,False,False
-4.1635,500,5215.891318,False,1,False,False,False,False,False,False,False
-4.292057,500,5217.602634,False,1,False,False,False,False,False,False,False
-3.865363,500,5219.261441,False,1,False,False,False,False,False,False,False
-3.789857,500,5221.255462,False,1,False,False,False,False,False,False,False
-4.009459,500,5223.026461,False,1,False,False,False,False,False,False,False
-4.277553,500,5224.651342,False,1,False,False,False,False,False,False,False
-4.112705,500,5296.595616,False,1,False,False,False,False,False,False,False
-4.097802,500,5298.601442,False,1,False,False,False,False,False,False,False
-4.185612,500,5300.244059,False,1,False,False,False,False,False,False,False
-4.476898,500,5301.883462,False,1,False,False,False,False,False,False,False
-4.321402,500,5303.531251,False,1,False,False,False,False,False,False,False
-5.324377,500,5305.597328,False,1,False,False,False,False,False,False,False
-5.334597,500,5307.253128,False,1,False,False,False,False,False,False,False
-4.847043,500,5308.894878,False,1,False,False,False,False,False,False,False
-4.727699,500,5310.658015,False,1,False,False,False,False,False,False,False
-5.125016,500,5312.661498,False,1,False,False,False,False,False,False,False
-4.852169,500,5314.287764,False,1,False,False,False,False,False,False,False
-4.338431,500,5315.92058,False,1,False,False,False,False,False,False,False
-4.494636,500,5317.637319,False,1,False,False,False,False,False,False,False
-4.839822,500,5319.602289,False,1,False,False,False,False,False,False,False
-4.552516,500,5321.288267,False,1,False,False,False,False,False,False,False
-4.882536,500,5322.939711,False,1,False,False,False,False,False,False,False
-4.820494,500,5324.541193,False,1,False,False,False,False,False,False,False
-4.48333,500,5326.505548,False,1,False,False,False,False,False,False,False
-4.704577,500,5328.199396,False,1,False,False,False,False,False,False,False
-4.734367,500,5329.854995,False,1,False,False,False,False,False,False,False
-4.010981,500,5331.498742,False,1,False,False,False,False,False,False,False
-3.906238,500,5333.507977,False,1,False,False,False,False,False,False,False
-4.185149,500,5335.145323,False,1,False,False,False,False,False,False,False
-4.1269,500,5336.86741,False,1,False,False,False,False,False,False,False
-4.217745,500,5338.538802,False,1,False,False,False,False,False,False,False
-4.203583,500,5340.523102,False,1,False,False,False,False,False,False,False
-3.997378,500,5342.234841,False,1,False,False,False,False,False,False,False
-3.948851,500,5343.849468,False,1,False,False,False,False,False,False,False
-3.734892,500,5345.535349,False,1,False,False,False,False,False,False,False
-4.347141,500,5347.191097,False,1,False,False,False,False,False,False,False
-4.040084,500,5349.134449,False,1,False,False,False,False,False,False,False
-4.016466,500,5350.806133,False,1,False,False,False,False,False,False,False
-4.035356,500,5352.409406,False,1,False,False,False,False,False,False,False
-4.066271,500,5353.981568,False,1,False,False,False,False,False,False,False
-4.343994,500,5356.029343,False,1,False,False,False,False,False,False,False
-4.171831,500,5357.718453,False,1,False,False,False,False,False,False,False
-4.15223,500,5359.341783,False,1,False,False,False,False,False,False,False
-4.485267,500,5361.001563,False,1,False,False,False,False,False,False,False
-4.002236,500,5362.977691,False,1,False,False,False,False,False,False,False
-4.023792,500,5364.578381,False,1,False,False,False,False,False,False,False
-4.035649,500,5366.145437,False,1,False,False,False,False,False,False,False
-3.992791,500,5367.775177,False,1,False,False,False,False,False,False,False
-4.370324,500,5369.902973,False,1,False,False,False,False,False,False,False
-4.28325,500,5371.545694,False,1,False,False,False,False,False,False,False
-4.926719,500,5373.141381,False,1,False,False,False,False,False,False,False
-4.702776,500,5374.834268,False,1,False,False,False,False,False,False,False
-5.734435,500,5376.907556,False,1,False,False,False,False,False,False,False
-7.135657,500,5378.784538,False,1,False,False,False,False,False,False,False
-6.181968,500,5380.578449,False,1,False,False,False,False,False,False,False
-6.00014,500,5382.341021,False,1,False,False,False,False,False,False,False
-6.090462,500,5461.587842,False,1,False,False,False,False,False,False,False
-5.328397,500,5463.330972,False,1,False,False,False,False,False,False,False
-4.764417,500,5465.048332,False,1,False,False,False,False,False,False,False
-4.855188,500,5466.792482,False,1,False,False,False,False,False,False,False
-4.418405,500,5468.789063,False,1,False,False,False,False,False,False,False
-4.612508,500,5470.504486,False,1,False,False,False,False,False,False,False
-5.380636,500,5472.180666,False,1,False,False,False,False,False,False,False
-5.117819,500,5473.788517,False,1,False,False,False,False,False,False,False
-5.00405,500,5475.760051,False,1,False,False,False,False,False,False,False
-5.615475,500,5477.587896,False,1,False,False,False,False,False,False,False
-5.208864,500,5479.386369,False,1,False,False,False,False,False,False,False
-6.834547,500,5481.32545,False,1,False,False,False,False,False,False,False
-6.538417,500,5483.535509,False,1,False,False,False,False,False,False,False
-4.559537,500,5485.243895,False,1,False,False,False,False,False,False,False
-4.352043,500,5487.020414,False,1,False,False,False,False,False,False,False
-4.589391,500,5488.762602,False,1,False,False,False,False,False,False,False
-4.636111,500,5490.938036,False,1,False,False,False,False,False,False,False
-5.301972,500,5492.71652,False,1,False,False,False,False,False,False,False
-4.189434,500,5494.432755,False,1,False,False,False,False,False,False,False
-4.263148,500,5496.143809,False,1,False,False,False,False,False,False,False
-3.969616,500,5497.907241,False,1,False,False,False,False,False,False,False
-4.348247,500,5499.957765,False,1,False,False,False,False,False,False,False
-4.674622,500,5501.646199,False,1,False,False,False,False,False,False,False
-5.058274,500,5503.356472,False,1,False,False,False,False,False,False,False
-4.337659,500,5505.034668,False,1,False,False,False,False,False,False,False
-3.968273,500,5507.088466,False,1,False,False,False,False,False,False,False
-4.227391,500,5508.79136,False,1,False,False,False,False,False,False,False
-3.900272,500,5510.471181,False,1,False,False,False,False,False,False,False
-3.926914,500,5512.163563,False,1,False,False,False,False,False,False,False
-4.126891,500,5514.242503,False,1,False,False,False,False,False,False,False
-4.155211,500,5516.001391,False,1,False,False,False,False,False,False,False
-4.14904,500,5517.682532,False,1,False,False,False,False,False,False,False
-3.880859,500,5519.378891,False,1,False,False,False,False,False,False,False
-4.161608,500,5521.436624,False,1,False,False,False,False,False,False,False
-4.906943,500,5523.087159,False,1,False,False,False,False,False,False,False
-4.027399,500,5524.743234,False,1,False,False,False,False,False,False,False
-4.325723,500,5526.422293,False,1,False,False,False,False,False,False,False
-3.928247,500,5528.485109,False,1,False,False,False,False,False,False,False
-4.219853,500,5530.182672,False,1,False,False,False,False,False,False,False
-4.826087,500,5531.869732,False,1,False,False,False,False,False,False,False
-3.911479,500,5533.540593,False,1,False,False,False,False,False,False,False
-4.186208,500,5535.535418,False,1,False,False,False,False,False,False,False
-4.214297,500,5537.175445,False,1,False,False,False,False,False,False,False
-4.943839,500,5538.882446,False,1,False,False,False,False,False,False,False
-4.688801,500,5540.556415,False,1,False,False,False,False,False,False,False
-4.631357,500,5542.570276,False,1,False,False,False,False,False,False,False
-3.867925,500,5544.150286,False,1,False,False,False,False,False,False,False
-4.143986,500,5545.731744,False,1,False,False,False,False,False,False,False
-4.144539,500,5547.36255,False,1,False,False,False,False,False,False,False
-3.843512,500,5549.338306,False,1,False,False,False,False,False,False,False
-3.972026,500,5621.195853,False,1,False,False,False,False,False,False,False
-4.671327,500,5622.838618,False,1,False,False,False,False,False,False,False
-4.156187,500,5624.463312,False,1,False,False,False,False,False,False,False
-4.443052,500,5626.412982,False,1,False,False,False,False,False,False,False
-4.07063,500,5628.111874,False,1,False,False,False,False,False,False,False
-4.103,500,5629.82847,False,1,False,False,False,False,False,False,False
-4.515762,500,5631.500413,False,1,False,False,False,False,False,False,False
-4.106289,500,5633.567539,False,1,False,False,False,False,False,False,False
-4.156533,500,5635.202262,False,1,False,False,False,False,False,False,False
-4.189718,500,5636.889311,False,1,False,False,False,False,False,False,False
-4.126581,500,5638.604219,False,1,False,False,False,False,False,False,False
-4.154846,500,5640.562358,False,1,False,False,False,False,False,False,False
-4.14623,500,5642.319707,False,1,False,False,False,False,False,False,False
-4.153566,500,5644.01567,False,1,False,False,False,False,False,False,False
-4.121688,500,5645.702889,False,1,False,False,False,False,False,False,False
-3.927207,500,5647.409859,False,1,False,False,False,False,False,False,False
-3.891135,500,5649.409335,False,1,False,False,False,False,False,False,False
-4.20611,500,5651.026818,False,1,False,False,False,False,False,False,False
-4.147762,500,5652.669366,False,1,False,False,False,False,False,False,False
-4.145248,500,5654.289382,False,1,False,False,False,False,False,False,False
-4.226582,500,5656.227442,False,1,False,False,False,False,False,False,False
-3.918799,500,5657.83408,False,1,False,False,False,False,False,False,False
-4.138483,500,5659.449024,False,1,False,False,False,False,False,False,False
-4.167176,500,5661.041204,False,1,False,False,False,False,False,False,False
-4.139959,500,5663.070253,False,1,False,False,False,False,False,False,False
-3.862671,500,5664.809004,False,1,False,False,False,False,False,False,False
-3.863447,500,5666.514275,False,1,False,False,False,False,False,False,False
-4.116714,500,5668.185364,False,1,False,False,False,False,False,False,False
-4.065729,500,5670.319111,False,1,False,False,False,False,False,False,False
-4.126086,500,5671.99837,False,1,False,False,False,False,False,False,False
-4.020348,500,5673.64066,False,1,False,False,False,False,False,False,False
-4.710834,500,5675.320814,False,1,False,False,False,False,False,False,False
-4.128084,500,5677.240672,False,1,False,False,False,False,False,False,False
-4.125976,500,5678.893605,False,1,False,False,False,False,False,False,False
-4.222134,500,5680.485086,False,1,False,False,False,False,False,False,False
-3.99198,500,5682.112738,False,1,False,False,False,False,False,False,False
-4.062951,500,5684.058248,False,1,False,False,False,False,False,False,False
-4.147765,500,5685.73178,False,1,False,False,False,False,False,False,False
-6.135425,500,5687.404944,False,1,False,False,False,False,False,False,False
-4.630466,500,5689.02266,False,1,False,False,False,False,False,False,False
-3.978963,500,5691.094282,False,1,False,False,False,False,False,False,False
-4.216884,500,5692.839969,False,1,False,False,False,False,False,False,False
-3.937551,500,5694.636484,False,1,False,False,False,False,False,False,False
-4.015833,500,5696.382984,False,1,False,False,False,False,False,False,False
-4.218961,500,5698.410605,False,1,False,False,False,False,False,False,False
-3.928259,500,5700.189852,False,1,False,False,False,False,False,False,False
-3.929177,500,5701.918183,False,1,False,False,False,False,False,False,False
-3.964735,500,5703.625884,False,1,False,False,False,False,False,False,False
-3.923997,500,5705.63089,False,1,False,False,False,False,False,False,False
-3.692157,500,5707.446258,False,1,False,False,False,False,False,False,False
