#{"t_start": 1791248996.4049356, "env_id": "None"}
r,l,t,is_success,curriculum_stage,reach_success,grasp_success,lift_success,transport_success,above_cup_success,correct_release,placement_success
-2.669343,500,1.440275,False,2,True,True,True,False,False,False,False
63.16315,310,2.405378,True,2,True,True,True,True,True,True,True
-5.084702,500,3.660992,False,2,True,False,False,False,False,False,False
58.046244,327,4.66414,True,2,True,True,True,True,True,True,True
-6.345127,500,6.360541,False,2,True,True,False,False,False,False,False
-4.94687,500,7.626899,False,2,True,False,False,False,False,False,False
-6.333246,500,8.894601,False,2,True,True,False,False,False,False,False
-2.861218,500,10.271815,False,2,True,True,True,False,False,False,False
-6.306055,500,11.575327,False,2,True,True,False,False,False,False,False
-6.338145,500,12.83972,False,2,True,True,False,False,False,False,False
-4.983438,500,14.103944,False,2,True,False,False,False,False,False,False
-4.960887,500,15.346723,False,2,False,False,False,False,False,False,False
-6.288402,500,16.613487,False,2,True,True,False,False,False,False,False
-4.939206,500,17.882202,False,2,True,False,False,False,False,False,False
-3.429008,500,19.229223,False,2,True,True,True,False,False,False,False
-5.033609,500,20.474457,False,2,True,False,False,False,False,False,False
-4.894651,500,21.748301,False,2,True,False,False,False,False,False,False
-4.8698,500,23.024221,False,2,True,False,False,False,False,False,False
-4.2955,500,24.327645,False,2,True,True,True,False,False,False,False
-6.339778,500,25.59866,False,2,True,True,False,False,False,False,False
-4.943525,500,26.832213,False,2,False,False,False,False,False,False,False
-4.918847,500,28.131183,False,2,True,False,False,False,False,False,False
-4.045598,500,29.449013,False,2,True,True,True,False,False,False,False
-3.570684,500,30.78726,False,2,True,True,True,False,False,False,False
-6.346375,500,32.049715,False,2,True,True,False,False,False,False,False
-6.344892,500,33.36051,False,2,False,True,False,False,False,False,False
-4.928988,500,34.599075,False,2,False,False,False,False,False,False,False
-5.023067,500,35.837352,False,2,False,False,False,False,False,False,False
-4.875322,500,37.07092,False,2,True,False,False,False,False,False,False
-4.958902,500,38.419383,False,2,True,False,False,False,False,False,False
-6.337897,500,39.683889,False,2,True,True,False,False,False,False,False
-5.001738,500,40.961191,False,2,True,False,False,False,False,False,False
-4.944934,500,42.196092,False,2,True,False,False,False,False,False,False
-5.010803,500,43.482274,False,2,True,False,False,False,False,False,False
-3.081519,500,44.85923,False,2,True,True,True,False,False,False,False
-6.299048,500,46.143712,False,2,True,True,False,False,False,False,False
-4.935279,500,47.377692,False,2,True,False,False,False,False,False,False
-4.307036,500,48.827602,False,2,True,True,True,False,False,False,False
-5.13364,500,50.088653,False,2,False,False,False,False,False,False,False
-4.91763,500,51.357101,False,2,True,False,False,False,False,False,False
-4.214795,500,52.681592,False,2,True,True,True,False,False,False,False
-6.314324,500,53.98584,False,2,True,True,False,False,False,False,False
-6.281424,500,55.253638,False,2,True,True,False,False,False,False,False
-3.3275,500,56.61219,False,2,True,True,True,False,False,False,False
-6.358958,500,57.884437,False,2,False,True,False,False,False,False,False
-4.828921,500,59.19833,False,2,False,False,False,False,False,False,False
-4.251143,500,60.51072,False,2,True,True,True,False,False,False,False
57.951656,331,61.521677,True,2,True,True,True,True,True,True,True
-6.335929,500,62.791156,False,2,True,True,False,False,False,False,False
-3.98592,500,64.115921,False,2,True,True,True,False,False,False,False
-4.84444,500,65.420285,False,2,True,False,False,False,False,False,False
-4.271326,500,66.759509,False,2,True,True,True,False,False,False,False
-3.364662,500,68.120899,False,2,True,True,True,False,False,False,False
-4.959218,500,69.354017,False,2,False,False,False,False,False,False,False
-6.307017,500,70.820488,False,2,True,True,False,False,False,False,False
-4.894288,500,72.060618,False,2,False,False,False,False,False,False,False
-4.941719,500,73.302203,False,2,True,False,False,False,False,False,False
-6.30791,500,74.569575,False,2,True,True,False,False,False,False,False
-4.006113,500,75.966903,False,2,True,True,True,False,False,False,False
-2.410999,500,77.370909,False,2,True,True,True,False,False,False,False
62.942565,332,78.379248,True,2,True,True,True,True,True,True,True
-4.897697,500,79.62113,False,2,False,False,False,False,False,False,False
-4.812888,500,80.907624,False,2,True,False,False,False,False,False,False
-5.073139,500,82.148455,False,2,False,False,False,False,False,False,False
-4.935061,500,83.388796,False,2,False,False,False,False,False,False,False
-6.371102,500,84.654262,False,2,False,True,False,False,False,False,False
-5.120705,500,85.957362,False,2,True,False,False,False,False,False,False
-6.282811,500,87.222838,False,2,True,True,False,False,False,False,False
-6.33986,500,88.493305,False,2,True,True,False,False,False,False,False
-4.274562,500,89.815692,False,2,True,True,True,False,False,False,False
-4.295891,500,91.143517,False,2,True,True,True,False,False,False,False
-4.915313,500,92.458561,False,2,False,False,False,False,False,False,False
-3.882758,500,93.791106,False,2,True,True,True,False,False,False,False
-4.279386,500,95.096793,False,2,True,True,True,False,False,False,False
-4.971421,500,96.341996,False,2,False,False,False,False,False,False,False
-4.881968,500,97.643708,False,2,True,False,False,False,False,False,False
-4.090918,500,98.980783,False,2,True,True,True,False,False,False,False
-4.984868,500,100.219444,False,2,True,False,False,False,False,False,False
62.836359,332,101.233618,True,2,True,True,True,True,True,True,True
-3.981473,500,102.601837,False,2,True,True,True,False,False,False,False
-4.956458,500,103.837832,False,2,False,False,False,False,False,False,False
-4.187126,500,105.142518,False,2,True,True,True,False,False,False,False
-4.866568,500,106.381257,False,2,True,False,False,False,False,False,False
-4.981382,500,107.66943,False,2,False,False,False,False,False,False,False
-6.347177,500,108.931516,False,2,True,True,False,False,False,False,False
1.183647,500,110.36578,False,2,True,True,True,True,True,False,False
-5.074215,500,111.602741,False,2,False,False,False,False,False,False,False
-4.999979,500,112.90243,False,2,True,False,False,False,False,False,False
-4.754642,500,114.145802,False,2,False,False,False,False,False,False,False
62.933995,332,115.160578,True,2,True,True,True,True,True,True,True
-4.948965,500,116.394634,False,2,False,False,False,False,False,False,False
-6.34144,500,117.663418,False,2,False,True,False,False,False,False,False
-4.260721,500,118.990652,False,2,True,True,True,False,False,False,False
-4.821217,500,120.232746,False,2,True,False,False,False,False,False,False
-3.995018,500,121.553321,False,2,True,True,True,False,False,False,False
-3.674743,500,122.893081,False,2,True,True,True,False,False,False,False
6.126223,500,124.387068,False,2,True,True,True,True,True,False,False
-4.916474,500,125.645925,False,2,True,False,False,False,False,False,False
-4.916347,500,126.99759,False,2,True,False,False,False,False,False,False
63.047362,329,128.001055,True,2,True,True,True,True,True,True,True
-4.922072,500,129.281888,False,2,True,False,False,False,False,False,False
-5.053765,500,130.549547,False,2,False,False,False,False,False,False,False
-5.047183,500,131.84468,False,2,True,False,False,False,False,False,False
-4.965374,500,133.089713,False,2,False,False,False,False,False,False,False
-4.93439,500,134.445337,False,2,False,False,False,False,False,False,False
-4.966226,500,135.693796,False,2,True,False,False,False,False,False,False
-4.005784,500,137.020338,False,2,True,True,True,False,False,False,False
-6.315511,500,138.284709,False,2,True,True,False,False,False,False,False
-4.95753,500,139.682237,False,2,True,False,False,False,False,False,False
-4.896632,500,140.924777,False,2,True,False,False,False,False,False,False
-5.090153,500,142.168358,False,2,False,False,False,False,False,False,False
58.007789,332,143.175444,True,2,True,True,True,True,True,True,True
-4.786325,500,144.427327,False,2,False,False,False,False,False,False,False
-5.020193,500,145.720668,False,2,False,False,False,False,False,False,False
-4.250917,500,147.008133,False,2,True,True,True,False,False,False,False
-4.940463,500,148.25315,False,2,True,False,False,False,False,False,False
-4.29221,500,149.556212,False,2,True,True,True,False,False,False,False
-4.950449,500,150.83891,False,2,False,False,False,False,False,False,False
-6.308563,500,152.114006,False,2,True,True,False,False,False,False,False
-4.998556,500,153.358905,False,2,True,False,False,False,False,False,False
-4.542901,500,154.665139,False,2,True,True,True,False,False,False,False
-4.926413,500,155.946914,False,2,True,False,False,False,False,False,False
-6.39862,500,157.226618,False,2,False,True,False,False,False,False,False
-3.934082,500,158.679901,False,2,True,True,True,False,False,False,False
-6.309443,500,160.002132,False,2,True,True,False,False,False,False,False
-5.077804,500,161.494985,False,2,True,False,False,False,False,False,False
-4.20738,500,162.885537,False,2,True,True,True,False,False,False,False
-4.867143,500,164.186956,False,2,False,False,False,False,False,False,False
-6.29955,500,165.554685,False,2,True,True,False,False,False,False,False
-6.272425,500,166.955991,False,2,True,True,False,False,False,False,False
-6.328094,500,168.327214,False,2,True,True,False,False,False,False,False
57.580697,332,169.379955,True,2,True,True,True,True,True,True,True
-4.241653,500,170.76725,False,2,True,True,True,False,False,False,False
-4.953377,500,172.147072,False,2,False,False,False,False,False,False,False
-3.854146,500,173.666447,False,2,True,True,True,False,False,False,False
-6.362089,500,174.997669,False,2,True,True,False,False,False,False,False
-4.822847,500,176.372439,False,2,False,False,False,False,False,False,False
-4.869598,500,177.711478,False,2,True,False,False,False,False,False,False
-4.879999,500,179.094958,False,2,False,False,False,False,False,False,False
-5.025576,500,180.416289,False,2,False,False,False,False,False,False,False
-4.933883,500,181.777113,False,2,True,False,False,False,False,False,False
-4.992655,500,183.113412,False,2,True,False,False,False,False,False,False
-4.23896,500,184.55663,False,2,True,True,True,False,False,False,False
-4.976453,500,185.824555,False,2,True,False,False,False,False,False,False
-5.208544,500,187.077141,False,2,True,False,False,False,False,False,False
-4.245607,500,188.397351,False,2,True,True,True,False,False,False,False
-4.954534,500,189.692701,False,2,True,False,False,False,False,False,False
-4.261049,500,191.007758,False,2,True,True,True,False,False,False,False
-5.025196,500,192.248847,False,2,True,False,False,False,False,False,False
-4.870104,500,193.523143,False,2,True,False,False,False,False,False,False
-4.954652,500,194.820323,False,2,True,False,False,False,False,False,False
-2.584413,500,196.205101,False,2,True,True,True,False,False,False,False
-4.277981,500,197.489322,False,2,True,True,True,False,False,False,False
-6.291904,500,198.807863,False,2,True,True,False,False,False,False,False
-4.970391,500,200.094053,False,2,False,False,False,False,False,False,False
-4.956153,500,201.331617,False,2,False,False,False,False,False,False,False
-3.623868,500,202.670603,False,2,True,True,True,False,False,False,False
-4.94421,500,203.915666,False,2,True,False,False,False,False,False,False
-4.858157,500,205.36152,False,2,False,False,False,False,False,False,False
-4.025945,500,206.69208,False,2,True,True,True,False,False,False,False
-6.287501,500,207.961948,False,2,True,True,False,False,False,False,False
-5.000903,500,209.205853,False,2,False,False,False,False,False,False,False
-5.155336,500,210.490024,False,2,True,False,False,False,False,False,False
-6.333701,500,211.755844,False,2,True,True,False,False,False,False,False
-2.874637,500,213.126365,False,2,True,True,True,False,False,False,False
-4.870904,500,214.364574,False,2,True,False,False,False,False,False,False
54.875241,306,215.269452,True,2,True,True,True,False,False,True,True
-4.966865,500,216.591232,False,2,False,False,False,False,False,False,False
-4.983804,500,217.839611,False,2,False,False,False,False,False,False,False
-4.117671,500,219.152362,False,2,True,True,True,False,False,False,False
-4.945411,500,220.409526,False,2,True,False,False,False,False,False,False
-4.312876,500,221.782629,False,2,True,True,True,False,False,False,False
-4.985347,500,223.039514,False,2,True,False,False,False,False,False,False
-4.92154,500,224.294146,False,2,False,False,False,False,False,False,False
-4.848217,500,225.538466,False,2,True,False,False,False,False,False,False
-4.273731,500,226.967069,False,2,True,True,True,False,False,False,False
-4.967365,500,228.217745,False,2,True,False,False,False,False,False,False
-5.177206,500,229.461676,False,2,True,False,False,False,False,False,False
-5.177032,500,230.732757,False,2,True,False,False,False,False,False,False
-6.338813,500,232.065567,False,2,True,True,False,False,False,False,False
-6.30627,500,233.338086,False,2,True,True,False,False,False,False,False
-4.250645,500,234.642045,False,2,True,True,True,False,False,False,False
-4.993117,500,235.886778,False,2,False,False,False,False,False,False,False
-3.473285,500,237.283172,False,2,True,True,True,False,False,False,False
-4.856454,500,238.529585,False,2,True,False,False,False,False,False,False
-3.392225,500,239.882463,False,2,True,True,True,False,False,False,False
-3.042542,500,241.252031,False,2,True,True,True,False,False,False,False
-4.975303,500,242.542669,False,2,True,False,False,False,False,False,False
-4.322623,500,243.845307,False,2,True,True,True,False,False,False,False
-4.957814,500,245.081863,False,2,False,False,False,False,False,False,False
-4.899438,500,246.320667,False,2,True,False,False,False,False,False,False
-4.825229,500,247.714507,False,2,True,False,False,False,False,False,False
-5.015736,500,248.959431,False,2,False,False,False,False,False,False,False
-6.36197,500,250.229352,False,2,False,True,False,False,False,False,False
-4.867274,500,251.470578,False,2,False,False,False,False,False,False,False
-6.306357,500,252.81132,False,2,True,True,False,False,False,False,False
-6.25067,500,254.080281,False,2,True,True,False,False,False,False,False
-4.88986,500,255.314925,False,2,False,False,False,False,False,False,False
6.118457,500,256.776985,False,2,True,True,True,True,True,True,False
-6.370905,500,258.045621,False,2,False,True,False,False,False,False,False
-4.894718,500,259.333212,False,2,True,False,False,False,False,False,False
-6.2732,500,260.60693,False,2,True,True,False,False,False,False,False
-4.286504,500,261.895266,False,2,True,True,True,False,False,False,False
-5.065372,500,312.777607,False,2,True,False,False,False,False,False,False
-4.280591,500,314.12329,False,2,True,True,True,False,False,False,False
-4.943566,500,315.368805,False,2,False,False,False,False,False,False,False
-6.300033,500,316.643413,False,2,True,True,False,False,False,False,False
-4.897068,500,317.886595,False,2,True,False,False,False,False,False,False
-5.092602,500,319.187723,False,2,True,False,False,False,False,False,False
-3.317768,500,320.547109,False,2,True,True,True,False,False,False,False
6.193882,500,321.973307,False,2,True,True,True,True,True,False,False
-4.978925,500,323.229238,False,2,True,False,False,False,False,False,False
-4.876591,500,324.657383,False,2,True,False,False,False,False,False,False
-2.971812,500,326.035159,False,2,True,True,True,False,False,False,False
57.986391,332,327.051316,True,2,True,True,True,True,True,True,True
-4.984523,500,328.300238,False,2,True,False,False,False,False,False,False
-4.313679,500,329.637945,False,2,True,True,True,False,False,False,False
-4.843055,500,330.883566,False,2,False,False,False,False,False,False,False
-6.307095,500,332.160536,False,2,True,True,False,False,False,False,False
-6.339203,500,333.436503,False,2,True,True,False,False,False,False,False
57.932536,332,334.455878,True,2,True,True,True,True,True,True,True
-6.287595,500,335.770274,False,2,True,True,False,False,False,False,False
-3.973351,500,337.106477,False,2,True,True,True,False,False,False,False
-6.338078,500,338.375256,False,2,False,True,False,False,False,False,False
-4.179402,500,339.693432,False,2,True,True,True,False,False,False,False
-6.297581,500,341.045902,False,2,True,True,False,False,False,False,False
-4.930082,500,342.294932,False,2,False,False,False,False,False,False,False
59.985792,308,343.225755,True,2,True,True,True,False,False,True,True
-3.775526,500,344.565418,False,2,True,True,True,False,False,False,False
-4.926156,500,346.015014,False,2,True,False,False,False,False,False,False
-6.299638,500,347.28826,False,2,True,True,False,False,False,False,False
-4.888895,500,348.533196,False,2,True,False,False,False,False,False,False
-2.975597,500,349.913481,False,2,True,True,True,False,False,False,False
-4.125218,500,351.288113,False,2,True,True,True,False,False,False,False
-5.024022,500,352.530434,False,2,False,False,False,False,False,False,False
-6.31768,500,353.811607,False,2,False,True,False,False,False,False,False
-4.972449,500,355.054727,False,2,True,False,False,False,False,False,False
-6.304809,500,356.322744,False,2,True,True,False,False,False,False,False
-4.946816,500,357.604868,False,2,True,False,False,False,False,False,False
-4.885389,500,358.84112,False,2,False,False,False,False,False,False,False
-6.335811,500,360.108394,False,2,True,True,False,False,False,False,False
-4.867375,500,361.347601,False,2,False,False,False,False,False,False,False
-5.025624,500,362.652696,False,2,False,False,False,False,False,False,False
-4.957965,500,363.891701,False,2,True,False,False,False,False,False,False
-4.870143,500,365.151286,False,2,False,False,False,False,False,False,False
-4.965039,500,366.390504,False,2,True,False,False,False,False,False,False
-4.984859,500,367.696306,False,2,True,False,False,False,False,False,False
59.902811,304,368.608454,True,2,True,True,True,False,False,True,True
-5.006332,500,369.854016,False,2,True,False,False,False,False,False,False
-6.276003,500,371.11919,False,2,True,True,False,False,False,False,False
-4.911369,500,372.416399,False,2,False,False,False,False,False,False,False
-3.967417,500,373.74675,False,2,True,True,True,False,False,False,False
-3.85694,500,375.083465,False,2,True,True,True,False,False,False,False
-4.275115,500,376.450798,False,2,True,True,True,False,False,False,False
-2.941495,500,428.560588,False,2,True,True,True,False,False,False,False
-5.044536,500,429.808176,False,2,False,False,False,False,False,False,False
-4.947393,500,431.05469,False,2,False,False,False,False,False,False,False
-4.057579,500,432.394283,False,2,True,True,True,False,False,False,False
-5.298511,500,433.693622,False,2,True,False,False,False,False,False,False
-4.242335,500,434.989092,False,2,True,True,True,False,False,False,False
-4.80567,500,436.242036,False,2,False,False,False,False,False,False,False
-3.035552,500,437.613135,False,2,True,True,True,False,False,False,False
63.054528,332,438.625074,True,2,True,True,True,True,True,True,True
-5.020623,500,439.924689,False,2,True,False,False,False,False,False,False
-5.015242,500,441.182684,False,2,True,False,False,False,False,False,False
57.97616,321,442.160216,True,2,True,True,True,True,True,True,True
-5.000278,500,443.408323,False,2,True,False,False,False,False,False,False
-6.332233,500,444.73189,False,2,False,True,False,False,False,False,False
-6.335442,500,446.017606,False,2,True,True,False,False,False,False,False
63.036696,327,447.020115,True,2,True,True,True,True,True,True,True
1.228037,500,448.464167,False,2,True,True,True,True,True,False,False
-4.823707,500,449.706316,False,2,False,False,False,False,False,False,False
-4.320656,500,451.050514,False,2,True,True,True,False,False,False,False
-6.354772,500,452.323091,False,2,False,True,False,False,False,False,False
-3.943554,500,453.654788,False,2,True,True,True,False,False,False,False
-3.626269,500,455.005056,False,2,True,True,True,False,False,False,False
-6.337874,500,456.318651,False,2,False,True,False,False,False,False,False
-4.83488,500,457.566329,False,2,True,False,False,False,False,False,False
-6.278218,500,458.855746,False,2,True,True,False,False,False,False,False
-4.97229,500,460.096579,False,2,False,False,False,False,False,False,False
-6.324811,500,461.42539,False,2,True,True,False,False,False,False,False
-4.894631,500,462.673615,False,2,True,False,False,False,False,False,False
-6.355369,500,463.951972,False,2,True,True,False,False,False,False,False
-5.026355,500,465.212109,False,2,True,False,False,False,False,False,False
-2.631145,500,466.703534,False,2,True,True,True,False,False,False,False
-4.300068,500,468.073521,False,2,True,True,True,False,False,False,False
-4.917771,500,469.399493,False,2,True,False,False,False,False,False,False
-4.859711,500,470.832119,False,2,False,False,False,False,False,False,False
-4.969679,500,472.216263,False,2,False,False,False,False,False,False,False
-4.852113,500,473.693757,False,2,True,False,False,False,False,False,False
-4.901896,500,475.109467,False,2,False,False,False,False,False,False,False
-2.838942,500,476.859025,False,2,True,True,True,False,False,False,False
-4.900312,500,478.414309,False,2,False,False,False,False,False,False,False
-6.305296,500,479.770518,False,2,True,True,False,False,False,False,False
59.711536,301,480.693414,True,2,True,True,True,False,False,True,True
-3.370978,500,482.052907,False,2,True,True,True,False,False,False,False
-5.010311,500,483.433211,False,2,False,False,False,False,False,False,False
63.091109,331,484.588241,True,2,True,True,True,True,True,True,True
-4.969871,500,485.86499,False,2,True,False,False,False,False,False,False
62.879435,333,487.034378,True,2,True,True,True,True,True,True,True
-2.811856,500,488.837762,False,2,True,True,True,False,False,False,False
-6.314774,500,490.290573,False,2,True,True,False,False,False,False,False
-2.197699,500,491.970419,False,2,True,True,True,False,False,False,False
-6.290818,500,493.383491,False,2,True,True,False,False,False,False,False
-6.296263,500,494.929982,False,2,True,True,False,False,False,False,False
-4.858635,500,496.34025,False,2,True,False,False,False,False,False,False
-3.005134,500,497.931643,False,2,True,True,True,False,False,False,False
62.945819,332,551.871724,True,2,True,True,True,True,True,True,True
-6.349059,500,553.145261,False,2,True,True,False,False,False,False,False
-3.242898,500,554.500471,False,2,True,True,True,False,False,False,False
-5.03059,500,555.7871,False,2,True,False,False,False,False,False,False
-6.303499,500,557.060191,False,2,True,True,False,False,False,False,False
-4.879383,500,558.294255,False,2,False,False,False,False,False,False,False
-4.112405,500,559.617959,False,2,True,True,True,False,False,False,False
-6.331732,500,561.083143,False,2,True,True,False,False,False,False,False
-3.984336,500,562.413332,False,2,True,True,True,False,False,False,False
-4.243261,500,563.729053,False,2,True,True,True,False,False,False,False
-4.871749,500,564.965728,False,2,False,False,False,False,False,False,False
-3.386118,500,566.360296,False,2,True,True,True,False,False,False,False
-6.347626,500,567.631701,False,2,False,True,False,False,False,False,False
-5.05156,500,568.895389,False,2,True,False,False,False,False,False,False
-4.961811,500,570.136263,False,2,False,False,False,False,False,False,False
-6.311458,500,571.446156,False,2,True,True,False,False,False,False,False
-4.302427,500,572.748598,False,2,True,True,True,False,False,False,False
-4.875532,500,573.992161,False,2,True,False,False,False,False,False,False
-4.865904,500,575.238435,False,2,True,False,False,False,False,False,False
-4.287515,500,576.554698,False,2,True,True,True,False,False,False,False
-2.941403,500,577.937855,False,2,True,True,True,False,False,False,False
-4.878388,500,579.178239,False,2,False,False,False,False,False,False,False
-4.256681,500,580.470067,False,2,True,True,True,False,False,False,False
1.206953,500,581.952606,False,2,True,True,True,True,True,False,False
-3.801897,500,583.292687,False,2,True,True,True,False,False,False,False
-6.367025,500,584.57102,False,2,False,True,False,False,False,False,False
-4.16587,500,585.88751,False,2,True,True,True,False,False,False,False
-6.309213,500,587.156927,False,2,True,True,False,False,False,False,False
-4.91598,500,588.512407,False,2,True,False,False,False,False,False,False
-4.265033,500,589.827439,False,2,True,True,True,False,False,False,False
63.156807,307,590.772369,True,2,True,True,True,True,True,True,True
-4.872846,500,592.032102,False,2,False,False,False,False,False,False,False
-4.24641,500,593.371594,False,2,True,True,True,False,False,False,False
6.194775,500,594.838504,False,2,True,True,True,True,True,False,False
-3.997788,500,596.163075,False,2,True,True,True,False,False,False,False
-5.004307,500,597.41529,False,2,True,False,False,False,False,False,False
-4.267041,500,598.756072,False,2,True,True,True,False,False,False,False
-4.968099,500,600.005577,False,2,False,False,False,False,False,False,False
-5.234283,500,601.262866,False,2,False,False,False,False,False,False,False
-4.871262,500,602.498584,False,2,False,False,False,False,False,False,False
-4.984712,500,603.913688,False,2,False,False,False,False,False,False,False
-4.288564,500,605.20472,False,2,True,True,True,False,False,False,False
-6.344223,500,606.476245,False,2,True,True,False,False,False,False,False
-4.22606,500,607.801865,False,2,True,True,True,False,False,False,False
-5.074831,500,609.104425,False,2,False,False,False,False,False,False,False
-2.972442,500,610.491533,False,2,True,True,True,False,False,False,False
-4.916142,500,611.745709,False,2,False,False,False,False,False,False,False
-6.347082,500,613.028243,False,2,False,True,False,False,False,False,False
-4.853715,500,614.337037,False,2,False,False,False,False,False,False,False
-6.535662,500,615.633467,False,2,True,True,False,False,False,False,False
-4.907628,500,666.601808,False,2,True,False,False,False,False,False,False
-6.319961,500,667.926007,False,2,True,True,False,False,False,False,False
-6.303467,500,669.206857,False,2,True,True,False,False,False,False,False
-4.8679,500,670.492877,False,2,True,False,False,False,False,False,False
-4.270318,500,671.786349,False,2,True,True,True,False,False,False,False
57.945103,332,672.80332,True,2,True,True,True,True,True,True,True
-4.986466,500,674.051248,False,2,True,False,False,False,False,False,False
-4.268527,500,675.418423,False,2,True,True,True,False,False,False,False
-2.523911,500,676.82292,False,2,True,True,True,False,False,False,False
-4.887332,500,678.064477,False,2,True,False,False,False,False,False,False
-6.334366,500,679.328406,False,2,True,True,False,False,False,False,False
-4.867902,500,680.612366,False,2,False,False,False,False,False,False,False
-6.289878,500,681.879325,False,2,True,True,False,False,False,False,False
-4.930931,500,683.12338,False,2,False,False,False,False,False,False,False
-4.955193,500,684.372337,False,2,True,False,False,False,False,False,False
-4.882923,500,685.651022,False,2,False,False,False,False,False,False,False
-4.257471,500,686.95998,False,2,True,True,True,False,False,False,False
-5.037355,500,688.199389,False,2,False,False,False,False,False,False,False
-4.978138,500,689.434197,False,2,False,False,False,False,False,False,False
62.757137,326,690.424982,True,2,True,True,True,True,True,True,True
-3.602223,500,691.813718,False,2,True,True,True,False,False,False,False
-4.937659,500,693.049541,False,2,False,False,False,False,False,False,False
1.131144,500,694.501009,False,2,True,True,True,True,True,False,False
-4.857536,500,695.747426,False,2,False,False,False,False,False,False,False
-3.212802,500,697.177514,False,2,True,True,True,False,False,False,False
-4.895665,500,698.415434,False,2,True,False,False,False,False,False,False
-3.119478,500,699.785405,False,2,True,True,True,False,False,False,False
57.938798,332,700.802624,True,2,True,True,True,True,True,True,True
-4.957954,500,702.098732,False,2,False,False,False,False,False,False,False
-4.876774,500,703.343656,False,2,True,False,False,False,False,False,False
-3.748159,500,704.676627,False,2,True,True,True,False,False,False,False
-4.244354,500,705.982849,False,2,True,True,True,False,False,False,False
-4.907247,500,707.362517,False,2,True,False,False,False,False,False,False
-4.884465,500,708.604417,False,2,True,False,False,False,False,False,False
54.959375,306,709.526526,True,2,True,True,True,False,False,True,True
-4.258141,500,710.816988,False,2,True,True,True,False,False,False,False
-5.231621,500,712.062988,False,2,True,False,False,False,False,False,False
-3.643601,500,713.443613,False,2,True,True,True,False,False,False,False
-4.913435,500,714.681003,False,2,False,False,False,False,False,False,False
-6.312538,500,715.955765,False,2,True,True,False,False,False,False,False
-4.907965,500,717.192698,False,2,False,False,False,False,False,False,False
-6.348886,500,718.503242,False,2,True,True,False,False,False,False,False
-5.011393,500,719.745705,False,2,False,False,False,False,False,False,False
-6.281884,500,721.010673,False,2,True,True,False,False,False,False,False
-4.949302,500,722.251429,False,2,True,False,False,False,False,False,False
-6.382777,500,723.550608,False,2,False,True,False,False,False,False,False
-3.908118,500,724.867469,False,2,True,True,True,False,False,False,False
-4.801889,500,726.109767,False,2,True,False,False,False,False,False,False
-4.260641,500,727.403653,False,2,True,True,True,False,False,False,False
-4.238511,500,728.764633,False,2,True,True,True,False,False,False,False
-4.753767,500,730.009396,False,2,False,False,False,False,False,False,False
-6.319556,500,731.285272,False,2,True,True,False,False,False,False,False
-4.130125,500,781.670355,False,2,True,True,True,False,False,False,False
-5.053714,500,782.958903,False,2,False,False,False,False,False,False,False
-6.27569,500,784.222064,False,2,True,True,False,False,False,False,False
-3.823015,500,785.562882,False,2,True,True,True,False,False,False,False
-4.582917,500,786.816889,False,2,True,False,False,False,False,False,False
-4.901923,500,788.103612,False,2,True,False,False,False,False,False,False
59.868278,299,788.998549,True,2,True,True,True,False,False,True,True
-4.268314,500,790.283612,False,2,True,True,True,False,False,False,False
-4.146808,500,791.600752,False,2,True,True,True,False,False,False,False
57.979083,332,792.613298,True,2,True,True,True,True,True,True,True
-3.748226,500,793.98278,False,2,True,True,True,False,False,False,False
-3.619872,500,795.331575,False,2,True,True,True,False,False,False,False
-4.326187,500,796.608185,False,2,True,True,True,False,False,False,False
-6.342866,500,797.873891,False,2,True,True,False,False,False,False,False
-3.911971,500,799.406919,False,2,True,True,True,False,False,False,False
-4.83354,500,800.648191,False,2,True,False,False,False,False,False,False
-4.922038,500,801.885833,False,2,True,False,False,False,False,False,False
-4.842505,500,803.11933,False,2,False,False,False,False,False,False,False
-4.938039,500,804.5437,False,2,True,False,False,False,False,False,False
-5.000249,500,805.785008,False,2,False,False,False,False,False,False,False
-6.301663,500,807.053148,False,2,True,True,False,False,False,False,False
-5.179882,500,808.293554,False,2,True,False,False,False,False,False,False
-4.230191,500,809.657686,False,2,True,True,True,False,False,False,False
-4.876715,500,810.90046,False,2,True,False,False,False,False,False,False
-3.184388,500,812.264673,False,2,True,True,True,False,False,False,False
-4.921671,500,813.500022,False,2,True,False,False,False,False,False,False
-4.973073,500,814.778371,False,2,True,False,False,False,False,False,False
-4.927826,500,816.015507,False,2,True,False,False,False,False,False,False
-3.062055,500,817.383933,False,2,True,True,True,False,False,False,False
-2.30113,500,818.791671,False,2,True,True,True,False,False,False,False
-6.342752,500,820.119591,False,2,True,True,False,False,False,False,False
-6.295661,500,821.385078,False,2,True,True,False,False,False,False,False
-4.23881,500,822.699222,False,2,True,True,True,False,False,False,False
-6.325337,500,823.969171,False,2,True,True,False,False,False,False,False
-4.869809,500,825.205163,False,2,False,False,False,False,False,False,False
-6.358639,500,826.514982,False,2,True,True,False,False,False,False,False
-4.939406,500,827.752775,False,2,True,False,False,False,False,False,False
-6.285374,500,829.020702,False,2,True,True,False,False,False,False,False
-3.751246,500,830.362417,False,2,True,True,True,False,False,False,False
-4.916814,500,831.642817,False,2,False,False,False,False,False,False,False
-6.343161,500,832.903291,False,2,False,True,False,False,False,False,False
-4.890643,500,834.142824,False,2,True,False,False,False,False,False,False
-4.817386,500,835.383274,False,2,False,False,False,False,False,False,False
-4.906727,500,836.678039,False,2,True,False,False,False,False,False,False
-6.347369,500,837.950057,False,2,True,True,False,False,False,False,False
-5.017118,500,839.191108,False,2,True,False,False,False,False,False,False
-4.892764,500,840.425058,False,2,False,False,False,False,False,False,False
63.071378,316,841.573569,True,2,True,True,True,True,True,True,True
-4.921559,500,842.812359,False,2,True,False,False,False,False,False,False
-4.288545,500,844.11214,False,2,True,True,True,False,False,False,False
62.960532,332,845.135061,True,2,True,True,True,True,True,True,True
58.028743,332,895.487217,True,2,True,True,True,True,True,True,True
-4.908711,500,896.857677,False,2,True,False,False,False,False,False,False
-6.294696,500,898.130949,False,2,True,True,False,False,False,False,False
-4.944975,500,899.370647,False,2,True,False,False,False,False,False,False
-3.198208,500,900.739612,False,2,True,True,True,False,False,False,False
-3.660912,500,902.133709,False,2,True,True,True,False,False,False,False
-4.838514,500,903.379883,False,2,True,False,False,False,False,False,False
-5.008356,500,904.623139,False,2,True,False,False,False,False,False,False
-4.990157,500,905.867971,False,2,True,False,False,False,False,False,False
-3.757054,500,907.260686,False,2,True,True,True,False,False,False,False
-6.345247,500,908.535971,False,2,True,True,False,False,False,False,False
-4.903159,500,909.785563,False,2,True,False,False,False,False,False,False
-3.186096,500,911.173181,False,2,True,True,True,False,False,False,False
-4.989142,500,912.491604,False,2,False,False,False,False,False,False,False
63.068264,332,913.503451,True,2,True,True,True,True,True,True,True
-6.295071,500,914.774041,False,2,True,True,False,False,False,False,False
-6.287307,500,916.058702,False,2,True,True,False,False,False,False,False
-4.810683,500,917.303717,False,2,False,False,False,False,False,False,False
-6.361848,500,918.644904,False,2,False,True,False,False,False,False,False
57.8777,332,919.664344,True,2,True,True,True,True,True,True,True
-4.948816,500,920.909527,False,2,True,False,False,False,False,False,False
-4.989845,500,922.165757,False,2,True,False,False,False,False,False,False
-3.872086,500,923.565987,False,2,True,True,True,False,False,False,False
-6.35241,500,924.852231,False,2,False,True,False,False,False,False,False
-6.318796,500,926.140389,False,2,True,True,False,False,False,False,False
-4.926456,500,927.390042,False,2,True,False,False,False,False,False,False
-5.06655,500,928.844571,False,2,True,False,False,False,False,False,False
2.882536,500,930.263774,False,2,True,True,True,False,False,False,False
-4.229258,500,931.577671,False,2,True,True,True,False,False,False,False
-4.956311,500,932.818294,False,2,False,False,False,False,False,False,False
-4.847431,500,934.164525,False,2,True,False,False,False,False,False,False
-4.832807,500,935.410249,False,2,False,False,False,False,False,False,False
-4.863147,500,936.677321,False,2,False,False,False,False,False,False,False
-4.227617,500,937.994305,False,2,True,True,True,False,False,False,False
-4.777611,500,939.276464,False,2,False,False,False,False,False,False,False
-4.815803,500,940.53001,False,2,True,False,False,False,False,False,False
-3.057869,500,941.902763,False,2,True,True,True,False,False,False,False
-5.034518,500,943.148534,False,2,False,False,False,False,False,False,False
-4.977533,500,944.391698,False,2,True,False,False,False,False,False,False
-4.188406,500,945.800108,False,2,True,True,True,False,False,False,False
-5.014767,500,947.05477,False,2,True,False,False,False,False,False,False
-4.926848,500,948.305782,False,2,True,False,False,False,False,False,False
-4.840176,500,949.551973,False,2,False,False,False,False,False,False,False
-4.85912,500,950.999336,False,2,True,False,False,False,False,False,False
-6.278871,500,952.271019,False,2,True,True,False,False,False,False,False
-4.976193,500,953.513647,False,2,False,False,False,False,False,False,False
-6.338327,500,954.787341,False,2,True,True,False,False,False,False,False
-2.357109,500,956.235819,False,2,True,True,True,False,False,False,False
-4.060689,500,957.578665,False,2,True,True,True,False,False,False,False
-4.246313,500,958.900978,False,2,True,True,True,False,False,False,False
-6.362712,500,960.181562,False,2,True,True,False,False,False,False,False
-3.207417,500,1010.658052,False,2,True,True,True,False,False,False,False
-4.936625,500,1011.905803,False,2,True,False,False,False,False,False,False
-3.912881,500,1013.248725,False,2,True,True,True,False,False,False,False
-2.660022,500,1014.649382,False,2,True,True,True,False,False,False,False
-5.000786,500,1015.938798,False,2,True,False,False,False,False,False,False
-4.868686,500,1017.184601,False,2,True,False,False,False,False,False,False
58.00329,332,1018.207215,True,2,True,True,True,True,True,True,True
-4.912299,500,1019.458213,False,2,True,False,False,False,False,False,False
-6.327888,500,1020.773365,False,2,True,True,False,False,False,False,False
-4.986624,500,1022.026123,False,2,True,False,False,False,False,False,False
-3.251405,500,1023.388804,False,2,True,True,True,False,False,False,False
-6.394245,500,1024.66163,False,2,True,True,False,False,False,False,False
-4.321163,500,1026.028727,False,2,True,True,True,False,False,False,False
-4.231802,500,1027.323715,False,2,True,True,True,False,False,False,False
-4.225507,500,1028.651078,False,2,True,True,True,False,False,False,False
-4.956848,500,1029.896595,False,2,True,False,False,False,False,False,False
-4.165992,500,1031.221648,False,2,True,True,True,False,False,False,False
-3.817218,500,1032.658744,False,2,True,True,True,False,False,False,False
-6.313484,500,1033.937667,False,2,True,True,False,False,False,False,False
-3.505726,500,1035.291527,False,2,True,True,True,False,False,False,False
-6.344894,500,1036.573796,False,2,True,True,False,False,False,False,False
-5.065789,500,1037.878097,False,2,True,False,False,False,False,False,False
-5.044704,500,1039.132006,False,2,False,False,False,False,False,False,False
-4.302242,500,1040.440331,False,2,True,True,True,False,False,False,False
-4.830004,500,1041.68662,False,2,False,False,False,False,False,False,False
-4.874926,500,1042.977155,False,2,True,False,False,False,False,False,False
-6.291263,500,1044.259075,False,2,True,True,False,False,False,False,False
6.286893,500,1045.717955,False,2,True,True,True,True,True,False,False
-6.318342,500,1046.993591,False,2,False,True,False,False,False,False,False
-4.001701,500,1048.390015,False,2,True,True,True,False,False,False,False
-6.288483,500,1049.661403,False,2,True,True,False,False,False,False,False
-5.026914,500,1050.907941,False,2,True,False,False,False,False,False,False
-4.02831,500,1052.238237,False,2,True,True,True,False,False,False,False
-6.315604,500,1053.605741,False,2,True,True,False,False,False,False,False
-4.983691,500,1054.851402,False,2,True,False,False,False,False,False,False
-4.925767,500,1056.092956,False,2,True,False,False,False,False,False,False
-6.347826,500,1057.370457,False,2,False,True,False,False,False,False,False
-6.289442,500,1058.676521,False,2,True,True,False,False,False,False,False
-4.825161,500,1059.918805,False,2,True,False,False,False,False,False,False
2.94877,500,1061.347867,False,2,True,True,True,False,False,False,False
-4.303218,500,1062.636165,False,2,True,True,True,False,False,False,False
-4.765494,500,1063.933488,False,2,True,False,False,False,False,False,False
-6.371441,500,1065.232528,False,2,False,True,False,False,False,False,False
-5.078116,500,1066.481379,False,2,False,False,False,False,False,False,False
-4.950026,500,1067.765107,False,2,False,False,False,False,False,False,False
-5.053282,500,1069.245658,False,2,False,False,False,False,False,False,False
-4.989106,500,1070.510374,False,2,False,False,False,False,False,False,False
-6.316619,500,1071.781082,False,2,True,True,False,False,False,False,False
57.968405,332,1072.799304,True,2,True,True,True,True,True,True,True
-4.296094,500,1074.109612,False,2,True,True,True,False,False,False,False
-5.025863,500,1075.437107,False,2,True,False,False,False,False,False,False
-5.061375,500,1126.600621,False,2,True,False,False,False,False,False,False
-4.970326,500,1127.848685,False,2,False,False,False,False,False,False,False
-6.332805,500,1129.122014,False,2,True,True,False,False,False,False,False
-4.940193,500,1130.437386,False,2,False,False,False,False,False,False,False
-5.006098,500,1131.692998,False,2,True,False,False,False,False,False,False
-4.27695,500,1132.97956,False,2,True,True,True,False,False,False,False
-6.269779,500,1134.248592,False,2,True,True,False,False,False,False,False
-4.987773,500,1135.543591,False,2,True,False,False,False,False,False,False
-5.041651,500,1136.789744,False,2,True,False,False,False,False,False,False
-4.899177,500,1138.030315,False,2,True,False,False,False,False,False,False
-3.812548,500,1139.365868,False,2,True,True,True,False,False,False,False
-6.348907,500,1140.699766,False,2,True,True,False,False,False,False,False
-5.074194,500,1141.972499,False,2,True,False,False,False,False,False,False
-4.998695,500,1143.238287,False,2,False,False,False,False,False,False,False
-6.305449,500,1144.552528,False,2,True,True,False,False,False,False,False
-3.146095,500,1146.074208,False,2,True,True,True,False,False,False,False
-4.926789,500,1147.314537,False,2,False,False,False,False,False,False,False
-4.736131,500,1148.557426,False,2,False,False,False,False,False,False,False
-4.869851,500,1149.799867,False,2,True,False,False,False,False,False,False
-4.903874,500,1151.088661,False,2,False,False,False,False,False,False,False
-6.364959,500,1152.355563,False,2,True,True,False,False,False,False,False
-6.325557,500,1153.632687,False,2,True,True,False,False,False,False,False
-3.023843,500,1154.999564,False,2,True,True,True,False,False,False,False
-4.880869,500,1156.303058,False,2,True,False,False,False,False,False,False
-4.889902,500,1157.543919,False,2,False,False,False,False,False,False,False
-4.213388,500,1158.860337,False,2,True,True,True,False,False,False,False
-4.300454,500,1160.170366,False,2,True,True,True,False,False,False,False
-6.288527,500,1161.47684,False,2,True,True,False,False,False,False,False
-6.325633,500,1162.750803,False,2,True,True,False,False,False,False,False
-4.846756,500,1163.995754,False,2,True,False,False,False,False,False,False
-4.89204,500,1165.240162,False,2,True,False,False,False,False,False,False
-4.971236,500,1166.534756,False,2,False,False,False,False,False,False,False
-4.905078,500,1167.775262,False,2,True,False,False,False,False,False,False
-4.380207,500,1169.067783,False,2,True,True,True,False,False,False,False
-5.064356,500,1170.312264,False,2,False,False,False,False,False,False,False
-5.081495,500,1171.560318,False,2,True,False,False,False,False,False,False
-4.982754,500,1172.876113,False,2,True,False,False,False,False,False,False
-4.977075,500,1174.128694,False,2,False,False,False,False,False,False,False
-4.929226,500,1175.376642,False,2,False,False,False,False,False,False,False
-4.907264,500,1176.626399,False,2,True,False,False,False,False,False,False
-4.971162,500,1177.955044,False,2,True,False,False,False,False,False,False
-5.118344,500,1179.204595,False,2,True,False,False,False,False,False,False
-4.078319,500,1180.531507,False,2,True,True,True,False,False,False,False
-4.955961,500,1181.777357,False,2,True,False,False,False,False,False,False
57.885955,332,1182.839663,True,2,True,True,True,True,True,True,True
-4.861061,500,1184.080854,False,2,True,False,False,False,False,False,False
-2.060355,500,1185.501821,False,2,True,True,True,False,False,False,False
-6.274058,500,1186.777007,False,2,True,True,False,False,False,False,False
-4.961945,500,1188.073329,False,2,True,False,False,False,False,False,False
-6.341092,500,1189.343049,False,2,False,True,False,False,False,False,False
-3.763232,500,1239.73705,False,2,True,True,True,False,False,False,False
-4.953313,500,1240.977388,False,2,True,False,False,False,False,False,False
59.859997,304,1241.88361,True,2,True,True,True,False,False,True,True
-4.837629,500,1243.175705,False,2,False,False,False,False,False,False,False
-2.804893,500,1244.552322,False,2,True,True,True,False,False,False,False
-6.339126,500,1245.821634,False,2,True,True,False,False,False,False,False
-5.054014,500,1247.06838,False,2,True,False,False,False,False,False,False
-4.285303,500,1248.406467,False,2,True,True,True,False,False,False,False
-4.327085,500,1249.721793,False,2,True,True,True,False,False,False,False
-6.338386,500,1251.00064,False,2,True,True,False,False,False,False,False
-6.29419,500,1252.26663,False,2,True,True,False,False,False,False,False
-4.875383,500,1253.549208,False,2,False,False,False,False,False,False,False
-4.917101,500,1254.789854,False,2,False,False,False,False,False,False,False
-4.970726,500,1256.032051,False,2,False,False,False,False,False,False,False
-6.330256,500,1257.300355,False,2,True,True,False,False,False,False,False
-5.02326,500,1258.586483,False,2,False,False,False,False,False,False,False
-4.940543,500,1259.824502,False,2,True,False,False,False,False,False,False
-5.015003,500,1261.063365,False,2,False,False,False,False,False,False,False
57.959114,332,1262.081854,True,2,True,True,True,True,True,True,True
-4.295565,500,1263.409183,False,2,True,True,True,False,False,False,False
-4.952545,500,1264.658032,False,2,False,False,False,False,False,False,False
-4.851193,500,1265.906102,False,2,True,False,False,False,False,False,False
-6.297953,500,1267.170917,False,2,True,True,False,False,False,False,False
-4.845143,500,1268.622516,False,2,True,False,False,False,False,False,False
-4.957956,500,1269.862883,False,2,False,False,False,False,False,False,False
-6.314922,500,1271.137625,False,2,True,True,False,False,False,False,False
-6.386156,500,1272.410653,False,2,True,True,False,False,False,False,False
-3.560686,500,1273.76496,False,2,True,True,True,False,False,False,False
-4.293201,500,1275.119239,False,2,True,True,True,False,False,False,False
-5.027558,500,1276.36838,False,2,True,False,False,False,False,False,False
-4.940047,500,1277.61777,False,2,True,False,False,False,False,False,False
-6.327765,500,1278.889892,False,2,True,True,False,False,False,False,False
-4.802373,500,1280.178707,False,2,True,False,False,False,False,False,False
-4.312558,500,1281.46553,False,2,True,True,True,False,False,False,False
58.139834,315,1282.41671,True,2,True,True,True,True,True,True,True
-6.270305,500,1283.692245,False,2,True,True,False,False,False,False,False
-6.326556,500,1285.021071,False,2,True,True,False,False,False,False,False
-3.67516,500,1286.365479,False,2,True,True,True,False,False,False,False
-4.911956,500,1287.662491,False,2,False,False,False,False,False,False,False
-6.338154,500,1288.955714,False,2,True,True,False,False,False,False,False
-3.615186,500,1290.339182,False,2,True,True,True,False,False,False,False
-4.288948,500,1291.632618,False,2,True,True,True,False,False,False,False
-5.100854,500,1292.876967,False,2,False,False,False,False,False,False,False
-4.952559,500,1294.117747,False,2,True,False,False,False,False,False,False
-4.817644,500,1295.393512,False,2,False,False,False,False,False,False,False
-4.897149,500,1296.636783,False,2,False,False,False,False,False,False,False
-4.221303,500,1297.946393,False,2,True,True,True,False,False,False,False
-4.857097,500,1299.193903,False,2,True,False,False,False,False,False,False
-4.822719,500,1300.466933,False,2,False,False,False,False,False,False,False
-4.89796,500,1301.708317,False,2,False,False,False,False,False,False,False
-4.973726,500,1302.949659,False,2,False,False,False,False,False,False,False
-4.999582,500,1355.564445,False,2,True,False,False,False,False,False,False
-4.883779,500,1356.855178,False,2,True,False,False,False,False,False,False
-4.82012,500,1358.099372,False,2,True,False,False,False,False,False,False
-4.911289,500,1359.335305,False,2,True,False,False,False,False,False,False
-4.853867,500,1360.584545,False,2,True,False,False,False,False,False,False
-6.282318,500,1361.861019,False,2,True,True,False,False,False,False,False
-4.96977,500,1363.19397,False,2,True,False,False,False,False,False,False
-5.031348,500,1364.438416,False,2,False,False,False,False,False,False,False
-4.911629,500,1365.67597,False,2,False,False,False,False,False,False,False
-4.964961,500,1366.921737,False,2,True,False,False,False,False,False,False
-4.281163,500,1368.343101,False,2,True,True,True,False,False,False,False
-4.884421,500,1369.581691,False,2,True,False,False,False,False,False,False
-4.88814,500,1370.82169,False,2,True,False,False,False,False,False,False
-4.936554,500,1372.067916,False,2,False,False,False,False,False,False,False
-4.98404,500,1373.363279,False,2,False,False,False,False,False,False,False
-5.005308,500,1374.610444,False,2,True,False,False,False,False,False,False
-6.267949,500,1375.881711,False,2,True,True,False,False,False,False,False
-4.992504,500,1377.122799,False,2,False,False,False,False,False,False,False
-4.878403,500,1378.453585,False,2,False,False,False,False,False,False,False
-4.917624,500,1379.699622,False,2,True,False,False,False,False,False,False
-6.360496,500,1380.970366,False,2,True,True,False,False,False,False,False
-5.036917,500,1382.215205,False,2,False,False,False,False,False,False,False
-4.172964,500,1383.602628,False,2,True,True,True,False,False,False,False
-6.324206,500,1384.892268,False,2,True,True,False,False,False,False,False
-3.90177,500,1386.240771,False,2,True,True,True,False,False,False,False
-4.956034,500,1387.488951,False,2,False,False,False,False,False,False,False
-5.239387,500,1388.781336,False,2,True,False,False,False,False,False,False
-2.979482,500,1390.161205,False,2,True,True,True,False,False,False,False
-6.375969,500,1391.426722,False,2,True,True,False,False,False,False,False
-4.3009,500,1392.721009,False,2,True,True,True,False,False,False,False
-6.315192,500,1394.057364,False,2,True,True,False,False,False,False,False
-4.885861,500,1395.298818,False,2,False,False,False,False,False,False,False
-6.299236,500,1396.572301,False,2,True,True,False,False,False,False,False
-5.077829,500,1397.827706,False,2,True,False,False,False,False,False,False
-4.962273,500,1399.123266,False,2,False,False,False,False,False,False,False
-4.962309,500,1400.387432,False,2,False,False,False,False,False,False,False
-6.259739,500,1401.67008,False,2,True,True,False,False,False,False,False
-4.889405,500,1402.929336,False,2,False,False,False,False,False,False,False
57.904809,332,1403.949963,True,2,True,True,True,True,True,True,True
-4.839779,500,1405.235584,False,2,True,False,False,False,False,False,False
62.824493,331,1406.254125,True,2,True,True,True,True,True,True,True
-3.875505,500,1407.606053,False,2,True,True,True,False,False,False,False
-6.37941,500,1408.885358,False,2,False,True,False,False,False,False,False
-4.295134,500,1410.225654,False,2,True,True,True,False,False,False,False
-6.308043,500,1411.499233,False,2,True,True,False,False,False,False,False
-4.239617,500,1412.801934,False,2,True,True,True,False,False,False,False
63.032246,332,1413.81994,True,2,True,True,True,True,True,True,True
-6.33647,500,1415.089556,False,2,False,True,False,False,False,False,False
-5.082491,500,1416.395581,False,2,True,False,False,False,False,False,False
-4.297756,500,1417.68295,False,2,True,True,True,False,False,False,False
-4.926759,500,1418.927835,False,2,True,False,False,False,False,False,False
-4.978866,500,1471.581075,False,2,True,False,False,False,False,False,False
-4.243027,500,1472.965095,False,2,True,True,True,False,False,False,False
-4.949474,500,1474.207582,False,2,False,False,False,False,False,False,False
-6.351249,500,1475.49103,False,2,True,True,False,False,False,False,False
-6.342701,500,1476.770052,False,2,True,True,False,False,False,False,False
-5.000061,500,1478.066904,False,2,True,False,False,False,False,False,False
-6.36276,500,1479.354319,False,2,True,True,False,False,False,False,False
58.060054,311,1480.29602,True,2,True,True,True,True,True,True,True
-4.919574,500,1481.544496,False,2,True,False,False,False,False,False,False
-6.333173,500,1482.880909,False,2,True,True,False,False,False,False,False
-4.242803,500,1484.186527,False,2,True,True,True,False,False,False,False
-4.891342,500,1485.428803,False,2,False,False,False,False,False,False,False
-4.956107,500,1486.669918,False,2,False,False,False,False,False,False,False
-4.968403,500,1487.960124,False,2,True,False,False,False,False,False,False
-6.293604,500,1489.230761,False,2,True,True,False,False,False,False,False
-4.907982,500,1490.476836,False,2,True,False,False,False,False,False,False
-4.917892,500,1491.725763,False,2,False,False,False,False,False,False,False
-2.449518,500,1493.189579,False,2,True,True,True,False,False,False,False
-6.274077,500,1494.470647,False,2,True,True,False,False,False,False,False
57.888012,329,1495.482245,True,2,True,True,True,True,True,True,True
-6.341818,500,1496.753021,False,2,False,True,False,False,False,False,False
-4.954171,500,1498.005327,False,2,True,False,False,False,False,False,False
63.045037,332,1499.081905,True,2,True,True,True,True,True,True,True
-4.887065,500,1500.333976,False,2,True,False,False,False,False,False,False
57.991232,332,1501.357353,True,2,True,True,True,True,True,True,True
-4.941703,500,1502.614779,False,2,True,False,False,False,False,False,False
-4.933018,500,1503.86752,False,2,True,False,False,False,False,False,False
-4.851292,500,1505.16392,False,2,False,False,False,False,False,False,False
-6.323149,500,1506.444617,False,2,False,True,False,False,False,False,False
-3.226586,500,1507.810034,False,2,True,True,True,False,False,False,False
-6.292897,500,1509.074472,False,2,True,True,False,False,False,False,False
-4.301014,500,1510.400594,False,2,True,True,True,False,False,False,False
57.901947,322,1511.382803,True,2,True,True,True,True,True,True,True
-4.916357,500,1512.628186,False,2,False,False,False,False,False,False,False
-4.90129,500,1513.869315,False,2,False,False,False,False,False,False,False
-5.008684,500,1515.155538,False,2,True,False,False,False,False,False,False
57.790387,332,1516.176127,True,2,True,True,True,True,True,True,True
-4.863997,500,1517.419325,False,2,True,False,False,False,False,False,False
-4.99847,500,1518.675692,False,2,True,False,False,False,False,False,False
-4.995151,500,1519.935056,False,2,False,False,False,False,False,False,False
-6.342302,500,1521.247453,False,2,True,True,False,False,False,False,False
-4.2526,500,1522.539362,False,2,True,True,True,False,False,False,False
-6.314912,500,1523.805948,False,2,False,True,False,False,False,False,False
-3.183613,500,1525.17802,False,2,True,True,True,False,False,False,False
-5.114128,500,1526.467869,False,2,True,False,False,False,False,False,False
-3.681181,500,1527.812356,False,2,True,True,True,False,False,False,False
-6.283671,500,1529.088535,False,2,True,True,False,False,False,False,False
-6.319813,500,1530.360799,False,2,False,True,False,False,False,False,False
-2.557093,500,1531.816953,False,2,True,True,True,False,False,False,False
-4.236588,500,1533.099622,False,2,True,True,True,False,False,False,False
-4.955332,500,1534.347125,False,2,True,False,False,False,False,False,False
-4.970583,500,1535.589602,False,2,True,False,False,False,False,False,False
-3.183835,500,1587.775464,False,2,True,True,True,False,False,False,False
-4.888298,500,1589.017076,False,2,True,False,False,False,False,False,False
57.993039,332,1590.037732,True,2,True,True,True,True,True,True,True
-6.331092,500,1591.311072,False,2,False,True,False,False,False,False,False
-2.257007,500,1592.760531,False,2,True,True,True,False,False,False,False
-4.880491,500,1594.010046,False,2,True,False,False,False,False,False,False
-6.277714,500,1595.285686,False,2,True,True,False,False,False,False,False
-4.954866,500,1596.531766,False,2,True,False,False,False,False,False,False
-4.265515,500,1597.901027,False,2,True,True,True,False,False,False,False
57.956307,332,1598.921422,True,2,True,True,True,True,True,True,True
-6.328453,500,1600.199937,False,2,True,True,False,False,False,False,False
-3.922187,500,1601.533274,False,2,True,True,True,False,False,False,False
-4.915733,500,1602.779239,False,2,True,False,False,False,False,False,False
-3.920266,500,1604.171317,False,2,True,True,True,False,False,False,False
-4.858649,500,1605.418123,False,2,True,False,False,False,False,False,False
-3.84251,500,1606.751607,False,2,True,True,True,False,False,False,False
-4.818938,500,1608.000347,False,2,False,False,False,False,False,False,False
-6.325722,500,1609.328358,False,2,True,True,False,False,False,False,False
-3.706485,500,1610.673418,False,2,True,True,True,False,False,False,False
-4.299055,500,1611.97084,False,2,True,True,True,False,False,False,False
-4.222244,500,1613.293251,False,2,True,True,True,False,False,False,False
54.963489,319,1614.355918,True,2,True,True,True,False,False,True,True
-2.995591,500,1615.736056,False,2,True,True,True,False,False,False,False
59.859583,302,1616.644375,True,2,True,True,True,False,False,True,True
-4.9973,500,1617.896046,False,2,True,False,False,False,False,False,False
-4.849296,500,1619.145328,False,2,True,False,False,False,False,False,False
-4.997767,500,1620.470822,False,2,True,False,False,False,False,False,False
-6.357461,500,1621.751843,False,2,True,True,False,False,False,False,False
58.018976,332,1622.776247,True,2,True,True,True,True,True,True,True
-6.304065,500,1624.055481,False,2,False,True,False,False,False,False,False
62.889678,332,1625.08603,True,2,True,True,True,True,True,True,True
-4.819453,500,1626.373378,False,2,True,False,False,False,False,False,False
-4.907788,500,1627.621317,False,2,False,False,False,False,False,False,False
-4.98238,500,1628.876101,False,2,True,False,False,False,False,False,False
-6.279338,500,1630.152266,False,2,True,True,False,False,False,False,False
-4.862248,500,1631.438291,False,2,False,False,False,False,False,False,False
-4.296921,500,1632.731099,False,2,True,True,True,False,False,False,False
-5.167214,500,1633.982254,False,2,False,False,False,False,False,False,False
-4.320862,500,1635.313276,False,2,True,True,True,False,False,False,False
-4.994515,500,1636.647529,False,2,True,False,False,False,False,False,False
-5.027106,500,1637.932768,False,2,False,False,False,False,False,False,False
3.142738,500,1639.402666,False,2,True,True,True,False,False,False,False
-4.827105,500,1640.650233,False,2,False,False,False,False,False,False,False
-4.482943,500,1642.027683,False,2,True,True,True,False,False,False,False
-4.219939,500,1643.333231,False,2,True,True,True,False,False,False,False
-4.289806,500,1644.633607,False,2,True,True,True,False,False,False,False
-6.29411,500,1645.920287,False,2,True,True,False,False,False,False,False
-4.869921,500,1647.263637,False,2,True,False,False,False,False,False,False
-2.383863,500,1648.668971,False,2,True,True,True,False,False,False,False
-6.347649,500,1649.951525,False,2,False,True,False,False,False,False,False
-4.837708,500,1651.196732,False,2,False,False,False,False,False,False,False
-4.976775,500,1652.565976,False,2,False,False,False,False,False,False,False
-4.875965,500,1704.40982,False,2,True,False,False,False,False,False,False
-4.890578,500,1705.651484,False,2,False,False,False,False,False,False,False
-2.929002,500,1707.029358,False,2,True,True,True,False,False,False,False
-6.300672,500,1708.337345,False,2,True,True,False,False,False,False,False
-2.41742,500,1709.729595,False,2,True,True,True,False,False,False,False
-4.288612,500,1711.016122,False,2,True,True,True,False,False,False,False
-4.22322,500,1712.317086,False,2,True,True,True,False,False,False,False
-4.252045,500,1713.667011,False,2,True,True,True,False,False,False,False
-4.277762,500,1714.97759,False,2,True,True,True,False,False,False,False
-2.989556,500,1716.34543,False,2,True,True,True,False,False,False,False
-4.907338,500,1717.59269,False,2,True,False,False,False,False,False,False
-5.204897,500,1718.88365,False,2,True,False,False,False,False,False,False
-4.894057,500,1720.1298,False,2,False,False,False,False,False,False,False
-4.931237,500,1721.378407,False,2,True,False,False,False,False,False,False
-6.331747,500,1722.65415,False,2,True,True,False,False,False,False,False
-3.952906,500,1723.981018,False,2,True,True,True,False,False,False,False
-5.011773,500,1725.265617,False,2,False,False,False,False,False,False,False
-6.325032,500,1726.535018,False,2,True,True,False,False,False,False,False
-4.280036,500,1727.823113,False,2,True,True,True,False,False,False,False
-4.319271,500,1729.139668,False,2,True,True,True,False,False,False,False
-4.280674,500,1730.46298,False,2,True,True,True,False,False,False,False
-4.975603,500,1731.711917,False,2,False,False,False,False,False,False,False
-4.92932,500,1732.950099,False,2,False,False,False,False,False,False,False
-6.300681,500,1734.220724,False,2,True,True,False,False,False,False,False
-5.040793,500,1735.508786,False,2,True,False,False,False,False,False,False
-4.984664,500,1736.759083,False,2,True,False,False,False,False,False,False
57.896036,332,1737.780382,True,2,True,True,True,True,True,True,True
-6.331171,500,1739.053072,False,2,True,True,False,False,False,False,False
-4.268062,500,1740.38205,False,2,True,True,True,False,False,False,False
-4.937777,500,1741.621973,False,2,True,False,False,False,False,False,False
-4.276173,500,1742.915801,False,2,True,True,True,False,False,False,False
-5.101189,500,1744.158184,False,2,True,False,False,False,False,False,False
-3.005121,500,1745.566578,False,2,True,True,True,False,False,False,False
62.904734,332,1746.595126,True,2,True,True,True,True,True,True,True
-4.315091,500,1747.883862,False,2,True,True,True,False,False,False,False
-4.803838,500,1749.125405,False,2,False,False,False,False,False,False,False
-2.552602,500,1750.537246,False,2,True,True,True,False,False,False,False
-6.34907,500,1751.837342,False,2,True,True,False,False,False,False,False
-4.288926,500,1753.121077,False,2,True,True,True,False,False,False,False
-4.95135,500,1754.359221,False,2,False,False,False,False,False,False,False
-4.307571,500,1755.660064,False,2,True,True,True,False,False,False,False
63.043139,331,1756.721113,True,2,True,True,True,True,True,True,True
-6.308015,500,1757.989481,False,2,True,True,False,False,False,False,False
-4.910775,500,1759.239839,False,2,False,False,False,False,False,False,False
-4.948379,500,1760.481862,False,2,True,False,False,False,False,False,False
-4.967902,500,1761.764561,False,2,False,False,False,False,False,False,False
-4.925875,500,1763.005572,False,2,True,False,False,False,False,False,False
-3.370206,500,1764.363023,False,2,True,True,True,False,False,False,False
-6.322635,500,1765.646675,False,2,True,True,False,False,False,False,False
-4.920584,500,1766.925099,False,2,False,False,False,False,False,False,False
-6.428852,500,1768.190538,False,2,False,True,False,False,False,False,False
-4.888139,500,1817.579692,False,2,True,False,False,False,False,False,False
-4.741923,500,1818.83376,False,2,False,False,False,False,False,False,False
-4.27052,500,1820.311964,False,2,True,True,True,False,False,False,False
-6.321257,500,1821.580533,False,2,True,True,False,False,False,False,False
-2.584574,500,1822.975589,False,2,True,True,True,False,False,False,False
-6.322138,500,1824.252675,False,2,False,True,False,False,False,False,False
-3.989894,500,1825.706582,False,2,True,True,True,False,False,False,False
-4.259715,500,1827.087434,False,2,True,True,True,False,False,False,False
-5.017436,500,1828.397886,False,2,False,False,False,False,False,False,False
-4.789362,500,1829.677392,False,2,False,False,False,False,False,False,False
-6.358609,500,1831.001658,False,2,False,True,False,False,False,False,False
-2.731251,500,1832.623935,False,2,True,True,True,False,False,False,False
-5.025199,500,1833.907012,False,2,True,False,False,False,False,False,False
-4.895712,500,1835.147127,False,2,True,False,False,False,False,False,False
-3.030204,500,1836.51361,False,2,True,True,True,False,False,False,False
-4.266577,500,1837.8758,False,2,True,True,True,False,False,False,False
-4.872602,500,1839.126336,False,2,True,False,False,False,False,False,False
-6.364484,500,1840.400362,False,2,True,True,False,False,False,False,False
2.812849,500,1841.816916,False,2,True,True,True,False,False,False,False
-4.27921,500,1843.302566,False,2,True,True,True,False,False,False,False
-6.327555,500,1844.568558,False,2,False,True,False,False,False,False,False
-4.811712,500,1845.808277,False,2,False,False,False,False,False,False,False
-5.072877,500,1847.058429,False,2,True,False,False,False,False,False,False
-4.872212,500,1848.347323,False,2,True,False,False,False,False,False,False
1.227639,500,1849.808156,False,2,True,True,True,True,True,False,False
-4.923108,500,1851.04709,False,2,False,False,False,False,False,False,False
-4.943163,500,1852.289265,False,2,False,False,False,False,False,False,False
1.2911,500,1853.794518,False,2,True,True,True,True,True,False,False
-6.275105,500,1855.061328,False,2,True,True,False,False,False,False,False
-6.309242,500,1856.336667,False,2,False,True,False,False,False,False,False
-4.976639,500,1857.582308,False,2,False,False,False,False,False,False,False
-4.964689,500,1858.873748,False,2,True,False,False,False,False,False,False
-3.230705,500,1860.244475,False,2,True,True,True,False,False,False,False
1.2509,500,1861.705825,False,2,True,True,True,True,True,False,False
62.886293,331,1862.725235,True,2,True,True,True,True,True,True,True
-6.273614,500,1864.143687,False,2,True,True,False,False,False,False,False
-4.795659,500,1865.394361,False,2,False,False,False,False,False,False,False
-4.926503,500,1866.6431,False,2,True,False,False,False,False,False,False
-3.943336,500,1867.9734,False,2,True,True,True,False,False,False,False
-4.882246,500,1869.217569,False,2,True,False,False,False,False,False,False
-4.78812,500,1870.500815,False,2,False,False,False,False,False,False,False
-6.336462,500,1871.768546,False,2,False,True,False,False,False,False,False
-4.957798,500,1873.017019,False,2,True,False,False,False,False,False,False
-4.916284,500,1874.259793,False,2,False,False,False,False,False,False,False
-4.722573,500,1875.559795,False,2,True,False,False,False,False,False,False
-4.852703,500,1876.810629,False,2,True,False,False,False,False,False,False
-4.88029,500,1878.061315,False,2,True,False,False,False,False,False,False
57.837338,330,1879.068491,True,2,True,True,True,True,True,True,True
-4.347428,500,1880.41467,False,2,True,True,True,False,False,False,False
-4.925568,500,1881.653535,False,2,True,False,False,False,False,False,False
-5.021085,500,1882.893138,False,2,False,False,False,False,False,False,False
57.914856,332,1933.557808,True,2,True,True,True,True,True,True,True
-4.824951,500,1934.79994,False,2,True,False,False,False,False,False,False
-4.944034,500,1936.121821,False,2,True,False,False,False,False,False,False
-6.354483,500,1937.38913,False,2,False,True,False,False,False,False,False
-4.843245,500,1938.637025,False,2,True,False,False,False,False,False,False
-6.329012,500,1939.903991,False,2,True,True,False,False,False,False,False
57.969929,332,1940.96953,True,2,True,True,True,True,True,True,True
-4.234883,500,1942.272461,False,2,True,True,True,False,False,False,False
-6.363927,500,1943.537421,False,2,False,True,False,False,False,False,False
-4.264336,500,1944.825122,False,2,True,True,True,False,False,False,False
-4.260204,500,1946.15316,False,2,True,True,True,False,False,False,False
62.969859,332,1947.16835,True,2,True,True,True,True,True,True,True
57.959939,329,1948.173223,True,2,True,True,True,True,True,True,True
-4.926153,500,1949.416692,False,2,True,False,False,False,False,False,False
-4.827815,500,1950.661514,False,2,False,False,False,False,False,False,False
-6.35424,500,1951.982224,False,2,False,True,False,False,False,False,False
-6.330269,500,1953.249376,False,2,True,True,False,False,False,False,False
-5.038529,500,1954.494319,False,2,False,False,False,False,False,False,False
-4.817669,500,1955.740709,False,2,False,False,False,False,False,False,False
-3.750765,500,1957.139977,False,2,True,True,True,False,False,False,False
-6.38796,500,1958.410697,False,2,False,True,False,False,False,False,False
-3.830181,500,1959.756176,False,2,True,True,True,False,False,False,False
-6.288936,500,1961.028732,False,2,True,True,False,False,False,False,False
-4.871923,500,1962.318822,False,2,True,False,False,False,False,False,False
-2.894883,500,1963.706273,False,2,True,True,True,False,False,False,False
-4.921893,500,1964.958587,False,2,False,False,False,False,False,False,False
-4.820071,500,1966.206935,False,2,True,False,False,False,False,False,False
-4.831065,500,1967.504971,False,2,True,False,False,False,False,False,False
-6.363127,500,1968.770407,False,2,False,True,False,False,False,False,False
-6.338959,500,1970.041812,False,2,True,True,False,False,False,False,False
62.880736,331,1971.056087,True,2,True,True,True,True,True,True,True
-2.59726,500,1972.452758,False,2,True,True,True,False,False,False,False
-6.352246,500,1973.768231,False,2,True,True,False,False,False,False,False
57.954961,332,1974.78894,True,2,True,True,True,True,True,True,True
-4.899453,500,1976.046602,False,2,True,False,False,False,False,False,False
-6.36171,500,1977.324135,False,2,True,True,False,False,False,False,False
-4.965983,500,1978.613493,False,2,True,False,False,False,False,False,False
-4.869373,500,1979.850931,False,2,False,False,False,False,False,False,False
-4.301747,500,1981.140304,False,2,True,True,True,False,False,False,False
-4.508835,500,1982.448973,False,2,True,True,True,False,False,False,False
-4.995107,500,1983.746498,False,2,False,False,False,False,False,False,False
-6.300128,500,1985.023388,False,2,True,True,False,False,False,False,False
-3.406249,500,1986.377814,False,2,True,True,True,False,False,False,False
-5.202801,500,1987.632219,False,2,True,False,False,False,False,False,False
-4.850917,500,1988.918264,False,2,False,False,False,False,False,False,False
-6.296776,500,1990.197839,False,2,True,True,False,False,False,False,False
-6.288808,500,1991.466987,False,2,True,True,False,False,False,False,False
-6.312639,500,1992.739113,False,2,True,True,False,False,False,False,False
-2.24683,500,1994.189327,False,2,True,True,True,False,False,False,False
-4.800127,500,1995.449272,False,2,True,False,False,False,False,False,False
-5.024828,500,1996.68664,False,2,False,False,False,False,False,False,False
-6.324676,500,1997.956192,False,2,False,True,False,False,False,False,False
-6.311682,500,2048.700102,False,2,False,True,False,False,False,False,False
63.272135,309,2049.633396,True,2,True,True,True,True,True,True,True
-5.09033,500,2050.881364,False,2,False,False,False,False,False,False,False
-6.30713,500,2052.148207,False,2,True,True,False,False,False,False,False
-4.993557,500,2053.400906,False,2,True,False,False,False,False,False,False
-4.285173,500,2054.752111,False,2,True,True,True,False,False,False,False
-4.881927,500,2055.995776,False,2,True,False,False,False,False,False,False
6.18199,500,2057.460455,False,2,True,True,True,True,True,True,False
-4.840381,500,2058.706632,False,2,True,False,False,False,False,False,False
-6.315483,500,2060.11808,False,2,True,True,False,False,False,False,False
-4.868709,500,2061.356652,False,2,False,False,False,False,False,False,False
-6.2804,500,2062.628464,False,2,True,True,False,False,False,False,False
-4.909525,500,2063.873157,False,2,True,False,False,False,False,False,False
-5.220533,500,2065.176437,False,2,True,False,False,False,False,False,False
-3.715387,500,2066.514202,False,2,True,True,True,False,False,False,False
-6.344789,500,2067.792986,False,2,False,True,False,False,False,False,False
-4.87486,500,2069.035406,False,2,False,False,False,False,False,False,False
-6.278581,500,2070.335838,False,2,True,True,False,False,False,False,False
-6.362927,500,2071.600598,False,2,True,True,False,False,False,False,False
-4.975108,500,2072.853457,False,2,True,False,False,False,False,False,False
-4.903945,500,2074.096039,False,2,True,False,False,False,False,False,False
-3.666553,500,2075.476534,False,2,True,True,True,False,False,False,False
-4.262773,500,2076.764072,False,2,True,True,True,False,False,False,False
-6.298853,500,2078.036253,False,2,True,True,False,False,False,False,False
-4.938671,500,2079.277706,False,2,True,False,False,False,False,False,False
-4.922111,500,2080.556981,False,2,True,False,False,False,False,False,False
-3.991431,500,2081.891223,False,2,True,True,True,False,False,False,False
-6.315683,500,2083.164968,False,2,True,True,False,False,False,False,False
-6.336313,500,2084.433525,False,2,True,True,False,False,False,False,False
-5.120336,500,2085.721277,False,2,True,False,False,False,False,False,False
-4.976923,500,2086.966372,False,2,True,False,False,False,False,False,False
62.984848,331,2087.983259,True,2,True,True,True,True,True,True,True
-4.255852,500,2089.304118,False,2,True,True,True,False,False,False,False
-4.997361,500,2090.546702,False,2,True,False,False,False,False,False,False
-6.349704,500,2091.863892,False,2,False,True,False,False,False,False,False
-6.25222,500,2093.132416,False,2,True,True,False,False,False,False,False
-3.219811,500,2094.481264,False,2,True,True,True,False,False,False,False
-6.3195,500,2095.747403,False,2,True,True,False,False,False,False,False
-6.322147,500,2097.072599,False,2,True,True,False,False,False,False,False
-3.821867,500,2098.412294,False,2,True,True,True,False,False,False,False
-4.92282,500,2099.659826,False,2,True,False,False,False,False,False,False
-3.646461,500,2101.009004,False,2,True,True,True,False,False,False,False
-4.84051,500,2102.469716,False,2,False,False,False,False,False,False,False
-5.011847,500,2103.771722,False,2,True,False,False,False,False,False,False
-5.110102,500,2105.060917,False,2,True,False,False,False,False,False,False
-4.990832,500,2106.322496,False,2,False,False,False,False,False,False,False
-6.336046,500,2107.680182,False,2,False,True,False,False,False,False,False
-6.320725,500,2108.962552,False,2,True,True,False,False,False,False,False
-4.273462,500,2110.260634,False,2,True,True,True,False,False,False,False
-5.000455,500,2111.508277,False,2,True,False,False,False,False,False,False
-5.047061,500,2112.794545,False,2,True,False,False,False,False,False,False
-4.1682,500,2162.779494,False,2,True,True,True,False,False,False,False
-5.038777,500,2164.025254,False,2,True,False,False,False,False,False,False
-4.998815,500,2165.275187,False,2,True,False,False,False,False,False,False
-6.318711,500,2166.627826,False,2,False,True,False,False,False,False,False
-4.94946,500,2167.866909,False,2,False,False,False,False,False,False,False
-4.914808,500,2169.109104,False,2,True,False,False,False,False,False,False
-6.269697,500,2170.373327,False,2,True,True,False,False,False,False,False
-4.91657,500,2171.661001,False,2,False,False,False,False,False,False,False
-3.382145,500,2173.01691,False,2,True,True,True,False,False,False,False
-6.267268,500,2174.286034,False,2,True,True,False,False,False,False,False
-4.209731,500,2175.586662,False,2,True,True,True,False,False,False,False
-4.896913,500,2176.821835,False,2,False,False,False,False,False,False,False
-2.731422,500,2178.254213,False,2,True,True,True,False,False,False,False
-4.867977,500,2179.493583,False,2,True,False,False,False,False,False,False
-3.61371,500,2180.837535,False,2,True,True,True,False,False,False,False
-4.916807,500,2182.077554,False,2,True,False,False,False,False,False,False
-6.293322,500,2183.396229,False,2,True,True,False,False,False,False,False
-4.907966,500,2184.637928,False,2,False,False,False,False,False,False,False
-6.3368,500,2185.905128,False,2,True,True,False,False,False,False,False
-4.945256,500,2187.149942,False,2,True,False,False,False,False,False,False
-4.982474,500,2188.433973,False,2,False,False,False,False,False,False,False
-4.981166,500,2189.681001,False,2,False,False,False,False,False,False,False
-4.903678,500,2190.948804,False,2,True,False,False,False,False,False,False
-5.026432,500,2192.190041,False,2,False,False,False,False,False,False,False
-4.841566,500,2193.476758,False,2,False,False,False,False,False,False,False
63.039511,331,2194.493794,True,2,True,True,True,True,True,True,True
-2.88601,500,2195.868352,False,2,True,True,True,False,False,False,False
-4.911765,500,2197.106138,False,2,False,False,False,False,False,False,False
-4.887466,500,2198.387022,False,2,False,False,False,False,False,False,False
-4.764493,500,2199.638367,False,2,True,False,False,False,False,False,False
-4.928867,500,2200.893292,False,2,True,False,False,False,False,False,False
-4.918826,500,2202.14532,False,2,True,False,False,False,False,False,False
59.687868,304,2203.046081,True,2,True,True,True,False,False,True,True
-4.876116,500,2204.320075,False,2,False,False,False,False,False,False,False
-3.261272,500,2205.681997,False,2,True,True,True,False,False,False,False
-4.099131,500,2207.012973,False,2,True,True,True,False,False,False,False
-4.964373,500,2208.254919,False,2,True,False,False,False,False,False,False
-4.942316,500,2209.534357,False,2,False,False,False,False,False,False,False
-4.307618,500,2210.825381,False,2,True,True,True,False,False,False,False
-4.891785,500,2212.064533,False,2,False,False,False,False,False,False,False
-4.727365,500,2213.312866,False,2,False,False,False,False,False,False,False
-6.548439,500,2214.628478,False,2,True,True,False,False,False,False,False
-4.292725,500,2215.911668,False,2,True,True,True,False,False,False,False
-6.310489,500,2217.181708,False,2,True,True,False,False,False,False,False
-5.045323,500,2218.426809,False,2,True,False,False,False,False,False,False
-3.751265,500,2219.819707,False,2,True,True,True,False,False,False,False
-3.74177,500,2221.156404,False,2,True,True,True,False,False,False,False
-4.933296,500,2222.397946,False,2,False,False,False,False,False,False,False
-5.021825,500,2223.64626,False,2,False,False,False,False,False,False,False
-6.279938,500,2224.969376,False,2,True,True,False,False,False,False,False
-4.983844,500,2226.217537,False,2,True,False,False,False,False,False,False
57.942641,332,2277.627529,True,2,True,True,True,True,True,True,True
-4.981797,500,2278.873894,False,2,False,False,False,False,False,False,False
-4.204788,500,2280.181757,False,2,True,True,True,False,False,False,False
-4.30838,500,2281.510479,False,2,True,True,True,False,False,False,False
-4.108941,500,2282.839688,False,2,True,True,True,False,False,False,False
-3.345651,500,2284.197701,False,2,True,True,True,False,False,False,False
-5.067178,500,2285.453329,False,2,False,False,False,False,False,False,False
-3.419971,500,2286.860937,False,2,True,True,True,False,False,False,False
-6.328414,500,2288.135114,False,2,True,True,False,False,False,False,False
-6.338249,500,2289.412586,False,2,True,True,False,False,False,False,False
-4.28787,500,2290.698757,False,2,True,True,True,False,False,False,False
-6.354269,500,2292.020046,False,2,True,True,False,False,False,False,False
-4.765294,500,2293.271137,False,2,False,False,False,False,False,False,False
-4.986786,500,2294.519362,False,2,True,False,False,False,False,False,False
-4.953232,500,2295.76856,False,2,True,False,False,False,False,False,False
-4.863491,500,2297.052614,False,2,False,False,False,False,False,False,False
6.027641,500,2298.507644,False,2,True,True,True,True,True,True,False
-6.340893,500,2299.789531,False,2,True,True,False,False,False,False,False
-4.89787,500,2301.0293,False,2,False,False,False,False,False,False,False
-6.328474,500,2302.342366,False,2,True,True,False,False,False,False,False
57.897075,332,2303.369121,True,2,True,True,True,True,True,True,True
-6.290789,500,2304.636985,False,2,True,True,False,False,False,False,False
-4.907998,500,2305.881497,False,2,True,False,False,False,False,False,False
57.975366,332,2306.902856,True,2,True,True,True,True,True,True,True
-4.328994,500,2308.243779,False,2,True,True,True,False,False,False,False
-4.941946,500,2309.491368,False,2,False,False,False,False,False,False,False
-4.002495,500,2310.816456,False,2,True,True,True,False,False,False,False
-3.938963,500,2312.148194,False,2,True,True,True,False,False,False,False
-3.266132,500,2313.548677,False,2,True,True,True,False,False,False,False
-4.911531,500,2314.791287,False,2,True,False,False,False,False,False,False
-3.733413,500,2316.141876,False,2,True,True,True,False,False,False,False
-6.341119,500,2317.424922,False,2,True,True,False,False,False,False,False
-4.330748,500,2318.748605,False,2,True,True,True,False,False,False,False
-5.131112,500,2319.999052,False,2,True,False,False,False,False,False,False
-4.944794,500,2321.236573,False,2,False,False,False,False,False,False,False
-4.837439,500,2322.484249,False,2,True,False,False,False,False,False,False
-4.318309,500,2323.859064,False,2,True,True,True,False,False,False,False
-5.168154,500,2325.109215,False,2,True,False,False,False,False,False,False
-3.676152,500,2326.450731,False,2,True,True,True,False,False,False,False
-4.987664,500,2327.694523,False,2,True,False,False,False,False,False,False
-4.886799,500,2329.081372,False,2,True,False,False,False,False,False,False
-4.820166,500,2330.333889,False,2,True,False,False,False,False,False,False
-6.350619,500,2331.602069,False,2,True,True,False,False,False,False,False
-3.280536,500,2332.95962,False,2,True,True,True,False,False,False,False
57.789413,331,2333.978527,True,2,True,True,True,True,True,True,True
-5.005382,500,2335.384675,False,2,False,False,False,False,False,False,False
-4.92095,500,2336.628808,False,2,True,False,False,False,False,False,False
-4.89746,500,2337.869844,False,2,False,False,False,False,False,False,False
-4.981794,500,2339.109998,False,2,True,False,False,False,False,False,False
-4.94642,500,2340.400527,False,2,True,False,False,False,False,False,False
-6.298749,500,2341.669662,False,2,True,True,False,False,False,False,False
-4.894037,500,2391.125472,False,2,True,False,False,False,False,False,False
-4.891524,500,2392.377014,False,2,True,False,False,False,False,False,False
-6.300338,500,2393.855881,False,2,True,True,False,False,False,False,False
-4.973955,500,2395.102595,False,2,False,False,False,False,False,False,False
-4.261568,500,2396.39335,False,2,True,True,True,False,False,False,False
-4.873852,500,2397.636666,False,2,False,False,False,False,False,False,False
-6.299924,500,2398.944707,False,2,True,True,False,False,False,False,False
-4.910503,500,2400.186567,False,2,True,False,False,False,False,False,False
57.920148,332,2401.203117,True,2,True,True,True,True,True,True,True
-4.897268,500,2402.44317,False,2,False,False,False,False,False,False,False
-4.894697,500,2403.727793,False,2,False,False,False,False,False,False,False
-4.393776,500,2405.020967,False,2,True,True,True,False,False,False,False
-5.004757,500,2406.268677,False,2,True,False,False,False,False,False,False
-3.976117,500,2407.601894,False,2,True,True,True,False,False,False,False
58.022554,332,2408.61828,True,2,True,True,True,True,True,True,True
-4.844603,500,2409.905444,False,2,False,False,False,False,False,False,False
-4.82363,500,2411.155241,False,2,True,False,False,False,False,False,False
-4.860096,500,2412.400278,False,2,True,False,False,False,False,False,False
-4.951882,500,2413.649878,False,2,True,False,False,False,False,False,False
54.526801,303,2414.691931,True,2,True,True,True,False,False,True,True
62.940647,332,2415.704496,True,2,True,True,True,True,True,True,True
-6.276391,500,2416.970068,False,2,True,True,False,False,False,False,False
-3.641061,500,2418.312357,False,2,True,True,True,False,False,False,False
-5.137663,500,2419.557888,False,2,True,False,False,False,False,False,False
-5.051898,500,2420.845479,False,2,True,False,False,False,False,False,False
-4.897775,500,2422.092812,False,2,False,False,False,False,False,False,False
-4.976229,500,2423.334957,False,2,True,False,False,False,False,False,False
-4.251551,500,2424.648241,False,2,True,True,True,False,False,False,False
-4.863018,500,2425.971515,False,2,True,False,False,False,False,False,False
-6.311526,500,2427.242309,False,2,True,True,False,False,False,False,False
-4.931029,500,2428.486231,False,2,False,False,False,False,False,False,False
57.998198,321,2429.459632,True,2,True,True,True,True,True,True,True
-4.953815,500,2430.750128,False,2,False,False,False,False,False,False,False
57.894809,332,2431.758081,True,2,True,True,True,True,True,True,True
-5.208779,500,2433.012527,False,2,True,False,False,False,False,False,False
-4.960163,500,2434.274172,False,2,True,False,False,False,False,False,False
1.167045,500,2435.741843,False,2,True,True,True,True,True,False,False
-6.336794,500,2437.04542,False,2,True,True,False,False,False,False,False
-6.303411,500,2438.324339,False,2,True,True,False,False,False,False,False
1.248316,500,2439.784071,False,2,True,True,True,True,True,False,False
-6.270455,500,2441.058403,False,2,True,True,False,False,False,False,False
-4.957891,500,2442.395352,False,2,False,False,False,False,False,False,False
-4.893697,500,2443.638425,False,2,True,False,False,False,False,False,False
-4.814109,500,2444.885538,False,2,False,False,False,False,False,False,False
-4.82239,500,2446.129362,False,2,True,False,False,False,False,False,False
-4.865678,500,2447.406672,False,2,False,False,False,False,False,False,False
-4.181365,500,2448.72539,False,2,True,True,True,False,False,False,False
-6.275262,500,2450.001351,False,2,True,True,False,False,False,False,False
-4.920339,500,2451.244376,False,2,True,False,False,False,False,False,False
-4.991321,500,2452.539502,False,2,False,False,False,False,False,False,False
58.058045,332,2453.557287,True,2,True,True,True,True,True,True,True
-6.313716,500,2454.830389,False,2,True,True,False,False,False,False,False
-5.04285,500,2507.013636,False,2,True,False,False,False,False,False,False
-2.615159,500,2508.469369,False,2,True,True,True,False,False,False,False
-6.35994,500,2509.755787,False,2,False,True,False,False,False,False,False
-4.997485,500,2511.006186,False,2,True,False,False,False,False,False,False
-4.954634,500,2512.2544,False,2,True,False,False,False,False,False,False
-4.269454,500,2513.589586,False,2,True,True,True,False,False,False,False
-4.730509,500,2514.843716,False,2,True,False,False,False,False,False,False
-4.977404,500,2516.085306,False,2,True,False,False,False,False,False,False
-2.969502,500,2517.451472,False,2,True,True,True,False,False,False,False
-4.991056,500,2518.699649,False,2,True,False,False,False,False,False,False
-5.043883,500,2519.992708,False,2,False,False,False,False,False,False,False
-3.969211,500,2521.322596,False,2,True,True,True,False,False,False,False
-4.949802,500,2522.56131,False,2,True,False,False,False,False,False,False
-3.796087,500,2523.900928,False,2,True,True,True,False,False,False,False
63.197608,304,2524.859187,True,2,True,True,True,True,True,True,True
-4.923227,500,2526.123732,False,2,False,False,False,False,False,False,False
-4.931728,500,2527.362471,False,2,False,False,False,False,False,False,False
-4.957219,500,2528.598178,False,2,False,False,False,False,False,False,False
63.064386,331,2529.650303,True,2,True,True,True,True,True,True,True
-5.005729,500,2530.891699,False,2,True,False,False,False,False,False,False
-4.972882,500,2532.136422,False,2,True,False,False,False,False,False,False
-4.862226,500,2533.372751,False,2,True,False,False,False,False,False,False
-4.32444,500,2534.65265,False,2,True,True,True,False,False,False,False
-4.889031,500,2535.953665,False,2,True,False,False,False,False,False,False
-3.50481,500,2537.303506,False,2,True,True,True,False,False,False,False
-5.056464,500,2538.543799,False,2,False,False,False,False,False,False,False
-6.354406,500,2539.804323,False,2,True,True,False,False,False,False,False
-3.917339,500,2541.337636,False,2,True,True,True,False,False,False,False
63.002265,331,2542.351951,True,2,True,True,True,True,True,True,True
-5.070887,500,2543.597561,False,2,True,False,False,False,False,False,False
-4.936903,500,2544.832541,False,2,True,False,False,False,False,False,False
-3.712545,500,2546.215806,False,2,True,True,True,False,False,False,False
-6.365459,500,2547.484651,False,2,False,True,False,False,False,False,False
-4.889201,500,2548.720933,False,2,False,False,False,False,False,False,False
-4.866246,500,2549.956333,False,2,True,False,False,False,False,False,False
-4.942189,500,2551.240191,False,2,False,False,False,False,False,False,False
-4.945204,500,2552.473571,False,2,False,False,False,False,False,False,False
-4.932589,500,2553.712729,False,2,False,False,False,False,False,False,False
-4.286498,500,2554.999101,False,2,True,True,True,False,False,False,False
-3.655648,500,2556.378004,False,2,True,True,True,False,False,False,False
-4.129301,500,2557.704257,False,2,True,True,True,False,False,False,False
-6.344985,500,2558.983039,False,2,True,True,False,False,False,False,False
-4.222043,500,2560.297832,False,2,True,True,True,False,False,False,False
-5.017674,500,2561.585338,False,2,True,False,False,False,False,False,False
-4.295271,500,2562.870793,False,2,True,True,True,False,False,False,False
-4.262067,500,2564.156525,False,2,True,True,True,False,False,False,False
-6.331638,500,2565.43635,False,2,True,True,False,False,False,False,False
-4.819942,500,2566.71942,False,2,True,False,False,False,False,False,False
-6.346348,500,2567.980954,False,2,False,True,False,False,False,False,False
-5.040084,500,2569.21999,False,2,False,False,False,False,False,False,False
-6.302204,500,2570.488688,False,2,True,True,False,False,False,False,False
-4.942542,500,2622.176901,False,2,True,False,False,False,False,False,False
-6.364039,500,2623.487133,False,2,False,True,False,False,False,False,False
-3.807959,500,2624.819188,False,2,True,True,True,False,False,False,False
-4.200274,500,2626.141504,False,2,True,True,True,False,False,False,False
-4.890412,500,2627.41061,False,2,True,False,False,False,False,False,False
-4.903537,500,2628.727121,False,2,True,False,False,False,False,False,False
-4.932345,500,2629.970403,False,2,True,False,False,False,False,False,False
-4.311105,500,2631.276601,False,2,True,True,True,False,False,False,False
-4.300343,500,2632.569029,False,2,True,True,True,False,False,False,False
-4.319676,500,2633.918823,False,2,True,True,True,False,False,False,False
57.937422,332,2634.936667,True,2,True,True,True,True,True,True,True
-5.00408,500,2636.181055,False,2,True,False,False,False,False,False,False
58.043587,332,2637.193424,True,2,True,True,True,True,True,True,True
-6.355558,500,2638.459997,False,2,True,True,False,False,False,False,False
-4.289615,500,2639.796244,False,2,True,True,True,False,False,False,False
-2.968,500,2641.16967,False,2,True,True,True,False,False,False,False
-3.331341,500,2642.51886,False,2,True,True,True,False,False,False,False
-4.294676,500,2643.824204,False,2,True,True,True,False,False,False,False
-4.951414,500,2645.112252,False,2,True,False,False,False,False,False,False
57.932615,331,2646.13506,True,2,True,True,True,True,True,True,True
-4.914482,500,2647.39149,False,2,True,False,False,False,False,False,False
-5.11454,500,2648.648124,False,2,True,False,False,False,False,False,False
-4.998018,500,2649.942901,False,2,True,False,False,False,False,False,False
-2.790579,500,2651.326273,False,2,True,True,True,False,False,False,False
-4.831001,500,2652.571761,False,2,True,False,False,False,False,False,False
-3.369582,500,2653.9241,False,2,True,True,True,False,False,False,False
-5.027528,500,2655.211416,False,2,False,False,False,False,False,False,False
-5.023351,500,2656.459275,False,2,True,False,False,False,False,False,False
-2.530775,500,2657.862906,False,2,True,True,True,False,False,False,False
-6.335006,500,2659.136384,False,2,False,True,False,False,False,False,False
-6.342902,500,2660.49575,False,2,True,True,False,False,False,False,False
-4.287987,500,2661.795819,False,2,True,True,True,False,False,False,False
-4.839174,500,2663.038774,False,2,False,False,False,False,False,False,False
-3.632181,500,2664.382988,False,2,True,True,True,False,False,False,False
-3.353969,500,2665.809348,False,2,True,True,True,False,False,False,False
-4.84099,500,2667.058181,False,2,False,False,False,False,False,False,False
57.873103,332,2668.086856,True,2,True,True,True,True,True,True,True
-6.375483,500,2669.350662,False,2,True,True,False,False,False,False,False
-6.345267,500,2670.625798,False,2,False,True,False,False,False,False,False
57.915873,332,2671.6946,True,2,True,True,True,True,True,True,True
-6.305539,500,2672.972713,False,2,True,True,False,False,False,False,False
-4.917675,500,2674.229798,False,2,True,False,False,False,False,False,False
-5.029563,500,2675.477231,False,2,False,False,False,False,False,False,False
-3.607742,500,2676.88315,False,2,True,True,True,False,False,False,False
-4.966942,500,2678.12455,False,2,True,False,False,False,False,False,False
-6.571958,500,2679.402437,False,2,True,True,False,False,False,False,False
-4.993449,500,2680.657462,False,2,True,False,False,False,False,False,False
-2.63819,500,2682.118179,False,2,True,True,True,False,False,False,False
-4.970082,500,2683.368238,False,2,True,False,False,False,False,False,False
-6.360346,500,2684.648853,False,2,True,True,False,False,False,False,False
-6.299779,500,2685.929968,False,2,True,True,False,False,False,False,False
-4.884047,500,2687.229578,False,2,True,False,False,False,False,False,False
-4.9469,500,2738.484861,False,2,True,False,False,False,False,False,False
-6.33123,500,2739.762427,False,2,True,True,False,False,False,False,False
58.021021,332,2740.780959,True,2,True,True,True,True,True,True,True
-4.062492,500,2742.115106,False,2,True,True,True,False,False,False,False
-6.336809,500,2743.429766,False,2,True,True,False,False,False,False,False
-4.885887,500,2744.672884,False,2,True,False,False,False,False,False,False
-4.256897,500,2745.959879,False,2,True,True,True,False,False,False,False
-6.338095,500,2747.243362,False,2,True,True,False,False,False,False,False
-3.626755,500,2748.631632,False,2,True,True,True,False,False,False,False
-6.286616,500,2749.901014,False,2,True,True,False,False,False,False,False
57.878122,331,2750.906777,True,2,True,True,True,True,True,True,True
-4.867764,500,2752.14778,False,2,True,False,False,False,False,False,False
-4.092558,500,2753.516821,False,2,True,True,True,False,False,False,False
-3.570418,500,2754.870521,False,2,True,True,True,False,False,False,False
57.90954,332,2755.893159,True,2,True,True,True,True,True,True,True
-4.851482,500,2757.138262,False,2,False,False,False,False,False,False,False
-6.31193,500,2758.405776,False,2,True,True,False,False,False,False,False
-4.289513,500,2759.760374,False,2,True,True,True,False,False,False,False
-5.006148,500,2761.00402,False,2,False,False,False,False,False,False,False
-2.808324,500,2762.386407,False,2,True,True,True,False,False,False,False
-3.163098,500,2763.753361,False,2,True,True,True,False,False,False,False
-6.365852,500,2765.06917,False,2,True,True,False,False,False,False,False
-4.876962,500,2766.321625,False,2,False,False,False,False,False,False,False
-4.862949,500,2767.584213,False,2,False,False,False,False,False,False,False
55.046006,308,2768.507471,True,2,True,True,True,True,False,True,True
-6.33247,500,2769.829754,False,2,False,True,False,False,False,False,False
-2.968482,500,2771.204527,False,2,True,True,True,False,False,False,False
-4.886538,500,2772.44504,False,2,True,False,False,False,False,False,False
-4.040439,500,2773.766043,False,2,True,True,True,False,False,False,False
-6.34095,500,2775.085172,False,2,True,True,False,False,False,False,False
54.792308,333,2776.103165,True,2,True,True,True,False,False,True,True
-4.222145,500,2777.418178,False,2,True,True,True,False,False,False,False
-1.819165,500,2778.879621,False,2,True,True,True,False,False,False,False
-6.341421,500,2780.153136,False,2,False,True,False,False,False,False,False
-4.984976,500,2781.442761,False,2,True,False,False,False,False,False,False
62.85975,332,2782.459959,True,2,True,True,True,True,True,True,True
-4.28648,500,2783.76271,False,2,True,True,True,False,False,False,False
-5.000583,500,2785.008288,False,2,False,False,False,False,False,False,False
-4.983201,500,2786.306696,False,2,False,False,False,False,False,False,False
-4.938756,500,2787.556171,False,2,True,False,False,False,False,False,False
-3.007654,500,2788.927834,False,2,True,True,True,False,False,False,False
-3.987717,500,2790.248383,False,2,True,True,True,False,False,False,False
-4.884415,500,2791.53343,False,2,True,False,False,False,False,False,False
-4.926081,500,2792.77495,False,2,False,False,False,False,False,False,False
-4.947481,500,2794.024938,False,2,True,False,False,False,False,False,False
-6.263402,500,2795.294664,False,2,True,True,False,False,False,False,False
-4.945983,500,2796.537168,False,2,True,False,False,False,False,False,False
-6.314066,500,2797.863573,False,2,True,True,False,False,False,False,False
-4.293952,500,2799.155897,False,2,True,True,True,False,False,False,False
-5.126893,500,2800.400904,False,2,True,False,False,False,False,False,False
-4.847697,500,2801.641487,False,2,False,False,False,False,False,False,False
-6.305078,500,2802.993335,False,2,True,True,False,False,False,False,False
-4.986654,500,2855.052827,False,2,False,False,False,False,False,False,False
-4.909221,500,2856.299633,False,2,False,False,False,False,False,False,False
-4.284277,500,2857.60858,False,2,True,True,True,False,False,False,False
-4.987346,500,2858.897414,False,2,True,False,False,False,False,False,False
-5.154151,500,2860.16503,False,2,False,False,False,False,False,False,False
-4.988234,500,2861.463076,False,2,True,False,False,False,False,False,False
-4.08904,500,2862.82796,False,2,True,True,True,False,False,False,False
-4.977736,500,2864.116976,False,2,True,False,False,False,False,False,False
-5.021371,500,2865.381992,False,2,False,False,False,False,False,False,False
-5.129501,500,2866.680798,False,2,True,False,False,False,False,False,False
-4.271508,500,2867.981672,False,2,True,True,True,False,False,False,False
-3.559886,500,2869.383011,False,2,True,True,True,False,False,False,False
54.828861,297,2870.273151,True,2,True,True,True,False,False,True,True
-4.974543,500,2871.520303,False,2,True,False,False,False,False,False,False
-5.011563,500,2872.766061,False,2,True,False,False,False,False,False,False
-4.221404,500,2874.13338,False,2,True,True,True,False,False,False,False
-6.366715,500,2875.410913,False,2,False,True,False,False,False,False,False
-4.976628,500,2876.650388,False,2,False,False,False,False,False,False,False
-4.879689,500,2877.901011,False,2,True,False,False,False,False,False,False
-5.162845,500,2879.18684,False,2,False,False,False,False,False,False,False
63.038729,332,2880.204899,True,2,True,True,True,True,True,True,True
-5.125325,500,2881.455001,False,2,False,False,False,False,False,False,False
-4.534061,500,2882.75192,False,2,True,True,True,False,False,False,False
62.972088,323,2883.73919,True,2,True,True,True,True,True,True,True
-4.85855,500,2885.063952,False,2,True,False,False,False,False,False,False
-4.880273,500,2886.30478,False,2,False,False,False,False,False,False,False
-4.9207,500,2887.552881,False,2,True,False,False,False,False,False,False
-5.055139,500,2888.80082,False,2,True,False,False,False,False,False,False
-3.475514,500,2890.23658,False,2,True,True,True,False,False,False,False
-5.045945,500,2891.487193,False,2,False,False,False,False,False,False,False
1.292016,500,2892.949187,False,2,True,True,True,True,True,False,False
-3.184423,500,2894.317697,False,2,True,True,True,False,False,False,False
-6.352721,500,2895.631198,False,2,False,True,False,False,False,False,False
62.894869,332,2896.649732,True,2,True,True,True,True,True,True,True
-4.863133,500,2897.900062,False,2,True,False,False,False,False,False,False
-4.995738,500,2899.150953,False,2,True,False,False,False,False,False,False
58.033453,332,2900.17496,True,2,True,True,True,True,True,True,True
-6.317018,500,2901.552461,False,2,True,True,False,False,False,False,False
-4.229621,500,2902.85345,False,2,True,True,True,False,False,False,False
-6.351805,500,2904.119243,False,2,True,True,False,False,False,False,False
-4.895017,500,2905.363866,False,2,False,False,False,False,False,False,False
-4.321015,500,2906.72889,False,2,True,True,True,False,False,False,False
-4.252092,500,2908.02268,False,2,True,True,True,False,False,False,False
-4.276956,500,2909.312199,False,2,True,True,True,False,False,False,False
-4.990145,500,2910.550391,False,2,False,False,False,False,False,False,False
-2.792436,500,2911.975499,False,2,True,True,True,False,False,False,False
-4.153818,500,2913.297517,False,2,True,True,True,False,False,False,False
-4.93914,500,2914.545621,False,2,True,False,False,False,False,False,False
-3.204183,500,2915.920301,False,2,True,True,True,False,False,False,False
57.824139,332,2916.93105,True,2,True,True,True,True,True,True,True
-3.470258,500,2918.321022,False,2,True,True,True,False,False,False,False
-4.943914,500,2919.564508,False,2,True,False,False,False,False,False,False
-4.912769,500,2971.071851,False,2,True,False,False,False,False,False,False
-6.361259,500,2972.344316,False,2,False,True,False,False,False,False,False
-4.851656,500,2973.648099,False,2,True,False,False,False,False,False,False
-4.281667,500,2974.949091,False,2,True,True,True,False,False,False,False
-3.225115,500,2976.306136,False,2,True,True,True,False,False,False,False
-6.295245,500,2977.57522,False,2,True,True,False,False,False,False,False
-2.809647,500,2979.00543,False,2,True,True,True,False,False,False,False
-4.855941,500,2980.25146,False,2,False,False,False,False,False,False,False
-4.931613,500,2981.491355,False,2,True,False,False,False,False,False,False
-4.258534,500,2982.783989,False,2,True,True,True,False,False,False,False
-6.358295,500,2984.09912,False,2,True,True,False,False,False,False,False
-4.964843,500,2985.349728,False,2,True,False,False,False,False,False,False
-5.157726,500,2986.595797,False,2,True,False,False,False,False,False,False
-4.31707,500,2987.868439,False,2,True,True,True,False,False,False,False
-4.049873,500,2989.254836,False,2,True,True,True,False,False,False,False
-4.05109,500,2990.58225,False,2,True,True,True,False,False,False,False
-4.241487,500,2991.894059,False,2,True,True,True,False,False,False,False
-5.007247,500,2993.134949,False,2,True,False,False,False,False,False,False
-4.828647,500,2994.413286,False,2,False,False,False,False,False,False,False
-4.995281,500,2995.651554,False,2,True,False,False,False,False,False,False
-3.449102,500,2996.996598,False,2,True,True,True,False,False,False,False
-6.317536,500,2998.267723,False,2,True,True,False,False,False,False,False
-6.31728,500,2999.579631,False,2,True,True,False,False,False,False,False
6.204874,500,3001.009448,False,2,True,True,True,True,True,True,False
-4.008127,500,3002.334131,False,2,True,True,True,False,False,False,False
-4.92656,500,3003.586933,False,2,True,False,False,False,False,False,False
-6.335727,500,3004.853399,False,2,True,True,False,False,False,False,False
-4.29298,500,3006.196001,False,2,True,True,True,False,False,False,False
-6.324729,500,3007.478568,False,2,True,True,False,False,False,False,False
-4.839008,500,3008.735622,False,2,True,False,False,False,False,False,False
-4.947232,500,3009.988185,False,2,True,False,False,False,False,False,False
-4.294315,500,3011.318457,False,2,True,True,True,False,False,False,False
54.364334,343,3012.323965,True,2,True,True,True,False,False,True,True
-4.262186,500,3013.614374,False,2,True,True,True,False,False,False,False
-4.682695,500,3014.857418,False,2,False,False,False,False,False,False,False
-4.870742,500,3016.142059,False,2,False,False,False,False,False,False,False
-2.861318,500,3017.522758,False,2,True,True,True,False,False,False,False
-3.074982,500,3018.89498,False,2,True,True,True,False,False,False,False
-4.94613,500,3020.136489,False,2,True,False,False,False,False,False,False
-6.34738,500,3021.442522,False,2,True,True,False,False,False,False,False
-3.458395,500,3022.798047,False,2,True,True,True,False,False,False,False
-6.348998,500,3024.077026,False,2,True,True,False,False,False,False,False
-4.259067,500,3025.394355,False,2,True,True,True,False,False,False,False
63.042153,332,3026.409478,True,2,True,True,True,True,True,True,True
-6.328256,500,3027.716638,False,2,True,True,False,False,False,False,False
-4.992913,500,3028.965412,False,2,True,False,False,False,False,False,False
-4.93559,500,3030.210637,False,2,True,False,False,False,False,False,False
-6.317706,500,3031.479836,False,2,True,True,False,False,False,False,False
-6.333918,500,3032.795541,False,2,True,True,False,False,False,False,False
-5.065253,500,3034.041146,False,2,True,False,False,False,False,False,False
-4.92745,500,3035.278913,False,2,False,False,False,False,False,False,False
-5.107577,500,3086.78826,False,2,False,False,False,False,False,False,False
58.027084,329,3087.851935,True,2,True,True,True,True,True,True,True
-4.266797,500,3089.148385,False,2,True,True,True,False,False,False,False
-4.835498,500,3090.398178,False,2,True,False,False,False,False,False,False
-6.350051,500,3091.663492,False,2,True,True,False,False,False,False,False
-6.306417,500,3092.984589,False,2,True,True,False,False,False,False,False
-5.067166,500,3094.231428,False,2,False,False,False,False,False,False,False
-4.872827,500,3095.472369,False,2,True,False,False,False,False,False,False
-6.316025,500,3096.751907,False,2,True,True,False,False,False,False,False
-4.912973,500,3098.03541,False,2,True,False,False,False,False,False,False
57.990469,332,3099.052497,True,2,True,True,True,True,True,True,True
-4.880323,500,3100.288788,False,2,False,False,False,False,False,False,False
-4.334848,500,3101.568523,False,2,True,True,True,False,False,False,False
-6.315679,500,3102.843757,False,2,True,True,False,False,False,False,False
-6.363305,500,3104.157173,False,2,True,True,False,False,False,False,False
-6.315014,500,3105.421993,False,2,True,True,False,False,False,False,False
-4.903108,500,3106.662131,False,2,True,False,False,False,False,False,False
-6.317221,500,3107.9337,False,2,True,True,False,False,False,False,False
-4.954762,500,3109.373473,False,2,True,False,False,False,False,False,False
-6.326768,500,3110.646429,False,2,True,True,False,False,False,False,False
-4.880583,500,3111.887861,False,2,True,False,False,False,False,False,False
-4.863245,500,3113.128012,False,2,False,False,False,False,False,False,False
-4.273961,500,3114.51413,False,2,True,True,True,False,False,False,False
-4.922236,500,3115.757459,False,2,False,False,False,False,False,False,False
-4.948581,500,3117.003717,False,2,True,False,False,False,False,False,False
-4.288118,500,3118.282932,False,2,True,True,True,False,False,False,False
-6.369531,500,3119.590686,False,2,True,True,False,False,False,False,False
-4.871634,500,3120.834817,False,2,False,False,False,False,False,False,False
-6.261483,500,3122.110426,False,2,True,True,False,False,False,False,False
62.954054,332,3123.134979,True,2,True,True,True,True,True,True,True
-4.945834,500,3124.432692,False,2,False,False,False,False,False,False,False
-4.820301,500,3125.694617,False,2,False,False,False,False,False,False,False
-4.896461,500,3126.963974,False,2,True,False,False,False,False,False,False
-4.947905,500,3128.239788,False,2,True,False,False,False,False,False,False
-3.349007,500,3129.614024,False,2,True,True,True,False,False,False,False
-4.104591,500,3131.005613,False,2,True,True,True,False,False,False,False
-6.346453,500,3132.277654,False,2,True,True,False,False,False,False,False
-6.355264,500,3133.550252,False,2,False,True,False,False,False,False,False
-6.347967,500,3134.837428,False,2,True,True,False,False,False,False,False
-4.231526,500,3136.17836,False,2,True,True,True,False,False,False,False
-4.249635,500,3137.469172,False,2,True,True,True,False,False,False,False
-5.102294,500,3138.714857,False,2,True,False,False,False,False,False,False
-6.317082,500,3139.985531,False,2,False,True,False,False,False,False,False
-4.273017,500,3141.351344,False,2,True,True,True,False,False,False,False
-6.328695,500,3142.618473,False,2,True,True,False,False,False,False,False
-4.310803,500,3143.926381,False,2,True,True,True,False,False,False,False
-3.911607,500,3145.253737,False,2,True,True,True,False,False,False,False
-3.983723,500,3146.604664,False,2,True,True,True,False,False,False,False
-6.308394,500,3147.879779,False,2,True,True,False,False,False,False,False
-3.431902,500,3149.232385,False,2,True,True,True,False,False,False,False
6.233207,500,3150.697503,False,2,True,True,True,True,True,True,False
-4.964064,500,3201.695445,False,2,True,False,False,False,False,False,False
-3.624766,500,3203.051028,False,2,True,True,True,False,False,False,False
-4.851986,500,3204.306219,False,2,True,False,False,False,False,False,False
-4.069757,500,3205.655994,False,2,True,True,True,False,False,False,False
-6.321163,500,3206.980946,False,2,True,True,False,False,False,False,False
-4.94744,500,3208.249337,False,2,True,False,False,False,False,False,False
-4.978606,500,3209.498842,False,2,True,False,False,False,False,False,False
57.950634,331,3210.506672,True,2,True,True,True,True,True,True,True
-3.943146,500,3211.873061,False,2,True,True,True,False,False,False,False
-6.325914,500,3213.139767,False,2,True,True,False,False,False,False,False
-6.292294,500,3214.405618,False,2,True,True,False,False,False,False,False
-4.938469,500,3215.645846,False,2,True,False,False,False,False,False,False
-4.788661,500,3216.882258,False,2,False,False,False,False,False,False,False
-4.94868,500,3218.167263,False,2,True,False,False,False,False,False,False
58.021814,331,3219.189615,True,2,True,True,True,True,True,True,True
-5.062327,500,3220.432131,False,2,True,False,False,False,False,False,False
-6.340852,500,3221.69661,False,2,True,True,False,False,False,False,False
-4.233612,500,3223.02926,False,2,True,True,True,False,False,False,False
-4.209835,500,3224.392674,False,2,True,True,True,False,False,False,False
-6.314599,500,3225.670831,False,2,True,True,False,False,False,False,False
-4.959174,500,3226.916735,False,2,True,False,False,False,False,False,False
-4.936805,500,3228.210055,False,2,False,False,False,False,False,False,False
-3.808593,500,3229.543515,False,2,True,True,True,False,False,False,False
-5.11674,500,3230.787964,False,2,True,False,False,False,False,False,False
-4.915373,500,3232.029298,False,2,False,False,False,False,False,False,False
-3.028763,500,3233.450484,False,2,True,True,True,False,False,False,False
-4.940603,500,3234.692868,False,2,True,False,False,False,False,False,False
-4.929576,500,3235.935309,False,2,False,False,False,False,False,False,False
-5.050025,500,3237.184707,False,2,True,False,False,False,False,False,False
-4.941354,500,3238.467048,False,2,False,False,False,False,False,False,False
-4.843513,500,3239.716845,False,2,False,False,False,False,False,False,False
-2.764014,500,3241.085476,False,2,True,True,True,False,False,False,False
-5.035639,500,3242.326303,False,2,False,False,False,False,False,False,False
-4.961253,500,3243.638913,False,2,True,False,False,False,False,False,False
1.200844,500,3245.103327,False,2,True,True,True,True,True,False,False
-4.248252,500,3246.425461,False,2,True,True,True,False,False,False,False
-4.961221,500,3247.666726,False,2,True,False,False,False,False,False,False
-6.277334,500,3249.142233,False,2,True,True,False,False,False,False,False
-6.330515,500,3250.412791,False,2,True,True,False,False,False,False,False
-4.23084,500,3251.701848,False,2,True,True,True,False,False,False,False
57.935731,332,3252.719711,True,2,True,True,True,True,True,True,True
-4.901921,500,3253.954238,False,2,False,False,False,False,False,False,False
-3.693676,500,3255.364323,False,2,True,True,True,False,False,False,False
-4.913299,500,3256.61317,False,2,True,False,False,False,False,False,False
63.084471,323,3257.593566,True,2,True,True,True,True,True,True,True
-6.331704,500,3258.864012,False,2,True,True,False,False,False,False,False
57.905805,332,3259.886697,True,2,True,True,True,True,True,True,True
-6.329611,500,3261.25542,False,2,True,True,False,False,False,False,False
-4.929912,500,3262.539707,False,2,True,False,False,False,False,False,False
-6.315072,500,3263.837346,False,2,True,True,False,False,False,False,False
-5.037389,500,3265.082997,False,2,True,False,False,False,False,False,False
-4.829957,500,3266.387539,False,2,False,False,False,False,False,False,False
-6.3839,500,3319.690115,False,2,False,True,False,False,False,False,False
-6.356503,500,3320.961462,False,2,True,True,False,False,False,False,False
-3.275095,500,3322.316812,False,2,True,True,True,False,False,False,False
-5.036225,500,3323.614513,False,2,True,False,False,False,False,False,False
-6.277912,500,3324.886557,False,2,True,True,False,False,False,False,False
-6.309892,500,3326.159133,False,2,True,True,False,False,False,False,False
-3.576237,500,3327.504887,False,2,True,True,True,False,False,False,False
-4.905151,500,3328.786119,False,2,False,False,False,False,False,False,False
-3.963486,500,3330.137588,False,2,True,True,True,False,False,False,False
-4.934586,500,3331.375686,False,2,False,False,False,False,False,False,False
-6.294288,500,3332.638793,False,2,True,True,False,False,False,False,False
-6.345046,500,3334.109986,False,2,True,True,False,False,False,False,False
-4.864329,500,3335.356746,False,2,True,False,False,False,False,False,False
-4.300456,500,3336.654867,False,2,True,True,True,False,False,False,False
-3.92288,500,3337.974784,False,2,True,True,True,False,False,False,False
57.902136,332,3339.046685,True,2,True,True,True,True,True,True,True
-4.103222,500,3340.372482,False,2,True,True,True,False,False,False,False
-3.936309,500,3341.703822,False,2,True,True,True,False,False,False,False
-6.340618,500,3342.966617,False,2,True,True,False,False,False,False,False
-4.870201,500,3344.213004,False,2,True,False,False,False,False,False,False
-4.980203,500,3345.500794,False,2,False,False,False,False,False,False,False
-4.21411,500,3346.818662,False,2,True,True,True,False,False,False,False
-4.848742,500,3348.068925,False,2,True,False,False,False,False,False,False
-4.204563,500,3349.384545,False,2,True,True,True,False,False,False,False
-2.787667,500,3350.877548,False,2,True,True,True,False,False,False,False
-4.860557,500,3352.116099,False,2,False,False,False,False,False,False,False
-4.240317,500,3353.440145,False,2,True,True,True,False,False,False,False
-4.262779,500,3354.760575,False,2,True,True,True,False,False,False,False
-3.025282,500,3356.210162,False,2,True,True,True,False,False,False,False
-5.243704,500,3357.462293,False,2,True,False,False,False,False,False,False
-4.881748,500,3358.727227,False,2,False,False,False,False,False,False,False
-4.819439,500,3359.998589,False,2,False,False,False,False,False,False,False
-4.889113,500,3361.459105,False,2,True,False,False,False,False,False,False
-6.32555,500,3362.772262,False,2,False,True,False,False,False,False,False
-2.403956,500,3364.193092,False,2,True,True,True,False,False,False,False
-4.933709,500,3365.446959,False,2,True,False,False,False,False,False,False
62.880797,332,3366.50528,True,2,True,True,True,True,True,True,True
-4.949499,500,3367.755299,False,2,True,False,False,False,False,False,False
-4.956347,500,3368.993709,False,2,False,False,False,False,False,False,False
-3.861795,500,3370.327633,False,2,True,True,True,False,False,False,False
-3.094852,500,3371.735914,False,2,True,True,True,False,False,False,False
-5.233698,500,3372.986396,False,2,False,False,False,False,False,False,False
-4.04896,500,3374.311885,False,2,True,True,True,False,False,False,False
-4.937453,500,3375.552289,False,2,True,False,False,False,False,False,False
-4.250576,500,3376.871605,False,2,True,True,True,False,False,False,False
-4.999119,500,3378.257406,False,2,True,False,False,False,False,False,False
-4.934584,500,3379.503763,False,2,False,False,False,False,False,False,False
-4.232376,500,3380.824397,False,2,True,True,True,False,False,False,False
-3.195151,500,3382.187592,False,2,True,True,True,False,False,False,False
-4.24851,500,3383.552104,False,2,True,True,True,False,False,False,False
-6.358179,500,3434.851365,False,2,False,True,False,False,False,False,False
63.006991,329,3435.864309,True,2,True,True,True,True,True,True,True
-4.308074,500,3437.175246,False,2,True,True,True,False,False,False,False
-5.010567,500,3438.467329,False,2,True,False,False,False,False,False,False
-4.030954,500,3439.79319,False,2,True,True,True,False,False,False,False
-4.859119,500,3441.041357,False,2,False,False,False,False,False,False,False
-5.133855,500,3442.289199,False,2,True,False,False,False,False,False,False
-4.906695,500,3443.60184,False,2,True,False,False,False,False,False,False
-4.953288,500,3444.8434,False,2,True,False,False,False,False,False,False
-6.277883,500,3446.125224,False,2,True,True,False,False,False,False,False
-4.234953,500,3447.42088,False,2,True,True,True,False,False,False,False
-4.947271,500,3448.705877,False,2,False,False,False,False,False,False,False
-4.840689,500,3449.948193,False,2,False,False,False,False,False,False,False
-4.921131,500,3451.1854,False,2,False,False,False,False,False,False,False
62.958037,332,3452.208889,True,2,True,True,True,True,True,True,True
-4.855701,500,3453.450986,False,2,True,False,False,False,False,False,False
-3.338353,500,3454.843553,False,2,True,True,True,False,False,False,False
-6.336657,500,3456.116813,False,2,True,True,False,False,False,False,False
-6.276062,500,3457.380017,False,2,True,True,False,False,False,False,False
-4.9581,500,3458.619933,False,2,True,False,False,False,False,False,False
-4.941437,500,3460.063968,False,2,False,False,False,False,False,False,False
-6.293355,500,3461.343047,False,2,True,True,False,False,False,False,False
-4.201782,500,3462.658795,False,2,True,True,True,False,False,False,False
-4.967735,500,3463.904985,False,2,True,False,False,False,False,False,False
-6.267133,500,3465.221078,False,2,True,True,False,False,False,False,False
-4.783115,500,3466.472163,False,2,True,False,False,False,False,False,False
-3.598943,500,3467.821571,False,2,True,True,True,False,False,False,False
-5.020697,500,3469.07371,False,2,True,False,False,False,False,False,False
-4.930989,500,3470.376706,False,2,True,False,False,False,False,False,False
-4.811395,500,3471.617942,False,2,True,False,False,False,False,False,False
-6.33544,500,3472.88599,False,2,True,True,False,False,False,False,False
-6.283413,500,3474.154574,False,2,True,True,False,False,False,False,False
-4.297271,500,3475.49673,False,2,True,True,True,False,False,False,False
-4.955431,500,3476.747229,False,2,True,False,False,False,False,False,False
58.035232,331,3477.762278,True,2,True,True,True,True,True,True,True
-6.356924,500,3479.027277,False,2,False,True,False,False,False,False,False
-4.94021,500,3480.317564,False,2,True,False,False,False,False,False,False
-5.015943,500,3481.56165,False,2,False,False,False,False,False,False,False
-6.352718,500,3482.825854,False,2,True,True,False,False,False,False,False
-6.275581,500,3484.095772,False,2,True,True,False,False,False,False,False
-4.883614,500,3485.339956,False,2,True,False,False,False,False,False,False
-4.923567,500,3486.683085,False,2,True,False,False,False,False,False,False
-4.22671,500,3488.011846,False,2,True,True,True,False,False,False,False
-4.260765,500,3489.309248,False,2,True,True,True,False,False,False,False
-4.858519,500,3490.605272,False,2,False,False,False,False,False,False,False
-6.317239,500,3491.994295,False,2,True,True,False,False,False,False,False
-6.355706,500,3493.271549,False,2,False,True,False,False,False,False,False
-6.325469,500,3494.543257,False,2,False,True,False,False,False,False,False
57.867893,331,3495.555382,True,2,True,True,True,True,True,True,True
-3.620574,500,3497.066789,False,2,True,True,True,False,False,False,False
-4.07474,500,3498.399656,False,2,True,True,True,False,False,False,False
-4.293801,500,3499.682728,False,2,True,True,True,False,False,False,False
-4.880868,500,3549.951458,False,2,True,False,False,False,False,False,False
-5.01438,500,3551.249746,False,2,False,False,False,False,False,False,False
-6.269214,500,3552.523574,False,2,True,True,False,False,False,False,False
-3.377489,500,3553.871743,False,2,True,True,True,False,False,False,False
-4.871757,500,3555.113256,False,2,True,False,False,False,False,False,False
54.982829,308,3556.04108,True,2,True,True,True,True,False,True,True
-5.012596,500,3557.331836,False,2,True,False,False,False,False,False,False
-6.3721,500,3558.60203,False,2,False,True,False,False,False,False,False
-4.97402,500,3559.839728,False,2,True,False,False,False,False,False,False
-4.30363,500,3561.130553,False,2,True,True,True,False,False,False,False
-4.9864,500,3562.419303,False,2,False,False,False,False,False,False,False
-4.941752,500,3563.667309,False,2,False,False,False,False,False,False,False
-4.883668,500,3564.906126,False,2,False,False,False,False,False,False,False
-4.930591,500,3566.146035,False,2,True,False,False,False,False,False,False
-4.54278,500,3567.488134,False,2,True,True,True,False,False,False,False
-5.018759,500,3568.731496,False,2,True,False,False,False,False,False,False
-6.332474,500,3569.995387,False,2,False,True,False,False,False,False,False
-6.317415,500,3571.271878,False,2,True,True,False,False,False,False,False
-6.316603,500,3572.581817,False,2,False,True,False,False,False,False,False
-4.293741,500,3573.872545,False,2,True,True,True,False,False,False,False
-5.04332,500,3575.116168,False,2,True,False,False,False,False,False,False
-3.582864,500,3576.463142,False,2,True,True,True,False,False,False,False
58.076419,305,3577.421686,True,2,True,True,True,True,True,True,True
-4.904492,500,3578.661609,False,2,False,False,False,False,False,False,False
-6.351556,500,3579.932691,False,2,False,True,False,False,False,False,False
-4.954157,500,3581.17115,False,2,True,False,False,False,False,False,False
-4.315965,500,3582.462729,False,2,True,True,True,False,False,False,False
-4.963297,500,3583.748069,False,2,True,False,False,False,False,False,False
-6.352582,500,3585.022951,False,2,True,True,False,False,False,False,False
-4.988463,500,3586.261241,False,2,True,False,False,False,False,False,False
-4.259415,500,3587.575701,False,2,True,True,True,False,False,False,False
-3.488883,500,3588.95887,False,2,True,True,True,False,False,False,False
-5.015044,500,3590.211067,False,2,True,False,False,False,False,False,False
-4.818033,500,3591.469212,False,2,True,False,False,False,False,False,False
-3.878361,500,3592.805713,False,2,True,True,True,False,False,False,False
-4.966193,500,3594.098529,False,2,False,False,False,False,False,False,False
-4.972734,500,3595.345578,False,2,False,False,False,False,False,False,False
-4.981233,500,3596.593694,False,2,True,False,False,False,False,False,False
-6.334409,500,3597.863746,False,2,True,True,False,False,False,False,False
57.972637,323,3598.891848,True,2,True,True,True,True,True,True,True
-4.945932,500,3600.141027,False,2,False,False,False,False,False,False,False
-4.912028,500,3601.391997,False,2,True,False,False,False,False,False,False
-4.960414,500,3602.669584,False,2,True,False,False,False,False,False,False
-6.264853,500,3603.980453,False,2,True,True,False,False,False,False,False
-6.32837,500,3605.259931,False,2,True,True,False,False,False,False,False
-4.935897,500,3606.496983,False,2,False,False,False,False,False,False,False
-4.018587,500,3607.818846,False,2,True,True,True,False,False,False,False
62.862821,333,3608.836433,True,2,True,True,True,True,True,True,True
-4.913254,500,3610.163438,False,2,True,False,False,False,False,False,False
-3.380189,500,3611.520079,False,2,True,True,True,False,False,False,False
-4.940992,500,3612.77951,False,2,True,False,False,False,False,False,False
-4.910577,500,3663.224907,False,2,False,False,False,False,False,False,False
-4.178451,500,3664.598527,False,2,True,True,True,False,False,False,False
-4.912933,500,3665.853141,False,2,True,False,False,False,False,False,False
57.959026,332,3666.899988,True,2,True,True,True,True,True,True,True
-5.011088,500,3668.151908,False,2,False,False,False,False,False,False,False
-6.34942,500,3669.476121,False,2,True,True,False,False,False,False,False
-4.972584,500,3670.725652,False,2,True,False,False,False,False,False,False
-4.79125,500,3671.972556,False,2,True,False,False,False,False,False,False
-4.877831,500,3673.215193,False,2,False,False,False,False,False,False,False
-4.909031,500,3674.500212,False,2,True,False,False,False,False,False,False
-5.060769,500,3675.74788,False,2,False,False,False,False,False,False,False
-4.110647,500,3677.077805,False,2,True,True,True,False,False,False,False
-3.592861,500,3678.434373,False,2,True,True,True,False,False,False,False
-4.267348,500,3679.893957,False,2,True,True,True,False,False,False,False
-4.970928,500,3681.135823,False,2,False,False,False,False,False,False,False
-4.856766,500,3682.377518,False,2,True,False,False,False,False,False,False
-6.303945,500,3683.639465,False,2,True,True,False,False,False,False,False
-4.94413,500,3684.882473,False,2,True,False,False,False,False,False,False
-6.268707,500,3686.190023,False,2,True,True,False,False,False,False,False
-6.353755,500,3687.468231,False,2,False,True,False,False,False,False,False
-5.023838,500,3688.715389,False,2,False,False,False,False,False,False,False
-6.326138,500,3689.991367,False,2,True,True,False,False,False,False,False
57.971574,332,3691.064102,True,2,True,True,True,True,True,True,True
-6.291854,500,3692.334176,False,2,True,True,False,False,False,False,False
1.319648,500,3693.799746,False,2,True,True,True,True,True,False,False
-4.882147,500,3695.039006,False,2,False,False,False,False,False,False,False
-6.356632,500,3696.355685,False,2,False,True,False,False,False,False,False
-4.264282,500,3697.654956,False,2,True,True,True,False,False,False,False
-4.254518,500,3698.959458,False,2,True,True,True,False,False,False,False
-4.833485,500,3700.205043,False,2,True,False,False,False,False,False,False
-5.005994,500,3701.49683,False,2,True,False,False,False,False,False,False
57.963877,324,3702.484936,True,2,True,True,True,True,True,True,True
-4.249406,500,3703.787188,False,2,True,True,True,False,False,False,False
-4.938805,500,3705.036532,False,2,True,False,False,False,False,False,False
-4.1175,500,3706.364146,False,2,True,True,True,False,False,False,False
-3.291767,500,3707.775587,False,2,True,True,True,False,False,False,False
-4.26003,500,3709.070553,False,2,True,True,True,False,False,False,False
-5.039836,500,3710.320155,False,2,True,False,False,False,False,False,False
57.986886,332,3711.341917,True,2,True,True,True,True,True,True,True
59.986104,306,3712.320309,True,2,True,True,True,False,False,True,True
-2.789944,500,3713.710737,False,2,True,True,True,False,False,False,False
-4.851129,500,3714.953208,False,2,False,False,False,False,False,False,False
-5.082537,500,3716.202396,False,2,True,False,False,False,False,False,False
-4.319973,500,3717.482747,False,2,True,True,True,False,False,False,False
63.147865,307,3718.457438,True,2,True,True,True,True,True,True,True
62.84919,331,3719.470965,True,2,True,True,True,True,True,True,True
58.111371,319,3720.438559,True,2,True,True,True,True,True,True,True
-6.324843,500,3721.714453,False,2,True,True,False,False,False,False,False
-6.329325,500,3722.988211,False,2,True,True,False,False,False,False,False
-6.347025,500,3724.294374,False,2,True,True,False,False,False,False,False
-5.139574,500,3725.545335,False,2,False,False,False,False,False,False,False
-6.386821,500,3726.817659,False,2,False,True,False,False,False,False,False
-3.718405,500,3728.166777,False,2,True,True,True,False,False,False,False
57.921225,332,3779.543065,True,2,True,True,True,True,True,True,True
-4.782282,500,3780.793582,False,2,True,False,False,False,False,False,False
-4.177085,500,3782.119305,False,2,True,True,True,False,False,False,False
-6.354721,500,3783.398844,False,2,True,True,False,False,False,False,False
-4.135823,500,3784.764881,False,2,True,True,True,False,False,False,False
-5.112276,500,3786.015532,False,2,True,False,False,False,False,False,False
-4.891098,500,3787.287438,False,2,True,False,False,False,False,False,False
-4.994929,500,3788.547003,False,2,False,False,False,False,False,False,False
57.868137,332,3789.583301,True,2,True,True,True,True,True,True,True
-6.295242,500,3790.909323,False,2,True,True,False,False,False,False,False
-5.009363,500,3792.209902,False,2,True,False,False,False,False,False,False
-3.990977,500,3793.578546,False,2,True,True,True,False,False,False,False
-6.336834,500,3794.865615,False,2,True,True,False,False,False,False,False
-4.276495,500,3796.208805,False,2,True,True,True,False,False,False,False
-6.35683,500,3797.497407,False,2,True,True,False,False,False,False,False
-5.040948,500,3798.761743,False,2,False,False,False,False,False,False,False
-6.316632,500,3800.049333,False,2,True,True,False,False,False,False,False
-6.296112,500,3801.39085,False,2,True,True,False,False,False,False,False
-6.289792,500,3802.683233,False,2,True,True,False,False,False,False,False
-5.237982,500,3803.9473,False,2,True,False,False,False,False,False,False
-4.250661,500,3805.264045,False,2,True,True,True,False,False,False,False
-4.184354,500,3806.614674,False,2,True,True,True,False,False,False,False
-4.294886,500,3807.900463,False,2,True,True,True,False,False,False,False
-5.005904,500,3809.169327,False,2,False,False,False,False,False,False,False
-4.935709,500,3810.425033,False,2,True,False,False,False,False,False,False
-3.43769,500,3811.823659,False,2,True,True,True,False,False,False,False
-4.104371,500,3813.155363,False,2,True,True,True,False,False,False,False
58.035708,306,3814.080577,True,2,True,True,True,True,True,True,True
62.967581,331,3815.102206,True,2,True,True,True,True,True,True,True
-4.269121,500,3816.401466,False,2,True,True,True,False,False,False,False
-4.847739,500,3817.706114,False,2,True,False,False,False,False,False,False
-3.485914,500,3819.053431,False,2,True,True,True,False,False,False,False
-3.809437,500,3820.401982,False,2,True,True,True,False,False,False,False
-4.931373,500,3821.661923,False,2,False,False,False,False,False,False,False
57.966636,332,3822.727633,True,2,True,True,True,True,True,True,True
1.185523,500,3824.179013,False,2,True,True,True,True,True,False,False
-4.310272,500,3825.475206,False,2,True,True,True,False,False,False,False
-4.795542,500,3826.729399,False,2,True,False,False,False,False,False,False
-5.035877,500,3828.02954,False,2,True,False,False,False,False,False,False
-4.878127,500,3829.275319,False,2,False,False,False,False,False,False,False
-5.046247,500,3830.531229,False,2,True,False,False,False,False,False,False
-4.891238,500,3831.7917,False,2,False,False,False,False,False,False,False
-4.371911,500,3833.239115,False,2,True,True,True,False,False,False,False
-4.150235,500,3834.562457,False,2,True,True,True,False,False,False,False
-5.056731,500,3835.819602,False,2,True,False,False,False,False,False,False
58.008986,332,3836.83561,True,2,True,True,True,True,True,True,True
-4.927565,500,3838.077811,False,2,False,False,False,False,False,False,False
-4.876045,500,3839.371113,False,2,False,False,False,False,False,False,False
58.137536,306,3840.293885,True,2,True,True,True,True,True,True,True
-4.896858,500,3841.539788,False,2,True,False,False,False,False,False,False
57.923681,332,3842.562806,True,2,True,True,True,True,True,True,True
-4.955708,500,3843.806206,False,2,True,False,False,False,False,False,False
-4.985655,500,3845.094401,False,2,True,False,False,False,False,False,False
-4.271284,500,3895.802511,False,2,True,True,True,False,False,False,False
-6.318893,500,3897.074328,False,2,True,True,False,False,False,False,False
-4.219967,500,3898.379961,False,2,True,True,True,False,False,False,False
-4.998116,500,3899.666351,False,2,True,False,False,False,False,False,False
-4.301279,500,3900.953216,False,2,True,True,True,False,False,False,False
-4.978363,500,3902.192709,False,2,False,False,False,False,False,False,False
-3.164788,500,3903.549674,False,2,True,True,True,False,False,False,False
58.172784,321,3904.578603,True,2,True,True,True,True,True,True,True
58.07137,332,3905.599286,True,2,True,True,True,True,True,True,True
-4.885427,500,3906.849149,False,2,False,False,False,False,False,False,False
-2.482727,500,3908.265573,False,2,True,True,True,False,False,False,False
-4.29315,500,3909.575894,False,2,True,True,True,False,False,False,False
58.109491,314,3910.585773,True,2,True,True,True,True,True,True,True
-6.339045,500,3911.865829,False,2,True,True,False,False,False,False,False
-2.541648,500,3913.269862,False,2,True,True,True,False,False,False,False
-6.346135,500,3914.538337,False,2,True,True,False,False,False,False,False
-6.266022,500,3915.890335,False,2,True,True,False,False,False,False,False
-4.916562,500,3917.130456,False,2,True,False,False,False,False,False,False
-6.33178,500,3918.42777,False,2,True,True,False,False,False,False,False
-4.927144,500,3919.706837,False,2,True,False,False,False,False,False,False
-3.462044,500,3921.129948,False,2,True,True,True,False,False,False,False
-4.265014,500,3922.457415,False,2,True,True,True,False,False,False,False
-4.25505,500,3923.802019,False,2,True,True,True,False,False,False,False
-6.359066,500,3925.076945,False,2,True,True,False,False,False,False,False
-3.914104,500,3926.451899,False,2,True,True,True,False,False,False,False
-4.035811,500,3927.791727,False,2,True,True,True,False,False,False,False
-3.10317,500,3929.181843,False,2,True,True,True,False,False,False,False
-5.072896,500,3930.426151,False,2,False,False,False,False,False,False,False
-4.897051,500,3931.732663,False,2,True,False,False,False,False,False,False
-4.907491,500,3932.971334,False,2,False,False,False,False,False,False,False
-4.987689,500,3934.221288,False,2,True,False,False,False,False,False,False
-5.012608,500,3935.463931,False,2,False,False,False,False,False,False,False
-4.955769,500,3936.712409,False,2,True,False,False,False,False,False,False
-2.859495,500,3938.209682,False,2,True,True,True,False,False,False,False
62.963072,332,3939.223868,True,2,True,True,True,True,True,True,True
3.15708,500,3940.648229,False,2,True,True,True,True,False,True,False
-6.347073,500,3941.924946,False,2,True,True,False,False,False,False,False
-4.915522,500,3943.206857,False,2,False,False,False,False,False,False,False
-3.963685,500,3944.530363,False,2,True,True,True,False,False,False,False
-4.823192,500,3945.776058,False,2,True,False,False,False,False,False,False
-6.286343,500,3947.040925,False,2,True,True,False,False,False,False,False
-4.943447,500,3948.322531,False,2,False,False,False,False,False,False,False
-4.956106,500,3949.565247,False,2,False,False,False,False,False,False,False
-4.925913,500,3950.802438,False,2,True,False,False,False,False,False,False
-3.147316,500,3952.169777,False,2,True,True,True,False,False,False,False
-6.349527,500,3953.484802,False,2,False,True,False,False,False,False,False
-4.236229,500,3954.772207,False,2,True,True,True,False,False,False,False
-6.318317,500,3956.045298,False,2,False,True,False,False,False,False,False
-5.026658,500,3957.290143,False,2,True,False,False,False,False,False,False
57.996115,321,3958.265759,True,2,True,True,True,True,True,True,True
-4.891246,500,3959.586334,False,2,True,False,False,False,False,False,False
-4.88955,500,3960.830026,False,2,False,False,False,False,False,False,False
-3.805471,500,4012.746458,False,2,True,True,True,False,False,False,False
-6.321661,500,4014.017227,False,2,True,True,False,False,False,False,False
-5.002733,500,4015.309785,False,2,False,False,False,False,False,False,False
-4.926102,500,4016.59428,False,2,True,False,False,False,False,False,False
-6.278,500,4017.892249,False,2,True,True,False,False,False,False,False
-4.896792,500,4019.135346,False,2,False,False,False,False,False,False,False
-4.914036,500,4020.454032,False,2,True,False,False,False,False,False,False
-6.348244,500,4021.722323,False,2,True,True,False,False,False,False,False
-6.313156,500,4022.991589,False,2,True,True,False,False,False,False,False
62.913912,332,4024.017069,True,2,True,True,True,True,True,True,True
-5.059911,500,4025.306525,False,2,False,False,False,False,False,False,False
-6.309936,500,4026.575377,False,2,True,True,False,False,False,False,False
-4.840206,500,4027.819419,False,2,True,False,False,False,False,False,False
-4.812946,500,4029.061975,False,2,False,False,False,False,False,False,False
-5.032047,500,4030.515633,False,2,True,False,False,False,False,False,False
-4.919557,500,4031.762792,False,2,True,False,False,False,False,False,False
-6.382297,500,4033.035955,False,2,False,True,False,False,False,False,False
-5.000723,500,4034.297218,False,2,True,False,False,False,False,False,False
-4.904773,500,4035.63472,False,2,True,False,False,False,False,False,False
62.911438,332,4036.663293,True,2,True,True,True,True,True,True,True
-6.322934,500,4037.967958,False,2,True,True,False,False,False,False,False
-6.277681,500,4039.256911,False,2,True,True,False,False,False,False,False
-6.329852,500,4040.556839,False,2,False,True,False,False,False,False,False
-4.936189,500,4041.868697,False,2,True,False,False,False,False,False,False
-3.581751,500,4043.227608,False,2,True,True,True,False,False,False,False
57.84363,331,4044.249035,True,2,True,True,True,True,True,True,True
-6.31222,500,4045.529928,False,2,True,True,False,False,False,False,False
-4.975468,500,4046.825208,False,2,False,False,False,False,False,False,False
62.95852,331,4047.855224,True,2,True,True,True,True,True,True,True
-4.214909,500,4049.169392,False,2,True,True,True,False,False,False,False
-2.375395,500,4050.575214,False,2,True,True,True,False,False,False,False
-4.267157,500,4051.864514,False,2,True,True,True,False,False,False,False
-4.956901,500,4053.146788,False,2,True,False,False,False,False,False,False
-6.357424,500,4054.41102,False,2,True,True,False,False,False,False,False
-4.938233,500,4055.644558,False,2,True,False,False,False,False,False,False
-4.838881,500,4056.881526,False,2,True,False,False,False,False,False,False
-3.230951,500,4058.294173,False,2,True,True,True,False,False,False,False
-4.865401,500,4059.53109,False,2,True,False,False,False,False,False,False
57.908569,332,4060.547521,True,2,True,True,True,True,True,True,True
-6.322582,500,4061.817614,False,2,True,True,False,False,False,False,False
58.016831,332,4062.829597,True,2,True,True,True,True,True,True,True
-6.304003,500,4064.14211,False,2,True,True,False,False,False,False,False
-4.946083,500,4065.379073,False,2,True,False,False,False,False,False,False
-4.81846,500,4066.620817,False,2,True,False,False,False,False,False,False
-4.907632,500,4067.856429,False,2,True,False,False,False,False,False,False
-2.396181,500,4069.301348,False,2,True,True,True,False,False,False,False
-6.315211,500,4070.573694,False,2,True,True,False,False,False,False,False
-3.284618,500,4071.935192,False,2,True,True,True,False,False,False,False
-4.316831,500,4073.220674,False,2,True,True,True,False,False,False,False
-6.353863,500,4074.532471,False,2,True,True,False,False,False,False,False
-5.059231,500,4075.770267,False,2,False,False,False,False,False,False,False
-6.331422,500,4077.070148,False,2,False,True,False,False,False,False,False
-6.352342,500,4127.9704,False,2,False,True,False,False,False,False,False
-6.287234,500,4129.285393,False,2,True,True,False,False,False,False,False
-4.915314,500,4130.52912,False,2,True,False,False,False,False,False,False
-6.353276,500,4131.816054,False,2,True,True,False,False,False,False,False
-6.387375,500,4133.134039,False,2,False,True,False,False,False,False,False
-6.37232,500,4134.464814,False,2,True,True,False,False,False,False,False
-4.894675,500,4135.711565,False,2,True,False,False,False,False,False,False
57.938701,332,4136.728057,True,2,True,True,True,True,True,True,True
-4.942883,500,4137.967993,False,2,True,False,False,False,False,False,False
-4.912551,500,4139.280046,False,2,False,False,False,False,False,False,False
-6.290152,500,4140.550851,False,2,True,True,False,False,False,False,False
-4.186207,500,4141.868837,False,2,True,True,True,False,False,False,False
55.013354,307,4142.788433,True,2,True,True,True,True,False,True,True
58.150481,298,4143.6816,True,2,True,True,True,True,True,True,True
-4.242387,500,4145.042529,False,2,True,True,True,False,False,False,False
-5.011216,500,4146.294619,False,2,True,False,False,False,False,False,False
-3.913768,500,4147.636355,False,2,True,True,True,False,False,False,False
-4.92427,500,4148.876496,False,2,False,False,False,False,False,False,False
-3.64368,500,4150.255235,False,2,True,True,True,False,False,False,False
-6.333581,500,4151.537187,False,2,True,True,False,False,False,False,False
-6.295587,500,4152.807595,False,2,True,True,False,False,False,False,False
-4.296197,500,4154.090576,False,2,True,True,True,False,False,False,False
-5.056784,500,4155.335333,False,2,False,False,False,False,False,False,False
-6.281089,500,4156.645101,False,2,True,True,False,False,False,False,False
-4.970055,500,4157.887551,False,2,False,False,False,False,False,False,False
-4.883293,500,4159.12609,False,2,False,False,False,False,False,False,False
-4.903283,500,4160.373251,False,2,True,False,False,False,False,False,False
-4.798957,500,4161.758352,False,2,True,False,False,False,False,False,False
-5.030711,500,4163.008567,False,2,True,False,False,False,False,False,False
-4.806231,500,4164.255746,False,2,True,False,False,False,False,False,False
-4.243461,500,4165.56338,False,2,True,True,True,False,False,False,False
-4.953245,500,4166.861917,False,2,True,False,False,False,False,False,False
-6.280767,500,4168.138541,False,2,True,True,False,False,False,False,False
-2.82562,500,4169.516746,False,2,True,True,True,False,False,False,False
-3.341223,500,4170.866984,False,2,True,True,True,False,False,False,False
-5.097595,500,4172.156172,False,2,True,False,False,False,False,False,False
57.853226,332,4173.178018,True,2,True,True,True,True,True,True,True
-3.108594,500,4174.550104,False,2,True,True,True,False,False,False,False
-4.957802,500,4175.795135,False,2,True,False,False,False,False,False,False
-4.899662,500,4177.087568,False,2,False,False,False,False,False,False,False
54.781966,297,4177.968764,True,2,True,True,True,False,False,True,True
-4.91647,500,4179.204088,False,2,False,False,False,False,False,False,False
6.172052,500,4180.669807,False,2,True,True,True,True,True,True,False
-6.341672,500,4181.950115,False,2,False,True,False,False,False,False,False
-4.235828,500,4183.274493,False,2,True,True,True,False,False,False,False
-4.982092,500,4184.515064,False,2,True,False,False,False,False,False,False
-2.422557,500,4185.903997,False,2,True,True,True,False,False,False,False
-4.992591,500,4187.14754,False,2,False,False,False,False,False,False,False
-5.01052,500,4188.558787,False,2,True,False,False,False,False,False,False
-4.901805,500,4189.796704,False,2,False,False,False,False,False,False,False
-5.024758,500,4191.039758,False,2,False,False,False,False,False,False,False
-4.975745,500,4243.17708,False,2,True,False,False,False,False,False,False
57.942372,331,4244.217464,True,2,True,True,True,True,True,True,True
-4.986321,500,4245.463753,False,2,False,False,False,False,False,False,False
-6.309352,500,4246.733907,False,2,True,True,False,False,False,False,False
-6.36554,500,4248.003362,False,2,True,True,False,False,False,False,False
57.982096,332,4249.024388,True,2,True,True,True,True,True,True,True
-6.347199,500,4250.338202,False,2,True,True,False,False,False,False,False
-4.849636,500,4251.580907,False,2,True,False,False,False,False,False,False
-6.32308,500,4252.850299,False,2,True,True,False,False,False,False,False
-4.924756,500,4254.092857,False,2,False,False,False,False,False,False,False
63.099528,331,4255.149763,True,2,True,True,True,True,True,True,True
-3.823302,500,4256.48243,False,2,True,True,True,False,False,False,False
1.172896,500,4257.93474,False,2,True,True,True,True,True,False,False
58.08796,315,4258.888403,True,2,True,True,True,True,True,True,True
-4.2645,500,4260.206232,False,2,True,True,True,False,False,False,False
-4.748782,500,4261.498708,False,2,False,False,False,False,False,False,False
-4.828848,500,4262.740225,False,2,True,False,False,False,False,False,False
-3.074555,500,4264.108803,False,2,True,True,True,False,False,False,False
63.116686,327,4265.111896,True,2,True,True,True,True,True,True,True
-4.994254,500,4266.400228,False,2,False,False,False,False,False,False,False
-4.880717,500,4267.647073,False,2,False,False,False,False,False,False,False
-3.104497,500,4269.025568,False,2,True,True,True,False,False,False,False
-4.982726,500,4270.271097,False,2,True,False,False,False,False,False,False
-6.302215,500,4271.5968,False,2,True,True,False,False,False,False,False
-4.12189,500,4272.92882,False,2,True,True,True,False,False,False,False
-4.247144,500,4274.243878,False,2,True,True,True,False,False,False,False
-4.882178,500,4275.492881,False,2,False,False,False,False,False,False,False
-6.280611,500,4276.817241,False,2,True,True,False,False,False,False,False
-4.012669,500,4278.152851,False,2,True,True,True,False,False,False,False
-4.983293,500,4279.403831,False,2,True,False,False,False,False,False,False
-4.261437,500,4280.713455,False,2,True,True,True,False,False,False,False
-3.066177,500,4282.136712,False,2,True,True,True,False,False,False,False
6.228249,500,4283.612132,False,2,True,True,True,True,True,True,False
-4.864153,500,4284.857143,False,2,True,False,False,False,False,False,False
-4.877878,500,4286.104346,False,2,True,False,False,False,False,False,False
-4.928129,500,4287.392525,False,2,False,False,False,False,False,False,False
-4.968927,500,4288.643728,False,2,True,False,False,False,False,False,False
-6.298459,500,4289.913731,False,2,True,True,False,False,False,False,False
-3.44418,500,4291.264396,False,2,True,True,True,False,False,False,False
-4.293583,500,4292.562371,False,2,True,True,True,False,False,False,False
-4.065962,500,4293.92889,False,2,True,True,True,False,False,False,False
-4.264512,500,4295.224004,False,2,True,True,True,False,False,False,False
-4.863334,500,4296.466862,False,2,False,False,False,False,False,False,False
-4.932739,500,4297.707228,False,2,False,False,False,False,False,False,False
-4.358495,500,4299.026026,False,2,True,True,True,False,False,False,False
-4.797787,500,4300.270715,False,2,False,False,False,False,False,False,False
-4.973116,500,4301.513757,False,2,True,False,False,False,False,False,False
-3.409358,500,4302.869877,False,2,True,True,True,False,False,False,False
-2.471638,500,4304.319726,False,2,True,True,True,False,False,False,False
-2.882837,500,4305.702765,False,2,True,True,True,False,False,False,False
-4.871296,500,4306.946463,False,2,False,False,False,False,False,False,False
-5.113092,500,4308.192319,False,2,True,False,False,False,False,False,False
-6.345354,500,4358.726098,False,2,True,True,False,False,False,False,False
-3.439897,500,4360.086656,False,2,True,True,True,False,False,False,False
-4.264895,500,4361.386343,False,2,True,True,True,False,False,False,False
-4.277379,500,4362.675078,False,2,True,True,True,False,False,False,False
-3.253992,500,4364.223113,False,2,True,True,True,False,False,False,False
-6.351735,500,4365.496077,False,2,True,True,False,False,False,False,False
-4.276149,500,4366.80748,False,2,True,True,True,False,False,False,False
-4.941388,500,4368.047329,False,2,True,False,False,False,False,False,False
-4.930553,500,4369.344261,False,2,False,False,False,False,False,False,False
-4.915234,500,4370.582823,False,2,False,False,False,False,False,False,False
-4.898076,500,4371.833764,False,2,True,False,False,False,False,False,False
-4.946958,500,4373.079952,False,2,True,False,False,False,False,False,False
6.239681,500,4374.628243,False,2,True,True,True,True,True,False,False
-4.128694,500,4375.950699,False,2,True,True,True,False,False,False,False
-4.91236,500,4377.194539,False,2,True,False,False,False,False,False,False
-4.985158,500,4378.439471,False,2,True,False,False,False,False,False,False
58.070186,308,4379.365007,True,2,True,True,True,True,True,True,True
-2.414209,500,4380.819486,False,2,True,True,True,False,False,False,False
57.944652,332,4381.839688,True,2,True,True,True,True,True,True,True
-4.274026,500,4383.150374,False,2,True,True,True,False,False,False,False
-4.921962,500,4384.388224,False,2,True,False,False,False,False,False,False
-4.9699,500,4385.677152,False,2,False,False,False,False,False,False,False
63.163521,311,4386.616601,True,2,True,True,True,True,True,True,True
-4.303482,500,4387.901399,False,2,True,True,True,False,False,False,False
-5.005829,500,4389.14946,False,2,True,False,False,False,False,False,False
-4.870759,500,4390.392094,False,2,True,False,False,False,False,False,False
-4.255023,500,4391.73299,False,2,True,True,True,False,False,False,False
-4.774002,500,4392.977636,False,2,False,False,False,False,False,False,False
-4.990996,500,4394.231185,False,2,True,False,False,False,False,False,False
-4.310578,500,4395.544106,False,2,True,True,True,False,False,False,False
-5.031575,500,4396.826315,False,2,True,False,False,False,False,False,False
-4.290137,500,4398.12555,False,2,True,True,True,False,False,False,False
-4.376057,500,4399.421695,False,2,True,True,True,False,False,False,False
-5.011843,500,4400.665631,False,2,True,False,False,False,False,False,False
-4.926354,500,4401.946166,False,2,False,False,False,False,False,False,False
-5.000678,500,4403.196566,False,2,True,False,False,False,False,False,False
-6.268136,500,4404.471047,False,2,True,True,False,False,False,False,False
-4.994451,500,4405.715,False,2,False,False,False,False,False,False,False
-3.573493,500,4407.123554,False,2,True,True,True,False,False,False,False
-3.168785,500,4408.487582,False,2,True,True,True,False,False,False,False
-6.289873,500,4409.753014,False,2,True,True,False,False,False,False,False
-4.249319,500,4411.05622,False,2,True,True,True,False,False,False,False
-6.290588,500,4412.384736,False,2,True,True,False,False,False,False,False
-5.082318,500,4413.653219,False,2,False,False,False,False,False,False,False
-4.149151,500,4414.978121,False,2,True,True,True,False,False,False,False
-4.172902,500,4416.295934,False,2,True,True,True,False,False,False,False
-4.218385,500,4417.671885,False,2,True,True,True,False,False,False,False
-3.892906,500,4419.016144,False,2,True,True,True,False,False,False,False
-4.964557,500,4420.261802,False,2,True,False,False,False,False,False,False
-6.321366,500,4421.531726,False,2,True,True,False,False,False,False,False
-4.929178,500,4422.812046,False,2,False,False,False,False,False,False,False
