time/iterations,rollout/ep_len_mean,time/fps,time/time_elapsed,time/total_timesteps,rollout/success_rate,rollout/ep_rew_mean,train/explained_variance,train/entropy_loss,train/value_loss,train/learning_rate,train/std,train/demonstration_action_mse,train/clip_fraction,train/approx_kl,train/n_updates,train/policy_gradient_loss,train/clip_range,train/loss
1,409.25,355,5,2048,0.5,28.363837250000003,,,,,,,,,,,,
2,454.625,357,11,4096,0.25,11.621111000000003,-0.007797122001647949,9.460762977600098,19.227187156677246,1e-05,0.05000000447034836,8.351537343631588e-12,0.216796875,0.015857842,1,0.009115725755691528,0.2,11.060799598693848
3,472.0769230769231,369,16,6144,0.15384615384615385,4.930150846153849,-0.4130591154098511,9.460762977600098,0.507235124707222,1e-05,0.05000000447034836,1.4345042081281845e-12,0.130859375,0.008109771,2,0.015525137074291706,0.2,0.22533957660198212
4,478.6470588235294,374,21,8192,0.11764705882352941,2.693852176470589,-0.8080687522888184,9.460762977600098,0.5329465270042419,1e-05,0.05000000447034836,1.3875057786744138e-12,0.17447916666666666,0.011760008,3,0.005795212772985299,0.2,0.2351478934288025
5,482.7142857142857,377,27,10240,0.09523809523809523,1.2069944761904767,-0.7563459873199463,9.460762977600098,0.48309751600027084,1e-05,0.05000000447034836,1.0539616054905387e-12,0.177734375,0.012464764,4,0.0023884251713752747,0.2,0.24346989393234253
6,485.48,378,32,12288,0.08,0.2586152000000002,-0.5127502679824829,9.460762977600098,0.4786493447091844,1e-05,0.05000000447034836,3.1434000367924764e-12,0.1310763888888889,0.018185887,6,0.004235817015998893,0.2,0.21405169367790222
7,487.48275862068965,381,37,14336,0.06896551724137931,-0.5071341034482757,-0.384049654006958,9.460762977600098,0.598662406206131,1e-05,0.05000000447034836,1.833859670022364e-12,0.107421875,0.008064679,7,0.0012359493412077427,0.2,0.24297401309013367
8,489.0,382,42,16384,0.06060606060606061,-1.0894048484848486,-0.9009402990341187,9.460762977600098,0.3687301239241724,1e-05,0.05000000447034836,3.161703321027942e-12,0.11447010869565218,0.007095109,10,0.0011206287485749824,0.2,0.18939486145973206
9,490.18918918918916,382,48,18432,0.05405405405405406,-1.4939732162162165,-0.8891496658325195,9.460762977600098,0.3528394281864166,1e-05,0.05000000447034836,2.323327944961373e-12,0.1515625,0.010160345,11,0.002679663151502609,0.2,0.25557902455329895
10,491.1463414634146,382,53,20480,0.04878048780487805,-1.801222195121951,-0.3504704236984253,9.460762977600098,0.5153365160737718,1e-05,0.05000000447034836,9.938780701213012e-12,0.10133928571428572,0.013675368,16,-0.0012451599618153912,0.2,0.2870970666408539
11,491.93333333333334,382,58,22528,0.044444444444444446,-2.1362736888888887,-0.3642832040786743,9.460762977600098,0.39871259927749636,1e-05,0.05000000447034836,2.080323109956983e-12,0.10234375,0.0068785446,17,0.00265890508890152,0.2,0.28135257959365845
12,489.36,381,64,24576,0.06,-1.1516514599999998,-0.25981223583221436,9.460762977600098,0.5671947460908157,1e-05,0.05000000447034836,1.6991473332506057e-12,0.12590144230769232,0.013831842,19,0.001632393767627386,0.2,0.3703371286392212
13,490.14814814814815,381,69,26624,0.05555555555555555,-1.3893003518518514,-0.01246488094329834,9.460762977600098,11.373280933925084,1e-05,0.05000000447034836,1.923068475295775e-12,0.08705357142857142,0.006463837,20,-0.0015712446932281768,0.2,4.08062744140625
14,490.82758620689657,381,75,28672,0.05172413793103448,-1.6805716034482758,-0.29860949516296387,9.460762977600098,0.451496193537841,1e-05,0.05000000447034836,1.4933272717357338e-12,0.10673564189189189,0.00953807,25,0.0013231592932464304,0.2,0.32213839888572693
15,488.7096774193548,380,80,30720,0.06451612903225806,-0.7394418870967742,-0.22991108894348145,9.460762977600098,0.41819003453621495,1e-05,0.05000000447034836,2.8101904483990303e-12,0.11598557692307693,0.008926315,27,0.002266285654443961,0.2,0.18236330151557922
16,489.3939393939394,381,85,32768,0.06060606060606061,-1.015721015151515,-0.004430532455444336,9.460762977600098,12.922294616699219,1e-05,0.05000000447034836,1.3342515026854018e-12,0.09921875,0.0070216716,28,0.0029354289174079893,0.2,4.64199686050415
17,490.14084507042253,381,91,34816,0.056338028169014086,-1.3148086760563378,-0.43325960636138916,9.460762977600098,0.29697005450725555,1e-05,0.05000000447034836,3.908060507151756e-12,0.12265625,0.0084850425,29,0.005492512881755829,0.2,0.14899536967277527
18,490.6666666666667,381,96,36864,0.05333333333333334,-1.4853372533333333,-0.08129739761352539,9.460762977600098,0.5521426200866699,1e-05,0.05000000447034836,4.247695944981089e-12,0.115625,0.007971728,30,0.007183975540101528,0.2,0.3209039866924286
19,489.0126582278481,381,102,38912,0.06329113924050633,-0.7914137848101267,-0.09225594997406006,9.460762977600098,0.44475640058517457,1e-05,0.05000000447034836,4.913485850827071e-12,0.11328125,0.0071382327,31,-0.006235899776220322,0.2,0.21218004822731018
20,489.5421686746988,382,107,40960,0.060240963855421686,-0.9700399277108434,0.008979380130767822,9.460762977600098,15.257538032531738,1e-05,0.05000000447034836,9.398750224279273e-13,0.115625,0.00791833,32,0.005526959244161844,0.2,7.812955379486084
21,490.02298850574715,382,112,43008,0.05747126436781609,-1.1003728850574712,-0.30123937129974365,9.460762977600098,0.36128451994487215,1e-05,0.05000000447034836,1.7192371658258931e-12,0.11551339285714286,0.008516246,33,0.0017103015312126704,0.2,0.1635349839925766
22,488.7391304347826,382,117,45056,0.06521739130434782,-0.5852551304347825,-0.2761939764022827,9.460762977600098,0.44566356804635787,1e-05,0.05000000447034836,9.773007056401717e-13,0.125,0.015513844,35,-0.0014086738228797913,0.2,0.2715872824192047
23,489.2083333333333,382,123,47104,0.0625,-0.7353663645833333,0.015378773212432861,9.460762977600098,15.19019718170166,1e-05,0.05000000447034836,3.81513917679932e-12,0.11484375,0.0072835363,36,0.00047267824411392214,0.2,11.873759269714355
24,487.93,381,128,49152,0.07,-0.11254406999999994,-0.15397536754608154,9.460762977600098,0.5575867841641108,1e-05,0.05000000447034836,7.360162826430816e-12,0.08919270833333333,0.008483752,38,0.0025800034248580537,0.2,0.15535278618335724
25,491.56,381,134,51200,0.05,-1.4469814999999997,0.021140873432159424,9.460762977600098,15.762839889526367,1e-05,0.05000000447034836,2.029653788787611e-12,0.11328125,0.007985346,39,0.003432321362197399,0.2,2.942915439605713
26,491.56,381,139,53248,0.05,-1.444336,-0.5732334852218628,9.460762977600098,0.21676740236580372,1e-05,0.05000000447034836,2.3718984675652477e-12,0.11067708333333333,0.009180487,42,-0.0005591476025680701,0.2,0.1325097233057022
27,489.88,381,144,55296,0.06,-0.7727952400000001,-0.2761223316192627,9.460762977600098,0.41335313161835074,1e-05,0.05000000447034836,4.205688314967704e-12,0.11865234375,0.00889677,46,0.0009158389148069546,0.2,0.21072918176651
28,489.88,381,150,57344,0.06,-0.7748683299999998,0.03901404142379761,9.460762977600098,7.882829457521439,1e-05,0.05000000447034836,2.5235440907073192e-12,0.0947265625,0.006719571,47,0.0014039878733456135,0.2,0.9622259736061096
29,489.88,382,155,59392,0.06,-0.7783869899999998,-0.06557655334472656,9.460762977600098,0.33985894322395327,1e-05,0.05000000447034836,4.0907529100242535e-12,0.09765625,0.006936484,48,-0.001953577995300293,0.2,0.17445708811283112
30,489.88,382,160,61440,0.06,-0.8052575299999998,-0.08889365196228027,9.460762977600098,0.3852413445711136,1e-05,0.05000000447034836,6.867189109027727e-12,0.10546875,0.00750567,49,0.0008118152618408203,0.2,0.2096170037984848
31,489.88,381,166,63488,0.06,-0.7980536099999999,-0.15467751026153564,9.460762977600098,0.46094296164810655,1e-05,0.05000000447034836,2.085927134146126e-12,0.1109375,0.009004205,54,0.002839987981133163,0.2,0.2236892431974411
32,488.2,380,172,65536,0.07,-0.17765938999999986,-0.056963562965393066,9.460762977600098,0.38888105005025864,1e-05,0.05000000447034836,8.453382091544448e-12,0.0927734375,0.006583434,55,-0.00010895123705267906,0.2,0.24562588334083557
33,488.2,379,178,67584,0.07,-0.19051736999999985,0.04209017753601074,9.460762977600098,10.83361092209816,1e-05,0.05000000447034836,2.2218255880945836e-12,0.0986328125,0.006762554,56,0.002393205533735454,0.2,6.389168739318848
34,488.2,379,183,69632,0.07,-0.18303461,-0.11137008666992188,9.460762977600098,0.3846044182777405,1e-05,0.05000000447034836,3.381178366804183e-12,0.1171875,0.007770571,57,0.004468880407512188,0.2,0.22750265896320343
35,488.2,379,188,71680,0.07,-0.16176222000000004,-0.26639485359191895,9.460762977600098,0.2355746030807495,1e-05,0.05000000447034836,3.5817171711166607e-12,0.0953125,0.007197322,58,0.0019502438604831695,0.2,0.1595742404460907
36,489.89,379,194,73728,0.06,-0.7866576899999999,-0.00592803955078125,9.460762977600098,0.41608330607414246,1e-05,0.05000000447034836,1.8465129598965735e-12,0.11393229166666667,0.00731169,59,0.000724672960738341,0.2,0.1308906525373459
37,489.89,379,199,75776,0.06,-0.7933507299999999,-0.11831629276275635,9.460762977600098,0.34002141654491425,1e-05,0.05000000447034836,2.7431767794794393e-12,0.10481770833333333,0.0073247063,60,0.010382367763668299,0.2,0.166981503367424
38,489.89,379,204,77824,0.06,-0.7537876099999999,-0.10419940948486328,9.460762977600098,0.474503626426061,1e-05,0.05000000447034836,4.156736586879983e-12,0.10286458333333333,0.007380359,61,-0.00010220349455873172,0.2,0.31940603256225586
39,491.57,379,210,79872,0.05,-1.4717902299999996,-0.15831279754638672,9.460762977600098,0.3222795382142067,1e-05,0.05000000447034836,3.5443195687406837e-12,0.0974609375,0.00859662,66,0.0020503800769802183,0.2,0.19355089962482452
40,489.63,379,215,81920,0.06,-0.85225465,-0.0053446292877197266,9.460762977600098,0.3957163169980049,1e-05,0.05000000447034836,1.578035879051809e-12,0.06640625,0.0058350377,67,-0.0002877102233469486,0.2,0.1649663746356964
41,489.63,379,220,83968,0.06,-0.8304609200000002,0.0374416708946228,9.460762977600098,10.43425355238073,1e-05,0.05000000447034836,1.7016289636032078e-12,0.15372242647058823,0.015769524,70,0.0016933348139419274,0.2,3.644401788711548
42,489.63,380,226,86016,0.06,-0.8406519400000002,0.00631403923034668,9.460762977600098,0.420292641967535,1e-05,0.05000000447034836,5.29064422480352e-12,0.10107421875,0.006905783,71,0.0034878685255534947,0.2,0.26385074853897095
43,491.31,380,231,88064,0.05,-1.5253913300000002,0.010438024997711182,9.460762977600098,0.2632039881178311,1e-05,0.05000000447034836,2.0736947315552756e-12,0.13253348214285715,0.014397141,75,-0.0002546081419235894,0.2,0.09686554968357086
44,491.31,380,236,90112,0.05,-1.56436353,0.048206984996795654,9.460762977600098,0.26311179747184116,1e-05,0.05000000447034836,1.5345116670395509e-12,0.10481770833333333,0.007416077,76,0.0034182736029227576,0.2,0.1928907185792923
45,491.31,380,242,92160,0.05,-1.5598173199999998,0.009805381298065186,9.460762977600098,0.46817636986573535,1e-05,0.05000000447034836,1.2733438435608146e-12,0.10286458333333333,0.0069726505,77,0.007161512815703948,0.2,0.32934436202049255
46,492.99,380,247,94208,0.04,-2.23367319,-0.09458494186401367,9.460762977600098,0.34289248074804035,1e-05,0.05000000447034836,1.5185304185968973e-12,0.09654017857142858,0.0065435353,78,-0.000463283753820828,0.2,0.10637761652469635
47,492.99,380,252,96256,0.04,-2.2501913200000008,0.05259883403778076,9.460762977600098,0.2720824840568727,1e-05,0.05000000447034836,2.0846523292317176e-12,0.1024445564516129,0.006497475,82,0.0004861077534094934,0.2,0.1736586093902588
48,494.7,380,258,98304,0.03,-2.98384488,0.0865066647529602,9.460762977600098,0.3137682154774666,1e-05,0.05000000447034836,1.5326801243095711e-12,0.07421875,0.010014512,84,0.0011405924645562966,0.2,0.1598978489637375
49,494.7,320,313,100352,0.03,-2.9891588799999993,0.2750651240348816,9.460762977600098,0.40861737728118896,1e-05,0.05000000447034836,9.004577682450443e-13,0.1015625,0.007783075,85,0.0069484557956457135,0.2,0.22670723497867584
50,494.7,321,318,102400,0.03,-2.9911523499999992,0.13836151361465454,9.460762977600098,0.2923335943903242,1e-05,0.05000000447034836,1.7018642354746372e-12,0.07868303571428571,0.0058090175,86,0.00037315181855644496,0.2,0.13897132873535156
51,496.38,322,323,104448,0.02,-3.49374122,0.12595385313034058,9.460762977600098,0.2952102795243263,1e-05,0.05000000447034836,1.9883558775163346e-12,0.10807291666666667,0.007605517,87,0.005050154402852058,0.2,0.1228674128651619
52,494.7,323,329,106496,0.03,-2.8522275900000005,0.18009918928146362,9.460762977600098,0.3746119318781672,1e-05,0.05000000447034836,1.0840478905163597e-12,0.11127533783783784,0.008612074,92,0.0005490292820173341,0.2,0.15591774880886078
53,493.02,324,334,108544,0.04,-2.24000576,0.06829816102981567,9.460762977600098,11.548929770787558,1e-05,0.05000000447034836,1.9042209215697214e-12,0.10416666666666667,0.0073829642,93,0.0028762960185607276,0.2,1.2693995237350464
54,493.02,325,340,110592,0.04,-2.23210444,0.08593142032623291,9.460762977600098,11.064074893792471,1e-05,0.05000000447034836,3.32698235280815e-12,0.11979166666666667,0.00767572,94,0.009893119490394989,0.2,4.252085208892822
55,491.1,325,345,112640,0.05,-1.5777596399999998,0.032038748264312744,9.460762977600098,0.5827902833620707,1e-05,0.05000000447034836,3.745550744560511e-12,0.13333333333333333,0.01000197,96,0.00299704543625315,0.2,0.43220338225364685
56,492.78,326,351,114688,0.04,-2.1760477499999995,0.07852321863174438,9.460762977600098,11.687423533201217,1e-05,0.05000000447034836,1.6135336339609396e-12,0.11474609375,0.007665268,101,0.0016483356244862079,0.2,3.1411452293395996
57,492.78,327,356,116736,0.04,-2.19486896,0.010069489479064941,9.460762977600098,0.5051072282450539,1e-05,0.05000000447034836,1.177983275160721e-12,0.10267857142857142,0.0073938086,102,0.002503211743065289,0.2,0.33422595262527466
58,492.78,328,361,118784,0.04,-2.20690174,0.061354994773864746,9.460762977600098,0.2793998926877975,1e-05,0.05000000447034836,3.4879401884096994e-12,0.1171875,0.0078054094,103,0.0008193590678274631,0.2,0.16111940145492554
59,492.78,329,366,120832,0.04,-2.21839381,0.08084827661514282,9.460762977600098,0.2123140510585573,1e-05,0.05000000447034836,1.186556495419433e-12,0.06727430555555555,0.020328064,105,0.00013292767107486725,0.2,0.10586229711771011
60,490.82,330,371,122880,0.05,-1.5909288099999999,0.06953001022338867,9.460762977600098,0.14581266790628433,1e-05,0.05000000447034836,2.7190016731182265e-12,0.14778645833333334,0.0096159745,106,0.004756411382307609,0.2,0.08986897766590118
61,490.82,330,377,124928,0.05,-1.57994772,0.15149104595184326,9.460762977600098,12.269059419631958,1e-05,0.05000000447034836,2.590378432587581e-12,0.09830729166666667,0.007095286,107,-0.0024453472966949144,0.2,1.7256382703781128
62,490.82,292,433,126976,0.05,-1.5649115300000003,-0.11777305603027344,9.460762977600098,0.7473096595360682,1e-05,0.05000000447034836,2.7297643312440556e-12,0.13822115384615385,0.010890132,109,0.0021952433654895197,0.2,0.3157868981361389
63,489.14,293,439,129024,0.06,-0.8549085099999999,0.20311838388442993,9.460762977600098,0.28903168737888335,1e-05,0.05000000447034836,1.3286132177076082e-12,0.09921875,0.0070319287,110,-0.00027206698432564736,0.2,0.1248503178358078
64,489.29,294,444,131072,0.06,-0.8334683300000002,0.15566742420196533,9.460762977600098,9.273163386753627,1e-05,0.05000000447034836,2.1603578301276904e-12,0.109375,0.0075849732,111,-7.355958223342896e-05,0.2,3.2083144187927246
65,487.56,295,449,133120,0.07,-0.13246855000000005,0.18590039014816284,9.460762977600098,10.038549423217773,1e-05,0.05000000447034836,2.5318976516058855e-12,0.09140625,0.0063303537,112,-0.0011770391836762428,0.2,3.3528056144714355
66,487.56,296,455,135168,0.07,-0.12463271000000024,0.1701757311820984,9.460762977600098,14.098521709442139,1e-05,0.05000000447034836,4.720722077133921e-12,0.0966796875,0.0065355804,113,0.0017133355140686035,0.2,1.2544361352920532
67,487.56,297,460,137216,0.07,-0.13226117000000023,-0.08355975151062012,9.460762977600098,0.5959064126014709,1e-05,0.05000000447034836,8.479417797253863e-13,0.1140625,0.007649649,114,0.0014591583982110023,0.2,0.3133223354816437
68,487.56,298,465,139264,0.07,-0.16803966000000023,0.07264000177383423,9.460762977600098,0.37212296202778816,1e-05,0.05000000447034836,2.189235121310973e-12,0.09130859375,0.006162447,115,0.0006518322043120861,0.2,0.1575494259595871
69,487.56,299,471,141312,0.07,-0.1724613700000001,0.18436169624328613,9.460762977600098,0.27490027621388435,1e-05,0.05000000447034836,1.5092624415860567e-12,0.09716796875,0.006468242,116,0.001685609808191657,0.2,0.1534973531961441
70,487.56,300,477,143360,0.07,-0.15803663000000015,0.287075936794281,9.460762977600098,0.3604821339249611,1e-05,0.05000000447034836,1.9237981433578577e-12,0.08984375,0.006403116,117,-0.00032703190421064693,0.2,0.23322772979736328
71,485.57,300,483,145408,0.08,0.5312298299999998,0.4000576138496399,9.460762977600098,0.2990574265519778,1e-05,0.05000000447034836,2.7468847509093397e-12,0.11555989583333333,0.0095932055,120,0.006470461084973067,0.2,0.1637769490480423
72,482.21,300,490,147456,0.1,1.81348826,0.1556185483932495,9.460762977600098,11.255470871925354,1e-05,0.05000000447034836,3.352381523422099e-12,0.09228515625,0.0064449115,121,-0.0018021862488240004,0.2,5.824863910675049
73,482.21,301,496,149504,0.1,1.8023987,0.16275644302368164,9.460762977600098,27.021773910522462,1e-05,0.05000000447034836,4.408651395337859e-12,0.10625,0.0071598077,122,0.002137419953942299,0.2,14.655387878417969
74,480.53,273,555,151552,0.11,2.5019606899999993,0.27340954542160034,9.460762977600098,0.547709251443545,1e-05,0.05000000447034836,1.0169032499743325e-12,0.14127604166666666,0.013952713,124,0.0032645853546758494,0.2,0.3178027868270874
75,480.53,274,560,153600,0.11,2.3650363800000007,0.153519868850708,9.460762977600098,10.700916369756063,1e-05,0.05000000447034836,3.822966682803797e-12,0.099609375,0.0066720047,125,-0.0023364474376042685,0.2,1.0961227416992188
76,482.21,275,565,155648,0.1,1.73227426,0.05130118131637573,9.460762977600098,0.43256260827183723,1e-05,0.05000000447034836,1.5178111588756704e-12,0.08935546875,0.007964371,130,0.002203962148632854,0.2,0.17406706511974335
77,483.89,276,571,157696,0.09,1.1448166799999995,-0.17397606372833252,9.460762977600098,0.6211011052131653,1e-05,0.05000000447034836,1.1584142933090957e-12,0.09921875,0.0065351864,131,2.331845462322235e-05,0.2,0.30852606892585754
78,483.89,277,576,159744,0.09,1.1491475900000003,0.27483540773391724,9.460762977600098,0.2886569708585739,1e-05,0.05000000447034836,4.349670363473779e-12,0.09765625,0.006304802,132,0.004417258501052857,0.2,0.2153375744819641
79,485.81,278,581,161792,0.08,0.5219674400000001,0.24373507499694824,9.460762977600098,0.32079016864299775,1e-05,0.05000000447034836,1.0343031769596833e-12,0.09921875,0.006571225,133,0.002373083680868149,0.2,0.15406648814678192
80,485.81,279,587,163840,0.08,0.5607306200000002,0.34297889471054077,9.460762977600098,0.6989194035530091,1e-05,0.05000000447034836,2.387682499632726e-12,0.11328125,0.007888416,134,-0.003915674425661564,0.2,0.27161362767219543
81,483.88,279,592,165888,0.09,1.2771776400000003,0.05278736352920532,9.460762977600098,0.5663560149462327,1e-05,0.05000000447034836,1.3200927980946964e-12,0.09273097826086957,0.0080186175,137,0.002498992718756199,0.2,0.3303154706954956
82,483.88,280,598,167936,0.09,1.4177823300000003,0.1719874143600464,9.460762977600098,12.468685666720072,1e-05,0.05000000447034836,3.484534492545488e-12,0.09635416666666667,0.006551268,138,-0.0024692745258410773,0.2,4.496219635009766
83,483.88,281,603,169984,0.09,1.4221555399999999,0.5088969469070435,9.460762977600098,0.4977070391178131,1e-05,0.05000000447034836,1.809695297262659e-12,0.12578125,0.008331753,139,0.005514269322156906,0.2,0.31523042917251587
84,485.84,282,608,172032,0.08,0.7866288800000001,0.43523699045181274,9.460762977600098,0.11598524596128199,1e-05,0.05000000447034836,3.002031566043395e-12,0.087890625,0.012094656,144,0.00038928771391510963,0.2,0.060496002435684204
85,485.84,283,614,174080,0.08,0.7439335800000001,0.22190839052200317,9.460762977600098,0.38590229153633115,1e-05,0.05000000447034836,1.594182685166201e-12,0.0984375,0.0067939595,145,-0.0007799070328474045,0.2,0.23013579845428467
86,485.84,263,669,176128,0.08,0.6906327900000001,0.18400275707244873,9.460762977600098,0.3698081336915493,1e-05,0.05000000447034836,3.101722221079961e-12,0.10498046875,0.006740832,146,0.001866622595116496,0.2,0.12857899069786072
87,485.84,264,674,178176,0.08,0.6269101500000003,0.27533870935440063,9.460762977600098,0.33681148787339527,1e-05,0.05000000447034836,5.026331347662838e-12,0.10611979166666667,0.007576816,147,-0.0010627930363019307,0.2,0.10154762119054794
88,487.63,265,680,180224,0.07,0.030484719999999993,0.22339189052581787,9.460762977600098,9.862462759017944,1e-05,0.05000000447034836,5.622049267101081e-12,0.09375,0.006113904,148,0.00033959014607327323,0.2,3.6266660690307617
89,489.36,266,685,182272,0.06,-0.7110101600000002,0.3447539210319519,9.460762977600098,0.3767536112240383,1e-05,0.05000000447034836,1.41848989151927e-12,0.12834821428571427,0.008605741,149,0.0029515818958835943,0.2,0.2738075852394104
90,487.62,266,690,184320,0.07,-0.029166409999999702,0.37652385234832764,9.460762977600098,0.20514427423477172,1e-05,0.05000000447034836,2.6301495703595634e-12,0.090625,0.0063592955,150,0.0029896173626184465,0.2,0.1461930274963379
91,487.62,267,695,186368,0.07,0.07227284000000023,0.19218164682388306,9.460762977600098,8.962083387374879,1e-05,0.05000000447034836,3.4606139568543748e-12,0.10078125,0.0071487725,151,0.001016983762383461,0.2,2.6709139347076416
92,485.94,268,701,188416,0.08,0.7284563700000003,0.3205844759941101,9.460762977600098,0.5859428729329791,1e-05,0.05000000447034836,1.4174754035464754e-12,0.11551339285714286,0.008069166,152,0.00322125040526901,0.2,0.19351600110530853
93,485.94,269,706,190464,0.08,0.7406562500000003,0.18157708644866943,9.460762977600098,9.603746864530775,1e-05,0.05000000447034836,2.5971642371447334e-12,0.09678819444444445,0.016554065,154,0.0025247509798241984,0.2,3.8527605533599854
94,484.0,270,712,192512,0.09,1.3354208500000007,0.06495606899261475,9.460762977600098,0.42480650916695595,1e-05,0.05000000447034836,1.9914725250813614e-12,0.13267299107142858,0.013125368,158,0.003381939754555268,0.2,0.11861135065555573
95,487.68,271,717,194560,0.07,-0.00656809999999953,0.21814292669296265,9.460762977600098,9.485461401939393,1e-05,0.05000000447034836,4.964021381448358e-12,0.11484375,0.007984319,159,-0.0003888195380568504,0.2,4.432870864868164
96,489.35,272,722,196608,0.06,-0.7203120899999998,0.12602746486663818,9.460762977600098,0.36494971811771393,1e-05,0.05000000447034836,1.9442379563944234e-12,0.09765625,0.00674157,160,-0.001962747269620498,0.2,0.27818217873573303
97,489.35,272,728,198656,0.06,-0.7174121899999997,0.26270079612731934,9.460762977600098,0.3468175269663334,1e-05,0.05000000447034836,1.4355301886440075e-12,0.109375,0.0074823424,161,-0.0021940781734883785,0.2,0.23226232826709747
98,491.03,256,782,200704,0.05,-1.4153190599999999,0.08423274755477905,9.460762977600098,0.5193248242139816,1e-05,0.05000000447034836,9.73410262984642e-13,0.10546875,0.007326993,162,0.005575187969952822,0.2,0.2909788191318512
99,491.03,257,787,202752,0.05,-1.4094136500000003,0.2319914698600769,9.460762977600098,0.3891938626766205,1e-05,0.05000000447034836,2.2148222925816308e-12,0.11653645833333333,0.008560601,163,0.007001881487667561,0.2,0.22274956107139587
100,487.34,258,793,204800,0.07,-0.13593852999999995,0.29710906744003296,9.460762977600098,0.34151242176691693,1e-05,0.05000000447034836,2.0743406992096425e-12,0.10091145833333333,0.0070097037,164,0.0048588647817571955,0.2,0.26406168937683105
101,487.34,258,798,206848,0.07,-0.0895854900000001,0.19060713052749634,9.460762977600098,22.545751762390136,1e-05,0.05000000447034836,6.439336043551069e-12,0.09453125,0.0068208007,165,0.005595838464796543,0.2,4.730166912078857
102,487.34,259,803,208896,0.07,-0.09137225000000032,0.059187889099121094,9.460762977600098,0.5332488566637039,1e-05,0.05000000447034836,1.5938024554643104e-12,0.1123046875,0.0086030485,170,-0.0005411739810369908,0.2,0.20474544167518616
103,487.34,260,809,210944,0.07,-0.19687539000000032,0.648577094078064,9.460762977600098,0.10366492739154233,1e-05,0.05000000447034836,3.0825992800020963e-12,0.060004340277777776,0.006589369,175,-0.0008810494715968767,0.2,0.0429658442735672
104,487.34,261,814,212992,0.07,-0.1625649900000002,0.38210558891296387,9.460762977600098,0.28186013996601106,1e-05,0.05000000447034836,3.4746955746706165e-12,0.1171875,0.0170209,177,0.004766111634671688,0.2,0.1350657045841217
105,489.27,262,820,215040,0.06,-0.8062353100000004,0.4822924733161926,9.460762977600098,0.23922625184059143,1e-05,0.05000000447034836,1.0123373493653443e-12,0.12109375,0.008395486,178,0.010254580527544022,0.2,0.1212388202548027
106,489.27,263,825,217088,0.06,-0.9737512900000006,0.32629579305648804,9.460762977600098,0.6163713584343592,1e-05,0.05000000447034836,2.582052844105065e-12,0.125,0.0077919452,179,-0.0029985179814199605,0.2,0.22713065147399902
107,489.27,263,830,219136,0.06,-0.9865143800000001,0.2698027491569519,9.460762977600098,0.40165185928344727,1e-05,0.05000000447034836,2.243778947363939e-12,0.103515625,0.007497599,180,-0.0015912527063240607,0.2,0.20818747580051422
108,489.27,264,835,221184,0.06,-0.9968576399999997,0.24042928218841553,9.460762977600098,0.41960151195526124,1e-05,0.05000000447034836,4.372462461543769e-12,0.084375,0.0064039216,181,-0.00048230141401290895,0.2,0.2519166171550751
109,489.27,265,840,223232,0.06,-1.0176036099999999,0.5389686822891235,9.460762977600098,0.17369581311941146,1e-05,0.05000000447034836,3.645358754439387e-12,0.08828125,0.006165739,182,-0.0007777607999742032,0.2,0.17224359512329102
110,484.07,251,896,225280,0.09,1.0202480600000001,0.4264334440231323,9.460762977600098,0.2187074176967144,1e-05,0.05000000447034836,2.031485006256939e-12,0.11494140625,0.009437104,187,7.910598069429397e-05,0.2,0.11014389991760254
111,485.75,252,901,227328,0.08,0.38258423999999985,0.2194651961326599,9.460762977600098,30.52495868682861,1e-05,0.05000000447034836,1.0640308079068461e-12,0.16125,0.016898807,191,0.0022875251807272434,0.2,16.48566246032715
112,485.75,252,906,229376,0.08,0.3837399599999995,0.3696083426475525,9.460762977600098,0.5980566740036011,1e-05,0.05000000447034836,1.441777361561869e-12,0.12369791666666667,0.00870449,192,-0.002150796353816986,0.2,0.33898064494132996
113,485.75,253,912,231424,0.08,0.4124136499999997,0.44203364849090576,9.460762977600098,0.2846527599862644,1e-05,0.05000000447034836,1.951339697464638e-12,0.07756696428571429,0.005878322,193,0.0023934591029371533,0.2,0.1512589156627655
114,485.81,254,917,233472,0.08,0.37045476000000016,0.5688748359680176,9.460762977600098,0.3704654301206271,1e-05,0.05000000447034836,3.96735899341194e-12,0.07096354166666667,0.011291173,195,-0.00010032377516229947,0.2,0.13756173849105835
115,484.13,255,923,235520,0.09,0.9049951999999999,0.32207024097442627,9.460762977600098,11.540649867720074,1e-05,0.05000000447034836,1.2447205809465456e-12,0.10850694444444445,0.015375686,197,0.0030631813117199475,0.2,10.198663711547852
116,485.81,255,928,237568,0.08,0.24064070999999992,0.3200231194496155,9.460762977600098,9.078999891877174,1e-05,0.05000000447034836,9.29846130648393e-12,0.0859375,0.006473256,198,0.002313261211384088,0.2,4.3173747062683105
117,485.81,256,933,239616,0.08,0.3047102199999999,0.4090074300765991,9.460762977600098,0.2530499974265695,1e-05,0.05000000447034836,4.674791369979614e-12,0.09453125,0.009540279,203,0.0026000066194683314,0.2,0.19371086359024048
118,487.75,257,939,241664,0.07,-0.2888512800000002,0.8135603070259094,9.460762977600098,0.3621007055044174,1e-05,0.05000000447034836,1.5068835935994063e-12,0.14613970588235295,0.017372303,206,0.002219798700774417,0.2,0.22490902245044708
119,487.75,258,944,243712,0.07,-0.2542203700000002,0.5016932487487793,9.460762977600098,0.2076496809720993,1e-05,0.05000000447034836,2.2904954842528635e-12,0.08203125,0.005849839,207,0.000692279078066349,0.2,0.13188038766384125
120,487.75,258,949,245760,0.07,-0.21766878000000006,0.3292396664619446,9.460762977600098,0.3212060192052056,1e-05,0.05000000447034836,3.250009636412976e-12,0.12798713235294118,0.017049935,210,0.0005017985206316499,0.2,0.08189299702644348
121,487.75,259,955,247808,0.07,-0.2701022999999999,0.418887734413147,9.460762977600098,0.22500334531068802,1e-05,0.05000000447034836,4.952476796715732e-12,0.1326171875,0.008939999,215,0.0010326942196115852,0.2,0.11831343173980713
122,487.75,260,960,249856,0.07,-0.2377989099999997,0.5169026255607605,9.460762977600098,0.23271829783916473,1e-05,0.05000000447034836,1.352487783226608e-12,0.0828125,0.0059271203,216,0.0011186659336090087,0.2,0.07086148113012314
123,487.75,248,1015,251904,0.07,-0.1891329099999999,0.34386855363845825,9.460762977600098,0.7762576662577115,1e-05,0.05000000447034836,2.917368820479216e-12,0.1346153846153846,0.011022157,218,0.005504424827030072,0.2,0.4437984824180603
124,489.76,248,1020,253952,0.06,-0.8512401100000001,0.3934640884399414,9.460762977600098,0.6485567092895508,1e-05,0.05000000447034836,2.9081676303222004e-12,0.1064453125,0.0067452965,219,-0.005960308015346527,0.2,0.3894801437854767
125,489.76,249,1025,256000,0.06,-0.8804702200000001,0.34614187479019165,9.460762977600098,10.58371615409851,1e-05,0.05000000447034836,1.2268056579292641e-12,0.134765625,0.009095563,220,-0.00031235674396157265,0.2,5.902741432189941
126,489.76,250,1031,258048,0.06,-0.8650024100000002,0.40631067752838135,9.460762977600098,0.523643410205841,1e-05,0.05000000447034836,1.693362897819961e-12,0.10234375,0.007119787,221,0.003391191270202398,0.2,0.37033554911613464
127,489.76,250,1036,260096,0.06,-0.8576957799999998,0.2565578818321228,9.460762977600098,0.4336991216007032,1e-05,0.05000000447034836,2.4525182232282283e-12,0.12520559210526316,0.010175568,224,-0.0002129380101043927,0.2,0.25097134709358215
128,489.76,251,1041,262144,0.06,-0.8705646999999999,0.41116946935653687,9.460762977600098,0.5945542284420559,1e-05,0.05000000447034836,1.92556062240945e-12,0.10100446428571429,0.00706607,225,0.001739350546683584,0.2,0.25811153650283813
129,489.76,252,1047,264192,0.06,-0.8162034500000002,0.5538402199745178,9.460762977600098,0.20282763863603273,1e-05,0.05000000447034836,3.731269199863663e-12,0.09309895833333333,0.0069724657,226,0.0010106037370860577,0.2,0.08229494839906693
130,489.76,252,1052,266240,0.06,-0.7923613600000003,0.8112761974334717,9.460762977600098,0.44012488052248955,1e-05,0.05000000447034836,1.84633341601681e-12,0.13997395833333334,0.012940582,228,-0.000653326278552413,0.2,0.12554264068603516
131,489.76,253,1058,268288,0.06,-0.8047435899999997,0.3755143880844116,9.460762977600098,0.5152336218777824,1e-05,0.05000000447034836,2.503070450562972e-12,0.1284466911764706,0.018608442,231,0.0009033472879844554,0.2,0.32343897223472595
132,489.76,254,1063,270336,0.06,-0.71975406,0.5328919887542725,9.460762977600098,0.23761229664087297,1e-05,0.05000000447034836,2.2517987908338144e-12,0.125,0.00818329,232,-0.0016588712111115455,0.2,0.11923778057098389
133,489.76,254,1068,272384,0.06,-0.71976505,0.8399581909179688,9.460762977600098,0.25567969083786013,1e-05,0.05000000447034836,5.91476997588436e-12,0.10546875,0.0074031902,233,0.0013549558818340302,0.2,0.17712613940238953
134,493.28,255,1074,274432,0.04,-2.0951375000000003,0.5660306811332703,9.460762977600098,0.16270672240191036,1e-05,0.05000000447034836,2.136788792780897e-12,0.1404079861111111,0.013642766,238,0.0021668802817455595,0.2,0.12095852196216583
135,493.28,244,1129,276480,0.04,-2.11557529,0.34327930212020874,9.460762977600098,7.5625664336340765,1e-05,0.05000000447034836,3.35275622369291e-12,0.07366071428571429,0.005407443,239,0.0009209491046411651,0.2,3.3417088985443115
136,493.28,245,1134,278528,0.04,-2.1355261000000003,0.7042074203491211,9.460762977600098,0.12704803422093391,1e-05,0.05000000447034836,3.0981341624103376e-12,0.0967548076923077,0.008884058,241,0.0020267689027465307,0.2,0.08343461155891418
137,493.28,246,1139,280576,0.04,-2.1410220300000002,0.5254296660423279,9.460762977600098,0.2556181081703731,1e-05,0.05000000447034836,1.2618766708633045e-12,0.07700892857142858,0.0060169613,242,-0.0027170104772916864,0.2,0.14717279374599457
138,494.96,246,1145,282624,0.03,-2.8232619199999998,0.5921699404716492,9.460762977600098,0.284378220140934,1e-05,0.05000000447034836,5.807132118923475e-12,0.142578125,0.016074248,244,0.0006657281890511512,0.2,0.13687977194786072
139,496.64,247,1150,284672,0.02,-3.4176141099999997,0.4673936367034912,9.460762977600098,0.3436414892635038,1e-05,0.05000000447034836,1.3589465924085387e-12,0.10660282258064516,0.009667082,248,0.003637275177865259,0.2,0.20699074864387512
140,496.64,248,1155,286720,0.02,-3.4084650699999997,0.9017314910888672,9.460762977600098,0.09212635755538941,1e-05,0.05000000447034836,1.4995388828223377e-12,0.09296875,0.0069658593,249,0.005006913095712662,0.2,0.06177464500069618
141,496.64,248,1161,288768,0.02,-3.4779139200000007,0.5717225074768066,9.460762977600098,0.4573059876759847,1e-05,0.05000000447034836,1.9818101153201706e-12,0.11805555555555555,0.016731255,251,0.0006330765576826201,0.2,0.18213242292404175
142,496.64,249,1166,290816,0.02,-3.50644652,0.46288228034973145,9.460762977600098,0.5009290426969528,1e-05,0.05000000447034836,3.997518895765273e-12,0.121875,0.0076129213,252,-0.0023983104154467584,0.2,0.3588823676109314
143,496.64,249,1171,292864,0.02,-3.5313360600000006,0.6884827613830566,9.460762977600098,0.14153127478701727,1e-05,0.05000000447034836,6.144664204538186e-12,0.09375,0.006655806,253,-0.0029948989062436988,0.2,0.05394100025296211
144,496.64,250,1176,294912,0.02,-3.5382237100000005,0.6953049898147583,9.460762977600098,0.13975155167281628,1e-05,0.05000000447034836,1.4906285841082e-12,0.06477864583333333,0.010361109,255,0.0037565126549452543,0.2,0.08262784034013748
145,496.64,251,1182,296960,0.02,-3.5199179700000003,0.8866173624992371,9.460762977600098,0.05823025746004922,1e-05,0.05000000447034836,1.8007482440948741e-12,0.10630580357142858,0.008716706,257,0.003776619609977518,0.2,0.03572797030210495
146,494.96,251,1187,299008,0.03,-2.9029887800000007,0.41183680295944214,9.460762977600098,0.23219169427951178,1e-05,0.05000000447034836,1.6410031970434669e-12,0.12369791666666667,0.008086395,258,0.006355073923865954,0.2,0.14441141486167908
147,493.0,242,1242,301056,0.04,-2.2937880600000002,0.35663002729415894,9.460762977600098,9.24906301498413,1e-05,0.05000000447034836,4.185802312400844e-12,0.10009765625,0.007750841,259,0.0034761177375912666,0.2,1.567404866218567
148,494.68,242,1247,303104,0.03,-2.91635987,0.2718932628631592,9.460762977600098,11.510725021362305,1e-05,0.05000000447034836,1.8748518362809996e-12,0.08649553571428571,0.0059474097,260,-0.0016964274857725417,0.2,3.668442726135254
149,494.68,243,1252,305152,0.03,-2.919207890000001,0.6090921759605408,9.460762977600098,0.34016115466753644,1e-05,0.05000000447034836,2.0312894161850226e-12,0.08854166666666667,0.006470285,261,0.0023997247529526553,0.2,0.14904876053333282
150,494.68,244,1257,307200,0.03,-2.9527893500000006,0.40642935037612915,9.460762977600098,0.36390353441238404,1e-05,0.05000000447034836,4.452630972262561e-12,0.08671875,0.006748413,262,0.005029102042317391,0.2,0.21323835849761963
151,493.0,244,1263,309248,0.04,-2.34496207,0.7182737588882446,9.460762977600098,0.1393308848142624,1e-05,0.05000000447034836,1.4325479821483689e-12,0.12109375,0.007985828,263,-0.0023514512926340104,0.2,0.05509201064705849
152,493.0,245,1268,311296,0.04,-2.34135834,0.36514532566070557,9.460762977600098,9.635113382339478,1e-05,0.05000000447034836,2.5524287544653745e-12,0.1203125,0.0079442905,264,-0.0016389817930758,0.2,4.752991199493408
153,493.0,245,1273,313344,0.04,-2.4417305500000004,0.7653367519378662,9.460762977600098,0.10953096812590957,1e-05,0.05000000447034836,2.5542385047316873e-12,0.1029296875,0.0042159823,269,0.001791948440950364,0.2,0.11353742331266403
154,493.0,246,1279,315392,0.04,-2.45416218,0.4708911180496216,9.460762977600098,0.4354749023914337,1e-05,0.05000000447034836,1.9538981977512693e-12,0.12239583333333333,0.008183557,270,0.0006882747014363607,0.2,0.2301289141178131
155,491.15,247,1284,317440,0.05,-1.8008873199999997,0.5163832902908325,9.460762977600098,0.3142316664258639,1e-05,0.05000000447034836,4.341197540336239e-12,0.076171875,0.0056662266,271,0.0011382714534799259,0.2,0.17100836336612701
156,491.15,247,1289,319488,0.05,-1.8887150700000002,0.353690505027771,9.460762977600098,9.148288309574127,1e-05,0.05000000447034836,1.3999036305167856e-12,0.0732421875,0.005456561,272,-0.0012947494396939874,0.2,4.976314067840576
157,491.15,248,1295,321536,0.05,-1.8566397700000001,0.35102295875549316,9.460762977600098,0.4601482719182968,1e-05,0.05000000447034836,5.3096121249707195e-12,0.11875,0.008261005,273,-0.0018929161131381988,0.2,0.2690429985523224
158,492.83,248,1300,323584,0.04,-2.46066568,0.7897435426712036,9.460762977600098,0.11233690567314625,1e-05,0.05000000447034836,3.6424236023180345e-12,0.0869140625,0.0064378665,274,0.006519547430798411,0.2,0.0641310065984726
159,492.83,239,1356,325632,0.04,-2.46406897,0.4700613021850586,9.460762977600098,0.20181653648614883,1e-05,0.05000000447034836,1.7767092051063083e-12,0.103515625,0.0070878547,275,0.0005161759909242392,0.2,0.11373668909072876
160,492.83,240,1361,327680,0.04,-2.4533244499999998,0.863685131072998,9.460762977600098,0.06157837361097336,1e-05,0.05000000447034836,2.5918258424878493e-12,0.1171875,0.0077235578,276,0.001101028174161911,0.2,0.04244285076856613
161,492.83,241,1367,329728,0.04,-2.4646900400000002,0.7353012561798096,9.460762977600098,0.13089007752783158,1e-05,0.05000000447034836,1.6476334185888675e-12,0.10638786764705882,0.015168518,279,0.001065774546826587,0.2,0.02752959355711937
162,492.83,241,1372,331776,0.04,-2.4273203700000003,0.8792083263397217,9.460762977600098,0.05501995828341354,1e-05,0.05000000447034836,5.441356566715516e-12,0.11257102272727272,0.010958453,282,0.001924528380517255,0.2,0.039949797093868256
163,492.83,242,1377,333824,0.04,-2.4630297199999998,0.6066932082176208,9.460762977600098,0.16802863217890263,1e-05,0.05000000447034836,4.912624560621248e-12,0.08447265625,0.005744324,283,0.002899643441196531,0.2,0.12932617962360382
164,492.83,242,1382,335872,0.04,-2.46878179,0.7321431636810303,9.460762977600098,0.1349280077136225,1e-05,0.05000000447034836,7.781556649044674e-12,0.13780381944444445,0.015251871,286,0.002038511447608471,0.2,0.033287413418293
165,492.83,243,1388,337920,0.04,-2.4794854,0.45186054706573486,9.460762977600098,0.27453597025437787,1e-05,0.05000000447034836,4.0032343759377476e-12,0.14382102272727273,0.013151924,288,0.002509825270284306,0.2,0.17008759081363678
166,492.83,243,1393,339968,0.04,-2.4449132200000006,0.3498133420944214,9.460762977600098,0.369751064106822,1e-05,0.05000000447034836,3.341385544988751e-12,0.0927734375,0.006129504,289,-0.0034887236542999744,0.2,0.13179665803909302
167,492.83,244,1398,342016,0.04,-2.4774856300000008,0.5169123411178589,9.460762977600098,0.5387377657673575,1e-05,0.05000000447034836,1.4984730036665672e-12,0.14275568181818182,0.01455496,291,0.0023009027777747674,0.2,0.33505213260650635
168,491.15,245,1404,344064,0.05,-1.8603966600000001,0.7212198972702026,9.460762977600098,0.12056326568126678,1e-05,0.05000000447034836,3.827518163523891e-12,0.103125,0.0072854003,292,-0.0039026275277137755,0.2,0.025289025157690048
169,489.46,245,1409,346112,0.06,-1.1918608100000003,0.385587215423584,9.460762977600098,10.463261222839355,1e-05,0.05000000447034836,2.124792529423214e-12,0.10390625,0.007083492,293,-0.0013073451817035675,0.2,7.125905990600586
170,489.46,246,1415,348160,0.06,-1.17061635,0.3209395408630371,9.460762977600098,9.49045934677124,1e-05,0.05000000447034836,4.785435936405236e-12,0.13671875,0.009205117,294,0.00145479217171669,0.2,8.848123550415039
171,491.42,237,1471,350208,0.05,-1.8114986699999998,0.35665565729141235,9.460762977600098,10.609260426627266,1e-05,0.05000000447034836,1.5081230535229917e-12,0.0915798611111111,0.018723873,296,-0.002219625852174229,0.2,6.6885576248168945
172,491.42,238,1477,352256,0.05,-1.8400065600000002,0.784248948097229,9.460762977600098,0.08707181767870982,1e-05,0.05000000447034836,1.2866308496048418e-12,0.12239583333333333,0.011831648,298,0.0007854891009628773,0.2,0.03202749043703079
173,489.53,238,1482,354304,0.06,-1.20978033,0.44528043270111084,9.460762977600098,0.40298284341891605,1e-05,0.05000000447034836,3.6830421525080315e-12,0.10416666666666667,0.0073393467,299,6.946890304485957e-05,0.2,0.35238173604011536
174,489.53,239,1487,356352,0.06,-1.2030799199999997,0.36249256134033203,9.460762977600098,9.727432131767273,1e-05,0.05000000447034836,2.531629203147978e-12,0.103515625,0.0071277563,300,0.0007059024646878242,0.2,9.386963844299316
175,491.21,240,1493,358400,0.05,-1.8437618099999997,0.5901021957397461,9.460762977600098,0.20898691192269325,1e-05,0.05000000447034836,1.4718371920546813e-12,0.08268229166666667,0.006270698,301,0.0014162090762207906,0.2,0.12257026135921478
176,489.5,240,1498,360448,0.06,-1.2126535400000003,0.7531677484512329,9.460762977600098,0.42010927200317383,1e-05,0.05000000447034836,1.954076440588426e-12,0.11439732142857142,0.007975172,302,0.00024899866964135854,0.2,0.09211596846580505
177,486.14,241,1504,362496,0.08,0.10522050000000008,0.40153324604034424,9.460762977600098,8.92911571264267,1e-05,0.05000000447034836,1.0449660884856438e-12,0.08447265625,0.006553905,303,-0.0006938281003385782,0.2,2.727250814437866
178,486.14,241,1509,364544,0.08,0.10925869000000013,0.4044804573059082,9.460762977600098,17.97543296813965,1e-05,0.05000000447034836,3.412625650817125e-12,0.1015625,0.0068966625,304,0.003636096976697445,0.2,4.648029804229736
179,486.21,242,1514,366592,0.08,0.1347874000000001,0.5507967472076416,9.460762977600098,0.4685741364955902,1e-05,0.05000000447034836,1.422125655084483e-12,0.123046875,0.008481906,305,-0.0022985264658927917,0.2,0.2123166024684906
180,484.53,242,1520,368640,0.09,0.7423222900000002,0.37497490644454956,9.460762977600098,8.21324610710144,1e-05,0.05000000447034836,2.2426030216876613e-12,0.1171875,0.0073412303,306,-0.002254749182611704,0.2,0.8540109395980835
181,484.53,243,1525,370688,0.09,0.7390700800000001,0.41404223442077637,9.460762977600098,7.196227431297302,1e-05,0.05000000447034836,6.32549958592965e-12,0.1078125,0.0071739657,307,0.007176543027162552,0.2,0.9386477470397949
182,484.53,243,1530,372736,0.09,0.7130729400000001,0.6866979002952576,9.460762977600098,0.4544187585512797,1e-05,0.05000000447034836,2.7377926314908763e-12,0.09830729166666667,0.0063813417,308,0.001075529648611943,0.2,0.3204551935195923
183,484.53,243,1536,374784,0.09,0.74264905,0.5982093811035156,9.460762977600098,0.4344298193852107,1e-05,0.05000000447034836,1.8278026661655566e-12,0.1232638888888889,0.017558232,310,-0.00027914572921064164,0.2,0.2260257750749588
184,482.85,236,1592,376832,0.1,1.38871963,0.7659710049629211,9.460762977600098,0.42411992450555164,1e-05,0.05000000447034836,2.4325875515318618e-12,0.059895833333333336,0.004717479,311,0.0012498760285476844,0.2,0.1922321319580078
185,482.85,237,1597,378880,0.1,1.3969098599999998,0.40928345918655396,9.460762977600098,7.760090112686157,1e-05,0.05000000447034836,5.462905735414969e-12,0.10234375,0.0074223243,312,-0.003662743419408798,0.2,7.267237663269043
186,481.17,237,1603,380928,0.11,2.0291386800000004,0.7607075572013855,9.460762977600098,0.29585805191443515,1e-05,0.05000000447034836,5.265699768580712e-12,0.07872596153846154,0.010512493,314,0.0016513739784176534,0.2,0.19522276520729065
187,481.17,238,1608,382976,0.11,2.06529985,0.44043976068496704,9.460762977600098,8.360605895519257,1e-05,0.05000000447034836,1.2920540288716142e-12,0.08154296875,0.006105531,315,0.002929980750195682,0.2,7.56209659576416
188,481.17,238,1614,385024,0.11,2.09871062,0.5500675439834595,9.460762977600098,0.45749784012635547,1e-05,0.05000000447034836,2.864469295441041e-12,0.11393229166666667,0.007538166,316,-0.0025152919503549733,0.2,0.24108768999576569
189,477.38,238,1619,387072,0.13,3.35304589,0.3855024576187134,9.460762977600098,0.6267399176955223,1e-05,0.05000000447034836,4.3159538443138246e-12,0.131640625,0.009263728,319,0.0017495807725936175,0.2,0.37923625111579895
190,474.02,239,1625,389120,0.15,4.654329680000001,0.36789989471435547,9.460762977600098,17.974589705467224,1e-05,0.05000000447034836,1.257348608910136e-12,0.09033203125,0.006488295,320,0.00012290698941797018,0.2,3.2395598888397217
191,474.02,239,1630,391168,0.15,4.655177350000001,0.41527390480041504,9.460762977600098,22.119565582275392,1e-05,0.05000000447034836,5.452659157523243e-12,0.0984375,0.007136698,321,-0.0004188278689980507,0.2,12.578272819519043
192,477.39,240,1635,393216,0.13,3.3485647200000006,0.7899587154388428,9.460762977600098,0.11154518648982048,1e-05,0.05000000447034836,3.900195704592546e-12,0.1015625,0.0071865506,322,0.0008690400049090385,0.2,0.06033499538898468
193,477.39,240,1641,395264,0.13,3.443726880000001,0.3966079354286194,9.460762977600098,0.38813640815871103,1e-05,0.05000000447034836,1.3038655441791058e-12,0.11551339285714286,0.007928761,323,0.005895051173865795,0.2,0.19813871383666992
194,479.07,241,1646,397312,0.12,2.777703610000001,0.8462356328964233,9.460762977600098,0.4645595967769623,1e-05,0.05000000447034836,2.9739481276908064e-12,0.1046875,0.006781665,324,-0.0007665257900953293,0.2,0.2252192497253418
195,479.07,241,1652,399360,0.12,2.78429346,0.5363963842391968,9.460762977600098,0.27802440382185434,1e-05,0.05000000447034836,2.119952867765673e-12,0.11458333333333333,0.010326465,327,0.0008082546382432892,0.2,0.0801878422498703
196,479.07,235,1707,401408,0.12,2.84813797,0.7945228815078735,9.460762977600098,0.4882065477194609,1e-05,0.05000000447034836,6.935752319692234e-12,0.13512731481481483,0.012818036,331,-0.001695015243496056,0.2,0.1409209817647934
197,480.96,235,1713,403456,0.11,2.25019369,0.5610538125038147,9.460762977600098,0.4305467039346695,1e-05,0.05000000447034836,2.32997800740653e-12,0.09921875,0.0072396696,332,0.0035653293132781984,0.2,0.1599137932062149
198,480.96,235,1718,405504,0.11,2.2970212400000003,0.5440760850906372,9.460762977600098,0.7412053006035941,1e-05,0.05000000447034836,1.4029313735036686e-12,0.11941964285714286,0.008061421,333,0.004851960577070713,0.2,0.28153514862060547
199,482.67,236,1724,407552,0.1,1.6504873699999996,0.6073084473609924,9.460762977600098,0.5484609961509704,1e-05,0.05000000447034836,1.6801218619480474e-12,0.12578125,0.009050374,334,0.00312591977417469,0.2,0.18675634264945984
200,484.35,236,1729,409600,0.09,0.9825064199999999,0.6857281923294067,9.460762977600098,0.14174862205982208,1e-05,0.05000000447034836,1.5256664204557624e-12,0.1015625,0.0067706537,335,0.00043377873953431845,0.2,0.0748496875166893
201,486.03,237,1734,411648,0.08,0.3449914500000002,0.46603918075561523,9.460762977600098,0.3334871008992195,1e-05,0.05000000447034836,7.263065582990835e-12,0.1103515625,0.007062137,336,0.00532307755202055,0.2,0.2470570057630539
202,484.35,237,1739,413696,0.09,0.9618219900000002,0.69768226146698,9.460762977600098,0.14853169471025468,1e-05,0.05000000447034836,5.6354925066781636e-12,0.1265625,0.008626686,337,-0.0016445841640233994,0.2,0.07597894966602325
203,486.13,238,1745,415744,0.08,0.3452338200000004,0.4601796269416809,9.460762977600098,8.145356178283691,1e-05,0.05000000447034836,4.1351791782440195e-12,0.084375,0.0064697014,338,9.64965671300888e-05,0.2,1.9961491823196411
204,486.13,238,1750,417792,0.08,0.46160997000000026,0.6048580408096313,9.460762977600098,0.3887769356369972,1e-05,0.05000000447034836,4.454350083227254e-12,0.103515625,0.0073832395,339,-0.005075734108686447,0.2,0.2177744209766388
205,486.13,239,1756,419840,0.08,0.4512933300000003,0.4185606837272644,9.460762977600098,6.227439224720001,1e-05,0.05000000447034836,5.175827648418174e-12,0.1083984375,0.007797906,340,-0.002027521375566721,0.2,0.5407000780105591
206,484.44,239,1761,421888,0.09,1.1084706100000004,0.5428396463394165,9.460762977600098,0.2428250958522161,1e-05,0.05000000447034836,3.915515481289766e-12,0.10091145833333333,0.0069766454,341,-5.1221189399560295e-05,0.2,0.1135292798280716
207,484.44,239,1766,423936,0.09,1.0860678100000005,0.42127537727355957,9.460762977600098,10.704733753204346,1e-05,0.05000000447034836,1.1281351287167896e-12,0.090625,0.0064685433,342,-0.0013525046408176423,0.2,6.67992639541626
208,486.12,234,1820,425984,0.08,0.4311064100000005,0.7299756407737732,9.460762977600098,0.34453009366989135,1e-05,0.05000000447034836,1.216621421662456e-12,0.0859375,0.0064839805,343,0.000580460112541914,0.2,0.14328813552856445
209,486.12,234,1825,428032,0.08,0.4399073800000003,0.620650053024292,9.460762977600098,0.269476285080115,1e-05,0.05000000447034836,4.80762261598211e-12,0.134765625,0.009202476,347,0.0021145529424150783,0.2,0.17703305184841156
210,487.8,234,1831,430080,0.07,-0.19293945999999962,0.6607991456985474,9.460762977600098,0.7036601333391099,1e-05,0.05000000447034836,1.6553900177712633e-12,0.09263392857142858,0.008716898,350,0.0024262620579628717,0.2,0.40803200006484985
211,487.8,235,1836,432128,0.07,-0.15130492999999984,0.5354844331741333,9.460762977600098,0.2990760819779502,1e-05,0.05000000447034836,2.5357760596173007e-12,0.1062282986111111,0.0100484425,355,0.0017106396068508427,0.2,0.22420649230480194
212,489.61,235,1842,434176,0.06,-0.7055701200000002,0.6428078413009644,9.460762977600098,0.6462602870804923,1e-05,0.05000000447034836,2.0098807600871238e-12,0.08482142857142858,0.0065133153,356,-0.0031621517347437994,0.2,0.26727262139320374
213,491.59,236,1847,436224,0.05,-1.38065762,0.8543097972869873,9.460762977600098,0.44569027729523486,1e-05,0.05000000447034836,2.0724147224704392e-12,0.1031650641025641,0.01017559,361,0.002952122738441596,0.2,0.2163008749485016
214,493.27,236,1852,438272,0.04,-1.9193628900000002,0.6311475038528442,9.460762977600098,0.21910546720027924,1e-05,0.05000000447034836,3.584346795065807e-12,0.1109375,0.007936625,362,0.0030575040727853775,0.2,0.09205774962902069
215,494.95,236,1858,440320,0.03,-2.5638623200000006,0.7993483543395996,9.460762977600098,0.6225326508283615,1e-05,0.05000000447034836,4.2069785155529615e-12,0.08854166666666667,0.006399067,363,-9.508725876609485e-05,0.2,0.22599028050899506
216,493.26,237,1864,442368,0.04,-1.7983871200000003,0.828697681427002,9.460762977600098,0.5144680321216584,1e-05,0.05000000447034836,1.2861453438720027e-12,0.12578125,0.0086473925,364,0.003276445157825947,0.2,0.24939113855361938
217,493.26,237,1869,444416,0.04,-1.8863322000000002,0.39489901065826416,9.460762977600098,10.655470720652875,1e-05,0.05000000447034836,4.082434043595207e-12,0.13685344827586207,0.012172686,368,0.0010775425631938309,0.2,2.4925358295440674
218,493.26,238,1874,446464,0.04,-1.9034508600000004,0.6096982955932617,9.460762977600098,0.23255000114440919,1e-05,0.05000000447034836,5.6805228923484385e-12,0.0953125,0.006695719,369,0.001485057920217514,0.2,0.17431539297103882
219,491.56,238,1879,448512,0.05,-1.28524173,0.7657257914543152,9.460762977600098,0.12722305270532766,1e-05,0.05000000447034836,1.6171229936731701e-12,0.1015625,0.0076055215,370,-0.0020321599828700223,0.2,0.057971931993961334
220,489.88,232,1934,450560,0.06,-0.6575535699999999,0.4475216865539551,9.460762977600098,9.508695363998413,1e-05,0.05000000447034836,4.716606012006297e-12,0.08919270833333333,0.0062283836,371,-0.0024111357827981315,0.2,3.8334038257598877
221,489.88,233,1940,452608,0.06,-0.7304483400000001,0.4758668541908264,9.460762977600098,8.11639643566949,1e-05,0.05000000447034836,3.057975964462778e-12,0.11941964285714286,0.011765541,373,-0.0007979007703917367,0.2,1.7804343700408936
222,488.2,233,1945,454656,0.07,-0.12558498000000007,0.6845748424530029,9.460762977600098,0.1661814513305823,1e-05,0.05000000447034836,6.046066858972354e-12,0.07942708333333333,0.0065292786,374,0.000784772913902998,0.2,0.06898653507232666
223,484.81,234,1951,456704,0.09,1.19478848,0.44506168365478516,9.460762977600098,9.9882173538208,1e-05,0.05000000447034836,5.520081787502296e-12,0.08268229166666667,0.006126189,375,5.972882111867269e-07,0.2,10.586555480957031
224,484.81,234,1956,458752,0.09,1.1614315399999995,0.4542003870010376,9.460762977600098,19.364682579040526,1e-05,0.05000000447034836,1.8739649589039065e-12,0.09921875,0.0065725655,376,0.003410659916698933,0.2,10.793965339660645
225,484.81,234,1961,460800,0.09,1.1713170899999996,0.45413750410079956,9.460762977600098,0.30073442724015975,1e-05,0.05000000447034836,1.022132790733099e-12,0.1171875,0.018918945,378,0.00016921768999762006,0.2,0.11209715902805328
226,486.49,235,1967,462848,0.08,0.573108,0.7216461896896362,9.460762977600098,0.4452538251876831,1e-05,0.05000000447034836,2.3849611521797875e-12,0.109375,0.0075140735,379,0.0019783718511462212,0.2,0.27739274501800537
227,486.48,235,1972,464896,0.08,0.5447665100000003,0.8339766263961792,9.460762977600098,0.3873704182250159,1e-05,0.05000000447034836,1.0966438260956446e-12,0.08314732142857142,0.006305527,380,-0.0010259723556893213,0.2,0.1282096803188324
228,484.8,236,1977,466944,0.09,1.1283880400000001,0.44481849670410156,9.460762977600098,9.613920484270368,1e-05,0.05000000447034836,1.854540392781656e-12,0.09654017857142858,0.006537498,381,0.0004536995132054601,0.2,7.484246253967285
229,486.49,236,1983,468992,0.08,0.44697573999999995,0.4969586133956909,9.460762977600098,5.520230233669281,1e-05,0.05000000447034836,4.461406504646659e-12,0.11067708333333333,0.007686429,382,0.0009230067953467369,0.2,2.190208673477173
230,486.49,236,1988,471040,0.08,0.4592836000000001,0.7734700441360474,9.460762977600098,0.1880065674583117,1e-05,0.05000000447034836,2.3441515655669987e-12,0.07682291666666667,0.0060491976,383,0.0006398363038897514,0.2,0.027951085940003395
231,486.49,237,1993,473088,0.08,0.41718520000000003,0.695781409740448,9.460762977600098,0.45067356526851654,1e-05,0.05000000447034836,2.7674802553778743e-12,0.07486979166666667,0.0058609787,384,0.002880665628860394,0.2,0.28457632660865784
232,486.49,231,2048,475136,0.08,0.43651492999999986,0.7167245149612427,9.460762977600098,0.758653438091278,1e-05,0.05000000447034836,1.392226503353633e-12,0.0765625,0.005636153,385,0.00023925593122839928,0.2,0.5213295221328735
233,484.58,232,2053,477184,0.09,1.0769850699999999,0.8146816492080688,9.460762977600098,0.24881187379360198,1e-05,0.05000000447034836,1.6681104197599494e-12,0.08359375,0.0056510717,386,0.0005796339362859726,0.2,0.10845912992954254
234,484.58,232,2059,479232,0.09,1.18769674,0.4285433888435364,9.460762977600098,10.146652221679688,1e-05,0.05000000447034836,1.6078162022245546e-12,0.11953125,0.016819336,388,0.003717957530170679,0.2,6.942971229553223
235,484.58,233,2064,481280,0.09,1.1361324899999996,0.9068208336830139,9.460762977600098,0.39115001980600683,1e-05,0.05000000447034836,3.3395144288794754e-12,0.10304418103448276,0.010305787,392,-0.0010208294502106205,0.2,0.1712922751903534
236,484.58,233,2069,483328,0.09,1.0616112699999996,0.757727861404419,9.460762977600098,0.14416138295616424,1e-05,0.05000000447034836,4.392965158306339e-12,0.1015625,0.0070102667,393,0.007582156918942928,0.2,0.06417544186115265
237,484.58,233,2075,485376,0.09,1.0472492199999999,0.6603362560272217,9.460762977600098,0.38798096030950546,1e-05,0.05000000447034836,3.3186235877391557e-12,0.1123046875,0.007863067,394,-0.002338079269975424,0.2,0.17624111473560333
238,484.58,234,2080,487424,0.09,0.9290560400000001,0.6694462895393372,9.460762977600098,0.34664812684059143,1e-05,0.05000000447034836,2.7377952335760902e-12,0.1025390625,0.0076773707,395,0.009629592997953296,0.2,0.29784342646598816
239,484.58,234,2085,489472,0.09,0.9386574099999997,0.7434351444244385,9.460762977600098,0.23253808729350567,1e-05,0.05000000447034836,1.1309694500361012e-12,0.0888671875,0.0057852417,396,0.0010876585729420185,0.2,0.16326184570789337
240,484.58,235,2091,491520,0.09,0.8766290199999999,0.5784106254577637,9.460762977600098,0.4011290371417999,1e-05,0.05000000447034836,3.650927650478142e-12,0.10390625,0.0073237657,397,0.0030658962205052376,0.2,0.1422027349472046
241,484.58,235,2096,493568,0.09,0.8406187200000003,0.4532785415649414,9.460762977600098,11.825434303283691,1e-05,0.05000000447034836,1.219426252682676e-12,0.1015625,0.0072402195,398,-0.002740022446960211,0.2,10.153607368469238
242,484.58,235,2101,495616,0.09,0.8628169400000002,0.6211861371994019,9.460762977600098,0.5727092325687408,1e-05,0.05000000447034836,3.1006406209926896e-12,0.14453125,0.009736189,399,0.003984813811257482,0.2,0.24468892812728882
243,486.28,236,2107,497664,0.08,0.2257148599999998,0.6060106754302979,9.460762977600098,0.5314496710896492,1e-05,0.05000000447034836,1.993582816189887e-12,0.11572265625,0.008670347,404,0.0008536140201613307,0.2,0.21276216208934784
244,487.96,236,2112,499712,0.07,-0.4250245400000001,0.7650683522224426,9.460762977600098,0.13096622537289346,1e-05,0.05000000447034836,2.38295299291591e-12,0.1015625,0.006897554,405,0.0012470651417970657,0.2,0.11194079369306564
245,487.96,231,2166,501760,0.07,-0.39284533000000005,0.7423769235610962,9.460762977600098,0.12479206770658494,1e-05,0.05000000447034836,2.7270215165881018e-12,0.09765625,0.0073487917,406,-0.0003969099372625351,0.2,0.02328011393547058
246,489.64,232,2171,503808,0.06,-1.0484399199999999,0.621159553527832,9.460762977600098,0.24613498995701472,1e-05,0.05000000447034836,2.0519170130378628e-12,0.08489583333333334,0.01002035,408,0.0020673124119639395,0.2,0.08490791916847229
247,493.03,232,2176,505856,0.04,-2.35432245,0.8330435156822205,9.460762977600098,0.12036170704024178,1e-05,0.05000000447034836,2.350736792722241e-12,0.08091517857142858,0.005519756,409,0.0012697077223232814,0.2,0.061961159110069275
248,493.03,232,2182,507904,0.04,-2.2902145400000005,0.5697833299636841,9.460762977600098,0.520637047290802,1e-05,0.05000000447034836,1.211585410991478e-12,0.090625,0.006202777,410,-0.000875806249678135,0.2,0.22679021954536438
249,493.03,233,2187,509952,0.04,-2.3124695600000003,0.642798900604248,9.460762977600098,0.6862327456474304,1e-05,0.05000000447034836,4.614260362689748e-12,0.11067708333333333,0.007673958,411,0.002352394008388122,0.2,0.35261550545692444
250,493.03,233,2192,512000,0.04,-2.33631936,0.7411852478981018,9.460762977600098,0.1908281942208608,1e-05,0.05000000447034836,2.0784903746046135e-12,0.10091145833333333,0.0071143694,412,0.0031447745859622955,0.2,0.13028249144554138
251,493.03,233,2198,514048,0.04,-2.2857935099999995,0.9200599193572998,9.460762977600098,0.05470546521246433,1e-05,0.05000000447034836,2.5200588144036473e-12,0.1025390625,0.0063133715,413,1.9730068743228912e-06,0.2,0.03304104506969452
252,492.75,234,2203,516096,0.04,-2.26135427,0.44590139389038086,9.460762977600098,6.027864217758179,1e-05,0.05000000447034836,1.5276962637630898e-12,0.13541666666666666,0.009005519,414,0.00018967455253005028,0.2,3.458477258682251
253,492.75,234,2208,518144,0.04,-2.2469038099999996,0.4072423577308655,9.460762977600098,11.139632284641266,1e-05,0.05000000447034836,5.787242213228794e-12,0.103515625,0.0072178105,415,-0.004979786463081837,0.2,3.9435882568359375
254,492.75,234,2213,520192,0.04,-2.2365517999999995,0.5835394263267517,9.460762977600098,0.5798413932323456,1e-05,0.05000000447034836,4.29978665519859e-12,0.11171875,0.007169844,416,0.006329942867159844,0.2,0.34204351902008057
255,492.75,235,2219,522240,0.04,-2.2210301599999998,0.7603834271430969,9.460762977600098,0.17805440723896027,1e-05,0.05000000447034836,2.073619054243636e-12,0.10221354166666667,0.007414559,417,0.0024784845300018787,0.2,0.10675230622291565
256,492.75,235,2224,524288,0.04,-2.2115471099999997,0.6806693077087402,9.460762977600098,0.3941872715950012,1e-05,0.05000000447034836,2.576528617195817e-12,0.06919642857142858,0.005185612,418,-0.0008881979488900729,0.2,0.14028611779212952
257,492.98,230,2280,526336,0.04,-2.2423187299999996,0.6638684868812561,9.460762977600098,0.3695928692817688,1e-05,0.05000000447034836,1.5895336262505833e-12,0.11015625,0.007767325,419,-0.0006273617967963218,0.2,0.15255534648895264
258,492.98,231,2285,528384,0.04,-2.33236532,0.504930853843689,9.460762977600098,6.170133495330811,1e-05,0.05000000447034836,5.155792893313249e-12,0.10390625,0.0076470254,420,0.001683536171913147,0.2,5.521731853485107
259,492.98,231,2291,530432,0.04,-2.31236919,0.45384132862091064,9.460762977600098,0.6311024228731791,1e-05,0.05000000447034836,2.2367069134332507e-12,0.11393229166666667,0.008027936,421,-0.00010878701383868854,0.2,0.3890228271484375
260,492.98,231,2296,532480,0.04,-2.3214093099999995,0.665814995765686,9.460762977600098,0.5538605391979218,1e-05,0.05000000447034836,3.2503828188007455e-12,0.09375,0.0067330734,422,0.005755616910755634,0.2,0.2328304648399353
261,492.98,232,2301,534528,0.04,-2.1969498300000003,0.7822442054748535,9.460762977600098,0.1031507134437561,1e-05,0.05000000447034836,1.0809832196034819e-11,0.12578125,0.008835381,423,0.00941389612853527,0.2,0.07928042113780975
262,489.62,232,2307,536576,0.06,-0.9726084199999997,0.9101271629333496,9.460762977600098,0.3923498570919037,1e-05,0.05000000447034836,2.9944343445803545e-12,0.09765625,0.006695465,424,-0.0013154229149222375,0.2,0.17285174131393433
263,489.62,232,2312,538624,0.06,-0.9270947700000001,0.4917669892311096,9.460762977600098,13.414850997924805,1e-05,0.05000000447034836,1.915025646739843e-12,0.1265625,0.008734917,425,-0.00611452367156744,0.2,6.512375831604004
264,491.31,233,2317,540672,0.05,-1.5971638400000001,0.15961426496505737,9.460762977600098,0.6529458463191986,1e-05,0.05000000447034836,1.8555385093016463e-12,0.1552734375,0.00962241,426,0.0014941827394068241,0.2,0.38685232400894165
265,491.31,233,2323,542720,0.05,-1.5681924199999997,0.442047655582428,9.460762977600098,0.754456028342247,1e-05,0.05000000447034836,2.397313901211784e-12,0.1552734375,0.010022476,427,0.0019053900614380836,0.2,0.5102909207344055
266,491.31,233,2328,544768,0.05,-1.5625622599999998,0.685408353805542,9.460762977600098,0.20576212306817374,1e-05,0.05000000447034836,2.7608555632635534e-12,0.134765625,0.009249155,428,0.0017728488116214673,0.2,0.07498382776975632
267,489.62,234,2334,546816,0.06,-0.9151559600000002,0.7573620080947876,9.460762977600098,0.2792398487699443,1e-05,0.05000000447034836,1.9492710397195356e-12,0.12203663793103449,0.009527007,432,0.0015586792523490972,0.2,0.13619141280651093
268,489.62,234,2339,548864,0.06,-0.9067947899999997,0.45936375856399536,9.460762977600098,8.339840493418954,1e-05,0.05000000447034836,1.6892050909086964e-12,0.08309659090909091,0.015031163,437,0.0017732831677704146,0.2,3.2088356018066406
269,489.62,230,2392,550912,0.06,-0.9118570599999997,0.9328545331954956,9.460762977600098,0.044429509341716765,1e-05,0.05000000447034836,1.72982613476369e-12,0.1109375,0.007455708,438,-0.0009751936420798301,0.2,0.021657388657331467
270,489.62,230,2398,552960,0.06,-0.9054488399999997,0.8287115097045898,9.460762977600098,0.11558317737653852,1e-05,0.05000000447034836,6.086326755083693e-12,0.09404296875,0.0072798366,443,0.003189898596610874,0.2,0.028417494148015976
271,487.94,230,2403,555008,0.07,-0.2997637400000001,0.5853244066238403,9.460762977600098,0.3329146772623062,1e-05,0.05000000447034836,5.9712538733047715e-12,0.1140625,0.007781499,444,0.004140758886933327,0.2,0.08165855705738068
272,486.26,231,2408,557056,0.08,0.32200071000000025,0.5483427047729492,9.460762977600098,6.863530536492665,1e-05,0.05000000447034836,8.577185186056657e-13,0.12760416666666666,0.008490647,445,0.0001603138322631518,0.2,0.30259668827056885
273,486.26,231,2414,559104,0.08,0.33892356000000023,0.49615973234176636,9.460762977600098,8.443885008494059,1e-05,0.05000000447034836,1.2966978836168042e-12,0.11067708333333333,0.0076142647,446,0.006565817631781101,0.2,6.046870708465576
274,484.3,231,2419,561152,0.09,0.9301802000000001,0.9363026022911072,9.460762977600098,0.042814133881494916,1e-05,0.05000000447034836,3.1332241488823964e-12,0.1470905172413793,0.013041342,450,0.004772156990807632,0.2,0.03402870148420334
275,484.3,232,2424,563200,0.09,0.9129030100000002,0.47288358211517334,9.460762977600098,15.222254467010497,1e-05,0.05000000447034836,2.359789447181626e-12,0.1265625,0.008725299,451,-0.002599427103996277,0.2,10.173468589782715
276,484.47,232,2430,565248,0.09,0.8821886700000005,0.6284974813461304,9.460762977600098,0.22344921742166793,1e-05,0.05000000447034836,1.781872934793205e-12,0.12779017857142858,0.010145098,453,0.0005040321099971022,0.2,0.10204342752695084
277,482.79,232,2435,567296,0.1,1.5373267400000006,0.5294088125228882,9.460762977600098,9.503509616851806,1e-05,0.05000000447034836,5.806740071417904e-12,0.103125,0.0075237392,454,-0.0029820848256349565,0.2,7.358519554138184
278,482.79,233,2441,569344,0.1,1.5653064400000005,0.5717107653617859,9.460762977600098,6.770474433898926,1e-05,0.05000000447034836,3.753074240275822e-12,0.13671875,0.009517259,455,-0.0024845683947205544,0.2,3.7804322242736816
279,482.79,233,2446,571392,0.1,1.5589140400000003,0.8271366953849792,9.460762977600098,0.8716638229395214,1e-05,0.05000000447034836,1.8065479667761508e-12,0.13589638157894737,0.015029906,458,0.002811470387601539,0.2,0.2517452538013458
280,482.79,233,2451,573440,0.1,1.56867663,0.9300148487091064,9.460762977600098,0.04091406427323818,1e-05,0.05000000447034836,3.493129180007215e-12,0.0771484375,0.0056811976,459,0.0032159900292754173,0.2,0.02626877650618553
281,482.79,229,2508,575488,0.1,1.5413014500000002,0.5646114349365234,9.460762977600098,0.32663516274520327,1e-05,0.05000000447034836,2.427788005354703e-12,0.10212053571428571,0.0074489256,460,-0.0005899199417659215,0.2,0.24403917789459229
282,482.79,229,2513,577536,0.1,1.5114466800000006,0.542514443397522,9.460762977600098,6.869333247343699,1e-05,0.05000000447034836,3.0099360504021178e-12,0.09049479166666667,0.006696819,461,0.0004469631239771843,0.2,5.773643493652344
283,482.79,230,2518,579584,0.1,1.57280839,0.824978768825531,9.460762977600098,0.23747356768165315,1e-05,0.05000000447034836,1.4284794050758998e-12,0.11104910714285714,0.007795476,462,0.003015113728387015,0.2,0.21659298241138458
284,482.79,230,2524,581632,0.1,1.4829772400000005,0.7733811736106873,9.460762977600098,0.4362731788839613,1e-05,0.05000000447034836,1.4405826791880072e-12,0.11941964285714286,0.0081517855,463,0.002545678588960852,0.2,0.35255977511405945
285,482.51,230,2529,583680,0.1,1.5635332000000002,0.5809560418128967,9.460762977600098,0.49338218569755554,1e-05,0.05000000447034836,1.145084244438821e-12,0.09765625,0.0067701996,464,0.0006811912171542645,0.2,0.24876639246940613
286,482.5,231,2534,585728,0.1,1.6274679,0.4932142496109009,9.460762977600098,12.309868574142456,1e-05,0.05000000447034836,3.741865324535798e-12,0.083984375,0.0061576813,465,-0.004474015790037811,0.2,3.950672149658203
287,482.5,231,2539,587776,0.1,1.5906120000000001,0.44252973794937134,9.460762977600098,7.375535660982132,1e-05,0.05000000447034836,1.3943082799450224e-12,0.116015625,0.014100017,467,0.006161951273679733,0.2,2.9337289333343506
288,480.81,231,2545,589824,0.11,2.2767472800000004,0.8033663034439087,9.460762977600098,0.38791061788797376,1e-05,0.05000000447034836,1.3949168426244385e-12,0.104296875,0.0065248813,472,-0.0001921946764923632,0.2,0.21977394819259644
289,480.81,232,2550,591872,0.11,2.2710997300000004,0.5078667402267456,9.460762977600098,8.73679770742144,1e-05,0.05000000447034836,1.5640943401562524e-12,0.11049107142857142,0.007715595,473,-0.004348261547940118,0.2,4.824336051940918
290,480.81,232,2556,593920,0.11,2.2637427399999996,0.8758596777915955,9.460762977600098,0.14386910945177078,1e-05,0.05000000447034836,4.602931751029882e-12,0.1125,0.007546385,474,0.004514337703585625,0.2,0.08604085445404053
291,482.5,232,2561,595968,0.1,1.6486942099999995,0.7430343627929688,9.460762977600098,0.3408622682094574,1e-05,0.05000000447034836,5.508518120811434e-12,0.10390625,0.0070609436,475,0.00047535523772239684,0.2,0.1939609795808792
292,482.5,232,2566,598016,0.1,1.6470939499999997,0.49075913429260254,9.460762977600098,0.6446459054946899,1e-05,0.05000000447034836,7.019628368160058e-12,0.07578125,0.0060083307,476,-0.0012452982366085053,0.2,0.3840034604072571
293,482.5,228,2622,600064,0.1,1.6461687800000002,0.6552777290344238,9.460762977600098,0.26568788588047026,1e-05,0.05000000447034836,1.3629824265753987e-12,0.134375,0.0085918885,477,-0.000916377454996109,0.2,0.09316711127758026
294,482.5,229,2627,602112,0.1,1.6570004100000002,0.7275772094726562,9.460762977600098,0.1617517862468958,1e-05,0.05000000447034836,4.489840357141395e-12,0.1015625,0.006921476,478,0.002134718932211399,0.2,0.1114002913236618
295,484.18,229,2632,604160,0.09,1.0351830400000004,0.32494598627090454,9.460762977600098,0.6323855952783064,1e-05,0.05000000447034836,3.5459404509885495e-12,0.11221590909090909,0.014031886,480,0.0010960232466459274,0.2,0.30222415924072266
296,482.5,229,2638,606208,0.1,1.6444655200000002,0.6155221462249756,9.460762977600098,0.31645048689097166,1e-05,0.05000000447034836,1.5109678916033764e-12,0.146484375,0.0093210265,481,0.002490648999810219,0.2,0.10819710046052933
297,486.15,230,2643,608256,0.08,0.41907450000000024,0.5467438697814941,9.460762977600098,13.888803482055664,1e-05,0.05000000447034836,3.762435675513931e-12,0.11002604166666667,0.0075151487,482,0.00012545380741357803,0.2,8.385248184204102
298,484.46,230,2649,610304,0.09,1.04966642,0.5772733688354492,9.460762977600098,1.0508928894996643,1e-05,0.05000000447034836,2.3523693843535698e-12,0.12421875,0.007925807,483,0.0026428095996379854,0.2,0.6052857041358948
299,484.46,230,2654,612352,0.09,1.0796603500000004,0.5753041505813599,9.460762977600098,8.311428342546735,1e-05,0.05000000447034836,2.9039609258929566e-12,0.09988839285714286,0.0074341786,484,0.0012829486014587538,0.2,3.627202272415161
300,486.25,230,2660,614400,0.08,0.4724754700000002,0.7246086597442627,9.460762977600098,0.7211964964866638,1e-05,0.05000000447034836,1.9269011299755112e-12,0.10390625,0.0069469633,485,-0.0012197131291031837,0.2,0.3546930253505707
301,487.93,231,2665,616448,0.07,-0.20747608999999956,0.8067821860313416,9.460762977600098,0.6596592590212822,1e-05,0.05000000447034836,3.0097077174245923e-12,0.130615234375,0.010112268,487,-0.000377201329683885,0.2,0.2568680942058563
302,486.25,231,2670,618496,0.08,0.3883002000000001,0.5104902386665344,9.460762977600098,0.7666630148887634,1e-05,0.05000000447034836,3.86272437646884e-12,0.06982421875,0.0054869927,488,0.004899084335193038,0.2,0.49859145283699036
303,484.57,231,2676,620544,0.09,0.9988899000000008,0.552022397518158,9.460762977600098,6.910957376162211,1e-05,0.05000000447034836,1.6932827752794144e-12,0.1328125,0.009640918,489,0.00014318153262138367,0.2,7.233926773071289
304,484.57,232,2681,622592,0.09,1.0011718600000004,0.5489798784255981,9.460762977600098,7.532559667314802,1e-05,0.05000000447034836,2.480103579102777e-12,0.09654017857142858,0.0065839826,490,0.0028831715296421733,0.2,1.980819582939148
305,486.25,232,2687,624640,0.08,0.3576246899999997,0.8119900226593018,9.460762977600098,0.4891475439071655,1e-05,0.05000000447034836,1.1936587785907338e-12,0.10491071428571429,0.0074396757,491,-0.00021283541406903948,0.2,0.16845478117465973
306,484.57,228,2742,626688,0.09,0.9887084299999997,0.859653890132904,9.460762977600098,0.28721380482117337,1e-05,0.05000000447034836,8.425907541131927e-13,0.08268229166666667,0.0059804474,492,-0.0006511090323328972,0.2,0.05897708237171173
307,484.57,228,2747,628736,0.09,0.9503499999999997,0.5563318729400635,9.460762977600098,10.364090383052826,1e-05,0.05000000447034836,1.861955901960588e-12,0.0859375,0.006245001,493,0.0019244002178311348,0.2,4.862973213195801
308,484.84,229,2753,630784,0.09,0.8764947899999999,0.6620758771896362,9.460762977600098,0.47849345207214355,1e-05,0.05000000447034836,2.0304129471487853e-12,0.076171875,0.005732379,494,0.0030226910021156073,0.2,0.24447433650493622
309,484.85,229,2758,632832,0.09,0.8348614799999997,0.518139660358429,9.460762977600098,6.658083915710449,1e-05,0.05000000447034836,2.2430117659066884e-12,0.1140625,0.007763958,495,-7.101912051439285e-05,0.2,0.8299766182899475
310,484.85,229,2764,634880,0.09,0.87267644,0.5528417825698853,9.460762977600098,8.366242027282714,1e-05,0.05000000447034836,2.5058846057218753e-12,0.0984375,0.0070738844,496,0.0032278751954436303,0.2,0.8466839790344238
311,482.93,229,2769,636928,0.1,1.4504090599999997,0.6876137256622314,9.460762977600098,1.1357749700546265,1e-05,0.05000000447034836,1.803983611797788e-12,0.11328125,0.0075873705,497,0.009450047090649605,0.2,0.481908917427063
312,484.62,230,2774,638976,0.09,0.7753104699999995,0.5067918300628662,9.460762977600098,7.710011666640639,1e-05,0.05000000447034836,4.1744459451653615e-12,0.064453125,0.0051629245,498,-0.00016923388466238976,0.2,0.12967941164970398
313,482.95,230,2780,641024,0.1,1.3960797299999999,0.568759024143219,9.460762977600098,0.7692548632621765,1e-05,0.05000000447034836,3.5976926732878e-12,0.1015625,0.007303076,499,-0.0004383391545464595,0.2,0.3154536187648773
314,481.27,230,2786,643072,0.11,2.0519971999999997,0.559014618396759,9.460762977600098,8.680302302042643,1e-05,0.05000000447034836,1.402459095037334e-12,0.11328125,0.0078047826,500,-0.0003268204939862092,0.2,1.5230176448822021
315,481.27,231,2791,645120,0.11,2.0816236499999996,0.5761957168579102,9.460762977600098,7.77926582760281,1e-05,0.05000000447034836,8.999637840512165e-12,0.10980902777777778,0.015650291,502,0.006461271912687355,0.2,1.8672688007354736
316,481.27,231,2796,647168,0.11,2.089950819999999,0.6512607336044312,9.460762977600098,0.7748427033424378,1e-05,0.05000000447034836,3.509587802666414e-12,0.10703125,0.007074232,503,0.0011023309081792832,0.2,0.41697636246681213
317,481.27,231,2801,649216,0.11,2.0982921799999996,0.8398532271385193,9.460762977600098,0.14921320664385954,1e-05,0.05000000447034836,3.064783019382511e-12,0.11458333333333333,0.0075643365,504,0.006533746297160785,0.2,0.09606494009494781
318,481.27,227,2857,651264,0.11,2.0827055599999995,0.7694699168205261,9.460762977600098,0.2114720974738399,1e-05,0.05000000447034836,2.9890929141573874e-12,0.12890625,0.012073588,506,0.0013324234168976545,0.2,0.07769525051116943
319,482.95,228,2863,653312,0.1,1.4404548699999995,0.6908605098724365,9.460762977600098,0.3497047424316406,1e-05,0.05000000447034836,2.024797864097483e-12,0.08723958333333333,0.0061784624,507,-0.0033942217317720256,0.2,0.09335339814424515
320,484.63,228,2868,655360,0.09,0.8225103699999999,0.6572933197021484,9.460762977600098,0.27314714789390565,1e-05,0.05000000447034836,1.202523540813627e-12,0.09765625,0.006726198,508,-0.004665610380470753,0.2,0.09681368619203568
321,482.6,228,2873,657408,0.1,1.3907933699999995,0.7468644380569458,9.460762977600098,0.2027305532246828,1e-05,0.05000000447034836,2.721328154139946e-12,0.0888671875,0.006195301,509,-0.0009758231462910771,0.2,0.08370303362607956
322,484.29,229,2879,659456,0.09,0.7572932599999997,0.4999468922615051,9.460762977600098,7.744660207203457,1e-05,0.05000000447034836,2.013936760414392e-12,0.09709821428571429,0.0064884494,510,0.00037481017144662995,0.2,1.4318791627883911
323,480.84,229,2884,661504,0.11,2.07959953,0.8066842555999756,9.460762977600098,0.12123441398143768,1e-05,0.05000000447034836,1.704371019317641e-12,0.07578125,0.005580297,511,0.001301172375679016,0.2,0.07320821285247803
324,480.84,229,2890,663552,0.11,2.07741961,0.5489308834075928,9.460762977600098,17.512899892670767,1e-05,0.05000000447034836,1.1234474722038312e-12,0.06584821428571429,0.008824387,513,0.0019153463654220104,0.2,11.211984634399414
325,480.84,229,2895,665600,0.11,2.1399440899999997,0.6658251881599426,9.460762977600098,0.42400551835695904,1e-05,0.05000000447034836,2.547293105614745e-12,0.1171875,0.011585335,515,0.00044212788343429567,0.2,0.4404843747615814
326,480.84,230,2901,667648,0.11,2.21948452,0.8199784159660339,9.460762977600098,1.0886198580265045,1e-05,0.05000000447034836,2.732771691230096e-12,0.07942708333333333,0.0058207866,516,0.0032763962323466935,0.2,0.6023352742195129
327,480.84,230,2906,669696,0.11,2.18676913,0.5933350920677185,9.460762977600098,14.002429922421774,1e-05,0.05000000447034836,1.5140062597715498e-12,0.0939670138888889,0.016003234,519,-0.0010044838094876872,0.2,2.16461181640625
328,480.84,230,2911,671744,0.11,2.2001038399999997,0.5827053785324097,9.460762977600098,0.3482051424004815,1e-05,0.05000000447034836,1.5844934956113499e-12,0.10830965909090909,0.013801363,521,0.002733270045031201,0.2,0.09167034178972244
329,479.16,230,2917,673792,0.12,2.91567248,0.8011437654495239,9.460762977600098,0.7172380834817886,1e-05,0.05000000447034836,4.807981703741637e-12,0.13671875,0.0093045775,522,0.0039839898236095905,0.2,0.44158023595809937
330,480.84,227,2972,675840,0.11,2.29143215,0.6250705718994141,9.460762977600098,6.7580931186676025,1e-05,0.05000000447034836,4.482355459023424e-12,0.121875,0.008383637,523,0.0035025600343942644,0.2,6.522312164306641
331,480.84,227,2978,677888,0.11,2.30997895,0.7648158669471741,9.460762977600098,0.37204133636421627,1e-05,0.05000000447034836,2.0310777799209534e-12,0.1267361111111111,0.019939402,525,-0.003352584938208262,0.2,0.11114215850830078
332,482.53,227,2983,679936,0.1,1.6879477799999998,0.6395400166511536,9.460762977600098,1.022463321685791,1e-05,0.05000000447034836,2.578151017326724e-12,0.08919270833333333,0.0063348855,526,-0.002672699668134252,0.2,0.4432506263256073
333,484.21,228,2988,681984,0.09,1.05540229,0.8626717925071716,9.460762977600098,0.5028996109962464,1e-05,0.05000000447034836,2.7674943500061167e-12,0.09609375,0.00743368,527,0.0005477093160152436,0.2,0.2922562062740326
334,484.21,228,2994,684032,0.09,1.0553395399999996,0.5989940166473389,9.460762977600098,0.36100050806999207,1e-05,0.05000000447034836,2.14901794276523e-12,0.13671875,0.015289616,529,-0.00026936819776892664,0.2,0.2654043138027191
335,486.13,228,2999,686080,0.08,0.4696976299999999,0.5105575919151306,9.460762977600098,0.6144704520702362,1e-05,0.05000000447034836,2.5969417588589394e-12,0.126953125,0.008915354,530,0.011941886972635984,0.2,0.3824175000190735
336,487.8,229,3004,688128,0.07,-0.049689560000000216,0.6513059139251709,9.460762977600098,0.6785650610923767,1e-05,0.05000000447034836,2.4518182623056717e-12,0.1328125,0.009770142,531,-0.0012883277609944343,0.2,0.2516370713710785
337,487.8,229,3010,690176,0.07,-0.08005198000000023,0.9020971655845642,9.460762977600098,0.7530751377344131,1e-05,0.05000000447034836,1.0011821016328581e-12,0.099609375,0.0072598285,532,0.005766980350017548,0.2,0.42490535974502563
338,487.91,229,3015,692224,0.07,-0.15469546000000003,0.6328005790710449,9.460762977600098,0.4192451238632202,1e-05,0.05000000447034836,1.5366092729826586e-12,0.1181640625,0.0077874437,533,-0.003034819383174181,0.2,0.11602365970611572
339,487.91,229,3020,694272,0.07,-0.1440417600000002,0.588045597076416,9.460762977600098,6.873962461948395,1e-05,0.05000000447034836,3.648841211817411e-12,0.0869140625,0.006189998,534,0.004793368047103286,0.2,3.968015193939209
340,486.23,230,3026,696320,0.08,0.5562114999999996,0.7564784288406372,9.460762977600098,1.036932396888733,1e-05,0.05000000447034836,1.2467880460692582e-12,0.1140625,0.0073788045,535,0.0027245063334703445,0.2,0.31734907627105713
341,486.23,230,3031,698368,0.08,0.5362030499999996,0.556367814540863,9.460762977600098,6.717826271057129,1e-05,0.05000000447034836,1.7986342666989619e-12,0.075,0.005346383,536,-0.0017566598951816558,0.2,4.823580265045166
342,486.23,226,3087,700416,0.08,0.5135360499999995,0.7622366547584534,9.460762977600098,0.17382971942424774,1e-05,0.05000000447034836,1.5819986379922435e-12,0.0921875,0.0073070573,537,0.0009014599025249481,0.2,0.07805238664150238
343,484.52,227,3092,702464,0.09,1.1313750399999993,0.7990419268608093,9.460762977600098,0.14050383726134896,1e-05,0.05000000447034836,3.815548137858782e-12,0.11767578125,0.008036772,538,0.00022480014013126493,0.2,0.130179300904274
344,484.52,227,3097,704512,0.09,1.0855733499999993,0.6340861320495605,9.460762977600098,6.915400981903076,1e-05,0.05000000447034836,1.0374239444929656e-12,0.13839285714285715,0.00935831,539,0.005328151530453137,0.2,8.961247444152832
345,484.87,227,3103,706560,0.09,1.1184934499999997,0.7747067809104919,9.460762977600098,0.11117832455784082,1e-05,0.05000000447034836,8.58428779448861e-13,0.0888671875,0.0061958274,540,-0.004349765134975314,0.2,0.016648314893245697
346,486.55,227,3108,708608,0.08,0.3993113000000001,0.6321019530296326,9.460762977600098,6.591180125872294,1e-05,0.05000000447034836,1.7771850614398121e-12,0.10481770833333333,0.0072909035,541,0.0010191452068587143,0.2,1.463914394378662
347,488.32,228,3113,710656,0.07,-0.2954837999999997,0.6319946050643921,9.460762977600098,0.25661660861223934,1e-05,0.05000000447034836,1.7526200759773736e-12,0.11376953125,0.007094645,546,0.0016109748161397875,0.2,0.12341990321874619
348,488.32,228,3118,712704,0.07,-0.2964964999999998,0.5101652145385742,9.460762977600098,0.3831375206892307,1e-05,0.05000000447034836,2.480022480780275e-12,0.15474759615384615,0.014546821,548,0.002097206046948066,0.2,0.1532399207353592
349,486.64,228,3124,714752,0.08,0.29092828999999987,0.8169922232627869,9.460762977600098,0.1198798877497514,1e-05,0.05000000447034836,1.4677222111292298e-12,0.07552083333333333,0.005761301,549,-0.0024369416447977224,0.2,0.04003683850169182
350,490.0,229,3129,716800,0.06,-0.9861911200000003,0.6334445476531982,9.460762977600098,7.577773094177246,1e-05,0.05000000447034836,2.0282180882708056e-12,0.125,0.0078563485,550,0.004219098761677742,0.2,8.26540756225586
351,490.0,229,3135,718848,0.06,-1.0197592900000003,0.8390884399414062,9.460762977600098,0.466151808316891,1e-05,0.05000000447034836,1.8047267239668097e-12,0.11688701923076923,0.0104199,552,0.0030328273200071775,0.2,0.1213378980755806
352,490.0,229,3140,720896,0.06,-1.0556483700000003,0.3135736584663391,9.460762977600098,0.5699267871677876,1e-05,0.05000000447034836,1.620449434358573e-12,0.13037109375,0.008841066,553,0.002722187200561166,0.2,0.2518270015716553
353,491.68,229,3145,722944,0.05,-1.6991595700000002,0.6708588600158691,9.460762977600098,0.3414255231618881,1e-05,0.05000000447034836,3.3216073121178358e-12,0.12109375,0.008257085,554,-0.002651976654306054,0.2,0.1313600242137909
354,491.68,230,3151,724992,0.05,-1.57718569,0.285189688205719,9.460762977600098,0.6125552877783775,1e-05,0.05000000447034836,2.0782880624792277e-12,0.11328125,0.0078454325,555,0.0002704886719584465,0.2,0.440710186958313
355,491.68,226,3206,727040,0.05,-1.5657545900000003,0.8374590277671814,9.460762977600098,1.2190954647958279,1e-05,0.05000000447034836,2.2161734253289822e-12,0.105712890625,0.0071033575,557,0.001831318368203938,0.2,0.5893950462341309
356,489.99,227,3211,729088,0.06,-0.9801629900000001,0.6614629030227661,9.460762977600098,0.7611900965372721,1e-05,0.05000000447034836,2.7028229914599633e-12,0.09114583333333333,0.0065409057,558,0.0027927469927817583,0.2,0.4335535764694214
357,489.99,227,3216,731136,0.06,-0.99456976,0.6212983131408691,9.460762977600098,6.38826855023702,1e-05,0.05000000447034836,9.713404126171499e-13,0.08658854166666667,0.0058509125,559,0.004128134343773127,0.2,2.3801937103271484
358,488.3,227,3222,733184,0.07,-0.39658550000000004,0.7668119668960571,9.460762977600098,0.19794733822345734,1e-05,0.05000000447034836,2.5380496315730028e-12,0.09830729166666667,0.0069895475,560,-0.0015252189089854558,0.2,0.13849714398384094
359,488.3,227,3227,735232,0.07,-0.38296571,0.6389367580413818,9.460762977600098,7.256522178649902,1e-05,0.05000000447034836,4.768229214247022e-12,0.11848958333333333,0.0076502194,561,0.0036556552319477,0.2,4.112308502197266
360,488.3,228,3232,737280,0.07,-0.48008542000000004,0.676199197769165,9.460762977600098,0.33339128229353165,1e-05,0.05000000447034836,1.8023943882533588e-12,0.12586805555555555,0.01706602,563,-0.0009684297773573133,0.2,0.09446112811565399
361,488.3,228,3238,739328,0.07,-0.4555356000000002,0.7236648797988892,9.460762977600098,0.6453408684049334,1e-05,0.05000000447034836,2.946195804681695e-12,0.10379464285714286,0.0069499845,564,0.0029054636667881694,0.2,0.3533644378185272
362,489.87,228,3243,741376,0.06,-1.0426321800000005,0.9497895240783691,9.460762977600098,0.12229790240526199,1e-05,0.05000000447034836,1.6320968014571502e-12,0.11171875,0.0075584725,565,0.004167510569095612,0.2,0.0783015638589859
363,489.87,228,3248,743424,0.06,-1.0147992799999999,0.8192443251609802,9.460762977600098,0.5711649159590403,1e-05,0.05000000447034836,2.2237194724494813e-12,0.08897569444444445,0.019361809,567,-3.6107583178414236e-05,0.2,0.27622687816619873
364,489.87,229,3254,745472,0.06,-1.0791311999999995,0.8944570422172546,9.460762977600098,0.7994177058339119,1e-05,0.05000000447034836,1.1513025775788943e-12,0.11591796875,0.008696909,572,0.0024207694106735287,0.2,0.3921237587928772
365,486.42,229,3260,747520,0.08,0.27046860000000017,0.6044524908065796,9.460762977600098,6.900066999288706,1e-05,0.05000000447034836,2.7305603524790945e-12,0.13731971153846154,0.013022572,574,0.002207492693112447,0.2,1.9566417932510376
366,488.13,229,3265,749568,0.07,-0.38491928000000003,0.5725803375244141,9.460762977600098,15.50854982648577,1e-05,0.05000000447034836,3.3037724032208837e-12,0.0703125,0.005955871,575,0.001737489298518215,0.2,6.808620929718018
367,488.13,226,3322,751616,0.07,-0.37578619999999985,0.7625089287757874,9.460762977600098,0.2341087800450623,1e-05,0.05000000447034836,4.365963320041022e-12,0.12744140625,0.008584274,576,-5.158770363777876e-05,0.2,0.10009895265102386
368,488.13,226,3328,753664,0.07,-0.3760989499999999,0.7870709300041199,9.460762977600098,0.6897561177611351,1e-05,0.05000000447034836,2.938252505885197e-12,0.095703125,0.006110457,577,-0.0006695727352052927,0.2,0.448822021484375
369,489.81,226,3333,755712,0.06,-1.0016702499999999,0.7655788660049438,9.460762977600098,0.564572787284851,1e-05,0.05000000447034836,9.646276832864231e-13,0.10234375,0.006790206,578,0.0005838920362293721,0.2,0.2039930820465088
370,489.81,226,3339,757760,0.06,-0.9570108799999999,0.572876513004303,9.460762977600098,0.5410685665905476,1e-05,0.05000000447034836,3.764827425506434e-12,0.11396484375,0.008849079,583,0.002476829569786787,0.2,0.19644378125667572
371,488.13,227,3344,759808,0.07,-0.31749983,0.858008861541748,9.460762977600098,0.7248275466263294,1e-05,0.05000000447034836,6.054888361528565e-12,0.080078125,0.006177851,584,0.0012460513971745968,0.2,0.49979376792907715
372,488.13,227,3349,761856,0.07,-0.29469134999999996,0.40762555599212646,9.460762977600098,3.6618523796399436,1e-05,0.05000000447034836,3.761916125832876e-12,0.10677083333333333,0.007176398,585,0.0058974698185920715,0.2,0.35472044348716736
373,489.81,227,3355,763904,0.06,-0.92495558,0.6944310665130615,9.460762977600098,0.4860937997698784,1e-05,0.05000000447034836,5.801672076782838e-12,0.084765625,0.013025916,588,0.001563434745185077,0.2,0.20987971127033234
374,489.81,227,3360,765952,0.06,-0.92452057,0.6979275941848755,9.460762977600098,0.9190353538308825,1e-05,0.05000000447034836,1.2998104112135755e-12,0.06110491071428571,0.010121972,590,0.0015991786494851112,0.2,0.5404161810874939
375,489.81,228,3366,768000,0.06,-0.8785010999999997,0.8608077168464661,9.460762977600098,0.41922422415680355,1e-05,0.05000000447034836,1.0612064612475214e-12,0.13444010416666666,0.011491619,595,0.0004234201430032651,0.2,0.1478496640920639
376,488.13,228,3371,770048,0.07,-0.18836417000000016,0.8447450995445251,9.460762977600098,0.8372989773750306,1e-05,0.05000000447034836,1.4769561441918544e-12,0.1140625,0.008070924,596,-0.003310548886656761,0.2,0.4359287619590759
377,488.13,228,3376,772096,0.07,-0.17594111,0.5667474269866943,9.460762977600098,9.560136715571085,1e-05,0.05000000447034836,2.7496470812043983e-12,0.095703125,0.007418914,597,0.0017857362205783527,0.2,2.918747663497925
378,488.13,228,3382,774144,0.07,-0.2648418799999997,0.6648569107055664,9.460762977600098,0.516489099839638,1e-05,0.05000000447034836,2.5599563701489414e-12,0.13254310344827586,0.011636057,601,0.002625519827265164,0.2,0.16636976599693298
379,486.42,225,3437,776192,0.08,0.4047571200000005,0.6648499965667725,9.460762977600098,0.5959786517279488,1e-05,0.05000000447034836,1.2131142444749e-12,0.09542410714285714,0.0065615945,602,0.0008160796548639025,0.2,0.3160667419433594
380,488.11,226,3443,778240,0.07,-0.2264022499999998,0.5628343820571899,9.460762977600098,10.986735343933105,1e-05,0.05000000447034836,2.926606006148358e-12,0.09296875,0.006747894,603,-0.0025940798223018646,0.2,9.89337158203125
381,488.11,226,3448,780288,0.07,-0.20667706000000002,0.7757256031036377,9.460762977600098,0.3143914992159063,1e-05,0.05000000447034836,2.3271655869711028e-12,0.05788352272727273,0.013215159,605,0.0016735765067013826,0.2,0.15729756653308868
382,488.12,226,3453,782336,0.07,-0.14710804000000022,0.7735888957977295,9.460762977600098,0.23987441137433052,1e-05,0.05000000447034836,2.052677472441644e-12,0.11067708333333333,0.007952709,606,-0.0013282625004649162,0.2,0.08636905997991562
383,488.12,226,3458,784384,0.07,-0.15199563000000013,0.6067088842391968,9.460762977600098,9.470648527145386,1e-05,0.05000000447034836,2.520378003523227e-12,0.12434895833333333,0.00829724,607,0.0038439870501557984,0.2,5.783483505249023
384,488.12,227,3464,786432,0.07,-0.18734403000000022,0.638272762298584,9.460762977600098,0.590371634811163,1e-05,0.05000000447034836,3.2738601326437466e-12,0.1337890625,0.007456402,612,0.003338575444649905,0.2,0.39252522587776184
385,488.12,227,3469,788480,0.07,-0.1854273300000002,0.5877432823181152,9.460762977600098,0.5034043192863464,1e-05,0.05000000447034836,3.046678577825479e-12,0.083984375,0.0066506737,613,-0.0002505423811574777,0.2,0.15464982390403748
386,488.12,227,3474,790528,0.07,-0.23299551000000018,0.772684633731842,9.460762977600098,0.3834380563348532,1e-05,0.05000000447034836,2.177904124406327e-12,0.12158203125,0.008020478,614,0.0030690988060086966,0.2,0.07386668026447296
387,486.43,227,3480,792576,0.08,0.33412017999999966,0.7403014898300171,9.460762977600098,0.3075990134051868,1e-05,0.05000000447034836,2.144688072969192e-12,0.10602678571428571,0.008087367,615,-0.00014229132128613337,0.2,0.1484512984752655
388,488.11,227,3485,794624,0.07,-0.32834827000000005,0.6171440482139587,9.460762977600098,7.670145545686994,1e-05,0.05000000447034836,6.685039240922341e-12,0.08537946428571429,0.0062060356,616,0.0009393856993743352,0.2,8.848516464233398
389,491.56,228,3490,796672,0.05,-1.6084966099999998,0.816572904586792,9.460762977600098,0.18825336918234825,1e-05,0.05000000447034836,1.021758957824026e-12,0.127685546875,0.011752039,618,0.0029141507111489773,0.2,0.09898115694522858
390,489.87,228,3496,798720,0.06,-0.9936819800000001,0.7166457176208496,9.460762977600098,0.30367699017127353,1e-05,0.05000000447034836,1.272332825034972e-12,0.10546875,0.0065895743,619,-0.002678897542258104,0.2,0.09959428012371063
391,489.87,225,3550,800768,0.06,-0.9539272600000004,0.6010235548019409,9.460762977600098,7.532926097992928,1e-05,0.05000000447034836,1.966490121782516e-12,0.09122983870967742,0.01051042,623,0.001568609187679906,0.2,0.32910066843032837
392,487.95,225,3556,802816,0.07,-0.33837320000000043,0.7881808280944824,9.460762977600098,0.4350394383072853,1e-05,0.05000000447034836,1.0417492606398793e-12,0.10221354166666667,0.0071046744,624,0.001684633083641529,0.2,0.40872296690940857
393,487.95,225,3561,804864,0.07,-0.3296226000000002,0.5977327823638916,9.460762977600098,6.511500080426534,1e-05,0.05000000447034836,3.749727525009794e-12,0.091796875,0.006929372,625,0.00035083573311567307,0.2,2.775838851928711
394,489.63,226,3566,806912,0.06,-0.9751914199999999,0.7512006163597107,9.460762977600098,0.20147054145733514,1e-05,0.05000000447034836,3.228960284915039e-12,0.10872395833333333,0.0077258484,626,-0.001738491584546864,0.2,0.1093260794878006
395,489.63,226,3571,808960,0.06,-1.0048021999999999,0.8289746046066284,9.460762977600098,0.13838247507810592,1e-05,0.05000000447034836,4.144699774361049e-12,0.09921875,0.0068687275,627,9.328154847025872e-05,0.2,0.11533932387828827
396,489.63,226,3577,811008,0.06,-1.0146912999999997,0.6700601577758789,9.460762977600098,0.3568228408694267,1e-05,0.05000000447034836,5.340162773787016e-12,0.11328125,0.008486426,628,0.00180821493268013,0.2,0.3620414435863495
397,487.68,226,3582,813056,0.07,-0.4474227900000002,0.8561187982559204,9.460762977600098,0.6284130960702896,1e-05,0.05000000447034836,3.0153188973480738e-12,0.076171875,0.0057889814,629,-0.0026049783919006586,0.2,0.2788653075695038
398,487.68,227,3587,815104,0.07,-0.45472032000000007,0.5086225271224976,9.460762977600098,7.889029383659363,1e-05,0.05000000447034836,9.759684380106215e-13,0.1025390625,0.0073381336,630,0.0011597585398703814,0.2,1.1546295881271362
399,489.36,227,3593,817152,0.06,-1.1188993499999997,0.6965556740760803,9.460762977600098,0.2489981297403574,1e-05,0.05000000447034836,6.964445947027498e-12,0.0732421875,0.0061066826,631,0.0010147012071684003,0.2,0.2003655582666397
400,489.36,227,3598,819200,0.06,-1.1628201099999997,0.601151168346405,9.460762977600098,0.4422970414161682,1e-05,0.05000000447034836,2.117838023008023e-12,0.08984375,0.0067921295,632,-0.000481628580018878,0.2,0.13072267174720764
401,487.59,227,3603,821248,0.07,-0.5465706099999998,0.7546263337135315,9.460762977600098,0.16039724498987198,1e-05,0.05000000447034836,1.5751955946205487e-12,0.1203125,0.009094013,633,0.0032776959240436556,0.2,0.0751952975988388
402,485.92,228,3609,823296,0.08,0.08267793000000026,0.645006537437439,9.460762977600098,6.171901869773865,1e-05,0.05000000447034836,1.1424611257027095e-12,0.11875,0.0075648515,634,0.0041216637939214705,0.2,0.5641764998435974
403,487.63,225,3663,825344,0.07,-0.5720738999999998,0.6007707118988037,9.460762977600098,8.904518680913108,1e-05,0.05000000447034836,2.471208350798837e-12,0.10714285714285714,0.013096665,636,5.7205624346222195e-05,0.2,10.120417594909668
404,485.95,225,3669,827392,0.08,0.055797869999999895,0.7758319973945618,9.460762977600098,0.4345442120518003,1e-05,0.05000000447034836,6.354972537786496e-12,0.13169642857142858,0.008608613,637,0.00041503432605947765,0.2,0.35066306591033936
405,485.95,225,3674,829440,0.08,0.05002096999999987,0.6658071279525757,9.460762977600098,7.93892627954483,1e-05,0.05000000447034836,1.4581965192619895e-12,0.07877604166666667,0.0058961497,638,0.0012930597489078839,0.2,8.828742027282715
406,487.63,225,3679,831488,0.07,-0.6101172699999998,0.93131422996521,9.460762977600098,0.04526651054620743,1e-05,0.05000000447034836,1.3413547616386579e-12,0.12265625,0.008620271,639,0.002633234113454819,0.2,0.03028569370508194
407,487.63,226,3684,833536,0.07,-0.6050423499999998,0.5699338912963867,9.460762977600098,0.7584982966554576,1e-05,0.05000000447034836,1.7478765830525322e-12,0.09765625,0.0056295753,643,0.00415196414266167,0.2,0.43759772181510925
408,487.63,226,3690,835584,0.07,-0.6274666800000002,0.850824236869812,9.460762977600098,0.11070853564888239,1e-05,0.05000000447034836,3.3405301094746598e-12,0.13671875,0.010381169,644,-0.0020954045467078686,0.2,0.04136768728494644
409,485.95,226,3695,837632,0.08,0.03704297000000022,0.7334703207015991,9.460762977600098,0.291332483291626,1e-05,0.05000000447034836,1.9704929962033324e-12,0.14990234375,0.009575106,645,0.002269743476063013,0.2,0.13632872700691223
410,485.95,226,3701,839680,0.08,0.057228990000000264,0.6872260570526123,9.460762977600098,6.275861501693726,1e-05,0.05000000447034836,4.156023181850488e-12,0.08671875,0.005986975,646,-0.0016560010612010957,0.2,3.5630364418029785
411,485.88,227,3706,841728,0.08,0.0860834700000001,0.6586405634880066,9.460762977600098,0.43473643660545347,1e-05,0.05000000447034836,2.7898430093875604e-12,0.1203125,0.008212097,647,0.00394178070127964,0.2,0.1629047691822052
412,484.2,227,3712,843776,0.09,0.7643908000000001,0.639912486076355,9.460762977600098,4.700589279333751,1e-05,0.05000000447034836,1.9911414097378843e-12,0.11458333333333333,0.0078037144,648,0.005694403468320767,0.2,0.9420072436332703
413,482.26,227,3717,845824,0.1,1.4540053999999998,0.6592931747436523,9.460762977600098,7.150108307600021,1e-05,0.05000000447034836,1.1873315915525429e-12,0.0986328125,0.006955184,649,-0.0010514467139728367,0.2,2.2352821826934814
414,478.52,227,3723,847872,0.12,2.7730148900000002,0.5650064945220947,9.460762977600098,8.493825674057007,1e-05,0.05000000447034836,2.0184498603775802e-12,0.09040178571428571,0.0067375833,650,-0.0008850861340761185,0.2,5.177211284637451
415,478.52,227,3728,849920,0.12,2.7525161499999995,0.5855610370635986,9.460762977600098,19.674964237213135,1e-05,0.05000000447034836,1.4075466053115049e-12,0.12890625,0.008882524,651,0.0007971571758389473,0.2,9.408254623413086
416,478.76,225,3784,851968,0.12,2.79132376,0.790885329246521,9.460762977600098,0.2937939954655511,1e-05,0.05000000447034836,2.3326616246238663e-12,0.09458705357142858,0.008571424,655,0.0005303289009524244,0.2,0.17605438828468323
417,477.08,225,3789,854016,0.13,3.419558569999999,0.6579870581626892,9.460762977600098,8.578314757347107,1e-05,0.05000000447034836,1.3435415974205611e-12,0.09140625,0.006506388,656,0.004079671576619148,0.2,1.463770866394043
418,477.08,225,3795,856064,0.13,3.4114804499999996,0.6883432865142822,9.460762977600098,4.3337280511856076,1e-05,0.05000000447034836,4.66583325794967e-12,0.10546875,0.0075543746,657,0.006524308584630489,0.2,0.37471434473991394
419,477.08,225,3800,858112,0.13,3.4112821899999988,0.7319221496582031,9.460762977600098,0.5946527123451233,1e-05,0.05000000447034836,1.6879636794212005e-12,0.08203125,0.006009347,658,0.0005253630224615335,0.2,0.3916040360927582
420,479.03,226,3805,860160,0.12,2.75816165,0.6214399337768555,9.460762977600098,0.39135177433490753,1e-05,0.05000000447034836,2.1686261727354994e-12,0.14174107142857142,0.0093702525,659,0.0033323519996234347,0.2,0.2777319550514221
421,479.03,226,3811,862208,0.12,2.77981313,0.6711921095848083,9.460762977600098,0.573909467458725,1e-05,0.05000000447034836,6.495246181181802e-12,0.0953125,0.0070291646,660,0.00301979836076498,0.2,0.21503524482250214
422,475.4,226,3816,864256,0.14,4.09743258,0.6832194328308105,9.460762977600098,0.4621805101633072,1e-05,0.05000000447034836,2.360717307400839e-12,0.1015625,0.0064887092,661,0.0016748830676078796,0.2,0.39539188146591187
423,475.4,226,3822,866304,0.14,4.114673160000001,0.5680557489395142,9.460762977600098,14.889990942818779,1e-05,0.05000000447034836,4.814260101682066e-12,0.11607142857142858,0.007517704,662,0.0007088435148554188,0.2,6.596057415008545
424,475.49,226,3827,868352,0.14,4.197333929999998,0.6566891670227051,9.460762977600098,0.8280746440092722,1e-05,0.05000000447034836,2.0123501389551768e-12,0.10221354166666667,0.007570108,663,-0.0013355437355736892,0.2,0.39163103699684143
425,475.49,227,3833,870400,0.14,4.223714379999999,0.7266644835472107,9.460762977600098,6.922041515509288,1e-05,0.05000000447034836,2.7841086640972845e-12,0.095703125,0.00676186,664,-0.004067927598953247,0.2,0.5544793605804443
426,475.48,227,3838,872448,0.14,4.162641829999999,0.8758382201194763,9.460762977600098,0.1360015315314134,1e-05,0.05000000447034836,3.0226175295328117e-12,0.118359375,0.008188139,668,0.0017383620298157135,0.2,0.0751020684838295
427,473.54,227,3844,874496,0.15,4.786508119999999,0.6590016484260559,9.460762977600098,6.831323146820068,1e-05,0.05000000447034836,3.261197518630854e-12,0.08314732142857142,0.005871575,669,-0.0017756629469139235,0.2,3.5629265308380127
428,473.54,224,3898,876544,0.15,4.79846098,0.6599005460739136,9.460762977600098,11.671553230285644,1e-05,0.05000000447034836,2.0851460749010675e-12,0.12421875,0.008808205,670,-0.0005503445863723755,0.2,6.9249773025512695
429,473.54,225,3904,878592,0.15,4.8007686000000005,0.3726062774658203,9.460762977600098,0.6604554533958436,1e-05,0.05000000447034836,1.4287881858546236e-12,0.075,0.0052809664,671,-0.001555096171796322,0.2,0.46322470903396606
430,470.07,225,3909,880640,0.17,6.100028269999999,0.759231686592102,9.460762977600098,0.7985373735427856,1e-05,0.05000000447034836,2.4437418234823927e-12,0.1388888888888889,0.015284458,673,-0.0006165825244453219,0.2,0.6250461339950562
431,468.21,225,3915,882688,0.18,6.768579279999999,0.6638451814651489,9.460762977600098,13.737300078074137,1e-05,0.05000000447034836,3.5526108964345493e-12,0.0759548611111111,0.016422452,675,-0.0020313219477732978,0.2,8.86190414428711
432,469.89,225,3920,884736,0.17,6.06299199,0.6128425598144531,9.460762977600098,9.749928500917223,1e-05,0.05000000447034836,2.019799041561021e-12,0.10243055555555555,0.016950835,677,0.0029250213669406045,0.2,8.723180770874023
433,469.89,225,3926,886784,0.17,6.076669420000001,0.7809064388275146,9.460762977600098,0.5167982975641886,1e-05,0.05000000447034836,3.459691951326893e-12,0.10872395833333333,0.007422801,678,0.0018194029107689857,0.2,0.3677821159362793
434,471.65,226,3931,888832,0.16,5.47771289,0.5904854536056519,9.460762977600098,0.8780319094657898,1e-05,0.05000000447034836,3.5910846778869354e-12,0.109375,0.007130623,679,-6.71002392967542e-06,0.2,0.40778517723083496
435,473.33,226,3936,890880,0.15,4.817329279999999,0.7129353284835815,9.460762977600098,0.9057266811529795,1e-05,0.05000000447034836,1.29531021325624e-12,0.15104166666666666,0.014130456,681,-0.001055644592270255,0.2,0.4270072281360626
436,473.59,226,3942,892928,0.15,4.913840179999999,0.9234305620193481,9.460762977600098,0.06286931831551634,1e-05,0.05000000447034836,8.632963593123433e-13,0.10207201086956522,0.008686791,684,0.0006561063877914263,0.2,0.042790431529283524
437,479.02,226,3947,894976,0.12,2.9160682299999996,0.6738369464874268,9.460762977600098,10.034993410110474,1e-05,0.05000000447034836,1.1133808718727378e-12,0.07161458333333333,0.005749978,685,0.0017532690738638241,0.2,9.353035926818848
438,479.02,226,3953,897024,0.12,2.9777480800000005,0.732853889465332,9.460762977600098,0.4340769648551941,1e-05,0.05000000447034836,2.454008133853658e-12,0.1015625,0.006831934,686,0.001664690487086773,0.2,0.1857556402683258
439,478.91,227,3958,899072,0.12,2.9498356,0.8438748121261597,9.460762977600098,0.6808420658111572,1e-05,0.05000000447034836,2.2346972362863315e-12,0.1078125,0.007272868,687,-0.0007665753364562988,0.2,0.3060668110847473
440,478.91,224,4014,901120,0.12,2.955695499999999,0.6892455816268921,9.460762977600098,7.025671412547429,1e-05,0.05000000447034836,1.9873694703798073e-12,0.07421875,0.010295996,689,0.001960859323541323,0.2,6.660892009735107
441,480.59,224,4019,903168,0.11,2.3289732,0.7979018688201904,9.460762977600098,0.5066490799188614,1e-05,0.05000000447034836,2.0193534344681296e-12,0.1109375,0.007040088,690,0.005128366779536009,0.2,0.2282416820526123
442,478.91,224,4025,905216,0.12,2.99196932,0.8494483232498169,9.460762977600098,0.13996397073452288,1e-05,0.05000000447034836,2.5059147465422704e-12,0.10787259615384616,0.010297788,692,0.0037398513119954327,0.2,0.08527708053588867
443,478.91,225,4030,907264,0.12,3.02117417,0.694183349609375,9.460762977600098,7.560502052307129,1e-05,0.05000000447034836,1.518009459453018e-12,0.11875,0.008086205,693,-0.001514359936118126,0.2,3.123715400695801
444,478.91,225,4035,909312,0.12,2.9875067600000005,0.8652476668357849,9.460762977600098,0.1312260172329843,1e-05,0.05000000447034836,1.5137636153253475e-12,0.0953125,0.008515356,698,0.0001863872748799622,0.2,0.04976671189069748
445,479.17,225,4041,911360,0.12,2.9727484000000004,0.8473268747329712,9.460762977600098,0.14423617262106675,1e-05,0.05000000447034836,2.0315856202185456e-12,0.05829326923076923,0.0078283055,700,0.002787880886059541,0.2,0.060645297169685364
446,479.17,225,4046,913408,0.12,2.89923503,0.6898930072784424,9.460762977600098,7.115433311462402,1e-05,0.05000000447034836,4.816971908155887e-12,0.11328125,0.00746087,701,-0.0011574446223676204,0.2,3.5219197273254395
447,479.16,225,4052,915456,0.12,2.90948017,0.6862012147903442,9.460762977600098,5.207214027643204,1e-05,0.05000000447034836,1.504850714525996e-12,0.109375,0.0068018045,702,0.003864618018269539,0.2,2.6461904048919678
448,479.16,226,4057,917504,0.12,2.8961237099999995,0.6638875603675842,9.460762977600098,10.766881275177003,1e-05,0.05000000447034836,9.209719575506425e-13,0.1203125,0.008054822,703,0.005409073829650879,0.2,9.589280128479004
449,477.48,226,4063,919552,0.13,3.5157996600000003,0.8522663116455078,9.460762977600098,0.18373320996761322,1e-05,0.05000000447034836,1.3435366100905677e-12,0.10416666666666667,0.0073693544,704,0.0007511939232548078,0.2,0.05884302407503128
450,479.42,226,4068,921600,0.12,2.8716672000000005,0.6706488132476807,9.460762977600098,13.319400787353516,1e-05,0.05000000447034836,1.3181408005033535e-12,0.08463541666666667,0.00587838,705,-0.0020202973391860723,0.2,8.46896743774414
451,481.1,226,4073,923648,0.11,2.27142845,0.8552112579345703,9.460762977600098,0.1429367855191231,1e-05,0.05000000447034836,1.6338833497969718e-12,0.08359375,0.006222251,706,0.0021895824000239374,0.2,0.058066193014383316
452,481.1,224,4128,925696,0.11,2.2288424200000003,0.767752468585968,9.460762977600098,1.5003416736920674,1e-05,0.05000000447034836,2.2698763441769687e-12,0.11393229166666667,0.007746831,707,-0.0014369342631349962,0.2,0.8363441228866577
453,484.57,224,4133,927744,0.09,0.9084004000000001,0.6955839395523071,9.460762977600098,0.27759005555084776,1e-05,0.05000000447034836,3.0415244975379174e-12,0.09709821428571429,0.0067822975,708,0.0038924223876425196,0.2,0.069170743227005
454,484.75,224,4139,929792,0.09,0.8612067600000002,0.7821984887123108,9.460762977600098,0.28878145732662897,1e-05,0.05000000447034836,2.709758632757353e-12,0.11008522727272728,0.012993619,710,0.0038202485408295283,0.2,0.0970223918557167
455,480.8,224,4144,931840,0.11,2.1030501299999997,0.7236930131912231,9.460762977600098,5.989962645939419,1e-05,0.05000000447034836,2.1378519614312363e-12,0.12472098214285714,0.009399277,712,0.0028997561894357204,0.2,2.7446045875549316
456,480.8,225,4150,933888,0.11,2.11199354,0.6324909925460815,9.460762977600098,15.783990462621054,1e-05,0.05000000447034836,3.747622438071696e-12,0.076171875,0.005878004,713,-0.0032744604783753553,0.2,12.405832290649414
457,480.8,225,4155,935936,0.11,2.07240726,0.7781275510787964,9.460762977600098,0.6300693452358246,1e-05,0.05000000447034836,3.174668644287393e-12,0.1015625,0.0074116345,714,0.004046622663736343,0.2,0.3186275362968445
458,480.8,225,4160,937984,0.11,2.0606813299999995,0.746219277381897,9.460762977600098,0.3074339866638184,1e-05,0.05000000447034836,1.3352484265830022e-12,0.10390625,0.0072264746,715,0.0014260642230510712,0.2,0.3307647407054901
459,482.48,225,4165,940032,0.1,1.37053573,0.8749294281005859,9.460762977600098,0.13732160760888032,1e-05,0.05000000447034836,4.032385970270669e-12,0.11635044642857142,0.011636785,719,0.0020390398567542434,0.2,0.07385412603616714
460,482.48,225,4171,942080,0.1,1.31721918,0.6885548830032349,9.460762977600098,0.3378424921206066,1e-05,0.05000000447034836,3.1204741481744014e-12,0.109375,0.0077011916,720,-0.001869324461690017,0.2,0.13553042709827423
461,480.8,226,4176,944128,0.11,1.97420241,0.8274382948875427,9.460762977600098,1.459944987297058,1e-05,0.05000000447034836,2.8024282113653376e-12,0.1125,0.0077575697,721,0.0019988731481134893,0.2,0.6753814816474915
462,478.77,226,4182,946176,0.12,2.67193757,0.7458317279815674,9.460762977600098,6.0962864607572556,1e-05,0.05000000447034836,2.1289920781181193e-12,0.10205078125,0.0072897743,722,0.001225342508405447,0.2,0.7828570604324341
463,480.56,226,4187,948224,0.11,2.0737202800000003,0.7180901765823364,9.460762977600098,7.6635422706604,1e-05,0.05000000447034836,4.850123774824411e-12,0.1015625,0.00713561,723,0.004771237447857857,0.2,3.425645351409912
464,480.56,223,4243,950272,0.11,2.0751516700000012,0.8118362426757812,9.460762977600098,0.8923325670116088,1e-05,0.05000000447034836,1.5902033379325275e-12,0.12833180147058823,0.015595099,728,-0.0017146207666134134,0.2,0.42192015051841736
465,477.19,224,4249,952320,0.13,3.3452865000000003,0.8860223293304443,9.460762977600098,0.2576855346560478,1e-05,0.05000000447034836,4.517597233799631e-12,0.1162109375,0.0074552586,729,0.0026079355739057064,0.2,0.11762438714504242
466,478.87,224,4254,954368,0.12,2.6538012,0.7052755355834961,9.460762977600098,11.382700204849243,1e-05,0.05000000447034836,6.704118163392003e-12,0.103515625,0.007993873,730,-0.0033348482102155685,0.2,10.386025428771973
467,475.33,224,4260,956416,0.14,4.058002719999999,0.7932867407798767,9.460762977600098,0.256977903842926,1e-05,0.05000000447034836,1.0195830724840649e-12,0.13984375,0.009240845,731,0.0027682441286742687,0.2,0.19841139018535614
468,475.28,224,4265,958464,0.14,4.10858723,0.6320414543151855,9.460762977600098,12.321691131591797,1e-05,0.05000000447034836,1.690998144461553e-12,0.11484375,0.007833769,732,0.0019459476694464683,0.2,6.444577693939209
469,476.97,224,4271,960512,0.13,3.49900691,0.6868857145309448,9.460762977600098,7.854478240013123,1e-05,0.05000000447034836,1.932538113910698e-12,0.12890625,0.008465309,733,0.0018326584249734879,0.2,1.925632119178772
470,478.66,225,4276,962560,0.12,2.8289134099999997,0.8673639893531799,9.460762977600098,0.7167859723170599,1e-05,0.05000000447034836,3.1796770078029724e-12,0.09765625,0.006896121,734,0.0005877438622216383,0.2,0.5899142026901245
471,478.66,225,4281,964608,0.12,2.8131020799999997,0.4370526671409607,9.460762977600098,0.7350003123283386,1e-05,0.05000000447034836,1.3502086818398262e-12,0.10212053571428571,0.0073503368,735,-0.0024524108905877385,0.2,0.299978643655777
472,478.66,225,4287,966656,0.12,2.926037150000001,0.7690620422363281,9.460762977600098,1.0251643776893615,1e-05,0.05000000447034836,3.424623215217415e-12,0.10234375,0.0066987337,736,0.003020085394382477,0.2,0.5374768972396851
473,482.02,225,4292,968704,0.1,1.7031770499999994,0.9478670358657837,9.460762977600098,0.73404541015625,1e-05,0.05000000447034836,5.194229595051336e-12,0.12890625,0.008943679,737,-0.0012125398963689805,0.2,0.49636170268058777
474,482.02,225,4297,970752,0.1,1.7062864199999992,0.8232904076576233,9.460762977600098,0.8232230544090271,1e-05,0.05000000447034836,1.09175190589339e-12,0.125,0.008555014,738,-0.0009171683341264725,0.2,0.48544758558273315
475,482.02,226,4303,972800,0.1,1.7210442899999996,0.8048800826072693,9.460762977600098,0.5150277078151703,1e-05,0.05000000447034836,1.6223226104519761e-12,0.13125,0.008548659,739,-0.002149115689098835,0.2,0.40224331617355347
476,482.02,226,4308,974848,0.1,1.8065187799999995,0.6257399320602417,9.460762977600098,0.6966777265071868,1e-05,0.05000000447034836,1.3774886179623858e-12,0.128125,0.008796298,740,0.0018966909497976302,0.2,0.4708792567253113
477,482.02,223,4363,976896,0.1,1.8633199899999995,0.8558666706085205,9.460762977600098,1.4897314786911011,1e-05,0.05000000447034836,1.3754198517970662e-12,0.14765625,0.0102573335,741,-0.0002658825367689133,0.2,0.7900274395942688
478,483.7,224,4368,978944,0.09,1.2571561999999994,0.8049345016479492,9.460762977600098,0.8751924985494369,1e-05,0.05000000447034836,3.0877357962144636e-12,0.13681891025641027,0.011064579,746,0.002137517950569208,0.2,0.4831846058368683
479,487.65,224,4374,980992,0.07,0.012895579999999853,0.7650583982467651,9.460762977600098,0.6327283978462219,1e-05,0.05000000447034836,1.6506091198714712e-12,0.07142857142857142,0.0054435316,747,-0.0024429521124277797,0.2,0.1798340082168579
480,485.73,224,4379,983040,0.08,0.7539972799999995,0.9682720899581909,9.460762977600098,0.22682499388853708,1e-05,0.05000000447034836,4.330784862671688e-12,0.11067708333333333,0.010928801,749,-1.140075425306956e-05,0.2,0.1250818371772766
481,484.05,224,4385,985088,0.09,1.4366383999999996,0.6924708485603333,9.460762977600098,7.167665430477688,1e-05,0.05000000447034836,2.5086920388273093e-12,0.06640625,0.0049714595,750,0.0022347488307527135,0.2,0.38325828313827515
482,482.16,224,4390,987136,0.1,2.1226369000000003,0.6944146752357483,9.460762977600098,7.839312712351481,1e-05,0.05000000447034836,1.7328190748608363e-12,0.09049479166666667,0.005619517,751,0.0010749132682879765,0.2,6.475277900695801
483,482.16,225,4395,989184,0.1,2.1421679499999997,0.6589329242706299,9.460762977600098,8.625461006164551,1e-05,0.05000000447034836,9.533691110868991e-13,0.11796875,0.008072227,752,-0.004244990088045597,0.2,4.720499038696289
484,483.84,225,4400,991232,0.09,1.4891839499999997,0.7243427038192749,9.460762977600098,0.5537006109952927,1e-05,0.05000000447034836,1.6451048422821968e-12,0.1083984375,0.007537508,753,-5.760672502219677e-05,0.2,0.19168144464492798
485,485.87,225,4406,993280,0.08,0.8591286800000006,0.796109676361084,9.460762977600098,0.32210088819265364,1e-05,0.05000000447034836,2.0283126307002464e-12,0.14140625,0.009022519,754,-0.0013758314773440361,0.2,0.047396644949913025
486,485.87,225,4411,995328,0.08,0.7795331600000004,0.8589205741882324,9.460762977600098,0.19259782725324234,1e-05,0.05000000447034836,4.769705463925078e-12,0.08072916666666667,0.012887856,756,0.001757485248769323,0.2,0.1196499839425087
487,485.87,225,4416,997376,0.08,0.75666117,0.7066572904586792,9.460762977600098,1.0767968952655793,1e-05,0.05000000447034836,2.877081385632696e-12,0.10078125,0.016176006,758,-0.002953622117638588,0.2,0.5382753610610962
488,487.56,225,4422,999424,0.07,0.13228838999999987,0.465992271900177,9.460762977600098,0.7941390872001648,1e-05,0.05000000447034836,1.2982892755655784e-12,0.13707386363636365,0.014839162,760,0.002173789268867536,0.2,0.3955965042114258
