time/iterations,time/fps,time/total_timesteps,rollout/ep_len_mean,rollout/success_rate,rollout/ep_rew_mean,time/time_elapsed,train/policy_gradient_loss,train/approx_kl,train/learning_rate,train/std,train/n_updates,train/clip_fraction,train/entropy_loss,train/value_loss,train/loss,train/clip_range,train/explained_variance
1,372,2048,500.0,0.0,-5.1904265,5,,,,,,,,,,,
2,352,4096,500.0,0.0,-56.470149125000006,11,0.3156034498475492,74.34944,0.0003,0.1223660334944725,10,0.987255859375,4.155110943317413,0.03142471345054219,0.3190966248512268,0.2,-1.6453425884246826
3,356,6144,500.0,0.0,-75.63314883333334,17,0.11928121019154787,0.09682344,0.0003,0.12318633496761322,20,0.711279296875,4.064702546596527,2.6086143255233765,0.5940650701522827,0.2,0.056597352027893066
4,357,8192,500.0,0.0,-84.823081125,22,0.09966970393434167,0.22233713,0.0003,0.12400110810995102,30,0.70166015625,4.031941545009613,1.7318953130394221,0.22359482944011688,0.2,0.7320270538330078
5,356,10240,500.0,0.0,-90.59996724999999,28,0.07063969628652558,0.07240996,0.0003,0.12427594512701035,40,0.63154296875,4.002554267644882,1.0835332529153674,0.029116641730070114,0.2,0.9024975299835205
6,356,12288,500.0,0.0,-94.74210370833333,34,0.05378660912392661,0.07805894,0.0003,0.124640554189682,50,0.5947265625,3.9900313198566435,0.7040400910191238,0.09821879863739014,0.2,0.9428126811981201
7,355,14336,500.0,0.0,-97.71614192857143,40,0.05455116154626012,0.063159876,0.0003,0.12491358816623688,60,0.580810546875,3.972425827383995,0.5579011810710653,0.020384591072797775,0.2,0.9646194577217102
8,356,16384,500.0,0.0,-100.0420713125,46,0.04874843535944819,0.08102131,0.0003,0.1254458725452423,70,0.575048828125,3.954374834895134,0.4104582004249096,0.021817335858941078,0.2,0.9721009731292725
9,355,18432,500.0,0.0,-101.79832241666668,51,0.0625468343263492,0.10092815,0.0003,0.12617304921150208,80,0.61181640625,3.9269434839487074,0.3301727200858295,0.031077133491635323,0.2,0.979102611541748
10,355,20480,500.0,0.0,-103.44463367500002,57,0.06621184616233222,0.07593608,0.0003,0.1262977570295334,90,0.61064453125,3.9048336863517763,0.20703006346011535,0.1093650758266449,0.2,0.9840806722640991
11,355,22528,500.0,0.0,-104.9588496666667,63,0.0741994233801961,0.09413611,0.0003,0.12651199102401733,100,0.61826171875,3.8957898557186126,0.18799487709766255,0.06887645274400711,0.2,0.987593412399292
12,354,24576,500.0,0.0,-106.18232451020407,69,0.04392233302933164,0.089628644,0.0003,0.1264892816543579,110,0.528369140625,3.8935695022344587,0.1207356053055264,0.09308252483606339,0.2,0.9919372797012329
13,353,26624,500.0,0.0,-107.2988587169811,75,0.058920997148379686,0.09339478,0.0003,0.12699773907661438,120,0.573828125,3.8813345223665237,0.12319170354167,0.0771612823009491,0.2,0.991943895816803
14,354,28672,500.0,0.0,-108.18248994736842,80,0.06076141624944285,0.11569449,0.0003,0.12760058045387268,130,0.592529296875,3.8570085734128954,0.09656550756189972,0.06102009862661362,0.2,0.9935622215270996
15,354,30720,500.0,0.0,-108.7034973114754,86,0.0523365119996015,0.05476824,0.0003,0.12788595259189606,140,0.56455078125,3.833048704266548,0.08028111651074141,0.06926272064447403,0.2,0.9940633177757263
16,354,32768,500.0,0.0,-109.10080503076924,92,0.06257117479108273,0.09103648,0.0003,0.12867319583892822,150,0.5763671875,3.809529057145119,0.0539031068678014,0.10763014107942581,0.2,0.9947235584259033
17,354,34816,500.0,0.0,-109.60385520289854,98,0.05768123506568372,0.111966506,0.0003,0.12939777970314026,160,0.604296875,3.775372397899628,0.04911635144380853,0.03700608015060425,0.2,0.9953005313873291
18,354,36864,500.0,0.0,-110.04676400000001,104,0.0575880132149905,0.1082838,0.0003,0.129983052611351,170,0.633203125,3.743002286553383,0.04089204384945333,0.053626324981451035,0.2,0.9970360398292542
19,354,38912,500.0,0.0,-110.4918808961039,109,0.06312295390525832,0.12157981,0.0003,0.13046447932720184,180,0.6611328125,3.7222119092941286,0.05050508372951299,0.146328866481781,0.2,0.9964040517807007
20,354,40960,500.0,0.0,-110.80455274074073,115,0.06796811579260975,0.11216991,0.0003,0.1308978796005249,190,0.660693359375,3.6951968371868134,0.04388164069969207,0.024571089074015617,0.2,0.9975440502166748
21,354,43008,500.0,0.0,-111.41366693023252,121,0.17221398756373674,1.8851806,0.0003,0.13150423765182495,200,0.724560546875,3.677061465382576,0.02723556770943105,0.2795312702655792,0.2,0.9976240396499634
22,355,45056,500.0,0.0,-111.62970521111113,126,0.08091119441669434,0.12239741,0.0003,0.13251474499702454,210,0.69091796875,3.6348490327596665,0.047089808713644744,0.08641305565834045,0.2,0.9968428611755371
23,355,47104,500.0,0.0,-111.8630355425532,132,0.047788851684890686,0.09000164,0.0003,0.1330600082874298,220,0.58359375,3.600259855389595,0.04248107325984165,0.08048239350318909,0.2,0.9966670870780945
24,355,49152,500.0,0.0,-111.99781810204082,138,0.037084980972576884,0.08683743,0.0003,0.13335523009300232,230,0.595654296875,3.583919233083725,0.025076355249620975,0.06446830183267593,0.2,0.9981305599212646
25,355,51200,500.0,0.0,-114.22525922999999,144,0.05375924750696868,0.049825054,0.0003,0.13399767875671387,240,0.619873046875,3.561980497837067,0.02668190757976845,0.03677082434296608,0.2,0.9983993768692017
26,355,53248,500.0,0.0,-116.57183303999999,149,0.0421043234935496,0.14158988,0.0003,0.13476639986038208,250,0.594384765625,3.5296504616737367,0.02318854318000376,0.07343979924917221,0.2,0.9980955123901367
27,355,55296,500.0,0.0,-116.56804301,155,0.02996480232104659,0.09211433,0.0003,0.13479530811309814,260,0.59599609375,3.511661061644554,0.032101002801209685,0.0341142863035202,0.2,0.9967493414878845
28,355,57344,500.0,0.0,-116.46959601,161,0.058048486628104,0.07298095,0.0003,0.1351918876171112,270,0.635791015625,3.501022842526436,0.027006809029262512,0.04165240377187729,0.2,0.9969863295555115
29,355,59392,500.0,0.0,-116.56623587000001,167,0.028629137005191298,0.04670717,0.0003,0.13579988479614258,280,0.5529296875,3.480027440190315,0.0220091613358818,0.04630011320114136,0.2,0.9981275200843811
30,355,61440,500.0,0.0,-116.43462419999997,172,0.03345620308245998,0.049335964,0.0003,0.13629156351089478,290,0.5767578125,3.4565417259931563,0.023166355781722815,0.03322678804397583,0.2,0.9986618757247925
31,355,63488,500.0,0.0,-116.21163921000002,178,0.03426307397894561,0.07119979,0.0003,0.1368071436882019,300,0.55341796875,3.433740648627281,0.029248915798962116,0.04424912482500076,0.2,0.9981595873832703
32,355,65536,500.0,0.0,-115.81942997000002,184,0.06515711259562522,0.13555247,0.0003,0.13762688636779785,310,0.64306640625,3.405591478943825,0.02440576321678236,0.10699468851089478,0.2,0.9985798001289368
33,355,67584,500.0,0.0,-115.44280102,190,0.03952572871348821,0.11757376,0.0003,0.13789047300815582,320,0.571484375,3.3800785422325133,0.025290953973308206,0.07142910361289978,0.2,0.9983481764793396
34,354,69632,500.0,0.0,-114.97535346000002,196,0.04818291575647891,0.11077662,0.0003,0.13805556297302246,330,0.569140625,3.3701566964387895,0.027416554978117347,0.05410461872816086,0.2,0.9974597692489624
35,355,71680,500.0,0.0,-114.46260110000001,201,0.06424080413999037,0.12281186,0.0003,0.13853424787521362,340,0.633056640625,3.3555322617292402,0.03413185569224879,0.05921361967921257,0.2,0.9972105622291565
36,355,73728,500.0,0.0,-113.96007155,207,0.062214724777732044,0.075627424,0.0003,0.1387375444173813,350,0.64560546875,3.341424986720085,0.03533959271153435,0.02101442962884903,0.2,0.9939337372779846
37,355,75776,500.0,0.0,-113.57474029000001,213,0.045505787298316135,0.11939733,0.0003,0.1391093134880066,360,0.589697265625,3.3310112953186035,0.025109184300526978,0.06100716069340706,0.2,0.9975554943084717
38,354,77824,500.0,0.0,-113.18606221000002,219,0.05469176220940426,0.08301276,0.0003,0.1394256353378296,370,0.61328125,3.314230555295944,0.020631319691892712,0.07238715887069702,0.2,0.9983361959457397
39,354,79872,500.0,0.0,-112.85086575,225,0.046103722299449146,0.042039894,0.0003,0.14001135528087616,380,0.5640625,3.2950685381889344,0.027862469805404542,0.04611975699663162,0.2,0.9977906942367554
40,354,81920,500.0,0.0,-112.37292323000001,231,0.04781524045392871,0.08481346,0.0003,0.14039483666419983,390,0.58994140625,3.2752683013677597,0.028110095742158593,0.06734372675418854,0.2,0.9981051683425903
41,354,83968,500.0,0.0,-111.83686564000001,236,0.035815342841669914,0.080599174,0.0003,0.14067372679710388,400,0.530712890625,3.261924484372139,0.021914062148425728,0.043745674192905426,0.2,0.9978821277618408
42,354,86016,500.0,0.0,-110.84902486000001,242,0.03519353983574547,0.10198238,0.0003,0.14153766632080078,410,0.58837890625,3.234926015138626,0.01719266518484801,0.040860217064619064,0.2,0.9984573125839233
43,354,88064,500.0,0.0,-109.98525345,248,0.05412708672229201,0.15350226,0.0003,0.1416517198085785,420,0.619091796875,3.2142474234104155,0.02712135072797537,0.11215732991695404,0.2,0.9969378113746643
44,354,90112,500.0,0.0,-109.00299132,253,0.050838826934341344,0.04043115,0.0003,0.14176613092422485,430,0.567724609375,3.2122921377420424,0.05177467574831098,0.007752946577966213,0.2,0.9909960031509399
45,354,92160,500.0,0.0,-107.98660973,259,0.053315994213335216,0.11025359,0.0003,0.14254489541053772,440,0.59365234375,3.1923983663320543,0.03509543930413202,0.08132029324769974,0.2,0.9931746125221252
46,354,94208,500.0,0.0,-106.8398019,265,0.046466191380750387,0.11354904,0.0003,0.14290544390678406,450,0.580908203125,3.1678526759147645,0.028340650862082838,0.037028368562459946,0.2,0.9952514171600342
47,354,96256,500.0,0.0,-105.85094446,271,0.032616819348186256,0.05944057,0.0003,0.14370140433311462,460,0.566845703125,3.142377310991287,0.02612600876018405,0.004792476072907448,0.2,0.9959186315536499
48,354,98304,500.0,0.0,-104.71572233,276,0.026246683835051954,0.06274315,0.0003,0.14412879943847656,470,0.48974609375,3.1157944023609163,0.0200528823886998,0.027973370626568794,0.2,0.997280478477478
49,300,100352,500.0,0.0,-103.58564820999999,334,0.0701435633120127,0.0505488,0.0003,0.145013689994812,480,0.646240234375,3.091019743680954,0.02977020243415609,-0.008752530440688133,0.2,0.9961947798728943
50,301,102400,500.0,0.0,-102.44082456,339,0.0346787988091819,0.065469176,0.0003,0.14466871321201324,490,0.5529296875,3.080128589272499,0.028741858864668755,-0.0074004619382321835,0.2,0.9971995949745178
51,302,104448,500.0,0.0,-101.31880679000001,345,0.04689130602637306,0.07215756,0.0003,0.14511598646640778,500,0.605322265625,3.080760857462883,0.02028687436832115,0.02019527181982994,0.2,0.99640291929245
52,303,106496,500.0,0.0,-100.20071745,351,0.043929177918471396,0.05926741,0.0003,0.14551804959774017,510,0.604150390625,3.0600051641464234,0.016914194705896078,0.006608637981116772,0.2,0.9979153871536255
53,303,108544,500.0,0.0,-98.56120031,357,0.0380883286241442,0.1139829,0.0003,0.14617429673671722,520,0.57021484375,3.0391545712947847,0.014406282600248232,0.0761069804430008,0.2,0.997795045375824
54,304,110592,500.0,0.0,-97.42321224,363,0.030359945655800403,0.086664855,0.0003,0.14633050560951233,530,0.480078125,3.021644812822342,0.022401725174859166,0.08173400908708572,0.2,0.9960397481918335
55,305,112640,500.0,0.0,-96.28214098999999,369,0.04713240852579474,0.06910692,0.0003,0.14606229960918427,540,0.551953125,3.0254428327083587,0.0148268498131074,0.07026302069425583,0.2,0.9970154166221619
56,305,114688,500.0,0.0,-95.25812784999998,374,0.03176803220412694,0.03965138,0.0003,0.14604930579662323,550,0.461767578125,3.029082405567169,0.019496352551504968,0.013645600527524948,0.2,0.9960134029388428
57,306,116736,500.0,0.0,-94.18100797,380,0.042670320230536164,0.073881425,0.0003,0.14633354544639587,560,0.54326171875,3.0255053251981736,0.016878791875205933,0.04138502478599548,0.2,0.9970905184745789
58,307,118784,500.0,0.0,-93.06057291999997,386,0.03846626753220335,0.046837278,0.0003,0.14747893810272217,570,0.530810546875,2.9954690784215927,0.013967783219413832,0.03835047036409378,0.2,0.997647762298584
59,308,120832,500.0,0.0,-91.92179331,392,0.045970749505795536,0.0721437,0.0003,0.14761027693748474,580,0.59267578125,2.967953214049339,0.015567243820987642,0.040230244398117065,0.2,0.9982874393463135
60,308,122880,500.0,0.0,-90.78184650000001,397,0.0268045709352009,0.089502186,0.0003,0.14804132282733917,590,0.5259765625,2.9608490079641343,0.012978387507610023,0.09817671030759811,0.2,0.9982057809829712
61,309,124928,500.0,0.0,-89.53087950000001,403,0.02345346103538759,0.049417414,0.0003,0.14852114021778107,600,0.478857421875,2.938687402009964,0.018341598066035657,-0.005820693448185921,0.2,0.996658444404602
62,275,126976,500.0,0.0,-87.92180298000002,461,0.0461339489556849,0.14796668,0.0003,0.14861975610256195,610,0.5744140625,2.9279752343893053,0.01839031046256423,0.03153478726744652,0.2,0.996851921081543
63,276,129024,500.0,0.0,-85.90981044,467,0.049082904995884746,0.09294754,0.0003,0.1493673026561737,620,0.59677734375,2.9129509896039965,0.024479969637468457,0.03819619491696358,0.2,0.9966257214546204
64,277,131072,500.0,0.0,-84.44522242,472,0.04023437653668225,0.05765736,0.0003,0.14956055581569672,630,0.556494140625,2.890103867650032,0.019240851793438197,0.06228974089026451,0.2,0.9960959553718567
65,278,133120,500.0,0.0,-83.05619987000001,478,0.04471793139819056,0.05339517,0.0003,0.14984597265720367,640,0.585595703125,2.8854475021362305,0.016556214669253676,0.04403545334935188,0.2,0.9979856014251709
66,279,135168,500.0,0.0,-81.61701509999999,484,0.01979452059022151,0.07050584,0.0003,0.14977307617664337,650,0.528564453125,2.8790187567472456,0.014649653644300997,0.005501534789800644,0.2,0.9982752203941345
67,280,137216,500.0,0.0,-80.19727587999999,489,0.036438484746031466,0.047501523,0.0003,0.150092214345932,660,0.5341796875,2.8752046853303908,0.020195797213818877,0.040102578699588776,0.2,0.9963328242301941
68,280,139264,500.0,0.0,-78.8439184,495,0.02842143737943843,0.042281438,0.0003,0.15017525851726532,670,0.47431640625,2.8640912026166916,0.016696614131797106,-0.002033268567174673,0.2,0.9970086812973022
69,281,141312,500.0,0.0,-77.65021275,501,0.030383989820256828,0.0940084,0.0003,0.1504516899585724,680,0.522119140625,2.8586081951856612,0.017064182832837105,0.03255503252148628,0.2,0.9966345429420471
70,282,143360,500.0,0.0,-76.51212457,507,0.051188342936802654,0.049594365,0.0003,0.1514333188533783,690,0.584521484375,2.8338353276252746,0.011579418129986151,0.056883495301008224,0.2,0.9978557825088501
71,283,145408,500.0,0.0,-75.35630577,512,0.02864331870805472,0.053861525,0.0003,0.1519956886768341,700,0.526318359375,2.8002733051776887,0.011708780511980876,0.054741665720939636,0.2,0.9979428052902222
72,284,147456,500.0,0.0,-74.12614307,518,0.03966019625077024,0.07289934,0.0003,0.15208116173744202,710,0.540625,2.7904808044433596,0.009335360833210871,0.09777934104204178,0.2,0.9984618425369263
73,285,149504,500.0,0.0,-72.5484044,524,0.0342083103780169,0.100994654,0.0003,0.15247884392738342,720,0.56064453125,2.7828295171260833,0.017310034891124815,0.0512256883084774,0.2,0.9974605441093445
74,260,151552,500.0,0.0,-71.27688523,581,0.05348551877541467,0.033125978,0.0003,0.15297779440879822,730,0.570068359375,2.7613887906074526,0.02059161346987821,0.01619962602853775,0.2,0.9948787093162537
75,261,153600,500.0,0.0,-70.05955180999999,587,0.03830450065433979,0.08094251,0.0003,0.15360139310359955,740,0.56767578125,2.742317742109299,0.018768608605023475,0.07784254103899002,0.2,0.9963298439979553
76,262,155648,500.0,0.0,-68.7823891,593,0.04168267576606013,0.08716874,0.0003,0.15375909209251404,750,0.5673828125,2.7257653683423997,0.011313231254462153,0.05223726108670235,0.2,0.9971629977226257
77,263,157696,500.0,0.0,-67.50607932,598,0.02372485096566379,0.08321431,0.0003,0.15411058068275452,760,0.519140625,2.7141107320785522,0.013898193533532322,0.03528003394603729,0.2,0.9971796870231628
78,264,159744,500.0,0.0,-66.31868155000001,604,0.023858553532045336,0.05157252,0.0003,0.15381652116775513,770,0.470654296875,2.7137414634227754,0.013638965546851978,0.01742762140929699,0.2,0.9975827932357788
79,265,161792,500.0,0.0,-64.88174373000001,610,0.01940323506714776,0.062872626,0.0003,0.15435972809791565,780,0.483740234375,2.7093374222517013,0.010543257335666568,-0.018821991980075836,0.2,0.9983505606651306
80,265,163840,500.0,0.0,-63.49345969,616,0.03191401888616383,0.06168069,0.0003,0.15455663204193115,790,0.561279296875,2.6952098697423934,0.01486592901055701,0.018428130075335503,0.2,0.9970194101333618
81,266,165888,500.0,0.0,-62.06474853999999,622,0.04159491776954383,0.055214666,0.0003,0.1550363004207611,800,0.574951171875,2.682192063331604,0.012380879058036953,0.0070384228602051735,0.2,0.9963085651397705
82,267,167936,500.0,0.0,-60.681319710000004,627,0.01475676178233698,0.06575318,0.0003,0.1550075113773346,810,0.485400390625,2.674513706564903,0.011917374189943075,0.019389260560274124,0.2,0.9973121881484985
83,268,169984,500.0,0.0,-59.13873117999999,633,0.023519751441199332,0.06579453,0.0003,0.1554500311613083,820,0.48408203125,2.665263280272484,0.011290372133953498,0.08001440763473511,0.2,0.997772216796875
84,269,172032,500.0,0.0,-57.22970867,639,0.018895852897549047,0.08642002,0.0003,0.15538454055786133,830,0.45478515625,2.6585674345493318,0.018093021173262967,0.05016905814409256,0.2,0.9970914721488953
85,269,174080,500.0,0.0,-55.72500097000001,645,0.04665537334512919,0.029066332,0.0003,0.15535390377044678,840,0.5521484375,2.6592181980609895,0.013942122238222509,0.006512012332677841,0.2,0.9964250922203064
86,250,176128,500.0,0.0,-54.25600221999999,702,0.03365171569166705,0.05998811,0.0003,0.15612387657165527,850,0.5193359375,2.647047483921051,0.00989980167360045,0.03306766599416733,0.2,0.9979987740516663
87,251,178176,500.0,0.0,-52.72754274,708,0.03623977996176109,0.07754915,0.0003,0.15650297701358795,860,0.534228515625,2.6219088196754456,0.012163580831838772,0.010265308432281017,0.2,0.9970380067825317
88,252,180224,500.0,0.0,-51.20492293,714,0.0433783441898413,0.05891562,0.0003,0.1569093018770218,870,0.54873046875,2.608767995238304,0.02192169610061683,0.037688858807086945,0.2,0.9959605932235718
89,253,182272,500.0,0.0,-49.625507309999996,719,0.035026940942043436,0.07183634,0.0003,0.15710625052452087,880,0.5501953125,2.594104805588722,0.012803658319171518,0.0307161882519722,0.2,0.9973580837249756
90,253,184320,500.0,0.0,-48.04538524999999,725,0.034427058842265976,0.07100262,0.0003,0.15749531984329224,890,0.50927734375,2.5856378853321074,0.01465000854805112,0.03520742803812027,0.2,0.9962783455848694
91,254,186368,500.0,0.0,-46.47278645,731,0.04740812518866733,0.047325775,0.0003,0.1583235114812851,900,0.569580078125,2.5649900883436203,0.019965602294541897,0.021550849080085754,0.2,0.9938415288925171
92,255,188416,500.0,0.0,-44.86037066,737,0.05151499302592129,0.11153996,0.0003,0.15881189703941345,910,0.570458984375,2.536048373579979,0.017910621908959,0.034449271857738495,0.2,0.9942331910133362
93,255,190464,500.0,0.0,-43.123051759999996,744,0.03576267913449556,0.07587369,0.0003,0.15913090109825134,920,0.536083984375,2.521306127309799,0.015649118245346472,0.04761727154254913,0.2,0.9903276562690735
94,256,192512,500.0,0.0,-40.75031302,750,0.029748101520817728,0.05881893,0.0003,0.15917083621025085,930,0.508154296875,2.5133354276418687,0.024815336632309483,0.049367766827344894,0.2,0.9821988940238953
95,257,194560,500.0,0.0,-38.81646927,756,0.047436005691997706,0.08432993,0.0003,0.15976165235042572,940,0.5578125,2.5056189477443693,0.019008010369725527,0.021245766431093216,0.2,0.9888935089111328
96,257,196608,500.0,0.0,-36.89939563,762,0.039762323128525165,0.03926613,0.0003,0.1595642864704132,950,0.49990234375,2.4937706112861635,0.02023163788835518,0.01709883101284504,0.2,0.9907576441764832
97,258,198656,500.0,0.0,-35.18419688000001,767,0.043405834620352836,0.041576363,0.0003,0.16000263392925262,960,0.520068359375,2.4914827764034273,0.019901533564552664,0.036465004086494446,0.2,0.9904422163963318
98,243,200704,500.0,0.0,-33.47359393,824,0.02504487318219617,0.047772683,0.0003,0.1603623628616333,970,0.516748046875,2.4756158918142317,0.01067640502587892,-0.0014371201395988464,0.2,0.9914824962615967
99,244,202752,500.0,0.0,-31.729722329999994,830,0.033502268965821716,0.056713086,0.0003,0.16111525893211365,980,0.5291015625,2.456009104847908,0.012840406282339244,0.04508066549897194,0.2,0.9931769371032715
100,244,204800,500.0,0.0,-30.090847359999998,836,0.020666108932346106,0.057478853,0.0003,0.1619262397289276,990,0.429345703125,2.427477753162384,0.008962447178782895,0.050688907504081726,0.2,0.9939621090888977
101,245,206848,500.0,0.0,-28.463051850000006,842,0.030513070384040476,0.074907266,0.0003,0.16180607676506042,1000,0.50380859375,2.4115089982748033,0.009332444600295276,0.013782774098217487,0.2,0.994572639465332
102,246,208896,500.0,0.0,-26.81146162,847,0.05163706988678314,0.068454914,0.0003,0.16240721940994263,1010,0.62451171875,2.405926513671875,0.0061055779340676965,0.006926749832928181,0.2,0.996952474117279
103,247,210944,500.0,0.0,-25.093877620000004,853,0.030490117368754,0.06432848,0.0003,0.16255544126033783,1020,0.526318359375,2.392364004254341,0.006384069388150238,-0.009624366648495197,0.2,0.9966846108436584
104,247,212992,500.0,0.0,-23.475356610000002,859,0.0317883089883253,0.056828618,0.0003,0.1620166152715683,1030,0.484521484375,2.399386164546013,0.006705429160501808,0.028326690196990967,0.2,0.9911712408065796
105,248,215040,500.0,0.0,-21.443334749999998,864,0.0237673552823253,0.060125172,0.0003,0.162639319896698,1040,0.5154296875,2.3983907997608185,0.006808377377456054,0.05410632863640785,0.2,0.9949281811714172
106,249,217088,500.0,0.0,-19.940735580000002,870,0.04201505939709023,0.065144494,0.0003,0.16215720772743225,1050,0.501904296875,2.392932304739952,0.0052735369594302025,0.005064853932708502,0.2,0.9803978800773621
107,249,219136,500.0,0.0,-18.670761969999997,876,0.03764457176439464,0.033135176,0.0003,0.16183823347091675,1060,0.49716796875,2.411591389775276,0.01229743576841429,0.02889695204794407,0.2,0.9041266441345215
108,250,221184,500.0,0.0,-17.50173853,882,0.04514483214006759,0.05534693,0.0003,0.16238658130168915,1070,0.53837890625,2.4087726682424546,0.013797986644203775,0.0502815879881382,0.2,0.937699556350708
109,251,223232,500.0,0.0,-16.28566399,888,0.045344883622601626,0.04199548,0.0003,0.16334651410579681,1080,0.532080078125,2.376602864265442,0.015335992185282522,0.008645257912576199,0.2,0.8811442255973816
110,237,225280,500.0,0.0,-15.138288359999997,946,0.039438187680207196,0.10138523,0.0003,0.16329678893089294,1090,0.476904296875,2.361661398410797,0.026285825061495415,0.053216952830553055,0.2,0.8195352554321289
111,238,227328,500.0,0.0,-14.046734620000002,952,0.0441654939786531,0.060966346,0.0003,0.16353560984134674,1100,0.531982421875,2.357424357533455,0.009668314381269739,0.03408179059624672,0.2,0.934715986251831
112,239,229376,500.0,0.0,-13.072634639999999,958,0.04685471957200207,0.061583225,0.0003,0.1642729938030243,1110,0.52939453125,2.337076851725578,0.006455728222499601,-0.002989024156704545,0.2,0.961316704750061
113,239,231424,500.0,0.0,-12.119242030000002,964,0.034239361516665665,0.03076842,0.0003,0.16421368718147278,1120,0.497900390625,2.3280131697654722,0.006266869700630196,-0.0007087804842740297,0.2,0.9672284722328186
114,240,233472,500.0,0.0,-11.239782620000002,970,0.04228631487931125,0.033611726,0.0003,0.16421832144260406,1130,0.519921875,2.3268879622220995,0.0044718873949022965,0.0059784185141325,0.2,0.9807343482971191
115,240,235520,500.0,0.0,-10.280674439999999,977,0.05525135237257928,0.059980627,0.0003,0.16398969292640686,1140,0.54716796875,2.3309401750564573,0.002767829969525337,0.07653380185365677,0.2,0.9847956299781799
116,241,237568,500.0,0.0,-9.66014966,983,0.04070800411864184,0.04374463,0.0003,0.16429933905601501,1150,0.523779296875,2.3329666167497636,0.0027630756492726507,0.022052768617868423,0.2,0.9738631844520569
117,241,239616,500.0,0.0,-9.11056238,990,0.03469462428474799,0.04077547,0.0003,0.16439352929592133,1160,0.507177734375,2.3218957275152206,0.0037247329048113896,-0.003115364583209157,0.2,0.9730610251426697
118,242,241664,500.0,0.0,-8.654675189999999,997,0.02813448227243498,0.03444931,0.0003,0.16423389315605164,1170,0.468359375,2.3252132028341292,0.0022888930645422077,0.010478794574737549,0.2,0.9863075613975525
119,242,243712,500.0,0.0,-8.269125530000002,1004,0.03632925625424832,0.016148254,0.0003,0.1644507646560669,1180,0.472265625,2.3250931918621065,0.002021622733445838,0.002898917533457279,0.2,0.9850026965141296
120,243,245760,500.0,0.0,-7.92738909,1010,0.02410132322111167,0.07029411,0.0003,0.1646687239408493,1190,0.446240234375,2.3167984902858736,0.0017029984490363858,0.08423767238855362,0.2,0.9848304390907288
121,243,247808,500.0,0.0,-7.658204750000001,1016,0.04512740753707476,0.07833893,0.0003,0.16517917811870575,1200,0.540283203125,2.30290068089962,0.0017147895225207322,0.06553269177675247,0.2,0.9876596927642822
122,244,249856,500.0,0.0,-7.356777480000001,1022,0.03052148435381241,0.03810318,0.0003,0.16529902815818787,1210,0.478125,2.293213349580765,0.0037305950856534762,0.05063309893012047,0.2,0.9657331109046936
123,231,251904,500.0,0.0,-7.13602031,1089,0.040758204075973484,0.084001444,0.0003,0.16482244431972504,1220,0.51728515625,2.29733259677887,0.003763463906943798,0.029705284163355827,0.2,0.9774346947669983
124,231,253952,500.0,0.0,-6.949347300000003,1095,0.04195658792741597,0.04749292,0.0003,0.16525405645370483,1230,0.50712890625,2.3003535360097884,0.004244477042811922,0.04190056771039963,0.2,0.9703460335731506
125,232,256000,500.0,0.0,-6.6540845,1101,0.03204196998849511,0.053801797,0.0003,0.16553419828414917,1240,0.485693359375,2.2855991959571837,0.00338657098764088,0.046085797250270844,0.2,0.9760955572128296
126,232,258048,500.0,0.0,-6.487976570000001,1108,0.045709392172284424,0.058113664,0.0003,0.1661062389612198,1250,0.5474609375,2.2716987103223802,0.003067636728519574,0.04226907715201378,0.2,0.9817318916320801
127,233,260096,500.0,0.0,-6.390535219999999,1115,0.030170135851949453,0.082145914,0.0003,0.16593550145626068,1260,0.484423828125,2.2640977412462235,0.0011685110002872534,0.0181948971003294,0.2,0.989084780216217
128,233,262144,500.0,0.0,-6.355776439999999,1121,0.03870114621240646,0.07645102,0.0003,0.1668325513601303,1270,0.496435546875,2.251848566532135,0.0018018953982391396,0.06635940819978714,0.2,0.990318238735199
129,234,264192,500.0,0.0,-6.307147250000001,1127,0.0255202952073887,0.10297367,0.0003,0.1667565554380417,1280,0.468994140625,2.233700600266457,0.026606626773718743,0.06541021168231964,0.2,0.9434233903884888
130,234,266240,500.0,0.0,-6.2192487000000005,1134,0.03710356364026666,0.061302118,0.0003,0.166818305850029,1290,0.50546875,2.2354711949825288,0.016485911299241707,0.035996854305267334,0.2,0.9412054419517517
131,234,268288,500.0,0.0,-6.104577560000001,1141,0.035547641024459155,0.03899459,0.0003,0.16760139167308807,1300,0.5216796875,2.220673882961273,0.003652667917776853,0.003017090493813157,0.2,0.9739227294921875
132,235,270336,500.0,0.0,-6.01426246,1148,0.03363500050036237,0.09873162,0.0003,0.16810664534568787,1310,0.588720703125,2.1993852108716965,0.02889669322175905,0.12290646135807037,0.2,0.9504167437553406
133,235,272384,500.0,0.0,-5.948409519999999,1155,0.06355252069188282,0.0524194,0.0003,0.16780072450637817,1320,0.589892578125,2.194533208012581,0.012700004980433732,0.038438569754362106,0.2,0.9547706842422485
134,236,274432,500.0,0.0,-5.87738046,1162,0.039227589941583575,0.03817847,0.0003,0.1682930588722229,1330,0.520849609375,2.1930880039930343,0.005109580812859349,0.008293917402625084,0.2,0.9779665470123291
135,223,276480,500.0,0.0,-5.80824874,1235,0.04755648102145642,0.12119572,0.0003,0.16847865283489227,1340,0.587890625,2.1782446265220643,0.0036657317585195416,0.010280413553118706,0.2,0.9866051077842712
136,224,278528,500.0,0.0,-5.814680490000001,1241,0.03672221964225173,0.065891385,0.0003,0.16820132732391357,1350,0.511181640625,2.179865175485611,0.006555817608023063,0.18660347163677216,0.2,0.9807994365692139
137,224,280576,500.0,0.0,-5.79154631,1248,0.03641076682833955,0.03953107,0.0003,0.1686723232269287,1360,0.507763671875,2.177687701582909,0.00889838813454844,-0.009163953363895416,0.2,0.9532160758972168
138,225,282624,500.0,0.0,-5.783677820000001,1254,0.02695986268809065,0.028445816,0.0003,0.16945573687553406,1370,0.449658203125,2.1543171972036363,0.004157461391878314,0.023576660081744194,0.2,0.9728049039840698
139,225,284672,500.0,0.0,-5.795381560000001,1261,0.029282343259546907,0.064239666,0.0003,0.1699541062116623,1380,0.48642578125,2.1299898594617845,0.0059429674205603075,0.03811066597700119,0.2,0.9484707713127136
140,226,286720,500.0,0.0,-5.79076643,1268,0.033938585093710574,0.046606828,0.0003,0.16986536979675293,1390,0.4703125,2.1232784271240233,0.004354919132310897,0.031208697706460953,0.2,0.9717485308647156
141,226,288768,500.0,0.0,-5.794515280000001,1275,0.031533038354245944,0.054806955,0.0003,0.17001256346702576,1400,0.472705078125,2.1235327154397963,0.002519937315082643,0.09119679778814316,0.2,0.9877405762672424
142,226,290816,500.0,0.0,-5.845132259999999,1281,0.026747334940591828,0.10437924,0.0003,0.17006298899650574,1410,0.492822265625,2.119897922873497,0.0028596298609045332,0.030718903988599777,0.2,0.9892895221710205
143,227,292864,500.0,0.0,-5.83526833,1288,0.025544094434008003,0.07558326,0.0003,0.17049789428710938,1420,0.462646484375,2.11177259683609,0.0050897226901724935,0.12675094604492188,0.2,0.9711604714393616
144,227,294912,500.0,0.0,-5.81139561,1294,0.044336966925766316,0.04353732,0.0003,0.17139749228954315,1430,0.54296875,2.0851591140031815,0.003175614611245692,0.003398281056433916,0.2,0.9683018326759338
145,228,296960,500.0,0.0,-5.78377799,1301,0.0434141909587197,0.060962375,0.0003,0.17177943885326385,1440,0.569677734375,2.0638936430215837,0.010105934843886643,0.031768690794706345,0.2,0.9444433450698853
146,228,299008,500.0,0.0,-5.773322889999999,1307,0.06201691695023328,0.060640406,0.0003,0.17229172587394714,1450,0.6205078125,2.051073956489563,0.0027642666100291535,0.021532610058784485,0.2,0.9684913754463196
147,219,301056,500.0,0.0,-5.76648606,1373,0.03133682613261044,0.05521053,0.0003,0.17278501391410828,1460,0.50234375,2.0328568816184998,0.003486312404857017,0.022163404151797295,0.2,0.9563223719596863
148,219,303104,500.0,0.0,-5.730695169999999,1380,0.03821438983432017,0.10217998,0.0003,0.17311081290245056,1470,0.521484375,2.0175120174884795,0.002221158899192233,0.07592631876468658,0.2,0.9845820665359497
149,219,305152,500.0,0.0,-5.698539730000001,1387,0.0507893160218373,0.07742798,0.0003,0.17350050806999207,1480,0.59072265625,2.0046516060829163,0.007347937018494122,0.03292166069149971,0.2,0.9449039697647095
150,220,307200,500.0,0.0,-5.659265949999999,1393,0.04138072601053864,0.05344842,0.0003,0.17346462607383728,1490,0.5466796875,1.9996936678886414,0.009941853210330009,0.05913602560758591,0.2,0.9216899275779724
151,220,309248,500.0,0.0,-5.62590946,1400,0.04759418023750186,0.078051254,0.0003,0.17345194518566132,1500,0.58359375,2.0001051485538484,0.007824804802658037,0.02412842959165573,0.2,0.945041298866272
152,221,311296,500.0,0.0,-5.600692949999999,1406,0.054456056002527474,0.06583503,0.0003,0.17267023026943207,1510,0.566796875,2.015653204917908,0.002127808598743286,0.007321652490645647,0.2,0.975367546081543
153,221,313344,500.0,0.0,-5.576116610000001,1413,0.037897516164230184,0.03627568,0.0003,0.17264845967292786,1520,0.500634765625,2.0306785076856615,0.0016107038652990013,0.0315115824341774,0.2,0.9819511771202087
154,222,315392,500.0,0.0,-5.55795161,1419,0.03473752068239264,0.03196764,0.0003,0.1721947193145752,1530,0.452490234375,2.0368810892105103,0.002030305934022181,0.033746398985385895,0.2,0.9850980043411255
155,222,317440,500.0,0.0,-5.543993999999999,1425,0.045854800194501874,0.088367485,0.0003,0.17277638614177704,1540,0.5408203125,2.0351719588041304,0.002134693431435153,0.05674274265766144,0.2,0.9788727760314941
156,223,319488,500.0,0.0,-5.503954319999999,1432,0.04005023188656196,0.06634846,0.0003,0.17319396138191223,1550,0.5578125,2.017410585284233,0.001926749013364315,0.04401056468486786,0.2,0.9775317907333374
157,223,321536,500.0,0.0,-5.41741228,1439,0.03840680076973513,0.053527445,0.0003,0.17373745143413544,1560,0.530419921875,2.0019402727484703,0.0024036806920776145,-0.0030256258323788643,0.2,0.9687446355819702
158,223,323584,500.0,0.0,-5.3110371800000005,1445,0.030692988348891958,0.056027107,0.0003,0.17404043674468994,1570,0.45947265625,1.9824748456478118,0.00279286546719959,0.05065693333745003,0.2,0.975711464881897
159,214,325632,500.0,0.0,-5.229898719999999,1515,0.04102306428831071,0.05610803,0.0003,0.17463955283164978,1580,0.52744140625,1.9707846194505692,0.0019046398672799114,0.0511787123978138,0.2,0.9818885922431946
160,215,327680,500.0,0.0,-5.153005439999999,1522,0.04038817709079012,0.06414283,0.0003,0.17483234405517578,1590,0.5296875,1.9571359574794769,0.001967439838335849,0.057066336274147034,0.2,0.9838355183601379
161,215,329728,500.0,0.0,-5.07776242,1528,0.04788316845078953,0.06695066,0.0003,0.175167053937912,1600,0.5861328125,1.9463366538286209,0.006055690126959235,0.03250017762184143,0.2,0.9580795764923096
162,216,331776,500.0,0.0,-5.0926165999999995,1535,0.03752008905285038,0.11365327,0.0003,0.17566506564617157,1610,0.54609375,1.9340991601347923,0.0019806594704277814,0.03128904476761818,0.2,0.9791828989982605
163,216,333824,500.0,0.0,-5.096035639999999,1541,0.03259838105877862,0.07170401,0.0003,0.17677518725395203,1620,0.5064453125,1.906104901432991,0.00349410122144036,0.014149243012070656,0.2,0.9762086272239685
164,216,335872,500.0,0.0,-5.099154989999999,1548,0.04190676002181135,0.04613516,0.0003,0.1773335188627243,1630,0.552197265625,1.8760437488555908,0.0032584830012638124,0.055957693606615067,0.2,0.9728345274925232
165,217,337920,500.0,0.0,-5.0634977,1555,0.015426736918743699,0.0624526,0.0003,0.17759959399700165,1640,0.424560546875,1.8632348403334618,0.0029443526625982487,0.051341645419597626,0.2,0.9817616939544678
166,217,339968,500.0,0.0,-4.99249275,1562,0.034986620408017186,0.08361472,0.0003,0.1775781363248825,1650,0.50927734375,1.8597385972738265,0.0015851593416300602,0.03550945967435837,0.2,0.9889739155769348
167,217,342016,500.0,0.0,-4.89655661,1569,0.03339113681577146,0.029964224,0.0003,0.17805640399456024,1660,0.4908203125,1.8533607229590416,0.0032466619421029465,0.016670502722263336,0.2,0.9707823395729065
168,218,344064,500.0,0.0,-4.87125854,1575,0.04221012656344101,0.073686816,0.0003,0.17807987332344055,1670,0.561962890625,1.84490524828434,0.002855566174548585,0.0696193277835846,0.2,0.979275107383728
169,218,346112,500.0,0.0,-4.871579370000001,1582,0.043269732466433196,0.079452574,0.0003,0.17765852808952332,1680,0.554931640625,1.8529826074838638,0.0021636188277625477,0.02412230335175991,0.2,0.9795710444450378
170,219,348160,500.0,0.0,-4.855746389999999,1589,0.0319791087298654,0.058191374,0.0003,0.17784634232521057,1690,0.45849609375,1.8547929331660271,0.0020597804832505062,0.011310864239931107,0.2,0.9808967113494873
171,210,350208,500.0,0.0,-4.865883569999999,1661,0.05278371231397614,0.034946993,0.0003,0.1780570149421692,1700,0.579296875,1.8490583524107933,0.0010463244245329407,0.0001677309046499431,0.2,0.9896045923233032
172,211,352256,500.0,0.0,-4.83426106,1668,0.04392849715077318,0.048412636,0.0003,0.1784394234418869,1710,0.565673828125,1.8386132776737214,0.003046813694527373,0.017039719969034195,0.2,0.973425030708313
173,211,354304,500.0,0.0,-4.78855977,1675,0.037896788481157274,0.035600286,0.0003,0.1790345311164856,1720,0.51943359375,1.8240596279501915,0.0014235348360671196,0.008731460198760033,0.2,0.984430193901062
174,211,356352,500.0,0.0,-4.76559302,1682,0.02642161266412586,0.033568725,0.0003,0.1797650307416916,1730,0.460888671875,1.8002612724900247,0.0028414969841833227,-0.01828845962882042,0.2,0.9673371911048889
175,212,358400,500.0,0.0,-4.755013600000001,1688,0.01931109679862857,0.03708624,0.0003,0.1799527406692505,1740,0.39833984375,1.7825847208499908,0.0030450287216808648,0.07253500819206238,0.2,0.9610219597816467
176,212,360448,500.0,0.0,-4.726590980000001,1695,0.0411355069023557,0.07255742,0.0003,0.179982990026474,1750,0.50830078125,1.780422954261303,0.002573596620641183,0.0704411119222641,0.2,0.9733177423477173
177,212,362496,500.0,0.0,-4.68541959,1702,0.03394629480317235,0.059200227,0.0003,0.17980465292930603,1760,0.5005859375,1.781010390818119,0.0024713639373658224,0.016509754583239555,0.2,0.9657096266746521
178,213,364544,500.0,0.0,-4.64568314,1709,0.037975103291682896,0.053880215,0.0003,0.1792769879102707,1770,0.511181640625,1.7933174028992653,0.0025451991125009952,0.05092275142669678,0.2,0.9651687741279602
179,213,366592,500.0,0.0,-4.6224433,1717,0.037664894544286655,0.042066135,0.0003,0.17951592803001404,1780,0.529931640625,1.8014522165060043,0.0014373065903782844,0.003800972830504179,0.2,0.9869797229766846
180,213,368640,500.0,0.0,-4.5920739600000005,1724,0.04169178621959872,0.052218664,0.0003,0.17975088953971863,1790,0.553125,1.792302167415619,0.002587193311774172,0.030605506151914597,0.2,0.9655385613441467
181,214,370688,500.0,0.0,-4.61371123,1731,0.04302404221962206,0.04874932,0.0003,0.18022911250591278,1800,0.533642578125,1.7825426563620568,0.0021683986589778213,0.031523652374744415,0.2,0.9732444286346436
182,214,372736,500.0,0.0,-4.655485400000001,1738,0.029662549251224846,0.05089645,0.0003,0.18033358454704285,1810,0.479638671875,1.7714172661304475,0.005686606178642251,0.017466604709625244,0.2,0.940903902053833
183,214,374784,500.0,0.0,-4.728497120000001,1745,0.016851964441593738,0.039494283,0.0003,0.17984342575073242,1820,0.46123046875,1.7768035411834717,0.004375664549297653,0.0038550677709281445,0.2,0.9550420641899109
184,206,376832,500.0,0.0,-4.76457805,1821,0.021647961920825763,0.05671581,0.0003,0.1799352616071701,1830,0.494775390625,1.7848978444933892,0.005088438713573851,0.04540906846523285,0.2,0.9512900710105896
185,207,378880,500.0,0.0,-4.75171102,1828,0.031979627622058616,0.06666717,0.0003,0.17972134053707123,1840,0.477685546875,1.7837324410676956,0.003530359553406015,0.05463998392224312,0.2,0.9662964344024658
186,207,380928,500.0,0.0,-4.71894629,1836,0.027934619871666656,0.021496221,0.0003,0.18009430170059204,1850,0.461767578125,1.7844488605856896,0.0018195696487964597,0.008724992163479328,0.2,0.9767554998397827
187,207,382976,500.0,0.0,-4.68737154,1843,0.0192012321902439,0.029320393,0.0003,0.18080437183380127,1860,0.45654296875,1.7645342841744422,0.0027876411593751984,0.02684369497001171,0.2,0.971132218837738
188,208,385024,500.0,0.0,-4.6838185,1850,0.044198759645223615,0.055018127,0.0003,0.18068502843379974,1870,0.5173828125,1.753970631957054,0.0031479766650591044,0.08185846358537674,0.2,0.9747365117073059
189,208,387072,500.0,0.0,-4.78497736,1857,0.03554983192589134,0.035314538,0.0003,0.18061374127864838,1880,0.496044921875,1.7575633496046066,0.004747690458316356,0.055586185306310654,0.2,0.9587585926055908
190,208,389120,500.0,0.0,-4.939740669999999,1864,0.03497153097996488,0.0771593,0.0003,0.1805659383535385,1890,0.50009765625,1.7607653200626374,0.007920947071397677,0.06084447726607323,0.2,0.947213351726532
191,209,391168,500.0,0.0,-5.07082266,1871,0.043866968055954206,0.039073464,0.0003,0.1808222234249115,1900,0.504541015625,1.7559421166777611,0.011884806287707762,0.013093056157231331,0.2,0.9400062561035156
192,209,393216,500.0,0.0,-5.24217325,1878,0.03745015304302797,0.057111368,0.0003,0.1812078207731247,1910,0.51181640625,1.7444820269942283,0.006671400408959016,0.026456614956259727,0.2,0.9558062553405762
193,209,395264,500.0,0.0,-5.477398759999999,1885,0.030105811060639098,0.079859525,0.0003,0.1811717003583908,1920,0.4732421875,1.7382624998688698,0.007175673931487836,-0.008169112727046013,0.2,0.9485536217689514
194,209,397312,500.0,0.0,-5.663080269999999,1892,0.023894580552587287,0.03554731,0.0003,0.18126043677330017,1930,0.46904296875,1.7384574979543685,0.006981430941959843,0.017271697521209717,0.2,0.9670857191085815
195,210,399360,500.0,0.0,-5.858765209999999,1899,0.03339912961237133,0.061378114,0.0003,0.18170307576656342,1940,0.558056640625,1.7287947207689285,0.005473657496622764,0.019558623433113098,0.2,0.9593950510025024
196,203,401408,500.0,0.0,-6.0490888699999985,1970,0.03199342818115838,0.05661761,0.0003,0.18134304881095886,1950,0.5142578125,1.7271461591124535,0.005928084327024408,-0.010562559589743614,0.2,0.9549023509025574
197,203,403456,500.0,0.0,-6.2626626399999985,1978,0.03853633903199807,0.06395611,0.0003,0.18173477053642273,1960,0.52109375,1.7278060808777809,0.006092249834910035,0.03645671531558037,0.2,0.9645381569862366
198,204,405504,500.0,0.0,-6.42882426,1985,0.0415998328011483,0.11718967,0.0003,0.1823824644088745,1970,0.5255859375,1.7087212190032006,0.0051550271280575545,0.13787779211997986,0.2,0.9712586402893066
199,204,407552,500.0,0.0,-6.566434959999999,1992,0.020194430241826922,0.043831185,0.0003,0.1824902892112732,1980,0.409423828125,1.6974846318364143,0.006217892430140637,-0.010003226809203625,0.2,0.8946739435195923
200,204,409600,500.0,0.0,-6.757918829999999,1999,0.029956901224795728,0.04507202,0.0003,0.18217343091964722,1990,0.48623046875,1.702558797597885,0.005416389691527001,0.06442686915397644,0.2,0.9054068326950073
201,205,411648,500.0,0.0,-6.949334369999999,2007,0.026770306017715483,0.043898784,0.0003,0.18276160955429077,2000,0.47255859375,1.6960714489221573,0.006171473415452056,0.013995192013680935,0.2,0.922720193862915
202,205,413696,500.0,0.0,-7.097567499999999,2014,0.026315215311478825,0.056055736,0.0003,0.18312785029411316,2010,0.464111328125,1.681096003949642,0.004949845775263384,0.02602585405111313,0.2,0.9451634287834167
203,205,415744,500.0,0.0,-7.21937699,2021,0.02963741635903716,0.03994329,0.0003,0.1836898773908615,2020,0.50390625,1.6647912546992303,0.003508674816112034,-0.006472868844866753,0.2,0.9663187861442566
204,205,417792,500.0,0.0,-7.380522850000001,2028,0.02021690337569453,0.038223434,0.0003,0.1829000562429428,2030,0.41416015625,1.6679266586899757,0.00411113191221375,0.018997618928551674,0.2,0.9658396244049072
205,206,419840,500.0,0.0,-7.500240389999998,2035,0.016502395004499702,0.066526555,0.0003,0.18288639187812805,2040,0.4330078125,1.6848339647054673,0.0045612043875735255,0.03743787109851837,0.2,0.9645373821258545
206,206,421888,500.0,0.0,-7.528496400000002,2042,0.018061531416606158,0.06416085,0.0003,0.18316936492919922,2050,0.48359375,1.6781319051980972,0.006151909436448477,0.006330861244350672,0.2,0.954753577709198
207,206,423936,500.0,0.0,-7.491242539999999,2048,0.041476187494117765,0.048295006,0.0003,0.18390962481498718,2060,0.562939453125,1.6605859085917474,0.004779777405201457,-0.004549033008515835,0.2,0.9638156890869141
208,201,425984,500.0,0.0,-7.44909808,2117,0.03399098261725157,0.046849575,0.0003,0.18410925567150116,2070,0.4734375,1.644936279952526,0.0023745296319248156,0.02590145543217659,0.2,0.9678003787994385
209,201,428032,500.0,0.0,-7.447652830000001,2124,0.03720690255286172,0.050818726,0.0003,0.18445029854774475,2080,0.502099609375,1.6385118529200553,0.0030870844755554573,0.04200735315680504,0.2,0.9498770833015442
210,201,430080,500.0,0.0,-7.5028431699999985,2131,0.03530026092776097,0.025871295,0.0003,0.18455341458320618,2090,0.452587890625,1.6271274626255035,0.003166883799713105,0.02551010623574257,0.2,0.950076162815094
211,202,432128,500.0,0.0,-7.5228106100000005,2138,0.030708355677779763,0.059999067,0.0003,0.1846495270729065,2100,0.44912109375,1.6286786809563636,0.004109547080588527,0.07744087278842926,0.2,0.929182231426239
212,202,434176,500.0,0.0,-7.499373939999999,2145,0.03624388733878732,0.07855273,0.0003,0.18495982885360718,2110,0.48134765625,1.619967906177044,0.002700274172821082,0.025458555668592453,0.2,0.946279764175415
213,202,436224,500.0,0.0,-7.41267836,2152,0.03485155155649409,0.05432816,0.0003,0.18522940576076508,2120,0.47939453125,1.6080837398767471,0.003051356176729314,0.018572302535176277,0.2,0.9612013697624207
214,202,438272,500.0,0.0,-7.297220889999998,2159,0.02511453503975645,0.050286114,0.0003,0.18546955287456512,2130,0.436572265625,1.60184788107872,0.0027003682786016724,0.005119568668305874,0.2,0.9463393688201904
215,203,440320,500.0,0.0,-7.14158885,2166,0.023673685913672672,0.040787898,0.0003,0.18562769889831543,2140,0.433544921875,1.596256548166275,0.0028251199270016513,0.02300107479095459,0.2,0.9374814033508301
216,203,442368,500.0,0.0,-6.9941974600000005,2173,0.037090204958803955,0.057040922,0.0003,0.1859549880027771,2150,0.501123046875,1.5889787331223488,0.0018958048458443955,0.051066406071186066,0.2,0.9697612524032593
217,203,444416,500.0,0.0,-6.829809949999999,2180,0.041677151166368276,0.106019855,0.0003,0.1862625777721405,2160,0.5470703125,1.5795061215758324,0.0032370817265473307,0.07087617367506027,0.2,0.9380931258201599
218,204,446464,500.0,0.0,-6.6163345200000006,2187,0.027984987979289146,0.063279316,0.0003,0.18678948283195496,2170,0.442041015625,1.5672624543309213,0.0028673504923062863,0.03316658362746239,0.2,0.8248931169509888
219,204,448512,500.0,0.0,-6.34807085,2194,0.034087080450262874,0.04199299,0.0003,0.18765132129192352,2180,0.506591796875,1.5444150224328042,0.00227671577304136,0.016736730933189392,0.2,0.9188815355300903
220,198,450560,500.0,0.0,-6.139197109999999,2268,0.024288706737570463,0.051186815,0.0003,0.18818525969982147,2190,0.456982421875,1.520997406542301,0.0011115091998362913,0.02080674283206463,0.2,0.9732009768486023
221,198,452608,500.0,0.0,-5.9021431799999995,2275,0.027390505094081162,0.061576355,0.0003,0.1882282942533493,2200,0.460693359375,1.5126116156578064,0.001866015738050919,0.06145294010639191,0.2,0.9623696804046631
222,199,454656,500.0,0.0,-5.77988973,2282,0.031263220438268034,0.045939915,0.0003,0.1881716549396515,2210,0.487060546875,1.5115315034985541,0.0012918424399686046,0.03809816390275955,0.2,0.9750692248344421
223,199,456704,500.0,0.0,-5.681281660000001,2288,0.028697250864934177,0.0856729,0.0003,0.1878782957792282,2220,0.476611328125,1.5165736451745033,0.002979460987262428,0.057633522897958755,0.2,0.9560357928276062
224,199,458752,500.0,0.0,-5.5374552900000005,2295,0.02618479828815907,0.0820834,0.0003,0.18822352588176727,2230,0.47236328125,1.5170689806342126,0.003035213345719967,0.06426402181386948,0.2,0.943341076374054
225,200,460800,500.0,0.0,-5.357190119999999,2302,0.021094147692201658,0.04167912,0.0003,0.18872427940368652,2240,0.429443359375,1.5000143334269525,0.002974555524997413,-0.012522130273282528,0.2,0.953524649143219
226,200,462848,500.0,0.0,-5.2226595,2308,0.028984359372407197,0.05495654,0.0003,0.18923375010490417,2250,0.507421875,1.484743031859398,0.002110237823217176,0.050279922783374786,0.2,0.9587791562080383
227,200,464896,500.0,0.0,-5.11703724,2315,0.04517409061663784,0.02196743,0.0003,0.18932990729808807,2260,0.538720703125,1.4758272632956504,0.0023387194916722363,-0.0025703469291329384,0.2,0.948674738407135
228,201,466944,500.0,0.0,-5.017839499999999,2321,0.039591217413544655,0.053001985,0.0003,0.18991264700889587,2270,0.528076171875,1.4651334315538407,0.0028785713511751965,0.05045967921614647,0.2,0.9466097354888916
229,201,468992,500.0,0.0,-4.888173699999999,2328,0.050535008567385374,0.06948003,0.0003,0.19085630774497986,2280,0.5693359375,1.4408123940229416,0.0018586314399726689,0.02080615982413292,0.2,0.9669379591941833
230,201,471040,500.0,0.0,-4.760946319999999,2335,0.029660851904191078,0.06788946,0.0003,0.1912127137184143,2290,0.475341796875,1.4168379187583924,0.002204742691537831,0.07940994948148727,0.2,0.9630681276321411
231,202,473088,500.0,0.0,-4.74712096,2341,0.037684329552575946,0.10557092,0.0003,0.19108790159225464,2300,0.48564453125,1.4142805337905884,0.004769727426173631,0.090460866689682,0.2,0.8698821067810059
232,196,475136,500.0,0.0,-4.72978502,2413,0.03336868109181523,0.042124502,0.0003,0.19143633544445038,2310,0.53203125,1.410448107123375,0.004342529620043933,0.04767826572060585,0.2,0.9101647138595581
233,197,477184,500.0,0.0,-4.70801485,2420,0.03103104414185509,0.05499842,0.0003,0.1911730021238327,2320,0.465185546875,1.4105633482336999,0.0028751649399055166,0.029873646795749664,0.2,0.9496522545814514
234,197,479232,500.0,0.0,-4.6662444999999995,2427,0.03205978848855011,0.05326075,0.0003,0.19138459861278534,2330,0.47119140625,1.4139862939715386,0.0021871103381272405,0.030132226645946503,0.2,0.945637047290802
235,197,481280,500.0,0.0,-4.60551919,2434,0.02757779483217746,0.0643971,0.0003,0.19119992852210999,2340,0.437890625,1.4114492148160935,0.0015870138042373583,0.055379174649715424,0.2,0.9650154113769531
236,197,483328,500.0,0.0,-4.57297491,2441,0.029805066389963032,0.052766956,0.0003,0.19134709239006042,2350,0.505810546875,1.4117041364312173,0.002072278350533452,0.06549378484487534,0.2,0.9410334825515747
237,198,485376,500.0,0.0,-4.55714731,2448,0.033085730008315294,0.045441546,0.0003,0.1915600299835205,2360,0.494970703125,1.4089275866746902,0.0015259546242305077,0.04239698871970177,0.2,0.9756383895874023
238,198,487424,500.0,0.0,-4.5360363999999995,2455,0.03895627378951758,0.05317223,0.0003,0.19143228232860565,2370,0.542919921875,1.4052415862679482,0.0013850454241037368,0.03761930391192436,0.2,0.9698017835617065
239,198,489472,500.0,0.0,-4.52555393,2462,0.03446979615837335,0.045731008,0.0003,0.19126741588115692,2380,0.487109375,1.4087982267141341,0.0014950408876757137,0.04022931680083275,0.2,0.9777722358703613
240,199,491520,500.0,0.0,-4.5380682199999995,2469,0.03744050726527348,0.03554344,0.0003,0.19173559546470642,2390,0.548193359375,1.404327055811882,0.0013100862684950697,0.004699635319411755,0.2,0.9815691113471985
241,199,493568,500.0,0.0,-4.517505880000001,2477,0.03378209623042494,0.04393455,0.0003,0.19214749336242676,2400,0.518994140625,1.3903499707579612,0.0013635983523272444,-0.005210038274526596,0.2,0.9815798997879028
242,199,495616,500.0,0.0,-4.492128859999999,2484,0.0340799213910941,0.042083412,0.0003,0.19173431396484375,2410,0.511279296875,1.3898733377456665,0.0019178982969606296,0.03562031686306,0.2,0.971867024898529
243,199,497664,500.0,0.0,-4.47674742,2491,0.03184708147309721,0.06192442,0.0003,0.19217990338802338,2420,0.46845703125,1.3912641182541847,0.0014872795312840027,0.06044252589344978,0.2,0.9672475457191467
244,199,499712,500.0,0.0,-4.5187255,2498,0.02774008533451706,0.03358069,0.0003,0.19205939769744873,2430,0.444580078125,1.3851112499833107,0.001713931055564899,0.03412003070116043,0.2,0.9654183387756348
245,194,501760,500.0,0.0,-4.64747874,2581,0.03672418416244909,0.078805715,0.0003,0.1926272213459015,2440,0.498486328125,1.3781756669282914,0.004755681109963916,0.03406721353530884,0.2,0.8990805745124817
246,194,503808,500.0,0.0,-4.86511811,2589,0.028480839519761502,0.02834377,0.0003,0.1935344934463501,2450,0.448291015625,1.353285025060177,0.011099522555014119,-0.0054419981315732,0.2,0.8200056552886963
247,194,505856,500.0,0.0,-5.0634122999999995,2596,0.036540513020008804,0.021838877,0.0003,0.19378212094306946,2460,0.498974609375,1.3353128924965858,0.013316238031256944,0.00953507050871849,0.2,0.8860819339752197
248,195,507904,500.0,0.0,-5.264827360000001,2604,0.03518466797540896,0.04213952,0.0003,0.1942007839679718,2470,0.512109375,1.3257872715592385,0.007928503991570324,0.023758158087730408,0.2,0.9498018026351929
249,195,509952,500.0,0.0,-5.512126500000002,2612,0.03526719274232164,0.03041745,0.0003,0.1943737268447876,2480,0.464599609375,1.3162778437137603,0.00773547567659989,0.0976874977350235,0.2,0.9561091065406799
250,195,512000,500.0,0.0,-5.736846529999999,2621,0.021852107218001036,0.04535822,0.0003,0.19428008794784546,2490,0.4310546875,1.3136765867471696,0.01270489555899985,0.07238198071718216,0.2,0.9641841650009155
251,195,514048,500.0,0.0,-5.7669602599999985,2628,0.021754838078049944,0.046490517,0.0003,0.194204181432724,2500,0.4345703125,1.3195064127445222,0.007064912907662801,-0.00434076227247715,0.2,0.9568649530410767
252,195,516096,500.0,0.0,-5.87289945,2635,0.034667108027497305,0.031039696,0.0003,0.1942630112171173,2510,0.469189453125,1.3181795835494996,0.006837124389130622,0.0025133886374533176,0.2,0.9608094096183777
253,196,518144,500.0,0.0,-5.88802863,2643,0.033982215984724465,0.048872836,0.0003,0.1943456530570984,2520,0.487744140625,1.3175040498375892,0.0049232585151912645,-0.0011950891930609941,0.2,0.9749834537506104
254,196,520192,500.0,0.0,-5.9147513400000005,2651,0.03086604893906042,0.05308678,0.0003,0.1941937506198883,2530,0.476171875,1.3178774446249009,0.0029270772138261236,0.024317607283592224,0.2,0.9612492918968201
255,196,522240,500.0,0.0,-5.90181688,2658,0.03466575059574097,0.028593862,0.0003,0.1946963369846344,2540,0.495361328125,1.3131529942154885,0.004079973057378084,0.020352112129330635,0.2,0.9520842432975769
256,196,524288,500.0,0.0,-5.867170320000001,2665,0.034052992158103736,0.039393414,0.0003,0.19483225047588348,2550,0.471923828125,1.3012394517660142,0.003535146532522049,-0.01964612305164337,0.2,0.9590009450912476
257,191,526336,500.0,0.0,-5.86036771,2747,0.026836051268037408,0.056292534,0.0003,0.19497422873973846,2560,0.445703125,1.2990460768342018,0.0032286997797200457,0.02852206490933895,0.2,0.9274551868438721
258,191,528384,500.0,0.0,-5.853318020000001,2755,0.03927380568638909,0.13858905,0.0003,0.19577759504318237,2570,0.498291015625,1.2835422173142432,0.0015807085757842288,0.07019340246915817,0.2,0.9654421806335449
259,192,530432,500.0,0.0,-5.929940739999999,2762,0.032679957163054496,0.060316585,0.0003,0.19561052322387695,2580,0.458642578125,1.2749473318457603,0.002503066043573199,0.10983897745609283,0.2,0.9623810052871704
260,192,532480,500.0,0.0,-5.9655416500000005,2769,0.024959317571483553,0.052022643,0.0003,0.19701114296913147,2590,0.48564453125,1.2543196991086005,0.003941464138915762,0.04804905503988266,0.2,0.9513356685638428
261,192,534528,500.0,0.0,-6.062914949999998,2777,0.03452947469195351,0.028395804,0.0003,0.19750820100307465,2600,0.505712890625,1.2245157286524773,0.002422732832201291,0.019755307585000992,0.2,0.9712095260620117
262,192,536576,500.0,0.0,-6.085132130000001,2784,0.030475037364521996,0.066527635,0.0003,0.19769242405891418,2610,0.5486328125,1.215325066447258,0.003554749206523411,0.014034031890332699,0.2,0.9692291617393494
263,192,538624,500.0,0.0,-6.17703003,2791,0.027622821863042192,0.031702228,0.0003,0.19758230447769165,2620,0.460546875,1.2148516699671745,0.00234636960667558,0.021004358306527138,0.2,0.9744427800178528
264,193,540672,500.0,0.0,-6.20844698,2798,0.042658713302807884,0.034765273,0.0003,0.1974819153547287,2630,0.520556640625,1.2188565105199813,0.003238059108844027,0.031851522624492645,0.2,0.9624382257461548
265,193,542720,500.0,0.0,-6.302230079999999,2805,0.025614306470379232,0.05486904,0.0003,0.1978098452091217,2640,0.51025390625,1.2157127633690834,0.002207539953815285,0.005365313962101936,0.2,0.9810417890548706
266,193,544768,500.0,0.0,-6.352931079999999,2812,0.024420214886777102,0.053849056,0.0003,0.19742177426815033,2650,0.433544921875,1.216576625406742,0.004369065779610537,0.0066984049044549465,0.2,0.9677266478538513
267,193,546816,500.0,0.0,-6.418293179999999,2819,0.02262838217429817,0.057731174,0.0003,0.19699573516845703,2660,0.472900390625,1.2305120453238487,0.0024484513065544888,0.05620259791612625,0.2,0.9782783389091492
268,194,548864,500.0,0.0,-6.3830404199999995,2826,0.0295979947084561,0.06711583,0.0003,0.19698715209960938,2670,0.498388671875,1.2368025049567222,0.0027930997210205534,-0.008649378083646297,0.2,0.9659387469291687
269,189,550912,500.0,0.0,-6.292634149999999,2905,0.027316334343049677,0.0275945,0.0003,0.19626037776470184,2680,0.44853515625,1.2468354299664497,0.003408974393096287,0.009040256962180138,0.2,0.9115256071090698
270,189,552960,500.0,0.0,-6.09897552,2912,0.03337002714397386,0.02808626,0.0003,0.19555789232254028,2690,0.47431640625,1.2699415802955627,0.0019851982942782342,0.0488661453127861,0.2,0.9414212703704834
271,190,555008,500.0,0.0,-5.8432261300000015,2919,0.026544930436648427,0.038577564,0.0003,0.19523537158966064,2700,0.41767578125,1.2854860544204711,0.0024470146701787597,0.023071426898241043,0.2,0.9595174193382263
272,190,557056,500.0,0.0,-5.65388054,2926,0.027210017602192237,0.06104584,0.0003,0.19501230120658875,2710,0.4693359375,1.2938377678394317,0.003682230127742514,0.038310457020998,0.2,0.950654923915863
273,190,559104,500.0,0.0,-5.397059260000001,2932,0.0263791888137348,0.108382516,0.0003,0.1949412226676941,2720,0.485693359375,1.2973527267575264,0.0032585646360530516,0.04915158823132515,0.2,0.9502019882202148
274,190,561152,500.0,0.0,-5.161201600000001,2940,0.029907056177034975,0.040740095,0.0003,0.1947270631790161,2730,0.434375,1.300388866662979,0.0034422906683175825,0.035871151834726334,0.2,0.938409149646759
275,191,563200,500.0,0.0,-5.03336865,2947,0.03363597855204716,0.043296725,0.0003,0.19528178870677948,2740,0.50625,1.2992633700370788,0.0017252389028726612,-0.009255954064428806,0.2,0.9623023271560669
276,191,565248,500.0,0.0,-4.9859539900000005,2954,0.03320390968001448,0.03811244,0.0003,0.19619449973106384,2750,0.4990234375,1.2733140349388123,0.0010080623840622138,0.01041334681212902,0.2,0.9741987586021423
277,191,567296,500.0,0.0,-4.91219125,2961,0.03833903358317912,0.05627707,0.0003,0.19660012423992157,2760,0.49169921875,1.254469206929207,0.002309363809763454,0.0052409060299396515,0.2,0.9340683221817017
278,191,569344,500.0,0.0,-4.880331010000001,2968,0.038577571214409544,0.060329482,0.0003,0.19690093398094177,2770,0.529833984375,1.2426383152604104,0.0012470766632759478,0.0432746484875679,0.2,0.9676055908203125
279,192,571392,500.0,0.0,-4.83336344,2975,0.040856063447427,0.083319366,0.0003,0.1966976821422577,2780,0.565673828125,1.243693770468235,0.0008746022958803223,0.06929699331521988,0.2,0.9791125655174255
280,192,573440,500.0,0.0,-4.825374500000001,2982,0.023447881068568675,0.05254831,0.0003,0.19667404890060425,2790,0.497607421875,1.245403802394867,0.0006941062987607438,0.014471249654889107,0.2,0.9803230166435242
281,188,575488,500.0,0.0,-4.83252832,3059,0.03088625461095944,0.07718465,0.0003,0.19664791226387024,2800,0.5330078125,1.2463283076882363,0.0011524207078764449,0.041924621909856796,0.2,0.9766716361045837
282,188,577536,500.0,0.0,-4.820600349999999,3066,0.03144839663873426,0.039750487,0.0003,0.19802896678447723,2810,0.502734375,1.2251942411065102,0.0011175527804880403,0.0363667868077755,0.2,0.9709126949310303
283,188,579584,500.0,0.0,-4.74866862,3073,0.03701941384933889,0.041589815,0.0003,0.1983715295791626,2820,0.51728515625,1.2018897846341132,0.0006853465687527205,0.012466906569898129,0.2,0.9819825887680054
284,188,581632,500.0,0.0,-4.674560819999999,3080,0.029429628030629828,0.05880165,0.0003,0.19859930872917175,2830,0.48173828125,1.191060370206833,0.0014687925424368587,0.02870582789182663,0.2,0.9674109220504761
285,189,583680,500.0,0.0,-4.588788479999999,3087,0.028044323186622932,0.02904861,0.0003,0.1987435221672058,2840,0.46025390625,1.18558179885149,0.0013373044414038305,0.007302657701075077,0.2,0.9660946726799011
286,189,585728,500.0,0.0,-4.512623039999999,3094,0.030844602175056933,0.04157564,0.0003,0.19787637889385223,2850,0.497509765625,1.197574870288372,0.0014827844795945566,0.018322080373764038,0.2,0.9649131298065186
287,189,587776,500.0,0.0,-4.42877641,3101,0.02906549653271213,0.040554654,0.0003,0.1987898349761963,2860,0.50263671875,1.1990457415580749,0.0007198454968602164,0.01354990154504776,0.2,0.9787083268165588
288,189,589824,500.0,0.0,-4.386939529999999,3108,0.03868417085614055,0.17842172,0.0003,0.19921371340751648,2870,0.584423828125,1.1776590257883073,0.0015011182862508577,0.04381345584988594,0.2,0.9697222113609314
289,189,591872,500.0,0.0,-4.3667069199999995,3116,0.027122753753792493,0.03456141,0.0003,0.19860678911209106,2880,0.43466796875,1.1772509142756462,0.003260790373315103,0.03097633086144924,0.2,0.9316579103469849
290,190,593920,500.0,0.0,-4.310049019999999,3123,0.026130396820371972,0.09098759,0.0003,0.1990831345319748,2890,0.448681640625,1.1847028389573098,0.0037096128216944635,0.01426004245877266,0.2,0.9311015009880066
291,190,595968,500.0,0.0,-4.28285237,3130,0.015489027067087591,0.03133615,0.0003,0.19934287667274475,2900,0.3908203125,1.1713828951120377,0.0011111798157799058,0.031073061749339104,0.2,0.974860668182373
292,190,598016,500.0,0.0,-4.330984130000001,3137,0.024816146935336292,0.049233098,0.0003,0.19896845519542694,2910,0.4154296875,1.1765261590480804,0.0033466966939158737,0.0793549194931984,0.2,0.9461169242858887
293,186,600064,500.0,0.0,-4.36363972,3211,0.02361323880031705,0.031598248,0.0003,0.1993025243282318,2920,0.463232421875,1.1735468849539756,0.0033612956496654077,0.012008688412606716,0.2,0.9513064026832581
294,187,602112,500.0,0.0,-4.395970170000001,3218,0.026145250687841327,0.03194212,0.0003,0.19891580939292908,2930,0.478466796875,1.1743781387805938,0.0015821065884665587,0.011996189132332802,0.2,0.9738420248031616
295,187,604160,500.0,0.0,-4.36100055,3225,0.03246772463317029,0.05399977,0.0003,0.19884216785430908,2940,0.4904296875,1.1826493427157403,0.003871388046536595,0.03224513679742813,0.2,0.9340815544128418
296,187,606208,500.0,0.0,-4.30926717,3232,0.03599062158609741,0.04159583,0.0003,0.19932720065116882,2950,0.49892578125,1.1760760471224785,0.001943127992853988,0.030190730467438698,0.2,0.9629577398300171
297,187,608256,500.0,0.0,-4.29595984,3239,0.027371607476379723,0.035631552,0.0003,0.19987015426158905,2960,0.4716796875,1.1627301573753357,0.001149898775474867,0.02285083755850792,0.2,0.9722838401794434
298,187,610304,500.0,0.0,-4.29727334,3246,0.028751623525749892,0.05440293,0.0003,0.19975054264068604,2970,0.500830078125,1.154293428361416,0.0011102531832875683,0.025171592831611633,0.2,0.9782453775405884
299,188,612352,500.0,0.0,-4.295622209999999,3253,0.032133972528390585,0.04518042,0.0003,0.20007912814617157,2980,0.517138671875,1.1558794885873795,0.0017878792314149905,0.008796310052275658,0.2,0.9682884216308594
300,188,614400,500.0,0.0,-4.278117139999999,3260,0.03471921841846779,0.07523592,0.0003,0.2000133991241455,2990,0.51025390625,1.1500598996877671,0.0012372637866064906,0.021361004561185837,0.2,0.9739894270896912
301,188,616448,500.0,0.0,-4.23836471,3267,0.031532894930569454,0.030762382,0.0003,0.20089825987815857,3000,0.5427734375,1.1390285089612007,0.0010464327191584744,-0.02270912006497383,0.2,0.9789445400238037
302,188,618496,500.0,0.0,-4.22463768,3274,0.033710961614269765,0.06498032,0.0003,0.20173077285289764,3010,0.5025390625,1.1132747441530229,0.0014410643983865158,-0.0017392075387760997,0.2,0.9674115777015686
303,189,620544,500.0,0.0,-4.21984225,3281,0.023878280667122453,0.042521164,0.0003,0.20275089144706726,3020,0.50654296875,1.085340116918087,0.0009191645091050305,0.011263630352914333,0.2,0.9794543981552124
304,189,622592,500.0,0.0,-4.231250120000001,3288,0.02381666763103567,0.033130508,0.0003,0.20311030745506287,3030,0.467529296875,1.0625737398862838,0.0015153523811022751,-0.0016590588493272662,0.2,0.9747664332389832
305,189,624640,500.0,0.0,-4.23787735,3295,0.026798886683536693,0.05519796,0.0003,0.20409929752349854,3040,0.49951171875,1.0445255473256112,0.0018226220709038898,0.03575003147125244,0.2,0.957967221736908
306,185,626688,500.0,0.0,-4.263883600000001,3370,0.028342377673834563,0.025664316,0.0003,0.20452140271663666,3050,0.47109375,1.0240267664194107,0.0017337436671368777,0.008431044407188892,0.2,0.9652299880981445
307,186,628736,500.0,0.0,-4.27504576,3377,0.028883208124898373,0.06612111,0.0003,0.2053673267364502,3060,0.501513671875,1.0077050477266312,0.0019815302643110045,0.010826902464032173,0.2,0.9650338888168335
308,186,630784,500.0,0.0,-4.27532722,3384,0.01530839009792544,0.038015198,0.0003,0.2057160586118698,3070,0.410888671875,0.9898169249296188,0.0011460340610938147,0.007395162712782621,0.2,0.9684586524963379
309,186,632832,500.0,0.0,-4.2837561299999996,3391,0.02872190015623346,0.03314244,0.0003,0.20534202456474304,3080,0.47197265625,0.9887328520417213,0.0013083421152259688,-0.006444456987082958,0.2,0.9698351621627808
310,186,634880,500.0,0.0,-4.29023171,3398,0.03636834833305329,0.06161793,0.0003,0.20559875667095184,3090,0.522314453125,0.9904979318380356,0.0011086751968832687,0.07587475329637527,0.2,0.9752097129821777
311,187,636928,500.0,0.0,-4.2934578299999995,3405,0.029219895077403635,0.04920236,0.0003,0.2051418423652649,3100,0.458154296875,0.9917791053652764,0.0010934763347904663,0.01698906347155571,0.2,0.9739413261413574
312,187,638976,500.0,0.0,-4.2810825900000005,3412,0.04210425461642444,0.04097472,0.0003,0.205159530043602,3110,0.5666015625,0.9999355152249336,0.0009346340484626126,0.006513755302876234,0.2,0.9768858551979065
313,187,641024,500.0,0.0,-4.218848769999999,3419,0.025426482886541635,0.04037238,0.0003,0.20589570701122284,3120,0.459814453125,0.988635103404522,0.0011207180214114487,0.020175758749246597,0.2,0.9659351110458374
314,187,643072,500.0,0.0,-4.18814198,3426,0.028444892645347865,0.0318082,0.0003,0.2064482867717743,3130,0.46494140625,0.9707873716950417,0.0026727792908786798,0.021574223414063454,0.2,0.9486234784126282
315,187,645120,500.0,0.0,-4.169672370000001,3433,0.02473668286111206,0.068979606,0.0003,0.20658588409423828,3140,0.425390625,0.9623388931155205,0.0011099867762823124,0.03657833859324455,0.2,0.963397741317749
316,188,647168,500.0,0.0,-4.103335359999999,3440,0.04649500729283318,0.07239531,0.0003,0.20675897598266602,3150,0.51142578125,0.9576121971011162,0.001226226281869458,0.04416096955537796,0.2,0.9724506139755249
317,188,649216,500.0,0.0,-4.077136639999999,3447,0.03643055685097352,0.071589366,0.0003,0.2074480950832367,3160,0.502978515625,0.9430168509483338,0.0010683315551432316,0.040212661027908325,0.2,0.9791857004165649
318,184,651264,500.0,0.0,-4.11094787,3530,0.03454895061440766,0.068729706,0.0003,0.20756211876869202,3170,0.5033203125,0.9318980723619461,0.0024079302835161797,-0.0007986228447407484,0.2,0.9445276856422424
319,184,653312,500.0,0.0,-4.126107139999999,3538,0.03148888800060377,0.016681608,0.0003,0.2072107195854187,3180,0.443798828125,0.9345227360725403,0.004112071222334634,0.007294849492609501,0.2,0.805858850479126
320,184,655360,500.0,0.0,-4.13321432,3546,0.02275155590614304,0.050204348,0.0003,0.20718221366405487,3190,0.45791015625,0.9430496409535408,0.002256412249698769,0.009137784130871296,0.2,0.929460346698761
321,184,657408,500.0,0.0,-4.1417918799999995,3553,0.03799769099568948,0.031011138,0.0003,0.20748639106750488,3200,0.5048828125,0.9367082387208938,0.0011686262783769052,-0.014167515560984612,0.2,0.9389320015907288
322,185,659456,500.0,0.0,-4.15637045,3561,0.02445125035010278,0.08608498,0.0003,0.20706161856651306,3210,0.406640625,0.9376138478517533,0.0007105514963768655,0.052795421332120895,0.2,0.968135416507721
323,185,661504,500.0,0.0,-4.18709711,3568,0.02488427950302139,0.064509645,0.0003,0.20761725306510925,3220,0.468701171875,0.9385354340076446,0.000671790852175036,0.00829380750656128,0.2,0.9660301208496094
324,185,663552,500.0,0.0,-4.21118948,3576,0.027125046256696806,0.0628122,0.0003,0.20868432521820068,3230,0.513623046875,0.9125938728451729,0.000705200824450003,0.005847782362252474,0.2,0.9777754545211792
325,185,665600,500.0,0.0,-4.23175022,3583,0.03634168726857752,0.023703927,0.0003,0.20907068252563477,3240,0.529248046875,0.893061549961567,0.0006921471849636873,-0.016624707728624344,0.2,0.9821366667747498
326,185,667648,500.0,0.0,-4.243843459999999,3591,0.025659063342027368,0.032508545,0.0003,0.20893138647079468,3250,0.49775390625,0.88940809071064,0.0009653753411839716,0.00951674859970808,0.2,0.9773476719856262
327,186,669696,500.0,0.0,-4.24484444,3598,0.03149658561451361,0.04773157,0.0003,0.20926439762115479,3260,0.52080078125,0.8883782163262367,0.0005706926427592407,-0.0008692071423865855,0.2,0.9836851954460144
328,186,671744,500.0,0.0,-4.24653962,3606,0.05953635557089001,0.05054021,0.0003,0.20950254797935486,3270,0.618603515625,0.8771562427282333,0.0006480571266365587,0.012171014212071896,0.2,0.9834057092666626
329,186,673792,500.0,0.0,-4.235583119999999,3613,0.031730071490164845,0.058421202,0.0003,0.20883911848068237,3280,0.5412109375,0.8847946912050247,0.0012283122305234428,0.03662891313433647,0.2,0.9781508445739746
330,182,675840,500.0,0.0,-4.227937649999999,3693,0.02740579249802977,0.047053903,0.0003,0.20926861464977264,3290,0.48173828125,0.8865253776311874,0.001511750642384868,0.01495126262307167,0.2,0.9689738750457764
331,183,677888,500.0,0.0,-4.24901345,3700,0.03613727762131021,0.08665298,0.0003,0.20889930427074432,3300,0.51533203125,0.8867870107293129,0.0009740824818436522,0.012300332076847553,0.2,0.9771617650985718
332,183,679936,500.0,0.0,-4.26197458,3708,0.03322946913540363,0.056303006,0.0003,0.20827123522758484,3310,0.499658203125,0.901382927596569,0.0020565800194162877,0.0542515404522419,0.2,0.9598241448402405
333,183,681984,500.0,0.0,-4.26726816,3715,0.02473931013373658,0.064765066,0.0003,0.2091200053691864,3320,0.4640625,0.8976936504244805,0.0008741791363718221,0.015735773369669914,0.2,0.9799495935440063
334,183,684032,500.0,0.0,-4.30928757,3723,0.02880646617268212,0.051398367,0.0003,0.2089310586452484,3330,0.4974609375,0.886399182677269,0.0006114735842857044,0.00853933859616518,0.2,0.9872235059738159
335,183,686080,500.0,0.0,-4.32155173,3730,0.03137926384806633,0.03383065,0.0003,0.2091030776500702,3340,0.50068359375,0.8895591720938683,0.0014034976265975274,-0.014263732358813286,0.2,0.9757939577102661
336,184,688128,500.0,0.0,-4.336825,3737,0.020949220994953065,0.042854328,0.0003,0.20936772227287292,3350,0.461865234375,0.8804429605603218,0.0008853924919094425,0.019067244604229927,0.2,0.9792677164077759
337,184,690176,500.0,0.0,-4.33300686,3745,0.04847589289420284,0.06394324,0.0003,0.21002066135406494,3360,0.5759765625,0.8684978574514389,0.0011172980230185203,0.028362905606627464,0.2,0.9750965237617493
338,184,692224,500.0,0.0,-4.32897788,3753,0.0330458174663363,0.06852634,0.0003,0.20975375175476074,3370,0.539111328125,0.8626977562904358,0.0005640932324240567,0.04272880777716637,0.2,0.9846128821372986
339,184,694272,500.0,0.0,-4.32293588,3760,0.02700188587186858,0.03659995,0.0003,0.20939920842647552,3380,0.483837890625,0.8689082965254784,0.0006836220254626824,-0.005621918477118015,0.2,0.9801416397094727
340,184,696320,500.0,0.0,-4.3253659,3768,0.029799146828008816,0.05940813,0.0003,0.20996659994125366,3390,0.52470703125,0.8703671306371689,0.0007430201167153427,0.07276538759469986,0.2,0.9838283061981201
341,184,698368,500.0,0.0,-4.34839085,3776,0.03363488827599213,0.08295877,0.0003,0.21038004755973816,3400,0.5173828125,0.8527256309986114,0.0007918922510725679,0.03815816715359688,0.2,0.9794114232063293
342,181,700416,500.0,0.0,-4.33815456,3854,0.03779728824738413,0.07862836,0.0003,0.2112923562526703,3410,0.524609375,0.8336366578936577,0.0015246671930071898,0.10858301818370819,0.2,0.9110967516899109
343,181,702464,500.0,0.0,-4.38319733,3862,0.02072375540737994,0.05263122,0.0003,0.21192964911460876,3420,0.465771484375,0.8127059951424599,0.0024384722331888043,0.06915802508592606,0.2,0.9348592162132263
344,182,704512,500.0,0.0,-4.38210853,3869,0.025642691651592033,0.044095777,0.0003,0.21194134652614594,3430,0.42998046875,0.8033549204468727,0.004522045204066671,0.018053041771054268,0.2,0.8967052698135376
345,182,706560,500.0,0.0,-4.41634896,3876,0.02771417925832793,0.065007545,0.0003,0.2117323875427246,3440,0.466259765625,0.8050777465105057,0.0008353503573744093,0.035491351038217545,0.2,0.9702208042144775
346,182,708608,500.0,0.0,-4.43135057,3883,0.021965107007417828,0.06363077,0.0003,0.21220532059669495,3450,0.408544921875,0.8018246963620186,0.001674210729834158,0.0011078529059886932,0.2,0.9495159983634949
347,182,710656,500.0,0.0,-4.468018649999999,3890,0.045977879909332844,0.04899747,0.0003,0.21191009879112244,3460,0.55458984375,0.7948725491762161,0.0021981748242978936,0.01609603501856327,0.2,0.9178118109703064
348,182,712704,500.0,0.0,-4.4719731000000005,3898,0.028314664878416808,0.033040363,0.0003,0.21237608790397644,3470,0.446533203125,0.7939883098006248,0.003041103064606432,0.004386318847537041,0.2,0.9285943508148193
349,183,714752,500.0,0.0,-4.481910940000001,3905,0.021530337893636897,0.025540493,0.0003,0.211848184466362,3480,0.378076171875,0.7934755504131317,0.0015441008159541524,0.019233684986829758,0.2,0.9506338834762573
350,183,716800,500.0,0.0,-4.49447967,3912,0.03380020155454986,0.0964199,0.0003,0.21181631088256836,3490,0.453076171875,0.8037368431687355,0.0012271236431843136,0.10601191967725754,0.2,0.9692782163619995
351,183,718848,500.0,0.0,-4.53251676,3919,0.029139282449614258,0.07571052,0.0003,0.21198086440563202,3500,0.492431640625,0.8020986214280128,0.0010765151117084315,0.014766484498977661,0.2,0.9763792753219604
352,183,720896,500.0,0.0,-4.58777908,3926,0.03528079171665013,0.042788222,0.0003,0.21194039285182953,3510,0.4919921875,0.8012510597705841,0.0018072333885356783,-0.01051248423755169,0.2,0.9613033533096313
353,183,722944,500.0,0.0,-4.65188423,3934,0.03310140935354866,0.037996206,0.0003,0.2122478187084198,3520,0.505078125,0.7966451138257981,0.0025979040598031133,0.048407573252916336,0.2,0.9350405335426331
354,183,724992,500.0,0.0,-4.66831317,3941,0.036281643435359,0.048823636,0.0003,0.21290920674800873,3530,0.49208984375,0.7814910560846329,0.004706673967302777,0.02208826132118702,0.2,0.9186619520187378
355,181,727040,500.0,0.0,-4.66561919,4016,0.02299458077759482,0.0376748,0.0003,0.21293875575065613,3540,0.415380859375,0.7714548721909523,0.001741199342359323,0.10707539319992065,0.2,0.9482985138893127
356,181,729088,500.0,0.0,-4.65198108,4023,0.031785185559419914,0.05027108,0.0003,0.21337006986141205,3550,0.452587890625,0.7667017102241516,0.0015995269845006988,0.005574009381234646,0.2,0.9693556427955627
357,181,731136,500.0,0.0,-4.670671510000001,4030,0.03285543141537346,0.06751123,0.0003,0.21311108767986298,3560,0.4578125,0.7628582939505577,0.0011771855570259504,-0.002140594180673361,0.2,0.9750477075576782
358,181,733184,500.0,0.0,-4.66599087,4037,0.05297007837798447,0.118787184,0.0003,0.21289889514446259,3570,0.578125,0.7695453777909279,0.0010719825542764739,0.1112745851278305,0.2,0.9771628379821777
359,181,735232,500.0,0.0,-4.64805994,4044,0.033419989375397564,0.044358253,0.0003,0.21359340846538544,3580,0.498193359375,0.7649948179721833,0.0011325400999339763,-0.004099792800843716,0.2,0.9525725245475769
360,181,737280,500.0,0.0,-4.63779202,4051,0.018270022748038173,0.032267615,0.0003,0.21440140902996063,3590,0.39033203125,0.7439281046390533,0.0006924505538336234,0.00827981811016798,0.2,0.9727379679679871
361,182,739328,500.0,0.0,-4.62939736,4058,0.02513245276059024,0.02701905,0.0003,0.21397265791893005,3600,0.425439453125,0.7390971511602402,0.0006871860947285313,0.017329538241028786,0.2,0.9800617098808289
362,182,741376,500.0,0.0,-4.6307293199999995,4065,0.038856818526983264,0.030449826,0.0003,0.21487753093242645,3610,0.520556640625,0.7345269083976745,0.0005690803593097371,0.017017772421240807,0.2,0.9843289852142334
363,182,743424,500.0,0.0,-4.646509599999999,4073,0.037367934454232456,0.062497925,0.0003,0.21551570296287537,3620,0.50810546875,0.7101093411445618,0.0008807675643765833,0.028223298490047455,0.2,0.9734545350074768
364,182,745472,500.0,0.0,-4.6698351,4080,0.02985874853329733,0.04004644,0.0003,0.2160167694091797,3630,0.488525390625,0.6949165374040603,0.0006982094899285584,0.0325501412153244,0.2,0.9738454222679138
365,182,747520,500.0,0.0,-4.68029543,4087,0.028275021736044438,0.050699458,0.0003,0.21561221778392792,3640,0.45830078125,0.6952289268374443,0.0017270463271415793,0.03267863020300865,0.2,0.9371054172515869
366,183,749568,500.0,0.0,-4.70458413,4094,0.02839573018718511,0.05668068,0.0003,0.2156236469745636,3650,0.49580078125,0.6998570695519447,0.0016328913858160376,0.021790260449051857,0.2,0.957977831363678
367,180,751616,500.0,0.0,-4.65350097,4170,0.039760659320745614,0.0878378,0.0003,0.21644344925880432,3660,0.516064453125,0.688236078619957,0.0033010014674800916,0.04650440067052841,0.2,0.8386927843093872
368,180,753664,500.0,0.0,-4.608820440000001,4177,0.025392612448194997,0.03772746,0.0003,0.21610915660858154,3670,0.450390625,0.6790811717510223,0.0012342718695435907,0.016836855560541153,0.2,0.9434994459152222
369,180,755712,500.0,0.0,-4.59843236,4184,0.02400132252369076,0.031911425,0.0003,0.2165158987045288,3680,0.4263671875,0.6810033470392227,0.0009397568115673494,-0.001170148141682148,0.2,0.9716286659240723
370,180,757760,500.0,0.0,-4.571602349999999,4191,0.03443290478317067,0.06649771,0.0003,0.2172164022922516,3690,0.523486328125,0.6658484250307083,0.0015715236928372177,0.01615864597260952,0.2,0.9593980312347412
371,180,759808,500.0,0.0,-4.558901629999999,4198,0.019185726554132997,0.029166982,0.0003,0.21718260645866394,3700,0.416943359375,0.6551647156476974,0.0013224153910414316,0.01903306134045124,0.2,0.9694576263427734
372,181,761856,500.0,0.0,-4.52880749,4205,0.02074053621618077,0.022207731,0.0003,0.21803443133831024,3710,0.420556640625,0.6451665312051773,0.001442654724814929,0.016901489347219467,0.2,0.9622880816459656
373,181,763904,500.0,0.0,-4.54067642,4212,0.02725098569644615,0.12085772,0.0003,0.21811482310295105,3720,0.479541015625,0.6322646424174309,0.0020521271333564075,0.024490155279636383,0.2,0.950207531452179
374,181,765952,500.0,0.0,-4.57806899,4220,0.031064673769287766,0.019688789,0.0003,0.21807649731636047,3730,0.480615234375,0.6304910123348236,0.0020945450087310746,-0.004194709938019514,0.2,0.9558570384979248
375,181,768000,500.0,0.0,-4.618879580000001,4227,0.036792489496292546,0.051551085,0.0003,0.2185928076505661,3740,0.499951171875,0.6262743279337883,0.0029922730464022607,0.04582420736551285,0.2,0.9513549208641052
376,181,770048,500.0,0.0,-4.571376369999999,4234,0.01603543581441045,0.011601051,0.0003,0.2184988111257553,3750,0.3658203125,0.6187103673815727,0.0034425133737386203,0.00741005502641201,0.2,0.9481302499771118
377,182,772096,500.0,0.0,-4.49302647,4241,0.023085711395833642,0.07338303,0.0003,0.21879112720489502,3760,0.428369140625,0.6203054875135422,0.0022302755649434404,0.03952397406101227,0.2,0.9581875801086426
378,182,774144,500.0,0.0,-4.45228536,4248,0.03170334246242419,0.047931857,0.0003,0.21907520294189453,3770,0.46005859375,0.6110151037573814,0.0009095738045289181,0.011020573787391186,0.2,0.9514774084091187
379,179,776192,500.0,0.0,-4.44199969,4321,0.02758354875841178,0.09844919,0.0003,0.21888837218284607,3780,0.432861328125,0.6114632815122605,0.0008227757371059852,0.09345805644989014,0.2,0.9612613916397095
380,179,778240,500.0,0.0,-4.43704242,4328,0.024002136592753232,0.032265536,0.0003,0.21887251734733582,3790,0.425390625,0.611390084028244,0.0007574392555397935,0.022662468254566193,0.2,0.9736981987953186
381,179,780288,500.0,0.0,-4.4358160600000005,4335,0.019456240540603176,0.0562232,0.0003,0.21870267391204834,3800,0.437255859375,0.6146060809493065,0.0008973456235253253,0.0016361270099878311,0.2,0.9637523889541626
382,180,782336,500.0,0.0,-4.43491882,4342,0.03202745368471369,0.029808536,0.0003,0.2186378687620163,3810,0.460498046875,0.6177053034305573,0.0007247564357385272,0.022942470386624336,0.2,0.9738804697990417
383,180,784384,500.0,0.0,-4.427628939999999,4349,0.04159090735483915,0.05399853,0.0003,0.21901923418045044,3820,0.56611328125,0.6150852426886558,0.0011248683287703898,0.04290410876274109,0.2,0.9698593020439148
384,180,786432,500.0,0.0,-4.43220777,4356,0.030429288290906697,0.082687095,0.0003,0.22022539377212524,3830,0.517578125,0.5910923779010773,0.0007812723652023124,0.029825499281287193,0.2,0.9675337076187134
385,180,788480,500.0,0.0,-4.454151599999999,4364,0.025812724808929488,0.06318855,0.0003,0.22085556387901306,3840,0.472216796875,0.5660893440246582,0.0006214540910150391,0.01763654500246048,0.2,0.9777176976203918
386,180,790528,500.0,0.0,-4.45321777,4371,0.04013861299608834,0.049068578,0.0003,0.22077040374279022,3850,0.58681640625,0.5595848724246025,0.0010085924310260451,0.02435697428882122,0.2,0.9698821306228638
387,181,792576,500.0,0.0,-4.447384420000001,4378,0.030655226239468904,0.033988856,0.0003,0.22109787166118622,3860,0.505517578125,0.5548560723662377,0.0008626131682831328,0.025531629100441933,0.2,0.9784949421882629
388,181,794624,500.0,0.0,-4.438367029999999,4385,0.032652991265058516,0.044351358,0.0003,0.22164961695671082,3870,0.486865234375,0.5432604402303696,0.0008839300298859598,0.023256679996848106,0.2,0.9744051694869995
389,181,796672,500.0,0.0,-4.425140189999999,4392,0.04107082121772691,0.17245123,0.0003,0.2220371961593628,3880,0.536083984375,0.5280009031295776,0.0005351062973204535,0.07712745666503906,0.2,0.9800849556922913
390,181,798720,500.0,0.0,-4.415177359999999,4398,0.042083231662400064,0.108640455,0.0003,0.22189566493034363,3890,0.62353515625,0.5242345601320266,0.0013287551017128862,0.03050522319972515,0.2,0.9714692234992981
391,179,800768,500.0,0.0,-4.403114329999999,4472,0.03938216586830094,0.052487142,0.0003,0.22209040820598602,3900,0.541845703125,0.5248913079500198,0.0010093386197695508,0.009766464121639729,0.2,0.9725304245948792
392,179,802816,500.0,0.0,-4.44564357,4479,0.041861185268498954,0.09125972,0.0003,0.2229176014661789,3910,0.56982421875,0.513091903924942,0.0015238473017234356,0.04242543503642082,0.2,0.9641997218132019
393,179,804864,500.0,0.0,-4.535653099999999,4487,0.017479004815686493,0.03602522,0.0003,0.2232518196105957,3920,0.397412109375,0.49553402960300447,0.002974390471354127,0.02669505402445793,0.2,0.9319795370101929
394,179,806912,500.0,0.0,-4.67531786,4494,0.029294437950011343,0.058170594,0.0003,0.22363559901714325,3930,0.51435546875,0.487161748111248,0.0040978269651532175,0.02695268765091896,0.2,0.9207978248596191
395,179,808960,500.0,0.0,-4.685534969999999,4501,0.027680133626563474,0.061665334,0.0003,0.22370748221874237,3940,0.4552734375,0.4806029096245766,0.008283974163350648,0.0750405564904213,0.2,0.9070557355880737
396,179,811008,500.0,0.0,-4.6882737400000005,4508,0.03199874135898426,0.11085043,0.0003,0.22456172108650208,3950,0.475341796875,0.47285048216581343,0.0018397156287392135,0.09142623096704483,0.2,0.9463025331497192
397,180,813056,500.0,0.0,-4.64801904,4515,0.019920196651946755,0.032748997,0.0003,0.22488461434841156,3960,0.388671875,0.455010749399662,0.0010991390128765488,0.02738529071211815,0.2,0.9624666571617126
398,180,815104,500.0,0.0,-4.62822426,4522,0.03308256504824385,0.07733138,0.0003,0.22508025169372559,3970,0.473876953125,0.44926899671554565,0.000828319241918507,0.031109541654586792,0.2,0.9727590084075928
399,180,817152,500.0,0.0,-4.6581383899999995,4530,0.01792213413864374,0.047687244,0.0003,0.22578756511211395,3980,0.409228515625,0.4374541535973549,0.0016082035530416761,0.04085629805922508,0.2,0.9598056674003601
400,180,819200,500.0,0.0,-4.7028171599999995,4537,0.026509336812887342,0.07154393,0.0003,0.22486814856529236,3990,0.45556640625,0.4396988496184349,0.003722003792063333,0.08811210095882416,0.2,0.9231513142585754
401,180,821248,500.0,0.0,-4.834505459999999,4545,0.03754763204487972,0.10640792,0.0003,0.2253480851650238,4000,0.535888671875,0.4485299617052078,0.003366666346846614,0.06649164110422134,0.2,0.9503480792045593
402,180,823296,500.0,0.0,-5.02636995,4552,0.02850869480171241,0.029529128,0.0003,0.2256215512752533,4010,0.45263671875,0.4390414670109749,0.004850823928427417,-0.0005963952280580997,0.2,0.9535850882530212
403,178,825344,500.0,0.0,-5.21221822,4634,0.015128335860208609,0.039611124,0.0003,0.22598978877067566,4020,0.411572265625,0.4282046750187874,0.007047763097216375,0.008735565468668938,0.2,0.9763306379318237
404,178,827392,500.0,0.0,-5.43932652,4642,0.01751286180806346,0.04530725,0.0003,0.2263549417257309,4030,0.430908203125,0.41913787126541135,0.004729901885730215,0.023315874859690666,0.2,0.985853910446167
405,178,829440,500.0,0.0,-5.68677977,4649,0.019132981053553523,0.040646493,0.0003,0.22600512206554413,4040,0.41123046875,0.4183207303285599,0.0069350192556157705,0.008986037224531174,0.2,0.9766817092895508
406,178,831488,500.0,0.0,-5.92770233,4656,0.03425489073852077,0.06893073,0.0003,0.2264096438884735,4050,0.5091796875,0.42035424560308454,0.008994658751180395,0.08362855017185211,0.2,0.9721087217330933
407,178,833536,500.0,0.0,-6.3775043700000005,4663,0.0253661215538159,0.04707396,0.0003,0.22691266238689423,4060,0.4279296875,0.4083322241902351,0.016949233965715394,0.018946049734950066,0.2,0.8968899250030518
408,178,835584,500.0,0.0,-6.66597667,4670,0.03527178082149476,0.032270893,0.0003,0.22769789397716522,4070,0.4994140625,0.389283774793148,0.01773356581106782,0.008491277694702148,0.2,0.9257701635360718
409,179,837632,500.0,0.0,-6.84075529,4677,0.024141161690931768,0.024404302,0.0003,0.2270209789276123,4080,0.43583984375,0.3880653902888298,0.010901976429158822,0.0245257206261158,0.2,0.9783735871315002
410,179,839680,500.0,0.0,-6.996805330000001,4685,0.02264889677753672,0.03937208,0.0003,0.22659651935100555,4090,0.42255859375,0.40308267176151275,0.008620526691083796,0.003752506338059902,0.2,0.9839029908180237
411,179,841728,500.0,0.0,-7.35988008,4692,0.022186393360607327,0.034636572,0.0003,0.226791113615036,4100,0.447607421875,0.4066349729895592,0.007835528044961394,0.04712068289518356,0.2,0.9787002205848694
412,179,843776,500.0,0.0,-7.6508261399999995,4699,0.02459662649780512,0.049758296,0.0003,0.22673366963863373,4110,0.429345703125,0.40526437312364577,0.01317923511378467,0.04060878977179527,0.2,0.9490230083465576
413,179,845824,500.0,0.0,-7.9042613699999995,4706,0.022300501848803833,0.034133032,0.0003,0.22716155648231506,4120,0.41005859375,0.4000710353255272,0.009742547708447092,0.04248157888650894,0.2,0.9692676663398743
414,179,847872,500.0,0.0,-8.10079408,4713,0.02196523322490975,0.02685223,0.0003,0.22760459780693054,4130,0.42802734375,0.3891315937042236,0.008448325993958861,0.00552847795188427,0.2,0.9869090914726257
415,180,849920,500.0,0.0,-8.232226990000001,4721,0.01989434675197117,0.05642253,0.0003,0.22848843038082123,4140,0.40166015625,0.3671262562274933,0.004655209995689802,0.027947137132287025,0.2,0.9872024059295654
416,177,851968,500.0,0.0,-8.381627420000001,4809,0.035110336169600485,0.045756027,0.0003,0.2287416309118271,4150,0.491943359375,0.35509212166070936,0.009667732147499919,0.04265502840280533,0.2,0.9686428308486938
417,177,854016,500.0,0.0,-8.57434772,4817,0.01959260807489045,0.03187647,0.0003,0.22856295108795166,4160,0.42607421875,0.35570750683546065,0.006480994721641764,0.004969310946762562,0.2,0.9780712127685547
418,177,856064,500.0,0.0,-8.645310779999999,4825,0.025410496105905622,0.0413856,0.0003,0.2295716106891632,4170,0.46875,0.34578235894441606,0.004874376076622866,-0.011416822671890259,0.2,0.9821018576622009
419,177,858112,500.0,0.0,-8.822978339999999,4832,0.017780642554862426,0.026366677,0.0003,0.2293766736984253,4180,0.422900390625,0.33472714871168135,0.004594510732567869,0.018620233982801437,0.2,0.9839048981666565
420,177,860160,500.0,0.0,-9.007988019999999,4840,0.023546142486156895,0.026322234,0.0003,0.22938600182533264,4190,0.458056640625,0.3400077700614929,0.003237836464541033,0.0014645515475422144,0.2,0.9923292398452759
421,177,862208,500.0,0.0,-9.241311719999999,4848,0.02148907040245831,0.040742036,0.0003,0.22976581752300262,4200,0.442138671875,0.3337956339120865,0.0041871822031680495,0.04858609288930893,0.2,0.9869220852851868
422,177,864256,500.0,0.0,-9.35764704,4856,0.009919697453733533,0.027690317,0.0003,0.2304929941892624,4210,0.37587890625,0.32020255029201505,0.005326924950350076,-0.010943220928311348,0.2,0.9772219657897949
423,178,866304,500.0,0.0,-9.397425349999999,4863,0.019273121742298827,0.038214736,0.0003,0.2307112216949463,4220,0.3908203125,0.3047584965825081,0.0056367147743003445,0.03272945061326027,0.2,0.9718080163002014
424,178,868352,500.0,0.0,-9.37020091,4871,0.02120648383279331,0.03587219,0.0003,0.23095957934856415,4230,0.408740234375,0.3003079012036324,0.005605621595168486,0.04650506004691124,0.2,0.9621594548225403
425,178,870400,500.0,0.0,-9.30999474,4878,0.021626878553070127,0.038477536,0.0003,0.23111991584300995,4240,0.396728515625,0.29562326818704604,0.00504155401722528,0.05155438929796219,0.2,0.9621610641479492
426,178,872448,500.0,0.0,-9.12811185,4885,0.02533116823178716,0.051698945,0.0003,0.23184649646282196,4250,0.41708984375,0.2865708231925964,0.0034014897464658134,0.03690950945019722,0.2,0.9344140291213989
427,178,874496,500.0,0.0,-8.94958407,4893,0.032090439891908316,0.035162155,0.0003,0.23181848227977753,4260,0.468798828125,0.27518516927957537,0.0016696337777830194,-0.0075470260344445705,0.2,0.9481746554374695
428,176,876544,500.0,0.0,-8.71610551,4966,0.02753415359184146,0.039229944,0.0003,0.23191052675247192,4270,0.43056640625,0.27664526402950285,0.0015872459051024634,0.01329651940613985,0.2,0.9564813375473022
429,176,878592,500.0,0.0,-8.46443784,4974,0.03418434328632429,0.023965329,0.0003,0.23233231902122498,4280,0.450732421875,0.2696675047278404,0.0020691576442914083,0.0198478102684021,0.2,0.9590888023376465
430,176,880640,500.0,0.0,-8.213643150000001,4981,0.028638858627527953,0.049135685,0.0003,0.23272520303726196,4290,0.450732421875,0.259095174074173,0.0015306248729757498,0.004564050585031509,0.2,0.9651694297790527
431,176,882688,500.0,0.0,-7.878760940000001,4988,0.01896585354115814,0.053111747,0.0003,0.23212870955467224,4300,0.351416015625,0.26317871958017347,0.0011264583023148588,0.03004595823585987,0.2,0.9725278615951538
432,177,884736,500.0,0.0,-7.54270172,4995,0.020915006200084463,0.048877545,0.0003,0.23297330737113953,4310,0.4654296875,0.2606894105672836,0.0017710654341499322,0.05695870891213417,0.2,0.97100430727005
433,177,886784,500.0,0.0,-7.3247209699999996,5003,0.019944415386999027,0.04096692,0.0003,0.23259656131267548,4320,0.380615234375,0.252490371465683,0.0010261134317261166,0.015100019052624702,0.2,0.974669337272644
434,177,888832,500.0,0.0,-7.170144819999999,5010,0.03070541792549193,0.029995292,0.0003,0.23227283358573914,4330,0.49609375,0.2638446494936943,0.0035814310977002606,0.012975260615348816,0.2,0.9333317279815674
435,177,890880,500.0,0.0,-6.93984425,5017,0.024092341409414075,0.032178067,0.0003,0.23260340094566345,4340,0.468115234375,0.26448444873094556,0.0013238284955150448,0.02128136157989502,0.2,0.9607528448104858
436,177,892928,500.0,0.0,-6.588016230000002,5024,0.03056250616791658,0.017365407,0.0003,0.23237988352775574,4350,0.476171875,0.25805744975805284,0.0016799546865513548,0.0030997879803180695,0.2,0.9497220516204834
437,177,894976,500.0,0.0,-6.3375359000000016,5031,0.0278258876001928,0.05663055,0.0003,0.2320248931646347,4360,0.44521484375,0.27099219560623167,0.0005883937799808336,0.006616717670112848,0.2,0.9798955321311951
438,178,897024,500.0,0.0,-6.076889640000001,5039,0.0369907327927649,0.048680153,0.0003,0.23317161202430725,4370,0.471044921875,0.2577709436416626,0.0023520439499407075,0.046241890639066696,0.2,0.9588524103164673
439,178,899072,500.0,0.0,-5.918507080000001,5046,0.027174992370419204,0.03353416,0.0003,0.23362717032432556,4380,0.456787109375,0.23599545210599898,0.001839871605625376,0.02954079397022724,0.2,0.9428542256355286
440,175,901120,500.0,0.0,-5.741539949999999,5126,0.03002795760985464,0.06807049,0.0003,0.23407253623008728,4390,0.469921875,0.22830882519483567,0.0011655216629151254,0.0854140892624855,0.2,0.9664211273193359
441,175,903168,500.0,0.0,-5.50905572,5133,0.028850850195158272,0.041706227,0.0003,0.23539221286773682,4400,0.526953125,0.20693666189908982,0.0010633222034812206,0.012923641130328178,0.2,0.9681780934333801
442,176,905216,500.0,0.0,-5.313769050000001,5141,0.026174750935751945,0.074134655,0.0003,0.2359183430671692,4410,0.447705078125,0.18717532157897948,0.0009033545371494256,0.06630033999681473,0.2,0.9759475588798523
443,176,907264,500.0,0.0,-5.115340419999999,5148,0.024280463298782706,0.04956714,0.0003,0.23612956702709198,4420,0.468603515625,0.17862851172685623,0.0011638063209829853,0.033984921872615814,0.2,0.9628150463104248
444,176,909312,500.0,0.0,-4.9192187700000005,5156,0.024065948493080212,0.027678179,0.0003,0.2356572151184082,4430,0.410693359375,0.18132214844226838,0.0015081759011081886,0.015666471794247627,0.2,0.9540539979934692
445,176,911360,500.0,0.0,-4.71694129,5164,0.022274799726437776,0.027874704,0.0003,0.2355426549911499,4440,0.413037109375,0.18744732886552812,0.0013019953796174378,0.0350080244243145,0.2,0.970177412033081
446,176,913408,500.0,0.0,-4.50848006,5171,0.023682632530108095,0.05784478,0.0003,0.23571424186229706,4450,0.429833984375,0.1877657428383827,0.0011134507607494016,0.010846110060811043,0.2,0.976905345916748
447,176,915456,500.0,0.0,-4.42832981,5178,0.024697220814414323,0.071824774,0.0003,0.23489974439144135,4460,0.4626953125,0.195210762321949,0.0004671995719036204,0.026443174108862877,0.2,0.986862301826477
448,176,917504,500.0,0.0,-4.342253980000001,5185,0.021394415135728196,0.04501322,0.0003,0.23493032157421112,4470,0.436279296875,0.20343566536903382,0.001968243988812901,0.05004889518022537,0.2,0.9619133472442627
449,177,919552,500.0,0.0,-4.368810120000001,5193,0.02484093566890806,0.09497142,0.0003,0.2355460226535797,4480,0.460009765625,0.19374640583992003,0.0009457783482503146,0.06445468962192535,0.2,0.9821335673332214
450,177,921600,500.0,0.0,-4.386878230000001,5200,0.017417001561261712,0.040158167,0.0003,0.23519444465637207,4490,0.40615234375,0.19071071445941926,0.0031214226779411546,0.026175159960985184,0.2,0.9506831765174866
451,177,923648,500.0,0.0,-4.39154408,5208,0.020717398857232183,0.024022993,0.0003,0.23558256030082703,4500,0.4447265625,0.19165302217006683,0.0010917760744632687,0.0072631011717021465,0.2,0.9675017595291138
452,175,925696,500.0,0.0,-4.3749711200000005,5285,0.030751656135544182,0.07182804,0.0003,0.2353411167860031,4510,0.520751953125,0.1911342039704323,0.0011216230494028423,0.09886211156845093,0.2,0.9738311171531677
453,175,927744,500.0,0.0,-4.37237749,5292,0.03206758826272562,0.065685,0.0003,0.2354174107313156,4520,0.505517578125,0.19183817952871324,0.0013354825379792601,0.01901242323219776,0.2,0.9746663570404053
454,175,929792,500.0,0.0,-4.41200776,5300,0.02280930299893953,0.0281897,0.0003,0.2368675321340561,4530,0.432421875,0.17499995082616807,0.0007844508596463129,0.009637213312089443,0.2,0.9805094599723816
455,175,931840,500.0,0.0,-4.441961500000001,5307,0.019637760799378158,0.019718383,0.0003,0.23644325137138367,4540,0.402197265625,0.15985254794359208,0.002823686802003067,0.012073870748281479,0.2,0.9424687027931213
456,175,933888,500.0,0.0,-4.47300087,5314,0.02819550159620121,0.037362088,0.0003,0.23728816211223602,4550,0.4359375,0.15720473676919938,0.0015907488079392352,0.0060349684208631516,0.2,0.968550980091095
457,175,935936,500.0,0.0,-4.48208777,5321,0.020923906826647,0.04290096,0.0003,0.23753146827220917,4560,0.43134765625,0.14214260429143905,0.001174816746788565,0.019363468512892723,0.2,0.9678651690483093
458,176,937984,500.0,0.0,-4.442347959999999,5328,0.03409303417429328,0.04106596,0.0003,0.2376660406589508,4570,0.4791015625,0.138170225918293,0.001254821225302294,0.0211636982858181,0.2,0.9721120595932007
459,176,940032,500.0,0.0,-4.4202410400000005,5335,0.031006121542304754,0.026621953,0.0003,0.23905949294567108,4580,0.469775390625,0.12083440870046616,0.0007581891775771509,0.035642582923173904,0.2,0.9726684093475342
460,176,942080,500.0,0.0,-4.419122489999999,5342,0.031290190876461565,0.030050486,0.0003,0.23900017142295837,4590,0.474755859375,0.10483931601047516,0.0021078292149468323,0.05067290738224983,0.2,0.9575399160385132
461,176,944128,500.0,0.0,-4.41702992,5349,0.026342514279531316,0.059387997,0.0003,0.23865914344787598,4600,0.47431640625,0.11052289307117462,0.0013402170938206837,0.028109261766076088,0.2,0.9668477773666382
462,176,946176,500.0,0.0,-4.39056393,5356,0.04197443537414074,0.037542515,0.0003,0.23896336555480957,4610,0.525537109375,0.1094018816947937,0.0016371761979826261,0.026713138446211815,0.2,0.966529130935669
463,176,948224,500.0,0.0,-4.39597164,5363,0.021538398892153053,0.042011835,0.0003,0.23844115436077118,4620,0.4744140625,0.11256323605775834,0.0012092285716789775,-0.0022018856834620237,0.2,0.9770553708076477
464,174,950272,500.0,0.0,-4.47347361,5448,0.022099643503315745,0.054491047,0.0003,0.2389017939567566,4630,0.428759765625,0.11323007047176362,0.002505801162624266,0.05127037316560745,0.2,0.9219932556152344
465,174,952320,500.0,0.0,-4.53095508,5456,0.02813512834836729,0.068427116,0.0003,0.23958873748779297,4640,0.450390625,0.09802689850330353,0.005379567676573061,0.0625758171081543,0.2,0.6975045204162598
466,174,954368,500.0,0.0,-4.56071734,5463,0.029887357261031866,0.051258422,0.0003,0.23993682861328125,4650,0.480029296875,0.08808569461107255,0.0029570280297775754,0.05503244325518608,0.2,0.9098891019821167
467,174,956416,500.0,0.0,-4.61191606,5471,0.02297896283562295,0.021247042,0.0003,0.24041640758514404,4660,0.393798828125,0.07735860943794251,0.0024518182341125793,0.007184844464063644,0.2,0.9480183720588684
468,174,958464,500.0,0.0,-4.6313781899999995,5478,0.03570956770563498,0.020894434,0.0003,0.24132589995861053,4670,0.481689453125,0.05676218867301941,0.003260003717150539,0.02684573456645012,0.2,0.947504997253418
469,175,960512,500.0,0.0,-4.62630731,5486,0.029941149288788438,0.08967355,0.0003,0.2418135404586792,4680,0.484716796875,0.04216543734073639,0.0020901081152260303,0.0855405405163765,0.2,0.9555290341377258
470,175,962560,500.0,0.0,-4.638723819999999,5493,0.015441598830511794,0.028940702,0.0003,0.24205808341503143,4690,0.36259765625,0.03358789533376694,0.0014718551654368639,-0.0028874811250716448,0.2,0.9628026485443115
471,175,964608,500.0,0.0,-4.62091887,5500,0.03004253368708305,0.037801504,0.0003,0.24165678024291992,4700,0.4767578125,0.034144096076488495,0.0013661536984727718,0.0021731150336563587,0.2,0.9746291637420654
472,175,966656,500.0,0.0,-4.60585833,5508,0.02075599363306537,0.019578096,0.0003,0.24166713654994965,4710,0.3986328125,0.039189298450946805,0.0008944504905230132,0.01986749656498432,0.2,0.9646849632263184
473,175,968704,500.0,0.0,-4.58242039,5515,0.024847976653836666,0.04218906,0.0003,0.241965651512146,4720,0.45302734375,0.037918461859226225,0.0010892255217186176,0.025658726692199707,0.2,0.9679652452468872
474,175,970752,500.0,0.0,-4.55194717,5522,0.021599807176971807,0.037304725,0.0003,0.24291878938674927,4730,0.4259765625,0.025313462316989898,0.0010860678572498727,0.009933767840266228,0.2,0.9698660373687744
475,175,972800,500.0,0.0,-4.555949860000001,5529,0.032062673463951794,0.03578319,0.0003,0.2433549463748932,4740,0.49736328125,0.0033718734979629517,0.0008712721464689821,0.0028905647341161966,0.2,0.9756343960762024
476,176,974848,500.0,0.0,-4.564260569999999,5536,0.02813457924639806,0.085680924,0.0003,0.24401216208934784,4750,0.47822265625,-0.006851612031459809,0.0012639032385777682,0.0488913357257843,0.2,0.9725233912467957
477,174,976896,500.0,0.0,-4.56395437,5614,0.025791155151091517,0.080327146,0.0003,0.24476274847984314,4760,0.49052734375,-0.024983003735542297,0.0011456423395429737,0.03846840560436249,0.2,0.9714618921279907
478,174,978944,500.0,0.0,-4.540706070000001,5621,0.017675353889353575,0.049553514,0.0003,0.24553227424621582,4770,0.473291015625,-0.043437376618385315,0.0012079661617462989,0.02138437144458294,0.2,0.9729143977165222
479,174,980992,500.0,0.0,-4.5109780100000005,5628,0.019989975565113127,0.03763971,0.0003,0.24459801614284515,4780,0.40439453125,-0.038524669408798215,0.0010541294970607851,0.05796496570110321,0.2,0.9718838930130005
480,174,983040,500.0,0.0,-4.484933970000001,5635,0.02761700403643772,0.020340025,0.0003,0.24420170485973358,4790,0.447607421875,-0.024611583352088927,0.0011088464445492719,-0.006252225022763014,0.2,0.9681175351142883
481,174,985088,500.0,0.0,-4.461408840000001,5642,0.02332691055489704,0.025575392,0.0003,0.24375399947166443,4800,0.428662109375,-0.01012653112411499,0.0018892358973971568,-0.009806898422539234,0.2,0.9818612337112427
482,174,987136,500.0,0.0,-4.46362656,5649,0.03172799276071601,0.079373755,0.0003,0.24292628467082977,4810,0.5046875,0.005468907952308655,0.0009613193531549768,0.01816468872129917,0.2,0.973374605178833
483,174,989184,500.0,0.0,-4.4597789,5657,0.020164571737404914,0.036503837,0.0003,0.24354605376720428,4820,0.456103515625,0.007868771255016328,0.0008368000326299807,0.003306386061012745,0.2,0.9783521294593811
484,174,991232,500.0,0.0,-4.467623039999999,5664,0.01896395437652245,0.033786617,0.0003,0.24436572194099426,4830,0.436376953125,-0.01358848214149475,0.000625898384168977,-0.001370863988995552,0.2,0.9825977087020874
485,175,993280,500.0,0.0,-4.46613026,5671,0.016355810285313056,0.048252434,0.0003,0.24422994256019592,4840,0.427490234375,-0.019702710211277008,0.0009010236892208923,0.021772492676973343,0.2,0.9754840731620789
486,175,995328,500.0,0.0,-4.48926108,5678,0.030118024622788654,0.1344865,0.0003,0.24414539337158203,4850,0.510205078125,-0.015844564139842986,0.0010025436018622712,0.06320161372423172,0.2,0.9738706946372986
487,175,997376,500.0,0.0,-4.48393325,5686,0.029556465864880012,0.08367895,0.0003,0.24412739276885986,4860,0.45,-0.01462182104587555,0.0020674694853369145,0.033886171877384186,0.2,0.9400836825370789
488,175,999424,500.0,0.0,-4.4193487,5693,0.027947886404581367,0.04162876,0.0003,0.2445305436849594,4870,0.4509765625,-0.01886252164840698,0.001378552529058652,0.017474465072155,0.2,0.9553808569908142
