time/fps,rollout/success_rate,time/iterations,rollout/ep_len_mean,time/time_elapsed,time/total_timesteps,rollout/ep_rew_mean,train/n_updates,train/explained_variance,train/policy_gradient_loss,train/clip_fraction,train/entropy_loss,train/value_loss,train/clip_range,train/learning_rate,train/std,train/approx_kl,train/loss
376,0.0,1,500.0,5,1002048,28.46922025,,,,,,,,,,,
300,0.0,2,500.0,13,1004096,23.447053625,2442,0.7346652746200562,-0.010273596365004778,0.26455078125,-0.5791375651955605,5.5350168466567995,0.2,0.0001,0.2666320502758026,0.023172677,1.4865634441375732
288,0.0,3,500.0,21,1006144,21.586510916666665,2447,0.8945372700691223,-0.003747156064491719,0.153125,-0.5819822400808334,6.1074063897132875,0.2,0.0001,0.26666459441185,0.017433416,2.4596376419067383
281,0.0,4,500.0,29,1008192,23.220977312499997,2452,0.7766223549842834,-0.01233871792210266,0.21259765625,-0.5808394208550454,10.36833189725876,0.2,0.0001,0.26660630106925964,0.020569477,3.3521881103515625
285,0.0,5,500.0,35,1010240,21.682849049999994,2457,0.8933874368667603,-0.011265933071263135,0.24814453125,-0.5810423254966736,5.803984844684601,0.2,0.0001,0.2666511833667755,0.03233688,1.9011855125427246
286,0.0,6,500.0,42,1012288,22.127544375,2462,0.9300976991653442,-0.01188987293280661,0.196484375,-0.5826350465416908,7.623529636859894,0.2,0.0001,0.2667435109615326,0.020180825,1.8747879266738892
287,0.0,7,500.0,49,1014336,21.268083607142852,2467,0.7428323030471802,-0.013228192902170121,0.19697265625,-0.5842768877744675,7.5239185214042665,0.2,0.0001,0.2668292224407196,0.023313701,2.497941732406616
289,0.0,8,500.0,56,1016384,19.97841103125,2472,0.885769784450531,-0.007547921466175467,0.188671875,-0.5874948963522911,9.320177233219146,0.2,0.0001,0.2669769823551178,0.020406423,3.909207344055176
290,0.0,9,500.0,63,1018432,21.05159436111111,2477,0.8979910016059875,-0.014203940576408058,0.25439453125,-0.5891244292259217,8.345069408416748,0.2,0.0001,0.2669847011566162,0.027175717,3.0111494064331055
292,0.0,10,500.0,69,1020480,20.49591185,2482,0.8451609015464783,-0.01219767986331135,0.25634765625,-0.5873870238661766,5.739139473438263,0.2,0.0001,0.2668282091617584,0.03132542,3.235349178314209
291,0.0,11,500.0,77,1022528,21.656729822222218,2487,0.6805422306060791,-0.013324740040116013,0.19521484375,-0.5875587195158005,8.25601714849472,0.2,0.0001,0.2671218812465668,0.03151629,3.268383264541626
293,0.0,12,500.0,83,1024576,21.88788055102041,2492,0.8201875686645508,-0.0101671839307528,0.18505859375,-0.5924137860536576,4.278682020306587,0.2,0.0001,0.2670884132385254,0.019352484,1.3802226781845093
294,0.0,13,500.0,90,1026624,22.56331741509434,2497,0.8864339590072632,-0.009308119292836637,0.2416015625,-0.5915044575929642,4.785817325115204,0.2,0.0001,0.2671668827533722,0.023368943,2.3155148029327393
294,0.0,14,500.0,97,1028672,22.956000649122807,2502,0.9026371836662292,-0.007075370335951447,0.19892578125,-0.5930739760398864,4.933138579130173,0.2,0.0001,0.2671299874782562,0.019273803,1.4261341094970703
296,0.0,15,500.0,103,1030720,22.683257475409835,2507,0.8742736577987671,-0.011891636985819787,0.24384765625,-0.5916808098554611,5.12646632194519,0.2,0.0001,0.2670687139034271,0.02735668,1.974513053894043
296,0.0,16,500.0,110,1032768,21.95802215384616,2512,0.7908265590667725,-0.011703310895245522,0.165625,-0.589502602815628,7.088404297828674,0.2,0.0001,0.26695647835731506,0.022579988,2.4577860832214355
296,0.0,17,500.0,117,1034816,22.37503184057971,2517,0.8444738984107971,-0.01103309495956637,0.20322265625,-0.5885299175977707,5.518751263618469,0.2,0.0001,0.266997367143631,0.023461748,2.569094657897949
297,0.0,18,500.0,123,1036864,21.904561534246582,2522,0.8551000952720642,-0.015851212362758816,0.24443359375,-0.5888156995177269,4.747501105070114,0.2,0.0001,0.26695579290390015,0.033110518,1.8192700147628784
297,0.0,19,500.0,130,1038912,21.246135181818186,2527,0.6960312128067017,-0.00955244932556525,0.15,-0.5877747938036919,7.13423787355423,0.2,0.0001,0.26691997051239014,0.019929744,1.7638319730758667
298,0.0,20,500.0,137,1040960,20.946253098765435,2532,0.706622302532196,-0.007579375663772226,0.12314453125,-0.5875666916370392,6.608466160297394,0.2,0.0001,0.26695704460144043,0.015582586,2.5594446659088135
297,0.0,21,500.0,144,1043008,20.177101837209303,2537,0.3892379403114319,-0.007966828532516956,0.17333984375,-0.588106992840767,8.221737051010132,0.2,0.0001,0.2669289708137512,0.01856331,3.284796714782715
297,0.0,22,500.0,151,1045056,20.65286988888889,2542,0.7210825681686401,-0.011700836406089366,0.21943359375,-0.5874638229608535,5.2728334188461305,0.2,0.0001,0.2669048011302948,0.026235972,2.6628994941711426
297,0.0,23,500.0,158,1047104,20.682103606382977,2547,0.7051621675491333,-0.009460099431453272,0.17099609375,-0.5877613127231598,6.288028001785278,0.2,0.0001,0.26700499653816223,0.016187847,1.379723072052002
296,0.0,24,500.0,165,1049152,20.66305307142857,2552,0.8989630937576294,-0.013932129077147692,0.227734375,-0.5894154503941536,4.279398441314697,0.2,0.0001,0.2669597864151001,0.025587074,1.4966617822647095
297,0.0,25,500.0,172,1051200,20.173750140000003,2557,0.9058194756507874,-0.011152382288128138,0.20302734375,-0.5891285255551338,4.331956249475479,0.2,0.0001,0.26708361506462097,0.023196861,1.8533858060836792
297,0.0,26,500.0,178,1053248,19.85486562,2562,0.7666705250740051,-0.012573554285336287,0.22900390625,-0.5933370843529702,6.5432009100914,0.2,0.0001,0.26730358600616455,0.02885905,2.2643566131591797
296,0.0,27,500.0,186,1055296,20.70617306,2567,0.796039342880249,-0.013608984154416248,0.2525390625,-0.5962211191654205,7.474321472644806,0.2,0.0001,0.2672393023967743,0.023069305,3.6553597450256348
296,0.0,28,500.0,193,1057344,19.82171215,2572,0.8446292877197266,-0.010253259894670918,0.2251953125,-0.593152604997158,5.497858822345734,0.2,0.0001,0.2671084403991699,0.020968113,2.006457805633545
296,0.0,29,500.0,200,1059392,19.389696779999998,2577,0.6056728959083557,-0.013103924156166614,0.1634765625,-0.5914944693446159,6.650712341070175,0.2,0.0001,0.26713207364082336,0.018837068,1.7805992364883423
296,0.0,30,500.0,207,1061440,19.17608842,2582,0.649707555770874,-0.00972304044989869,0.1865234375,-0.592365425825119,3.254717397689819,0.2,0.0001,0.26710423827171326,0.021520352,1.34147310256958
296,0.0,31,500.0,214,1063488,19.08313186,2587,0.7231329679489136,-0.010536959138698876,0.2119140625,-0.5908405378460884,6.156318479776383,0.2,0.0001,0.2670513391494751,0.026217774,2.023043155670166
295,0.0,32,500.0,221,1065536,19.270661540000003,2592,0.8070594072341919,-0.012601953779812903,0.2265625,-0.58998703956604,4.315396010875702,0.2,0.0001,0.2670595347881317,0.024518386,2.2059249877929688
295,0.0,33,500.0,228,1067584,18.3864726,2597,0.8454996347427368,-0.010878980555571616,0.1681640625,-0.5899758026003837,2.889574667811394,0.2,0.0001,0.26699987053871155,0.021381445,0.6208687424659729
294,0.0,34,500.0,236,1069632,18.00050859,2602,0.595990777015686,-0.009296078782062978,0.14375,-0.5886820539832115,10.205233788490295,0.2,0.0001,0.26702672243118286,0.015654825,4.943948745727539
294,0.0,35,500.0,243,1071680,17.361027590000003,2607,0.720998227596283,-0.012911926198285073,0.18193359375,-0.5893765732645988,5.233581429719925,0.2,0.0001,0.2669653594493866,0.021745028,1.8541526794433594
294,0.0,36,500.0,250,1073728,16.58832401,2612,0.5895379781723022,-0.012696078908629716,0.1771484375,-0.5846693485975265,6.363630586862564,0.2,0.0001,0.26665198802948,0.02421485,2.655742645263672
294,0.0,37,500.0,257,1075776,16.566364430000004,2617,0.7112365961074829,-0.010641671507619322,0.1646484375,-0.5793967634439469,4.674830842018127,0.2,0.0001,0.26656022667884827,0.021363763,1.7696768045425415
294,0.0,38,500.0,264,1077824,15.196370380000003,2622,0.663983941078186,-0.01303101925586816,0.1908203125,-0.5771153301000596,6.823807692527771,0.2,0.0001,0.26637402176856995,0.020739758,2.7209651470184326
294,0.0,39,500.0,271,1079872,15.07642452,2627,0.6664533615112305,-0.008618772320915014,0.1748046875,-0.5748820751905441,3.9117608308792113,0.2,0.0001,0.2664646506309509,0.021465372,1.4723962545394897
293,0.0,40,500.0,279,1081920,15.925836529999996,2632,0.8333234786987305,-0.01067127923015505,0.1943359375,-0.5783571988344193,4.9787993967533115,0.2,0.0001,0.266609787940979,0.022827853,1.6629692316055298
293,0.0,41,500.0,286,1083968,15.36802576,2637,0.8620880842208862,-0.009493002167437226,0.1798828125,-0.578610023856163,2.6055231541395187,0.2,0.0001,0.2664852440357208,0.022585291,1.0621917247772217
293,0.0,42,500.0,292,1086016,14.30486196,2642,0.5795354843139648,-0.00987738166586496,0.1501953125,-0.5778819397091866,7.591721498966217,0.2,0.0001,0.2666405141353607,0.023310645,2.21647310256958
294,0.0,43,500.0,299,1088064,15.02080044,2647,0.4097172021865845,-0.013387874676845967,0.18134765625,-0.584079472720623,5.937640815973282,0.2,0.0001,0.266999214887619,0.021310952,2.6892476081848145
293,0.0,44,500.0,306,1090112,15.75763856,2652,0.6255190968513489,-0.00934885789756663,0.1603515625,-0.5898775771260262,5.47653511762619,0.2,0.0001,0.2670654356479645,0.018620593,0.607679009437561
293,0.0,45,500.0,314,1092160,16.01658858,2657,0.902413010597229,-0.006962410500273108,0.1458984375,-0.5889202311635018,1.7815158918499947,0.2,0.0001,0.26694396138191223,0.016323142,0.5808779001235962
293,0.0,46,500.0,321,1094208,14.874015,2662,0.5392135381698608,-0.016164812445640563,0.171875,-0.5859976634383202,9.963208186626435,0.2,0.0001,0.26686498522758484,0.023905436,4.627723693847656
293,0.0,47,500.0,327,1096256,13.97777673,2667,0.6717761158943176,-0.011507917090784758,0.17470703125,-0.5866706952452659,5.442448836565018,0.2,0.0001,0.26702213287353516,0.02322915,2.2366139888763428
293,0.0,48,500.0,335,1098304,14.033809509999996,2672,0.3212531805038452,-0.012556614811182953,0.170703125,-0.5907843306660652,7.577117294073105,0.2,0.0001,0.26715990900993347,0.021269284,2.2275328636169434
240,0.0,49,500.0,417,1100352,13.499019770000002,2677,0.7182357311248779,-0.009921046649105847,0.1365234375,-0.5924300417304039,4.601693576574325,0.2,0.0001,0.26714715361595154,0.013561936,1.2808488607406616
241,0.0,50,500.0,424,1102400,12.631980660000002,2682,0.7328969240188599,-0.007706463779322803,0.15146484375,-0.5915723726153373,11.288316333293915,0.2,0.0001,0.26709285378456116,0.015436519,4.015409469604492
241,0.0,51,500.0,432,1104448,12.433575279999998,2687,0.6169654130935669,-0.015885202051140367,0.17294921875,-0.590411114692688,6.906604117155075,0.2,0.0001,0.2670937478542328,0.01801056,3.0188536643981934
242,0.0,52,500.0,439,1106496,12.876836760000002,2692,0.7066019773483276,-0.009996498294640332,0.19833984375,-0.5912002354860306,6.0531815707683565,0.2,0.0001,0.2671227753162384,0.024068503,2.227778673171997
243,0.0,53,500.0,445,1108544,12.716062510000002,2697,0.8475103974342346,-0.013222447002772243,0.2095703125,-0.5928150534629821,2.612731325626373,0.2,0.0001,0.2672215700149536,0.02017286,1.0945426225662231
244,0.0,54,500.0,452,1110592,11.988969260000001,2702,0.17333495616912842,-0.016780947358347474,0.18515625,-0.5937462761998177,8.153118592500686,0.2,0.0001,0.26715877652168274,0.020245867,2.6707725524902344
244,0.0,55,500.0,459,1112640,11.550113209999997,2707,0.30634063482284546,-0.013231570785865187,0.17099609375,-0.5908005073666572,6.726215255260468,0.2,0.0001,0.2670101225376129,0.021000661,2.8617608547210693
245,0.0,56,500.0,466,1114688,11.664037249999996,2712,0.801887035369873,-0.0044774435518775135,0.18564453125,-0.5890342637896537,6.156417441368103,0.2,0.0001,0.2670074701309204,0.021238578,1.8032077550888062
246,0.0,57,500.0,473,1116736,11.935194909999996,2717,0.8520916700363159,-0.01148164328187704,0.16708984375,-0.5906689465045929,2.585915195941925,0.2,0.0001,0.26709601283073425,0.017937753,0.8981406092643738
247,0.0,58,500.0,480,1118784,12.42481176,2722,0.5332242846488953,-0.010119428904727102,0.1759765625,-0.5902341827750206,10.878223323822022,0.2,0.0001,0.2669684588909149,0.020118836,3.264817714691162
247,0.0,59,500.0,487,1120832,12.79181709,2727,0.5155689716339111,-0.01600634737405926,0.2142578125,-0.5882920116186142,5.26288138628006,0.2,0.0001,0.2669440507888794,0.027331613,2.344048023223877
248,0.0,60,500.0,494,1122880,12.64401149,2732,0.6876897811889648,-0.012298199953511358,0.22939453125,-0.5875714719295502,4.792586016654968,0.2,0.0001,0.26688113808631897,0.027979443,1.5171644687652588
249,0.0,61,500.0,501,1124928,12.48162873,2737,0.49178963899612427,-0.012277880636975168,0.22724609375,-0.5859908938407898,7.498774433135987,0.2,0.0001,0.2668409049510956,0.020348813,2.2966365814208984
218,0.0,62,500.0,580,1126976,12.46082034,2742,0.7762709856033325,-0.013753456063568592,0.1904296875,-0.585040482878685,2.494411140680313,0.2,0.0001,0.26677796244621277,0.022297705,0.6351518034934998
219,0.0,63,500.0,587,1129024,12.630297690000003,2747,0.8351602554321289,-0.014110304252244531,0.25908203125,-0.5837814942002296,3.4960428714752196,0.2,0.0001,0.26675790548324585,0.032768734,1.4870188236236572
220,0.0,64,500.0,594,1131072,12.13700231,2752,0.6908212900161743,-0.008268278848845512,0.14326171875,-0.5839813396334648,6.2488885700702665,0.2,0.0001,0.2667492926120758,0.017456315,2.1711580753326416
221,0.0,65,500.0,602,1133120,12.049455690000002,2757,0.7379348278045654,-0.008144811110105366,0.21044921875,-0.5829918161034584,4.389536190032959,0.2,0.0001,0.26671454310417175,0.027924411,2.060656785964966
221,0.0,66,500.0,609,1135168,11.86397395,2762,0.6566208600997925,-0.010798751644324511,0.2361328125,-0.5815582752227784,5.512525230646133,0.2,0.0001,0.26653972268104553,0.03315016,2.6631035804748535
222,0.0,67,500.0,616,1137216,11.855037979999999,2767,0.8826018571853638,-0.010322933224961162,0.17158203125,-0.5793859660625458,4.157323813438415,0.2,0.0001,0.2666468918323517,0.022281252,1.0133497714996338
223,0.0,68,500.0,624,1139264,11.562412519999999,2772,0.7589204907417297,-0.011897176958154888,0.213671875,-0.58258505910635,2.052548411488533,0.2,0.0001,0.26670581102371216,0.026718,1.0733516216278076
223,0.0,69,500.0,631,1141312,11.68908999,2777,0.7651219964027405,-0.014399996295105666,0.2291015625,-0.5825568467378617,4.52907143831253,0.2,0.0001,0.26668402552604675,0.026884198,1.1186116933822632
224,0.0,70,500.0,637,1143360,12.056402939999998,2782,0.6888163089752197,-0.00944711057090899,0.141796875,-0.5828921169042587,4.677372515201569,0.2,0.0001,0.2667523920536041,0.017831072,2.0047857761383057
225,0.0,71,500.0,644,1145408,11.591137539999998,2787,0.776389479637146,-0.014455968257971108,0.2052734375,-0.5859074994921685,4.061826276779175,0.2,0.0001,0.26692792773246765,0.021166075,1.1872397661209106
226,0.0,72,500.0,651,1147456,12.108659769999997,2792,0.9209863543510437,-0.008951728680403902,0.19287109375,-0.5886399507522583,4.33754700422287,0.2,0.0001,0.2669279873371124,0.021252088,1.1060988903045654
227,0.0,73,500.0,658,1149504,12.17973839,2797,0.886992871761322,-0.013134328892920166,0.21044921875,-0.5854877009987831,2.5941467747092246,0.2,0.0001,0.26662495732307434,0.018283881,0.3878207802772522
209,0.0,74,500.0,722,1151552,12.348160900000003,2802,0.9407735466957092,-0.017670822539366783,0.23212890625,-0.5798514649271965,2.32529821395874,0.2,0.0001,0.26658445596694946,0.029998234,0.8129464387893677
210,0.0,75,500.0,728,1153600,12.63368653,2807,0.45070672035217285,-0.008602430683095009,0.10693359375,-0.579361940920353,8.419409036636353,0.2,0.0001,0.2664756774902344,0.015675735,3.2184317111968994
211,0.0,76,500.0,735,1155648,11.798783520000002,2812,0.6995788812637329,-0.014756435365416109,0.23701171875,-0.5762268021702767,5.173199331760406,0.2,0.0001,0.2663690149784088,0.02998804,3.349843978881836
212,0.0,77,500.0,742,1157696,12.147335580000002,2817,0.9419813752174377,-0.008353472751332447,0.19765625,-0.575479519367218,3.4870465725660322,0.2,0.0001,0.2663794457912445,0.02292041,1.3312548398971558
212,0.0,78,500.0,750,1159744,13.009408659999998,2822,0.9628804922103882,-0.006388654804322868,0.16455078125,-0.5758697763085365,2.2255351290106775,0.2,0.0001,0.26640138030052185,0.024830371,0.40084919333457947
213,0.0,79,500.0,757,1161792,13.873870109999999,2827,0.9300829768180847,-0.011381007492309437,0.1861328125,-0.5750548347830773,2.5757788121700287,0.2,0.0001,0.26622655987739563,0.018121962,0.7630475163459778
214,0.0,80,500.0,764,1163840,12.984252130000002,2832,0.9072657227516174,-0.011531971825752408,0.19033203125,-0.5712031617760658,9.444086933135987,0.2,0.0001,0.2662001848220825,0.019612193,3.99291729927063
214,0.0,81,500.0,772,1165888,12.55752659,2837,0.8646735548973083,-0.01547829780029133,0.13994140625,-0.5722082421183586,8.588552254438401,0.2,0.0001,0.2662874758243561,0.016205242,2.411287546157837
215,0.0,82,500.0,779,1167936,13.12355985,2842,0.9295426607131958,-0.011272177030332387,0.1744140625,-0.5730627924203873,4.149898338317871,0.2,0.0001,0.26623299717903137,0.017968036,1.3430804014205933
216,0.0,83,500.0,786,1169984,13.666799349999998,2847,0.9478910565376282,-0.010407369735185057,0.1921875,-0.5718217432498932,1.716104592382908,0.2,0.0001,0.26622840762138367,0.018427301,0.497392863035202
216,0.0,84,500.0,793,1172032,13.498474840000002,2852,0.8749234676361084,-0.016218823182862253,0.2185546875,-0.5715824037790298,2.9879964381456374,0.2,0.0001,0.26618850231170654,0.024860809,1.2958317995071411
217,0.0,85,500.0,800,1174080,14.070508299999997,2857,0.9280380010604858,-0.016112201765645297,0.23935546875,-0.5712293073534965,1.994745108485222,0.2,0.0001,0.26619765162467957,0.029965255,0.6249642372131348
200,0.0,86,500.0,877,1176128,14.19104978,2862,0.8300960659980774,-0.00965655077015981,0.21552734375,-0.5725612998008728,4.841401401162147,0.2,0.0001,0.2663540840148926,0.023311555,1.94794762134552
201,0.0,87,500.0,884,1178176,13.921604300000002,2867,0.7994878888130188,-0.018854075868148357,0.25439453125,-0.57664864808321,9.200985503196716,0.2,0.0001,0.266517698764801,0.027753245,4.0196146965026855
202,0.0,88,500.0,891,1180224,14.55008753,2872,0.8325155973434448,-0.013969174772500991,0.25322265625,-0.5800168141722679,3.982820099592209,0.2,0.0001,0.2666585147380829,0.027727053,1.4615410566329956
202,0.0,89,500.0,898,1182272,13.943832470000002,2877,0.7916684746742249,-0.011958600289653986,0.180859375,-0.5813371732831001,5.014859902858734,0.2,0.0001,0.26660439372062683,0.016227122,1.2394787073135376
203,0.0,90,500.0,905,1184320,14.521649810000001,2882,0.956382691860199,-0.011372454522643238,0.16376953125,-0.5807948186993599,3.401157322525978,0.2,0.0001,0.26667577028274536,0.018669622,1.8010252714157104
204,0.0,91,500.0,911,1186368,14.35976272,2887,0.9005886912345886,-0.014795132144354285,0.268359375,-0.5822478652000427,3.5706198513507843,0.2,0.0001,0.26666131615638733,0.0300356,1.7983263731002808
204,0.0,92,500.0,919,1188416,14.553463999999998,2892,0.862201452255249,-0.012526480271480978,0.20078125,-0.5820571273565293,4.492778795957565,0.2,0.0001,0.2666946351528168,0.023581266,1.5011800527572632
205,0.0,93,500.0,926,1190464,14.640262559999998,2897,0.86203533411026,-0.013954582082806154,0.18564453125,-0.5829090505838395,5.3010210454463955,0.2,0.0001,0.26676681637763977,0.020645924,2.1561551094055176
206,0.0,94,500.0,932,1192512,15.19926107,2902,0.9360044598579407,-0.013581678527407349,0.19736328125,-0.5852983921766282,2.552626609802246,0.2,0.0001,0.26691463589668274,0.023861298,0.6454741954803467
206,0.0,95,500.0,940,1194560,15.258056989999998,2907,0.9376241564750671,-0.010130984731949866,0.18740234375,-0.5879724770784378,1.7549918457865714,0.2,0.0001,0.266961008310318,0.019723993,0.4527169466018677
207,0.0,96,500.0,947,1196608,15.012056559999998,2912,0.6918002367019653,-0.011876554292393848,0.180859375,-0.5885869339108467,10.086486101150513,0.2,0.0001,0.26699647307395935,0.017669067,2.728672742843628
208,0.0,97,500.0,953,1198656,14.883141989999999,2917,0.9408175349235535,-0.01094679283851292,0.187109375,-0.5893778875470161,5.3068120837211605,0.2,0.0001,0.26701846718788147,0.03059339,1.9457828998565674
196,0.0,98,500.0,1020,1200704,15.11754543,2922,0.930368959903717,-0.012388143269345165,0.22236328125,-0.5901298120617866,2.7922809213399886,0.2,0.0001,0.26706984639167786,0.02229203,1.3025758266448975
197,0.0,99,500.0,1027,1202752,15.88082446,2927,0.8973382115364075,-0.012396622751839458,0.20693359375,-0.5911406844854354,10.269710183143616,0.2,0.0001,0.267107754945755,0.017197002,2.734394073486328
197,0.0,100,500.0,1035,1204800,16.916609150000003,2932,0.9131516218185425,-0.013270965544506907,0.20078125,-0.590779073536396,2.566525065898895,0.2,0.0001,0.2670215666294098,0.022914449,0.9422855973243713
198,0.0,101,500.0,1042,1206848,15.967184849999999,2937,0.8090450763702393,-0.012050758965779096,0.14755859375,-0.5887200400233269,4.923277382552624,0.2,0.0001,0.26691779494285583,0.016555708,0.716888964176178
198,0.0,102,500.0,1050,1208896,15.716221359999997,2942,0.39104950428009033,-0.011643553338944911,0.1560546875,-0.5881226882338524,7.025799125432968,0.2,0.0001,0.2670384347438812,0.01976958,2.160228729248047
199,0.0,103,500.0,1056,1210944,15.529225040000002,2947,0.6446885466575623,-0.01035621227347292,0.1794921875,-0.5919593080878258,7.643558502197266,0.2,0.0001,0.26719731092453003,0.019215412,3.053135871887207
200,0.0,104,500.0,1063,1212992,15.39226549,2952,0.7233834266662598,-0.015419751114677638,0.2087890625,-0.5943177178502083,3.932830137014389,0.2,0.0001,0.2672213613986969,0.02386367,1.3474268913269043
200,0.0,105,500.0,1070,1215040,15.961555059999998,2957,0.6195496320724487,-0.01143374156090431,0.2001953125,-0.5943854421377182,5.557847994565964,0.2,0.0001,0.2672467827796936,0.020422231,1.863852620124817
201,0.0,106,500.0,1077,1217088,15.036055079999999,2962,0.6821918487548828,-0.009067571070045233,0.1529296875,-0.5949035242199898,8.592163026332855,0.2,0.0001,0.2672117352485657,0.018847553,2.6926097869873047
202,0.0,107,500.0,1084,1219136,15.00600136,2967,0.5051388144493103,-0.015097635064739734,0.173828125,-0.5947984278202056,8.130659413337707,0.2,0.0001,0.2672981321811676,0.022008423,4.256744384765625
202,0.0,108,500.0,1091,1221184,15.077059040000002,2972,0.8406469821929932,-0.011336333747021855,0.15302734375,-0.5960242971777916,3.906557674705982,0.2,0.0001,0.26727116107940674,0.017283455,1.7453644275665283
203,0.0,109,500.0,1098,1223232,15.43063808,2977,0.8310505747795105,-0.010920640418771655,0.1515625,-0.5946464985609055,4.655246299505234,0.2,0.0001,0.26721903681755066,0.016911933,1.464691162109375
191,0.0,110,500.0,1177,1225280,15.05789627,2982,0.8601289987564087,-0.009617883549071848,0.2015625,-0.5940355628728866,3.7000032663345337,0.2,0.0001,0.2671913206577301,0.024444086,1.240222692489624
192,0.0,111,500.0,1183,1227328,14.90191104,2987,0.6593995094299316,-0.007860783126670868,0.15068359375,-0.5913797780871392,9.09458214044571,0.2,0.0001,0.26695120334625244,0.017467601,4.384584426879883
192,0.0,112,500.0,1191,1229376,13.873209620000003,2992,0.5390030145645142,-0.009461552428547293,0.14150390625,-0.5871815145015716,8.748485171794892,0.2,0.0001,0.26684874296188354,0.018698115,2.198621988296509
193,0.0,113,500.0,1197,1231424,14.217360919999999,2997,0.6674271821975708,-0.007593775494024157,0.1169921875,-0.5847969636321068,12.392102313041686,0.2,0.0001,0.2667236030101776,0.012969252,2.4960832595825195
193,0.0,114,500.0,1205,1233472,14.503658109999998,3002,0.7331798076629639,-0.013077211723430082,0.1888671875,-0.5820550277829171,6.632959043979644,0.2,0.0001,0.2666488289833069,0.019976111,2.3183484077453613
194,0.0,115,500.0,1212,1235520,14.823287200000005,3007,0.818985641002655,-0.007212720700772479,0.14775390625,-0.5806763291358947,4.4854531526565555,0.2,0.0001,0.2665744721889496,0.0178734,1.2273831367492676
194,0.0,116,500.0,1218,1237568,14.870411919999999,3012,0.923712968826294,-0.0033025662414729595,0.16767578125,-0.579960809648037,3.084250661730766,0.2,0.0001,0.2666517496109009,0.02433091,0.5190709829330444
195,0.0,117,500.0,1225,1239616,14.09713771,3017,0.8509568572044373,-0.007811417011544109,0.19619140625,-0.5834636881947517,4.839788013696671,0.2,0.0001,0.26686936616897583,0.023021441,1.575205683708191
196,0.0,118,500.0,1232,1241664,13.75498388,3022,0.9131629467010498,-0.008716013026423752,0.20478515625,-0.5867176324129104,5.850393748283386,0.2,0.0001,0.26685866713523865,0.020576976,3.2033722400665283
196,0.0,119,500.0,1239,1243712,13.95458058,3027,0.8501965999603271,-0.011979021143633872,0.1974609375,-0.5850418522953987,3.558490660786629,0.2,0.0001,0.26677778363227844,0.023124317,0.8587745428085327
197,0.0,120,500.0,1246,1245760,13.385496600000002,3032,0.9510655403137207,-0.010720473690889775,0.1818359375,-0.586144608259201,3.119154450297356,0.2,0.0001,0.2670133113861084,0.020118147,0.6740685105323792
197,0.0,121,500.0,1253,1247808,13.9037072,3037,0.7702930569648743,-0.01275140994694084,0.19931640625,-0.5905317977070809,5.922407406568527,0.2,0.0001,0.2670624554157257,0.028168384,2.346346378326416
198,0.0,122,500.0,1260,1249856,14.638178090000002,3042,0.8328679800033569,-0.012825468881055712,0.22314453125,-0.5908459618687629,2.8241990983486174,0.2,0.0001,0.26710599660873413,0.02257151,0.5638798475265503
189,0.0,123,500.0,1327,1251904,14.437482540000003,3047,0.9241752624511719,-0.006710055645089597,0.16845703125,-0.5926635444164277,1.536843802034855,0.2,0.0001,0.2671937644481659,0.017409269,0.5013249516487122
190,0.0,124,500.0,1335,1253952,14.229731679999997,3052,0.815631628036499,-0.01138296383433044,0.22978515625,-0.5942963778972625,5.369324672222137,0.2,0.0001,0.2672687768936157,0.028425794,2.242371082305908
190,0.0,125,500.0,1341,1256000,13.566422970000001,3057,0.8858553171157837,-0.009808313206303865,0.1435546875,-0.5952150478959084,8.507182955741882,0.2,0.0001,0.26724061369895935,0.018017545,3.9900591373443604
191,0.0,126,500.0,1348,1258048,14.00839346,3062,0.6533980369567871,-0.0062175660103093834,0.12177734375,-0.5943220987915993,6.630232065916061,0.2,0.0001,0.2672487497329712,0.018021211,1.5333499908447266
191,0.0,127,500.0,1356,1260096,14.279947689999998,3067,0.740642249584198,-0.015278489765478298,0.22109375,-0.5956472635269165,5.462092614173889,0.2,0.0001,0.26736143231391907,0.026605394,2.16202449798584
192,0.0,128,500.0,1363,1262144,15.228950509999999,3072,0.8164096474647522,-0.009838595992187038,0.19462890625,-0.5972809046506882,3.637996646761894,0.2,0.0001,0.267341673374176,0.021198606,1.1806286573410034
192,0.0,129,500.0,1369,1264192,15.46858544,3077,0.9063911437988281,-0.013178039400372654,0.20634765625,-0.5957691729068756,1.9376984715461731,0.2,0.0001,0.2672603726387024,0.022687335,0.338276743888855
193,0.0,130,500.0,1376,1266240,14.444191849999998,3082,0.845990777015686,-0.0120604352443479,0.175,-0.5952615112066268,3.2198873966932298,0.2,0.0001,0.26732969284057617,0.02141713,0.9119179844856262
193,0.0,131,500.0,1383,1268288,14.96505065,3087,0.11909574270248413,-0.014794126991182566,0.13125,-0.5974264994263649,10.497472774982452,0.2,0.0001,0.26748916506767273,0.017435273,3.6241893768310547
194,0.0,132,500.0,1390,1270336,14.98207257,3092,0.4375980496406555,-0.010959213739261031,0.2060546875,-0.6004491150379181,9.979124188423157,0.2,0.0001,0.2675013840198517,0.02763243,3.6956405639648438
194,0.0,133,500.0,1397,1272384,14.938601850000003,3097,0.8650726079940796,-0.009595349489245564,0.1607421875,-0.5992800772190094,3.5759333461523055,0.2,0.0001,0.26743075251579285,0.017294716,0.9547418355941772
195,0.0,134,500.0,1404,1274432,15.190098999999998,3102,0.7403939366340637,-0.007607733394252136,0.16328125,-0.5990189760923386,5.398618990182877,0.2,0.0001,0.2675694525241852,0.020200782,2.4447920322418213
185,0.0,135,500.0,1492,1276480,15.281471770000003,3107,0.8986035585403442,-0.013430106907617301,0.198828125,-0.6023327365517617,2.0705724984407423,0.2,0.0001,0.267634779214859,0.0243897,0.6890016794204712
185,0.0,136,500.0,1499,1278528,16.451683570000004,3112,0.9268739223480225,-0.011275177320931107,0.24697265625,-0.6039134368300438,1.3126809909939765,0.2,0.0001,0.26782330870628357,0.026308663,0.3379667103290558
186,0.0,137,500.0,1506,1280576,16.4085176,3117,0.9147661328315735,-0.013112360541708768,0.2291015625,-0.6092483267188072,2.881278228759766,0.2,0.0001,0.2680625915527344,0.026621666,1.247887134552002
186,0.0,138,500.0,1513,1282624,15.852297419999998,3122,0.5382653474807739,-0.012523884873371572,0.165625,-0.6132538989186287,9.930062079429627,0.2,0.0001,0.2681421935558319,0.021822156,6.0410566329956055
187,0.0,139,500.0,1519,1284672,14.992485539999997,3127,0.9133316874504089,-0.012667794665321707,0.182421875,-0.614828497171402,4.647554564476013,0.2,0.0001,0.2682364881038666,0.025607854,1.6079039573669434
187,0.0,140,500.0,1525,1286720,14.352001969999996,3132,0.9356359243392944,-0.010294416110264137,0.18984375,-0.6154776006937027,3.9236468583345414,0.2,0.0001,0.2681121230125427,0.022096893,1.3406898975372314
188,0.0,141,500.0,1532,1288768,14.67010129,3137,0.9590174555778503,0.00012277193600311874,0.21767578125,-0.6120436996221542,3.4497068166732787,0.2,0.0001,0.26801159977912903,0.02256979,1.6044111251831055
188,0.0,142,500.0,1539,1290816,14.906249340000002,3142,0.8715707063674927,-0.011538399185519665,0.18896484375,-0.6095441147685051,1.9042528480291367,0.2,0.0001,0.2678193151950836,0.023165205,0.34997448325157166
189,0.0,143,500.0,1546,1292864,15.334562859999997,3147,0.9577791690826416,-0.011328287224750965,0.166015625,-0.6057919979095459,2.7973318696022034,0.2,0.0001,0.2677896320819855,0.022021249,1.1105060577392578
189,0.0,144,500.0,1554,1294912,15.32979797,3152,0.962810754776001,-0.007471102476119995,0.17568359375,-0.6064017668366433,2.65143258869648,0.2,0.0001,0.26779308915138245,0.016329642,0.7894640564918518
190,0.0,145,500.0,1560,1296960,15.433487950000002,3157,0.9681942462921143,-0.008393860276555642,0.19345703125,-0.6065732270479203,3.60997531414032,0.2,0.0001,0.2678728401660919,0.0202558,1.2373645305633545
190,0.0,146,500.0,1566,1299008,14.7446739,3162,0.6282452344894409,-0.012268110981676728,0.1791015625,-0.6086051374673843,7.9692943572998045,0.2,0.0001,0.2679164409637451,0.027623039,3.6619367599487305
185,0.0,147,500.0,1625,1301056,14.59421448,3167,0.4463948607444763,-0.01129238640423864,0.20625,-0.6081133961677552,8.618405044078827,0.2,0.0001,0.2678365111351013,0.01939866,3.8261866569519043
185,0.0,148,500.0,1631,1303104,15.25578353,3172,0.7768611907958984,-0.006687883159611374,0.16328125,-0.6055543959140778,3.024194523692131,0.2,0.0001,0.26768288016319275,0.018733544,1.2672059535980225
186,0.0,149,500.0,1638,1305152,15.778301029999998,3177,0.8660899996757507,-0.013203868898563087,0.21591796875,-0.6030278369784355,4.471329024434089,0.2,0.0001,0.2676258683204651,0.025960883,1.4838229417800903
186,0.0,150,500.0,1645,1307200,16.377536149999997,3182,0.8774189949035645,-0.012319500732701272,0.180078125,-0.5998903766274453,2.3533675953745843,0.2,0.0001,0.26734256744384766,0.019515442,0.46972694993019104
187,0.0,151,500.0,1652,1309248,16.03764682,3187,0.5251941680908203,-0.01335644326172769,0.16142578125,-0.5955502033233643,8.189673727750778,0.2,0.0001,0.2674105167388916,0.018315535,2.4576258659362793
187,0.0,152,500.0,1659,1311296,15.909663590000001,3192,0.8299431800842285,-0.012892377621028572,0.16220703125,-0.5976208180189133,2.723610150814056,0.2,0.0001,0.26741620898246765,0.021052979,0.5838984847068787
188,0.0,153,500.0,1665,1313344,16.16924855,3197,0.9327782392501831,-0.009675860672723502,0.19072265625,-0.5981974497437477,1.816183005273342,0.2,0.0001,0.26751330494880676,0.023986325,0.40424975752830505
188,0.0,154,500.0,1672,1315392,16.333563489999996,3202,0.8948135375976562,-0.013090553926303983,0.25126953125,-0.6006899163126945,2.6670114934444427,0.2,0.0001,0.26754286885261536,0.027345715,1.105006456375122
189,0.0,155,500.0,1678,1317440,17.12448932,3207,0.8815354108810425,-0.010942835254328591,0.23058035714285716,-0.600651284626552,3.4841201611927577,0.2,0.0001,0.26755931973457336,0.038049713,1.3943629264831543
189,0.0,156,500.0,1685,1319488,17.39118006,3212,0.9470666646957397,-0.011338180943857879,0.18720703125,-0.6021514996886254,1.1257294088602066,0.2,0.0001,0.26766976714134216,0.022172987,0.2559446692466736
190,0.0,157,500.0,1691,1321536,16.61273727,3217,0.913145899772644,-0.010968149162363262,0.20654296875,-0.605130872130394,2.7024933278560637,0.2,0.0001,0.2678576707839966,0.025752444,0.5293135643005371
190,0.0,158,500.0,1698,1323584,16.26630036,3222,0.6868303418159485,-0.012837592035066337,0.166796875,-0.6104209125041962,5.071251565217972,0.2,0.0001,0.2681092321872711,0.021808594,1.595412015914917
184,0.0,159,500.0,1764,1325632,15.841738130000001,3227,0.9667848348617554,-0.009973278592224234,0.1857421875,-0.615021950006485,2.958841472864151,0.2,0.0001,0.26819467544555664,0.030030891,0.784757673740387
185,0.0,160,500.0,1771,1327680,15.946020519999998,3232,0.7521784901618958,-0.00870434832177125,0.17890625,-0.6163043871521949,4.67835955619812,0.2,0.0001,0.2683013081550598,0.017359324,1.3754909038543701
185,0.0,161,500.0,1777,1329728,16.28187067,3237,0.955147922039032,-0.012522247864399105,0.2130859375,-0.6182409897446632,0.9013022735714913,0.2,0.0001,0.26832374930381775,0.023235157,0.5920313596725464
185,0.0,162,500.0,1785,1331776,15.871399689999999,3242,0.9484723210334778,-0.013017621921608224,0.1986328125,-0.6196095600724221,0.8337856985628604,0.2,0.0001,0.2684811055660248,0.020605693,0.2539769411087036
186,0.0,163,500.0,1791,1333824,17.407011409999996,3247,0.541618824005127,-0.014642200875096023,0.19580078125,-0.6220224142074585,7.162532997131348,0.2,0.0001,0.26848211884498596,0.021391097,2.953505754470825
186,0.0,164,500.0,1797,1335872,17.24770215,3252,0.869396448135376,-0.007835942745441572,0.1533203125,-0.6217075526714325,1.2436440709978343,0.2,0.0001,0.2684899866580963,0.020895697,0.3236159682273865
187,0.0,165,500.0,1804,1337920,18.09198911,3257,0.7833038568496704,-0.012915516091743484,0.2609375,-0.6230073139071465,3.6085282027721406,0.2,0.0001,0.26855266094207764,0.028665978,0.9614121913909912
187,0.0,166,500.0,1811,1339968,18.253679129999995,3262,0.9473245739936829,-0.007264220365323126,0.17734375,-0.624449922144413,0.8563991352915764,0.2,0.0001,0.2686789333820343,0.0188399,0.31858116388320923
188,0.0,167,500.0,1817,1342016,18.172803180000002,3267,0.9824190735816956,-0.01178235022816807,0.2513671875,-0.627811822295189,0.42122967466711997,0.2,0.0001,0.2688385546207428,0.020928625,0.165034219622612
188,0.0,168,500.0,1823,1344064,18.57689536,3270,0.9841649532318115,-0.006390190266660954,0.18050986842105263,-0.6302422630159479,2.107680163885418,0.2,0.0001,0.2688796818256378,0.04450448,0.8907772898674011
189,0.0,169,500.0,1830,1346112,18.38956871,3275,0.9830167293548584,-0.014666016236878932,0.248828125,-0.6313562259078026,0.4631053477525711,0.2,0.0001,0.2689529061317444,0.029498342,0.09626595675945282
189,0.0,170,500.0,1836,1348160,18.92387279,3280,0.912079930305481,-0.013143382547423244,0.2220703125,-0.633203786611557,1.2723572440445423,0.2,0.0001,0.2690102458000183,0.030321764,0.22419288754463196
184,0.0,171,500.0,1902,1350208,18.609822649999998,3285,0.9344825744628906,-0.010966363770421594,0.20732421875,-0.6352504327893257,1.0824437335133552,0.2,0.0001,0.26912006735801697,0.022159142,0.41209733486175537
184,0.0,172,500.0,1909,1352256,17.630596269999998,3290,0.6231002807617188,-0.005862429202534258,0.1955078125,-0.637452931702137,5.474416470527649,0.2,0.0001,0.2692655026912689,0.02517895,2.9549143314361572
184,0.0,173,500.0,1916,1354304,17.848791000000002,3295,0.5908656120300293,-0.012388214201200754,0.1568359375,-0.6407595530152321,4.800590562820434,0.2,0.0001,0.26935702562332153,0.016011588,1.867562174797058
185,0.0,174,500.0,1922,1356352,17.63566967,3300,0.6686131358146667,-0.010352857771795242,0.17666015625,-0.6422114104032517,5.142339432239533,0.2,0.0001,0.2693941295146942,0.024850674,2.8869283199310303
185,0.0,175,500.0,1929,1358400,17.436071490000003,3305,0.7825841307640076,-0.013150533149018883,0.1603515625,-0.6429183185100555,6.339419150352478,0.2,0.0001,0.26943671703338623,0.019035824,2.404590606689453
186,0.0,176,500.0,1935,1360448,16.72621374,3310,0.7235850095748901,-0.01297566351131536,0.17509765625,-0.6438427865505219,4.473351109027862,0.2,0.0001,0.2694821059703827,0.023568168,1.4362459182739258
186,0.0,177,500.0,1942,1362496,16.530712499999996,3315,0.8567361831665039,-0.011606738821137696,0.16357421875,-0.6447826534509659,8.18280987739563,0.2,0.0001,0.2695086896419525,0.017798387,5.760729789733887
187,0.0,178,500.0,1948,1364544,16.65462059,3320,0.9422956109046936,-0.01062555579119362,0.21845703125,-0.6437496855854988,1.4651809930801392,0.2,0.0001,0.2693684697151184,0.022026718,0.35374709963798523
187,0.0,179,500.0,1955,1366592,16.59495275,3325,0.817476749420166,-0.012491477271800654,0.2618272569444444,-0.6431032717227936,5.605602489577399,0.2,0.0001,0.26952898502349854,0.03598849,3.365563154220581
187,0.0,180,500.0,1961,1368640,16.45423303,3330,0.9323322772979736,-0.013835391378961504,0.23740234375,-0.6461256921291352,1.7432988315820694,0.2,0.0001,0.26952308416366577,0.027152656,0.7380062341690063
188,0.0,181,500.0,1967,1370688,16.655605160000004,3335,0.8002879619598389,-0.00819830757100135,0.20078125,-0.6470999717712402,4.219686490297318,0.2,0.0001,0.26978540420532227,0.021464463,1.6724250316619873
188,0.0,182,500.0,1974,1372736,17.21359807,3340,0.8943107724189758,-0.010106275643920526,0.17021484375,-0.6530330792069435,1.919556437432766,0.2,0.0001,0.2699325978755951,0.01984692,0.3458726704120636
189,0.0,183,500.0,1981,1374784,18.05705828,3345,0.9663041234016418,-0.013236820930615067,0.20947265625,-0.6534780502319336,0.8311948362737894,0.2,0.0001,0.26980826258659363,0.020887693,0.25846296548843384
184,0.0,184,500.0,2043,1376832,17.707251860000003,3348,0.9601132273674011,-0.009581988466726173,0.21335565476190477,-0.6516724881671724,1.017499688125792,0.2,0.0001,0.2698398530483246,0.03458754,0.3320216238498688
184,0.0,185,500.0,2051,1378880,17.896949709999998,3353,0.6012083292007446,-0.007836607994977384,0.17861328125,-0.6527653992176056,9.42153959274292,0.2,0.0001,0.2698901891708374,0.017311582,4.440460681915283
185,0.0,186,500.0,2058,1380928,18.36555507,3358,0.7947474718093872,-0.015722503897268324,0.2314453125,-0.6534879893064499,3.8098592519760133,0.2,0.0001,0.2699294090270996,0.024058066,1.3300544023513794
185,0.0,187,500.0,2064,1382976,18.53081131,3363,0.9150338768959045,-0.007882795250043272,0.146875,-0.6539374932646751,1.650876335054636,0.2,0.0001,0.26989635825157166,0.017876934,0.26464924216270447
185,0.0,188,500.0,2071,1385024,18.7005686,3368,0.9496937394142151,0.000159255153424031,0.15677787162162163,-0.6533080436087944,2.3231478559004293,0.2,0.0001,0.2698856294155121,0.03874217,0.4719357192516327
186,0.0,189,500.0,2078,1387072,18.85633697,3373,0.8276196718215942,-0.009077053423970938,0.128125,-0.6545737892389297,5.817641788721085,0.2,0.0001,0.2700529992580414,0.014724624,1.982088327407837
186,0.0,190,500.0,2086,1389120,19.03554266,3378,0.9335708022117615,-0.01180819806177169,0.1853515625,-0.6593961343169212,2.5393386483192444,0.2,0.0001,0.2702723443508148,0.022418436,1.2966861724853516
186,0.0,191,500.0,2092,1391168,19.49096766,3383,0.9489375352859497,-0.010886373731773346,0.2529296875,-0.6627976968884468,1.0675552621483804,0.2,0.0001,0.2703576982021332,0.025994347,0.44197866320610046
187,0.0,192,500.0,2099,1393216,18.722658449999997,3388,0.9289067387580872,-0.009814309206558392,0.2244140625,-0.6656755268573761,1.8069698140025139,0.2,0.0001,0.27060940861701965,0.02215974,0.6877174973487854
187,0.0,193,500.0,2106,1395264,18.98721262,3393,0.919079601764679,-0.009127825626637786,0.15947265625,-0.6695491641759872,8.011519998311996,0.2,0.0001,0.2706024944782257,0.016237758,3.420832633972168
188,0.0,194,500.0,2113,1397312,18.809578910000003,3398,0.890044629573822,-0.01239746694918722,0.187890625,-0.6694373935461044,1.5273370414972305,0.2,0.0001,0.2707104980945587,0.024691917,0.39675047993659973
188,0.0,195,500.0,2119,1399360,18.480187530000006,3403,0.9804204106330872,-0.00288652372546494,0.19873046875,-0.6721137896180153,1.674143160879612,0.2,0.0001,0.2706925868988037,0.015654217,0.46335330605506897
183,0.0,196,500.0,2182,1401408,19.085648300000003,3408,0.7106881141662598,-0.010035567719023674,0.2123046875,-0.6699557766318321,6.9172897934913635,0.2,0.0001,0.27063456177711487,0.023484213,1.9081883430480957
184,0.0,197,500.0,2188,1403456,19.342101510000006,3413,0.8959826827049255,-0.010037895833374933,0.20126953125,-0.6675728321075439,1.3472174406051636,0.2,0.0001,0.27038708329200745,0.02599629,0.24921914935112
184,0.0,198,500.0,2195,1405504,19.900919320000003,3418,0.9503296613693237,-0.00739157727221027,0.1958984375,-0.6631497010588646,5.351840406656265,0.2,0.0001,0.2703530490398407,0.02218901,2.495333671569824
185,0.0,199,500.0,2202,1407552,20.4664657,3423,0.9532541632652283,-0.011192605027463286,0.26240234375,-0.6644218027591705,1.0042426407337188,0.2,0.0001,0.27045848965644836,0.027557947,0.4893838167190552
185,0.0,200,500.0,2208,1409600,21.29626714,3428,0.9403845071792603,-0.00882763396948576,0.205078125,-0.6653862878680229,1.1470987178385257,0.2,0.0001,0.27036020159721375,0.016985295,0.2790953516960144
185,0.0,201,500.0,2214,1411648,21.784272720000004,3433,0.9788256883621216,-0.014750001777429134,0.2244140625,-0.6635435178875924,0.5850784219801426,0.2,0.0001,0.27036699652671814,0.026335308,0.18785223364830017
186,0.0,202,500.0,2221,1413696,21.355923260000004,3438,0.9700896143913269,-0.011766652762889861,0.23359375,-0.6656768009066582,0.9925588995218277,0.2,0.0001,0.2705084979534149,0.023576397,0.3318798840045929
186,0.0,203,500.0,2227,1415744,21.05939716,3443,0.9809978008270264,-0.0030777890933677554,0.22666015625,-0.6660762235522271,1.7005862072110176,0.2,0.0001,0.27038636803627014,0.024764175,0.8544093370437622
187,0.0,204,500.0,2233,1417792,21.12615358,3448,0.5791597366333008,-0.012529571680352092,0.17578125,-0.6633115917444229,10.35368525981903,0.2,0.0001,0.27030977606773376,0.019560527,4.583785533905029
187,0.0,205,500.0,2240,1419840,20.860681370000002,3453,0.8071765899658203,-0.014828980230959132,0.30517578125,-0.6631608486175538,3.8994369864463807,0.2,0.0001,0.270317405462265,0.034623947,1.7891826629638672
187,0.0,206,500.0,2246,1421888,20.875310810000002,3458,0.7507558465003967,-0.008676771330647171,0.1740234375,-0.6637031808495522,4.036910831928253,0.2,0.0001,0.2704358398914337,0.021219425,2.4465646743774414
188,0.0,207,500.0,2253,1423936,20.998246830000003,3463,0.8786141872406006,-0.013627445278689265,0.15712890625,-0.6668068259954453,1.8198156207799911,0.2,0.0001,0.2704947292804718,0.019026041,0.3449832499027252
183,0.0,208,500.0,2324,1425984,21.512484029999996,3468,0.9511476755142212,-0.012616932141827419,0.27470703125,-0.6663625463843346,1.5615460366010665,0.2,0.0001,0.2704586684703827,0.028887194,0.4339684545993805
183,0.0,209,500.0,2330,1428032,21.66909555,3473,0.9126729965209961,-0.007510622232803144,0.25078125,-0.6674150943756103,2.89122089445591,0.2,0.0001,0.2705802023410797,0.02480321,0.6726288199424744
184,0.0,210,500.0,2337,1430080,22.067100159999995,3478,0.9430682063102722,-0.012090181186795234,0.2359375,-0.6701433345675468,1.5085354149341583,0.2,0.0001,0.2707245647907257,0.03074451,0.6560486555099487
184,0.0,211,500.0,2343,1432128,21.991243470000004,3483,0.9653207063674927,-0.01247141845524311,0.26669921875,-0.6725965037941932,1.080877783894539,0.2,0.0001,0.2707449495792389,0.024852531,0.33981767296791077
184,0.0,212,500.0,2349,1434176,22.381457330000007,3486,0.9647973775863647,-0.009543200764297084,0.23597301136363635,-0.6719388853419911,1.4907900853590532,0.2,0.0001,0.27066469192504883,0.034122754,0.7580602169036865
185,0.0,213,500.0,2355,1436224,22.673822089999998,3491,0.9798771739006042,-0.015073839633259922,0.2173828125,-0.6712504103779793,0.5158269565552474,0.2,0.0001,0.2707148492336273,0.026911752,0.15901222825050354
185,0.0,214,500.0,2361,1438272,22.116961800000002,3496,0.7985211610794067,-0.008603083901107311,0.24013671875,-0.6744205623865127,3.813662791252136,0.2,0.0001,0.270978718996048,0.021797583,0.6785159707069397
185,0.0,215,500.0,2368,1440320,21.91698968,3501,0.932977020740509,-0.011055718222633005,0.24453125,-0.6788320884108543,1.1724304944276809,0.2,0.0001,0.2709982991218567,0.025856368,0.43780702352523804
186,0.0,216,500.0,2374,1442368,22.618341689999998,3506,0.8568127751350403,-0.006255106173921376,0.25576171875,-0.6777723282575607,3.665210372209549,0.2,0.0001,0.27099117636680603,0.028258607,1.716655969619751
186,0.0,217,500.0,2380,1444416,23.064954770000003,3511,0.9580550193786621,-0.012063704451429657,0.20185546875,-0.6782978802919388,0.6737009555101394,0.2,0.0001,0.2710128128528595,0.02205059,0.19715045392513275
187,0.0,218,500.0,2387,1446464,22.89786963,3516,0.9589604139328003,-0.0124040563008748,0.2373046875,-0.6804509848356247,1.0877335786819458,0.2,0.0001,0.27122294902801514,0.025317322,0.34505927562713623
187,0.0,219,500.0,2393,1448512,23.7639732,3521,0.9724748134613037,-0.013767341582570225,0.2115234375,-0.6852916076779365,0.6690679922699928,0.2,0.0001,0.27137473225593567,0.023693912,0.2416500300168991
183,0.0,220,500.0,2450,1450560,23.22339673,3526,0.9535467028617859,-0.00946990675292909,0.2068359375,-0.6888431012630463,0.8129776686429977,0.2,0.0001,0.27160748839378357,0.01943056,0.3567161560058594
184,0.0,221,500.0,2457,1452608,23.515243500000008,3531,0.7089066505432129,-0.008843599038664251,0.18671875,-0.6930569365620614,7.356977945566177,0.2,0.0001,0.27169477939605713,0.021720849,2.848921775817871
184,0.0,222,500.0,2463,1454656,23.36971368,3536,0.9606896638870239,-0.009581387927755713,0.15791015625,-0.6941855475306511,2.9201500937342644,0.2,0.0001,0.2717244029045105,0.020370983,0.7839990854263306
184,0.0,223,500.0,2470,1456704,23.022523100000004,3541,0.9525576829910278,-0.012186096562072635,0.21806640625,-0.6949988767504692,1.1837452799081802,0.2,0.0001,0.27178964018821716,0.02289862,0.6050488948822021
185,0.0,224,500.0,2477,1458752,22.56288946,3546,0.8261663913726807,-0.010890995513182133,0.15771484375,-0.6954642176628113,3.5211925894021987,0.2,0.0001,0.2717203199863434,0.016327012,0.8649271726608276
185,0.0,225,500.0,2484,1460800,22.554400580000006,3551,0.9603835344314575,-0.009272424835944548,0.151171875,-0.6950550958514213,3.242156019806862,0.2,0.0001,0.2718004882335663,0.023475617,0.7951220870018005
185,0.0,226,500.0,2489,1462848,22.59194263,3553,0.9651615023612976,0.0005378264256499031,0.12464488636363637,-0.6960269808769226,3.1274526552720503,0.2,0.0001,0.27180033922195435,0.033958398,0.9316274523735046
186,0.0,227,500.0,2496,1464896,21.817162319999998,3558,0.938437819480896,-0.011561537731904537,0.22294921875,-0.69699736982584,5.005797797441483,0.2,0.0001,0.27188318967819214,0.020636065,2.297091245651245
186,0.0,228,500.0,2503,1466944,22.03012977000001,3563,0.9299378395080566,-0.011451564042363315,0.1599609375,-0.6986940115690231,5.746229189634323,0.2,0.0001,0.2719724476337433,0.018513087,2.3970694541931152
186,0.0,229,500.0,2509,1468992,22.55756411,3568,0.8454669713973999,-0.006890523072797805,0.12724609375,-0.7009264647960662,2.408207783102989,0.2,0.0001,0.27204379439353943,0.019696511,0.948667049407959
187,0.0,230,500.0,2516,1471040,22.156200219999995,3573,0.8751373291015625,-0.007280107296537608,0.17119140625,-0.7000512719154358,2.3696186780929565,0.2,0.0001,0.2719201147556305,0.021014722,0.4150848686695099
187,0.0,231,500.0,2523,1473088,21.609602570000003,3578,0.7863185405731201,-0.011938662256579847,0.2197265625,-0.6990778237581253,6.959111672639847,0.2,0.0001,0.2719888687133789,0.018190749,1.9788373708724976
183,0.0,232,500.0,2592,1475136,21.25583168,3583,0.7829747200012207,-0.008444000512827187,0.17490234375,-0.6991973087191582,6.043957221508026,0.2,0.0001,0.2718904912471771,0.01945212,2.4088611602783203
183,0.0,233,500.0,2599,1477184,20.81691472,3588,0.9208625555038452,-0.004044068546500057,0.15107421875,-0.698289081454277,2.294501005113125,0.2,0.0001,0.2719631791114807,0.017949922,0.49433985352516174
183,0.0,234,500.0,2606,1479232,20.450392139999998,3593,0.9200215935707092,-0.008524680556729437,0.16220703125,-0.7004114285111427,5.508042311668396,0.2,0.0001,0.27203884720802307,0.016956167,2.286829948425293
184,0.0,235,500.0,2613,1481280,20.66464433,3598,0.9293481111526489,-0.01061888481490314,0.17822265625,-0.6998513489961624,2.0598763793706896,0.2,0.0001,0.2718861997127533,0.022615314,0.8923462629318237
184,0.0,236,500.0,2620,1483328,20.37789345,3603,0.9620362520217896,-0.010539387381868437,0.201171875,-0.6963627308607101,1.3816449984908103,0.2,0.0001,0.27177694439888,0.019820755,0.39853864908218384
184,0.0,237,500.0,2626,1485376,20.267988489999997,3608,0.8620926737785339,-0.011603611428290606,0.1849609375,-0.6949255242943764,3.9502992391586305,0.2,0.0001,0.27172571420669556,0.021763753,1.373454213142395
185,0.0,238,500.0,2633,1487424,20.45495902,3613,0.9188462495803833,-0.012150037754327058,0.1751953125,-0.6943728446960449,1.6556273981928826,0.2,0.0001,0.2717963755130768,0.019726645,0.8251507878303528
185,0.0,239,500.0,2639,1489472,19.929719920000004,3618,0.9267484545707703,-0.008331045508384705,0.23486328125,-0.6963679745793343,1.257187519967556,0.2,0.0001,0.27187246084213257,0.032141875,0.29568466544151306
185,0.0,240,500.0,2645,1491520,19.491787889999998,3623,0.9018339514732361,-0.005653323035221547,0.15498046875,-0.6971137791872024,6.217848694324493,0.2,0.0001,0.27182623744010925,0.014521187,1.9809986352920532
186,0.0,241,500.0,2652,1493568,19.12987219,3628,0.9651867747306824,-0.0063830620609223844,0.16318359375,-0.6961910769343376,1.8982480674982072,0.2,0.0001,0.27182021737098694,0.019640736,0.5544164180755615
186,0.0,242,500.0,2659,1495616,18.8357256,3633,0.9368215203285217,-0.012866228981874884,0.21435546875,-0.6965130254626274,1.3914333283901215,0.2,0.0001,0.2718837559223175,0.025301883,0.6500965356826782
186,0.0,243,500.0,2666,1497664,19.203083460000002,3638,0.977184534072876,-0.0077427112613804635,0.1875,-0.6993065938353539,1.6229102551937102,0.2,0.0001,0.27203550934791565,0.02104337,0.6625234484672546
186,0.0,244,500.0,2673,1499712,19.508225220000003,3643,0.9682602882385254,-0.007294130325317383,0.17998046875,-0.702235971391201,1.1893933027982713,0.2,0.0001,0.27215704321861267,0.02329544,0.3909546732902527
182,0.0,245,500.0,2742,1501760,19.778083279999997,3648,0.9767023921012878,-0.011461291398154572,0.20478515625,-0.7025071620941162,2.0678908213973046,0.2,0.0001,0.27201348543167114,0.019092113,0.8659234046936035
183,0.0,246,500.0,2749,1503808,19.99029814,3653,0.8301388025283813,-0.006316015927586705,0.1521484375,-0.6994713485240937,5.1361383497715,0.2,0.0001,0.2719835340976715,0.015364111,2.0598106384277344
183,0.0,247,500.0,2755,1505856,19.705919530000003,3658,0.9605816602706909,-0.010085454967338592,0.22265625,-0.7005688354372979,0.9440351746976375,0.2,0.0001,0.2720763385295868,0.0296437,0.23923587799072266
183,0.0,248,500.0,2762,1507904,20.08904248,3663,0.8599061369895935,-0.007938710576854646,0.19833984375,-0.7022491559386254,4.5865745663642885,0.2,0.0001,0.27212992310523987,0.018928936,1.1088999509811401
184,0.0,249,500.0,2768,1509952,20.864620449999997,3668,0.9658897519111633,-0.012303866201546044,0.2234375,-0.7019023865461349,0.926531720161438,0.2,0.0001,0.2719782292842865,0.022600835,0.25131741166114807
184,0.0,250,500.0,2774,1512000,21.29841185,3673,0.970133364200592,-0.011438201909186319,0.2279296875,-0.698929937183857,0.8896254107356072,0.2,0.0001,0.27193179726600647,0.0219912,0.43700799345970154
184,0.0,251,500.0,2781,1514048,21.79408641,3678,0.937485933303833,-0.012877111451234668,0.19091796875,-0.6989895671606063,1.8734320998191833,0.2,0.0001,0.27198293805122375,0.024546787,0.5664027333259583
185,0.0,252,500.0,2788,1516096,22.45005513,3683,0.9841781258583069,-0.010340650263242424,0.206640625,-0.6990069687366486,0.7741038233041764,0.2,0.0001,0.27185049653053284,0.022598688,0.2843194603919983
185,0.0,253,500.0,2795,1518144,22.79725543,3688,0.9752460718154907,-0.007416686322540045,0.18017578125,-0.6970193952322006,2.116874340176582,0.2,0.0001,0.2719120979309082,0.02201768,0.5481470823287964
185,0.0,254,500.0,2802,1520192,22.765591799999996,3693,0.9569679498672485,-0.015345715021248907,0.26103515625,-0.6998906269669533,1.7628969967365264,0.2,0.0001,0.27205345034599304,0.026665097,0.7032712697982788
185,0.0,255,500.0,2808,1522240,22.398929500000005,3698,0.9467542171478271,-0.012815459724515676,0.1955078125,-0.7017535835504531,2.4811510533094405,0.2,0.0001,0.27207204699516296,0.022588171,1.202315092086792
186,0.0,256,500.0,2815,1524288,22.96862443,3703,0.42663317918777466,-0.008444060618057848,0.11318359375,-0.7020413532853127,17.340844774246214,0.2,0.0001,0.2721216380596161,0.013694258,6.820650100708008
183,0.0,257,500.0,2871,1526336,23.519039590000002,3708,0.7573955059051514,-0.008115668385289609,0.08857421875,-0.7027648597955704,4.081301021575928,0.2,0.0001,0.272087424993515,0.01299112,1.246389627456665
183,0.0,258,500.0,2877,1528384,23.413915900000006,3713,0.7929882407188416,-0.0135895807412453,0.16328125,-0.7025525227189064,4.9796652615070345,0.2,0.0001,0.27215176820755005,0.017988153,1.3397454023361206
183,0.0,259,500.0,2884,1530432,23.088650660000006,3718,0.8572899103164673,-0.010661528829950839,0.19326171875,-0.7042084977030754,2.4391042932868006,0.2,0.0001,0.272242933511734,0.024073621,0.5886232852935791
184,0.0,260,500.0,2890,1532480,23.300852859999996,3723,0.6468749642372131,-0.011028758180327714,0.27158203125,-0.7048725455999374,12.005070447921753,0.2,0.0001,0.2721920907497406,0.02204727,8.207945823669434
184,0.0,261,500.0,2896,1534528,23.638266209999998,3728,0.8836538195610046,-0.010847100731916725,0.15703125,-0.7044068112969398,2.5182817399501802,0.2,0.0001,0.27224001288414,0.019157782,0.5357295870780945
184,0.0,262,500.0,2903,1536576,23.445492440000002,3733,0.9710376858711243,-0.012806769623421133,0.27314453125,-0.7056689947843552,0.9939028479158878,0.2,0.0001,0.27230527997016907,0.026556227,0.5936424732208252
185,0.0,263,500.0,2909,1538624,24.243778530000004,3738,0.8176479339599609,-0.009556242707185447,0.16142578125,-0.7060867697000504,9.125701576471329,0.2,0.0001,0.27226245403289795,0.014405074,3.91513991355896
185,0.0,264,500.0,2915,1540672,24.71291492,3743,0.8954102396965027,-0.009913650061935186,0.22158203125,-0.7070667654275894,3.282235097885132,0.2,0.0001,0.2724634110927582,0.030723587,1.0663970708847046
185,0.0,265,500.0,2921,1542720,25.67059365,3748,0.9240068793296814,-0.006881717446958646,0.19013671875,-0.7115351691842079,3.1716071248054503,0.2,0.0001,0.2725808918476105,0.01931623,1.5789544582366943
186,0.0,266,500.0,2928,1544768,26.17619099,3753,0.9710812568664551,-0.01625025738030672,0.21982421875,-0.7112332344055176,1.1497604727745057,0.2,0.0001,0.2724124491214752,0.02404644,0.49663954973220825
186,0.0,267,500.0,2935,1546816,26.188820570000004,3758,0.9570464491844177,-0.011718479648698122,0.2939453125,-0.7095384269952774,2.2012324750423433,0.2,0.0001,0.27255547046661377,0.028040249,1.029780387878418
186,0.0,268,500.0,2941,1548864,25.987144549999996,3763,0.8234912157058716,-0.0067272428423166275,0.12373046875,-0.7133593514561654,7.031521916389465,0.2,0.0001,0.27264443039894104,0.0126514165,2.3678815364837646
183,0.0,269,500.0,3007,1550912,25.531303029999993,3768,0.6215526461601257,-0.007266038539819419,0.109375,-0.7153603821992874,6.033325845003128,0.2,0.0001,0.272826224565506,0.015552004,1.2290284633636475
183,0.0,270,500.0,3014,1552960,25.060948210000003,3773,0.5579457879066467,-0.011973085813224316,0.153515625,-0.7197387397289277,10.080118763446809,0.2,0.0001,0.27297118306159973,0.019501055,3.3403353691101074
183,0.0,271,500.0,3020,1555008,24.460880409999994,3778,0.7912899255752563,-0.010885309183504433,0.18603515625,-0.7215166494250298,5.514484572410583,0.2,0.0001,0.27296170592308044,0.023740381,2.7000813484191895
184,0.0,272,500.0,3026,1557056,24.588437199999998,3783,0.8731943368911743,-0.010941887344233691,0.1646484375,-0.7222257435321808,1.8712715670466422,0.2,0.0001,0.2731330990791321,0.020604666,0.6586353182792664
184,0.0,273,500.0,3033,1559104,24.77246652,3788,0.7793151140213013,-0.007213908317498863,0.22060546875,-0.7265012562274933,8.536009407043457,0.2,0.0001,0.27327868342399597,0.020285249,3.5801165103912354
184,0.0,274,500.0,3040,1561152,24.118549409999996,3793,0.935004472732544,-0.007903537445235998,0.12666015625,-0.7278893813490868,2.138191942870617,0.2,0.0001,0.27323299646377563,0.013211405,0.3877270519733429
184,0.0,275,500.0,3046,1563200,23.914502350000003,3798,0.9520048499107361,-0.009706345399738185,0.1840277777777778,-0.7269308434592353,5.005186875661214,0.2,0.0001,0.27324265241622925,0.027408762,1.842005729675293
185,0.0,276,500.0,3052,1565248,22.811321140000004,3803,0.9634193778038025,-0.011121442582225426,0.1939453125,-0.725307722389698,1.2174550950527192,0.2,0.0001,0.273029625415802,0.01988186,0.6689618229866028
185,0.0,277,500.0,3059,1567296,23.275070130000007,3808,0.5531264543533325,-0.006456445530056953,0.13681640625,-0.7213434591889382,12.538062083721162,0.2,0.0001,0.27295559644699097,0.010840204,2.8209381103515625
185,0.0,278,500.0,3066,1569344,23.47342234,3813,0.7673126459121704,-0.010392916481941938,0.17578125,-0.7210116565227509,5.0562619805336,0.2,0.0001,0.27295735478401184,0.016749917,0.995496392250061
185,0.0,279,500.0,3073,1571392,23.962955240000007,3818,0.9193506240844727,-0.010281086107715965,0.20068359375,-0.7198006927967071,2.6556871116161345,0.2,0.0001,0.2728482484817505,0.026541729,0.9174382090568542
186,0.0,280,500.0,3079,1573440,24.320837129999994,3823,0.9621376395225525,-0.010067391465418041,0.201953125,-0.7190540909767151,2.148631861805916,0.2,0.0001,0.27289876341819763,0.024025634,0.7712140083312988
183,0.0,281,500.0,3138,1575488,24.777718130000004,3828,0.7188014388084412,-0.007797795184887946,0.11591796875,-0.7213241457939148,10.906188905239105,0.2,0.0001,0.2730403244495392,0.012731181,3.2979934215545654
183,0.0,282,500.0,3145,1577536,25.202710679999996,3833,0.9070406556129456,-0.006436719535849988,0.15810546875,-0.7234072908759117,3.478154641389847,0.2,0.0001,0.2730461657047272,0.018754642,0.2809947431087494
183,0.0,283,500.0,3151,1579584,25.364953409999995,3838,0.9794906973838806,-0.01049654878443107,0.17353515625,-0.7238606989383698,2.0835911214351652,0.2,0.0001,0.273141473531723,0.022107853,0.8607596755027771
184,0.0,284,500.0,3158,1581632,26.13260022,3843,0.9834843277931213,-0.0120707516791299,0.25224609375,-0.7262390837073326,0.8736948937177658,0.2,0.0001,0.2732408046722412,0.02954305,0.3566276729106903
184,0.0,285,500.0,3165,1583680,25.91147287,3848,0.9773772358894348,-0.009881827747449279,0.25068359375,-0.7287556871771812,0.9519737794995308,0.2,0.0001,0.27341675758361816,0.029743718,0.3863373398780823
184,0.0,286,500.0,3171,1585728,26.834811560000002,3853,0.854504406452179,-0.01642522606998682,0.212109375,-0.7332580804824829,7.619127333164215,0.2,0.0001,0.27359864115715027,0.017945452,2.6804492473602295
184,0.0,287,500.0,3178,1587776,26.642901809999994,3858,0.9717091917991638,-0.011482441355474294,0.1673828125,-0.7350137516856193,1.2953322492539883,0.2,0.0001,0.2735201120376587,0.019322168,0.5378957986831665
185,0.0,288,500.0,3185,1589824,26.677199410000004,3863,0.8380931615829468,-0.011729042138904333,0.12744140625,-0.7331855162978173,8.067752909660339,0.2,0.0001,0.2735515832901001,0.015447125,3.146637201309204
185,0.0,289,500.0,3191,1591872,26.13949124,3868,0.9777225255966187,-0.013759457785636187,0.22265625,-0.7340203687548638,0.8869673930108547,0.2,0.0001,0.273514062166214,0.02335658,0.3170405328273773
185,0.0,290,500.0,3198,1593920,25.491566709999997,3873,0.9576734900474548,0.0031861814029980453,0.175,-0.7328856945037842,2.2122358798980715,0.2,0.0001,0.2734663784503937,0.015522801,0.41585880517959595
185,0.0,291,500.0,3204,1595968,25.069157389999997,3878,0.808751106262207,-0.007277527445694432,0.1638671875,-0.7336149498820305,6.568827897310257,0.2,0.0001,0.273637056350708,0.015609888,2.0709049701690674
186,0.0,292,500.0,3211,1598016,26.211559299999998,3883,0.9590816497802734,-0.006279162201099098,0.155859375,-0.7371896356344223,2.345111532509327,0.2,0.0001,0.27366307377815247,0.01887199,0.3619236350059509
183,0.0,293,500.0,3268,1600064,25.902150359999997,3888,0.9844517111778259,-0.010462451935745775,0.2095703125,-0.7336898520588875,0.7281579673290253,0.2,0.0001,0.2733747065067291,0.01994889,0.23383745551109314
183,0.0,294,500.0,3274,1602112,27.14030371,3893,0.9432505369186401,-0.011187181127024815,0.1517578125,-0.7300773814320565,8.027403521537781,0.2,0.0001,0.2734162509441376,0.014945307,2.30739688873291
184,0.0,295,500.0,3281,1604160,27.847523940000006,3898,0.9429444074630737,-0.00997509629232809,0.18505859375,-0.7311554163694381,2.2930248066782952,0.2,0.0001,0.27339041233062744,0.015627578,0.31627923250198364
184,0.0,296,500.0,3288,1606208,28.155086729999997,3903,0.8720548152923584,-0.009428047749679536,0.2013671875,-0.7302966356277466,6.966074568033219,0.2,0.0001,0.2733491063117981,0.0222109,4.304458141326904
184,0.0,297,500.0,3294,1608256,28.430385240000007,3908,0.9762772917747498,-0.011028712487313897,0.22841796875,-0.7312944620847702,1.2036324471235276,0.2,0.0001,0.2735191583633423,0.02752218,0.43449243903160095
184,0.0,298,500.0,3302,1610304,27.54423138,3913,0.9338372945785522,-0.01341293025179766,0.1494140625,-0.7341160267591477,3.578076422214508,0.2,0.0001,0.273518830537796,0.016966872,0.8957144618034363
185,0.0,299,500.0,3309,1612352,28.673254940000003,3918,0.9669127464294434,-0.0036049352725967764,0.14248046875,-0.7320442333817482,4.117364373803139,0.2,0.0001,0.2733566462993622,0.013213227,1.0816808938980103
185,0.0,300,500.0,3315,1614400,29.21445437,3923,0.9572619795799255,-0.0075273345340974625,0.2203125,-0.7286432728171348,1.5584177404642106,0.2,0.0001,0.27326202392578125,0.020299565,0.36463114619255066
185,0.0,301,500.0,3321,1616448,29.8510285,3928,0.9880877137184143,-0.010644741158466786,0.23818359375,-0.7251778483390808,0.5694569028913975,0.2,0.0001,0.27300456166267395,0.028196102,0.2839229106903076
185,0.0,302,500.0,3328,1618496,29.31750181,3933,0.7856158018112183,-0.008344257529824973,0.1556640625,-0.721441225707531,9.644774425029755,0.2,0.0001,0.27296996116638184,0.014158292,2.6763508319854736
186,0.0,303,500.0,3335,1620544,28.36566352,3938,0.9248294830322266,-0.012922631087712943,0.18701171875,-0.7229808434844017,9.099980306625366,0.2,0.0001,0.2731130123138428,0.020902757,4.87067985534668
186,0.0,304,500.0,3341,1622592,28.43605161,3943,0.9475560188293457,-0.009251818526536226,0.1373046875,-0.7247521311044693,4.674096629023552,0.2,0.0001,0.27306684851646423,0.015260239,0.8178099989891052
186,0.0,305,500.0,3348,1624640,28.38424771,3948,0.9584017992019653,-0.007691101473756135,0.2185546875,-0.7246981784701347,1.977941671013832,0.2,0.0001,0.27322959899902344,0.029514503,1.144565463066101
183,0.0,306,500.0,3411,1626688,28.09843906,3953,0.9783760905265808,-0.015091409650631249,0.22255859375,-0.7289602339267731,3.359914869070053,0.2,0.0001,0.2733820676803589,0.022670507,1.128677487373352
183,0.0,307,500.0,3418,1628736,27.288813369999993,3958,0.9555138945579529,-0.011674790154211223,0.215234375,-0.7318413704633713,2.8602086275815966,0.2,0.0001,0.2734970152378082,0.02530707,1.1480900049209595
184,0.0,308,500.0,3424,1630784,26.484701220000005,3963,0.9467832446098328,-0.009970505011733622,0.15986328125,-0.73393674492836,6.101399081945419,0.2,0.0001,0.2736192047595978,0.017766718,2.1859419345855713
184,0.0,309,500.0,3431,1632832,26.525736300000002,3968,0.9529387950897217,-0.010103608353529126,0.18349609375,-0.7360677629709244,5.4167664706707,0.2,0.0001,0.27362868189811707,0.02062684,2.0629374980926514
184,0.0,310,500.0,3438,1634880,25.80284899,3973,0.8921323418617249,-0.011978942743735389,0.21328125,-0.7351446792483329,2.152623011171818,0.2,0.0001,0.2735300660133362,0.02400035,0.657376229763031
184,0.0,311,500.0,3444,1636928,25.016800749999998,3978,0.9722326993942261,-0.014588955778162927,0.2029296875,-0.734655599296093,3.7768483221530915,0.2,0.0001,0.27363643050193787,0.019269366,1.5483211278915405
185,0.0,312,500.0,3451,1638976,25.09723309,3983,0.9373050332069397,-0.007274658314418048,0.18271484375,-0.7352014899253845,9.764331543445588,0.2,0.0001,0.2734924554824829,0.020531638,4.706602096557617
185,0.0,313,500.0,3458,1641024,24.866972329999996,3988,0.8429354429244995,-0.012351457145996392,0.130078125,-0.7314032852649689,3.726527512073517,0.2,0.0001,0.2733297646045685,0.014850722,0.7936675548553467
185,0.0,314,500.0,3465,1643072,25.77758327,3993,0.9763826131820679,-0.010104457521811128,0.219140625,-0.7290649369359017,3.135108384490013,0.2,0.0001,0.27329128980636597,0.02104126,0.7710095047950745
185,0.0,315,500.0,3472,1645120,25.33148652,3998,0.9788491725921631,-0.012293175898957998,0.20556640625,-0.7295059382915496,3.9711057901382447,0.2,0.0001,0.2733546197414398,0.018478896,0.8571337461471558
186,0.0,316,500.0,3479,1647168,24.57962933,4003,0.9751137495040894,-0.011223238671664148,0.1580078125,-0.7322089612483978,3.377771666646004,0.2,0.0001,0.27355900406837463,0.01892751,1.2916139364242554
186,0.0,317,500.0,3485,1649216,25.67199373,4008,0.5683581233024597,-0.005570076790172606,0.106640625,-0.7360421568155289,12.381923687458038,0.2,0.0001,0.2736548185348511,0.008791972,2.548973560333252
183,0.0,318,500.0,3552,1651264,25.709339809999996,4013,0.8386306762695312,-0.010079903394216671,0.144140625,-0.7372628659009933,4.472970841825008,0.2,0.0001,0.27366146445274353,0.0141913,0.4853419363498688
183,0.0,319,500.0,3558,1653312,25.142729080000002,4018,0.9586824178695679,-0.010740311292465776,0.2029296875,-0.7379190906882286,1.2816170752048492,0.2,0.0001,0.273777037858963,0.020656392,0.3326539099216461
183,0.0,320,500.0,3565,1655360,25.43143344,4023,0.9458982944488525,-0.014078580483328551,0.22451171875,-0.739154726266861,2.4318595051765444,0.2,0.0001,0.2736890912055969,0.02614788,0.6702194213867188
184,0.0,321,500.0,3572,1657408,25.14256387,4028,0.89964759349823,-0.010500674648210407,0.17822265625,-0.7381086573004723,3.510713630914688,0.2,0.0001,0.2737704813480377,0.017696913,1.273434042930603
184,0.0,322,500.0,3579,1659456,25.41658047,4033,0.9566307663917542,-0.014353351888712496,0.2263671875,-0.7427725747227669,1.5111490786075592,0.2,0.0001,0.2740510404109955,0.02725589,0.8221282362937927
184,0.0,323,500.0,3585,1661504,25.91127946,4038,0.9816985726356506,-0.009084311197511852,0.1546875,-0.7473988771438599,1.372733971476555,0.2,0.0001,0.27418509125709534,0.018446159,0.25883832573890686
184,0.0,324,500.0,3592,1663552,26.08934858,4043,0.9856758117675781,-0.014869274036027492,0.25078125,-0.7481247752904892,0.7711757265031338,0.2,0.0001,0.2741045355796814,0.023457805,0.21217337250709534
184,0.0,325,500.0,3599,1665600,26.307945130000004,4048,0.9883742928504944,-0.01421822994016111,0.2560546875,-0.746217992901802,0.8158612750470638,0.2,0.0001,0.27398917078971863,0.026086371,0.5154770612716675
185,0.0,326,500.0,3605,1667648,27.23383388,4053,0.9402710795402527,-0.005708768425392918,0.23642578125,-0.746334794163704,3.0396824926137924,0.2,0.0001,0.27423539757728577,0.021635436,1.425077199935913
185,0.0,327,500.0,3612,1669696,26.92738879,4058,0.9396733641624451,-0.010907906643114983,0.24609375,-0.753107587993145,2.9432451695203783,0.2,0.0001,0.274528831243515,0.024170969,0.7616613507270813
185,0.0,328,500.0,3618,1671744,27.6503544,4063,0.9679386615753174,-0.005509634490590542,0.186328125,-0.7563862189650535,3.075773683190346,0.2,0.0001,0.2744922935962677,0.025117347,1.308936357498169
185,0.0,329,500.0,3625,1673792,27.238689410000006,4068,0.9477874636650085,-0.010569654501159676,0.22646484375,-0.7554905459284782,2.9489047855138777,0.2,0.0001,0.2745074927806854,0.025154576,0.8550710082054138
183,0.0,330,500.0,3689,1675840,26.63103774,4073,0.8680527210235596,-0.007982313493266701,0.15009765625,-0.7565634459257126,13.307735979557037,0.2,0.0001,0.2746012210845947,0.016306892,3.6132943630218506
183,0.0,331,500.0,3695,1677888,27.035215899999997,4078,0.8013777732849121,-0.008923069894080982,0.13515625,-0.7582280844449997,10.287741208076477,0.2,0.0001,0.27461478114128113,0.01741977,7.091032981872559
183,0.0,332,500.0,3702,1679936,27.620929750000002,4083,0.9612253308296204,-0.008712697215378285,0.135546875,-0.7582380205392838,2.957492583990097,0.2,0.0001,0.2746548354625702,0.015984153,0.590383768081665
183,0.0,333,500.0,3709,1681984,28.32835894,4088,0.8691892623901367,-0.009753287502098829,0.1796875,-0.7596784040331841,6.806820583343506,0.2,0.0001,0.27471157908439636,0.022550201,2.7774977684020996
184,0.0,334,500.0,3716,1684032,28.73894485,4093,0.9084982872009277,-0.00986293584574014,0.17900390625,-0.7601491495966911,2.9719249308109283,0.2,0.0001,0.27473747730255127,0.025990874,0.7213260531425476
184,0.0,335,500.0,3722,1686080,29.23713113000001,4098,0.8482911586761475,-0.006438114016782492,0.14267578125,-0.7602615311741829,7.874677401781082,0.2,0.0001,0.2747238874435425,0.017296169,1.7199727296829224
184,0.0,336,500.0,3728,1688128,29.579154170000006,4103,0.9570521116256714,-0.012309096907847561,0.20830078125,-0.7611394613981247,1.9003162384033203,0.2,0.0001,0.27483898401260376,0.02092835,0.6776178479194641
184,0.0,337,500.0,3735,1690176,29.449428210000004,4108,0.9633131623268127,-0.008700704853981733,0.20478515625,-0.7635851636528969,1.613548395037651,0.2,0.0001,0.27490147948265076,0.023267575,0.6125343441963196
184,0.0,338,500.0,3742,1692224,29.078344330000004,4113,0.8314019441604614,-0.012658112787175924,0.1630859375,-0.7636096194386482,8.882565009593964,0.2,0.0001,0.2748284339904785,0.015312038,3.232750415802002
185,0.0,339,500.0,3749,1694272,29.026861739999994,4118,0.9062587022781372,-0.007141089549986645,0.15595703125,-0.7613766610622406,2.301283188164234,0.2,0.0001,0.2747146785259247,0.019210204,0.8071759343147278
185,0.0,340,500.0,3755,1696320,29.19132782,4123,0.8347926735877991,-0.013413733930792659,0.19912109375,-0.7590211585164071,5.688233983516693,0.2,0.0001,0.2746751606464386,0.020060116,1.8701061010360718
185,0.0,341,500.0,3762,1698368,29.372079649999993,4128,0.8987736105918884,-0.004653360799420625,0.130859375,-0.7595128998160362,4.874273955821991,0.2,0.0001,0.27467507123947144,0.014874591,1.3016386032104492
182,0.0,342,500.0,3829,1700416,28.616345360000004,4133,0.9641262292861938,-0.0037877912633121013,0.175,-0.7597114875912666,2.3457794159650804,0.2,0.0001,0.27474722266197205,0.015887074,0.6079843640327454
183,0.0,343,500.0,3836,1702464,29.066336800000002,4138,0.9635358452796936,-0.005969511665171012,0.1755859375,-0.7603902950882911,3.465459680557251,0.2,0.0001,0.2747093737125397,0.019800471,1.5858211517333984
183,0.0,344,500.0,3843,1704512,28.846746720000002,4143,0.9711441397666931,-0.011407410854008048,0.1896484375,-0.7594091892242432,1.4480749443173409,0.2,0.0001,0.2746366560459137,0.022390205,0.7293208837509155
183,0.0,345,500.0,3849,1706560,28.73860228,4148,0.8956544995307922,-0.010399240185506642,0.1666015625,-0.7587925568223,4.06651862859726,0.2,0.0001,0.2747713029384613,0.018111052,1.5385483503341675
183,0.0,346,500.0,3856,1708608,28.624472420000004,4153,0.9452019333839417,-0.011814250086899847,0.21435546875,-0.7619788199663162,5.3909131526947025,0.2,0.0001,0.2747873365879059,0.020119578,1.280195713043213
183,0.0,347,500.0,3863,1710656,28.28709413,4158,0.823801577091217,-0.009146784740732983,0.19423828125,-0.7609352245926857,8.358987325429917,0.2,0.0001,0.2747270166873932,0.021041863,2.9364683628082275
184,0.0,348,500.0,3869,1712704,27.543423059999995,4163,0.9686033725738525,-0.009386200830340386,0.16083984375,-0.7598907619714736,2.583214762806892,0.2,0.0001,0.2746626138687134,0.013620628,0.6774447560310364
184,0.0,349,500.0,3876,1714752,27.086060289999995,4168,0.8828445076942444,-0.011787065444514156,0.16533203125,-0.7588616251945496,4.880368274450302,0.2,0.0001,0.2746807038784027,0.019131709,2.5051915645599365
184,0.0,350,500.0,3883,1716800,26.531795229999997,4173,0.9696909785270691,-0.007731638138648122,0.2146484375,-0.7577059715986252,2.669536590576172,0.2,0.0001,0.27449050545692444,0.02067478,1.174159049987793
184,0.0,351,500.0,3889,1718848,25.530433289999998,4178,0.9630551338195801,-0.004382614162750542,0.141796875,-0.7549681663513184,1.7498231261968613,0.2,0.0001,0.2745572030544281,0.013550159,0.29906976222991943
185,0.0,352,500.0,3895,1720896,25.774727889999998,4183,0.9793091416358948,-0.010186985938344151,0.22099609375,-0.7594113752245903,2.547515945136547,0.2,0.0001,0.2748529314994812,0.024044394,0.8420520424842834
185,0.0,353,500.0,3902,1722944,25.54737807,4188,0.9381881952285767,-0.01338337518973276,0.2283203125,-0.7637121334671975,2.535205143690109,0.2,0.0001,0.2748514413833618,0.022898618,0.6659901142120361
185,0.0,354,500.0,3909,1724992,27.34636268,4193,0.9031516313552856,-0.012571161659434438,0.19384765625,-0.7625272884964943,3.9672092854976655,0.2,0.0001,0.2748348116874695,0.022350254,1.6199393272399902
183,0.0,355,500.0,3967,1727040,27.410054069999997,4198,0.900529146194458,-0.010007209179457277,0.2443359375,-0.7614893168210983,4.80931396484375,0.2,0.0001,0.2747015058994293,0.02421211,1.6690738201141357
183,0.0,356,500.0,3973,1729088,27.542360709999993,4203,0.9485611319541931,-0.014521804777905345,0.22060546875,-0.7596410095691681,2.2415797457098963,0.2,0.0001,0.27473023533821106,0.033062622,0.5757614374160767
183,0.0,357,500.0,3980,1731136,27.664973560000007,4208,0.9267207980155945,-0.011196200910490006,0.25029296875,-0.7621777072548866,4.269443535804749,0.2,0.0001,0.27495619654655457,0.020187702,1.8428077697753906
183,0.0,358,500.0,3987,1733184,27.17885387,4213,0.9243012070655823,-0.014286764233838766,0.2,-0.7684347376227378,3.7335490971803664,0.2,0.0001,0.275253564119339,0.021071954,1.6223903894424438
184,0.0,359,500.0,3993,1735232,27.191763530000006,4218,0.9529508948326111,-0.015526319202035666,0.21318359375,-0.7720798492431641,2.0383608818054197,0.2,0.0001,0.27522969245910645,0.038414802,0.6372790336608887
184,0.0,360,500.0,4000,1737280,27.054010030000004,4223,0.897477924823761,-0.004630481358617544,0.2021484375,-0.7709170788526535,2.7086522430181503,0.2,0.0001,0.27523544430732727,0.028999897,1.2451382875442505
184,0.0,361,500.0,4007,1739328,26.94482034,4228,0.9223029613494873,-0.010701853048522026,0.22900390625,-0.771567378938198,2.609579008817673,0.2,0.0001,0.27526524662971497,0.025805805,0.6632016897201538
184,0.0,362,500.0,4012,1741376,28.053236260000002,4232,0.9448830485343933,-0.0079659981187433,0.21979166666666666,-0.7731323023637136,2.5016034404436747,0.2,0.0001,0.275363951921463,0.0348301,0.9349328875541687
184,0.0,363,500.0,4018,1743424,28.622436039999997,4237,0.9683915972709656,-0.009805110294837504,0.20234375,-0.7735752001404762,1.0829212665557861,0.2,0.0001,0.2752527892589569,0.026425673,0.19069577753543854
185,0.0,364,500.0,4025,1745472,28.393541640000002,4242,0.9704476594924927,-0.018016267102211714,0.2544921875,-0.7699717909097672,1.2612828597426415,0.2,0.0001,0.27507534623146057,0.024810845,0.7735892534255981
185,0.0,365,500.0,4031,1747520,28.29909808,4247,0.966275691986084,-0.011721611249652741,0.19911595394736842,-0.76821337405004,3.0319545300383317,0.2,0.0001,0.27512094378471375,0.025970818,1.1954389810562134
185,0.0,366,500.0,4037,1749568,28.7684427,4252,0.9810379147529602,-0.016066534869605676,0.23525390625,-0.7690833687782288,1.0464595571160316,0.2,0.0001,0.27510473132133484,0.02916864,0.4367811679840088
183,0.0,367,500.0,4095,1751616,28.967587419999994,4255,0.986065685749054,-0.007803332316689194,0.16171875,-0.7686274707317352,0.7949795186519623,0.2,0.0001,0.27512624859809875,0.02966537,0.48087626695632935
183,0.0,368,500.0,4101,1753664,28.903085800000003,4260,0.9440504312515259,-0.004449315834790468,0.1857421875,-0.7684354171156883,1.9691323429346084,0.2,0.0001,0.2750243544578552,0.021165548,0.48669320344924927
183,0.0,369,500.0,4107,1755712,29.622516339999997,4265,0.9671930074691772,-0.007521165488287807,0.19111328125,-0.7660219550132752,1.7939380377531051,0.2,0.0001,0.2750304043292999,0.017898709,0.803338885307312
184,0.0,370,500.0,4113,1757760,29.733705060000005,4268,0.962971568107605,-0.00818569779706498,0.2204861111111111,-0.7676671246687571,2.1159825060102673,0.2,0.0001,0.2751053273677826,0.04237459,0.9301655292510986
184,0.0,371,500.0,4120,1759808,29.91356538,4273,0.9813595414161682,-0.01019940902478993,0.1919921875,-0.7687418699264527,0.9682569228112697,0.2,0.0001,0.2751067876815796,0.021859968,0.29400357604026794
184,0.0,372,500.0,4126,1761856,29.972471179999992,4278,0.968216061592102,-0.005190657114144415,0.19111328125,-0.768336920440197,2.2999539107084273,0.2,0.0001,0.2750556170940399,0.019886022,0.7473686933517456
184,0.0,373,500.0,4132,1763904,29.92881675,4283,0.984703540802002,-0.006448202859610319,0.19736328125,-0.7676051944494248,1.3473179019987582,0.2,0.0001,0.2750589847564697,0.02046424,0.31551221013069153
185,0.0,374,500.0,4138,1765952,30.380076459999994,4288,0.973410427570343,-0.007862324718735181,0.20732421875,-0.7670803412795066,1.4812750458717345,0.2,0.0001,0.2750217914581299,0.022666553,0.41386786103248596
185,0.0,375,500.0,4145,1768000,30.73966325,4293,0.9787442684173584,-0.01019349687267095,0.19423828125,-0.7665123403072357,3.040463250875473,0.2,0.0001,0.27500447630882263,0.02630548,1.763973355293274
185,0.0,376,500.0,4151,1770048,31.06498285,4298,0.9827383160591125,-0.015660282352473586,0.18505859375,-0.766089317202568,2.104782372713089,0.2,0.0001,0.2749910354614258,0.019509094,0.5279633402824402
185,0.0,377,500.0,4158,1772096,30.660723320000002,4303,0.9526910781860352,-0.012182445661164821,0.24580078125,-0.7658841207623481,2.303078904747963,0.2,0.0001,0.27497532963752747,0.020748252,0.5133567452430725
185,0.0,378,500.0,4164,1774144,30.04393039,4308,0.9200241565704346,-0.005746957310475409,0.140625,-0.765731954574585,2.90606220215559,0.2,0.0001,0.2749609053134918,0.017468799,0.6852685809135437
183,0.0,379,500.0,4229,1776192,29.798488170000006,4313,0.951603889465332,-0.012821701588109136,0.15859375,-0.7650698155164719,7.653686439990997,0.2,0.0001,0.27490076422691345,0.0149457995,2.8479700088500977
183,0.0,380,500.0,4236,1778240,29.35365166,4318,0.9267328977584839,-0.009354357197298668,0.16474609375,-0.7640614926815033,2.460459341108799,0.2,0.0001,0.2749548852443695,0.023312826,0.5131177306175232
183,0.0,381,500.0,4243,1780288,29.65133508,4323,0.9811158180236816,-0.012332781217992306,0.20810546875,-0.767069835960865,2.8507958889007567,0.2,0.0001,0.2751299738883972,0.021087307,0.789171040058136
184,0.0,382,500.0,4249,1782336,29.309399599999995,4328,0.9721187353134155,-0.011343108012806625,0.24189453125,-0.7692846968770027,1.539105662703514,0.2,0.0001,0.2751251757144928,0.025298266,0.638191282749176
184,0.0,383,500.0,4256,1784384,29.676948230000004,4333,0.9861924052238464,-0.013124310469720513,0.20966796875,-0.7697103872895241,2.06796735227108,0.2,0.0001,0.27517619729042053,0.02331481,0.7241001129150391
184,0.0,384,500.0,4262,1786432,29.87549424,4338,0.9731271266937256,-0.013422787777381017,0.211328125,-0.7692619577050209,1.282770598679781,0.2,0.0001,0.27504101395606995,0.024181962,0.6333059072494507
184,0.0,385,500.0,4269,1788480,29.8956363,4343,0.9842824935913086,-0.010681284975726157,0.1998046875,-0.7675162002444267,1.7490713730454446,0.2,0.0001,0.2751638889312744,0.027931105,0.5412754416465759
184,0.0,386,500.0,4275,1790528,29.35921218,4348,0.98097825050354,-0.011130747629795223,0.2119140625,-0.7707686692476272,1.0736880123615264,0.2,0.0001,0.2752285897731781,0.023546906,0.30604833364486694
185,0.0,387,500.0,4282,1792576,28.926715399999992,4353,0.8259850144386292,-0.007449509587604553,0.12197265625,-0.7714734718203544,8.184428465366363,0.2,0.0001,0.2753085196018219,0.013439727,3.2177562713623047
185,0.0,388,500.0,4289,1794624,28.432686329999996,4358,0.9553483724594116,-0.01165360533632338,0.207421875,-0.7748705640435218,1.3171873703598975,0.2,0.0001,0.27554747462272644,0.028584767,0.5467348694801331
185,0.0,389,500.0,4295,1796672,28.671110830000003,4363,0.7320665121078491,-0.010692026233300567,0.19033203125,-0.7788936972618103,9.852678501605988,0.2,0.0001,0.27558109164237976,0.01535254,3.9258313179016113
185,0.0,390,500.0,4302,1798720,28.689579079999994,4368,0.9196363687515259,-0.008385092607932165,0.17109375,-0.7783166453242302,2.080333611369133,0.2,0.0001,0.275536447763443,0.01725262,0.7513615489006042
183,0.0,391,500.0,4369,1800768,28.79703762,4373,0.965632438659668,-0.00927698240848258,0.18662109375,-0.777238792181015,0.8132190868258476,0.2,0.0001,0.2754606306552887,0.019855138,0.17423148453235626
183,0.0,392,500.0,4375,1802816,28.431662080000002,4376,0.976489782333374,-0.006682620228578647,0.2586263020833333,-0.7765241314967474,1.0386390462517738,0.2,0.0001,0.27550753951072693,0.03506531,0.5189114212989807
183,0.0,393,500.0,4381,1804864,28.308840460000003,4381,0.9674009084701538,-0.016155357274692507,0.23564453125,-0.7766915649175644,1.4707514077425003,0.2,0.0001,0.2754192054271698,0.027520616,0.9999189972877502
183,0.0,394,500.0,4388,1806912,28.292414879999995,4386,0.9493563771247864,-0.013579438577289693,0.2484375,-0.7734954133629799,2.0511453807353974,0.2,0.0001,0.2752462923526764,0.03336305,0.9216452240943909
184,0.0,395,500.0,4395,1808960,28.45376828,4391,0.9462888836860657,-0.009459600376430899,0.19091796875,-0.7713281273841858,2.469031074643135,0.2,0.0001,0.2752462923526764,0.01983463,0.8450398445129395
184,0.0,396,500.0,4401,1811008,28.667657669999997,4396,0.9121417999267578,-0.012752055423334241,0.16884765625,-0.7732781723141671,3.086543673276901,0.2,0.0001,0.2754458487033844,0.017963625,1.6049950122833252
184,0.0,397,500.0,4408,1813056,27.943514729999997,4401,0.958797812461853,-0.007748212770093232,0.237890625,-0.7751529768109322,1.2279914796352387,0.2,0.0001,0.27532562613487244,0.025171343,0.4051395356655121
184,0.0,398,500.0,4415,1815104,27.808486870000003,4406,0.8585962653160095,-0.007470190047752112,0.15478515625,-0.7715322107076645,4.730356758832931,0.2,0.0001,0.27517399191856384,0.018184865,1.3555821180343628
184,0.0,399,500.0,4421,1817152,28.08551719,4411,0.8968784213066101,-0.007048057962674647,0.1603515625,-0.7680007055401802,3.78514669239521,0.2,0.0001,0.2749702036380768,0.01693752,1.0257872343063354
185,0.0,400,500.0,4427,1819200,28.19492652,4416,0.9618139266967773,-0.006424347264692187,0.162890625,-0.7650339499115943,2.536274200677872,0.2,0.0001,0.27497705817222595,0.021327814,0.7650718092918396
185,0.0,401,500.0,4434,1821248,28.221317399999993,4421,0.9691940546035767,-0.013198831232148222,0.22421875,-0.7642736852169036,1.242440839111805,0.2,0.0001,0.2748512923717499,0.023120932,0.28773635625839233
185,0.0,402,500.0,4441,1823296,28.780018489999993,4426,0.9369708299636841,-0.012159067578613758,0.18681640625,-0.7630069985985756,2.1874982863664627,0.2,0.0001,0.27491602301597595,0.020598551,0.6338070034980774
183,0.0,403,500.0,4506,1825344,28.891689059999997,4431,0.9503673315048218,-0.009402557963039727,0.1720703125,-0.7645632043480873,2.206064710021019,0.2,0.0001,0.27492111921310425,0.019910488,0.8785872459411621
183,0.0,404,500.0,4513,1827392,28.78169394,4436,0.9492783546447754,-0.01027526801917702,0.2029296875,-0.7656619071960449,2.0325365722179414,0.2,0.0001,0.27510035037994385,0.024161238,0.6849387288093567
183,0.0,405,500.0,4520,1829440,28.568148649999998,4441,0.8504667282104492,-0.006011454365216195,0.170703125,-0.7696028038859367,6.777198034524917,0.2,0.0001,0.27518177032470703,0.018358022,4.160177230834961
183,0.0,406,500.0,4526,1831488,28.61894067,4446,0.7797764539718628,-0.01218465609708801,0.13095703125,-0.7705011442303658,9.72692530155182,0.2,0.0001,0.2752451002597809,0.016908174,3.834409713745117
183,0.0,407,500.0,4533,1833536,28.81469275,4451,0.8768860697746277,-0.009405260969651863,0.17060546875,-0.7712376534938812,3.2150455832481386,0.2,0.0001,0.27517399191856384,0.019865047,0.32267552614212036
184,0.0,408,500.0,4539,1835584,29.529162939999996,4456,0.9564415216445923,-0.007756938657257706,0.2076171875,-0.7708613812923432,2.2141077131032945,0.2,0.0001,0.27533575892448425,0.0149406735,0.7659157514572144
184,0.0,409,500.0,4546,1837632,29.41367883,4461,0.9814121723175049,-0.015611632459331304,0.2478515625,-0.7741226330399513,1.2323070228099824,0.2,0.0001,0.2753645181655884,0.029873302,0.5087893605232239
184,0.0,410,500.0,4552,1839680,28.943428029999993,4466,0.8503745198249817,-0.009004702640231699,0.155859375,-0.7744062453508377,6.837471801042557,0.2,0.0001,0.27544912695884705,0.015963953,1.772499442100525
184,0.0,411,500.0,4558,1841728,29.6235606,4471,0.9402666091918945,-0.013337928184773773,0.20390625,-0.7775619313120842,2.765222337841988,0.2,0.0001,0.2756389081478119,0.024855532,0.8322885036468506
184,0.0,412,500.0,4565,1843776,30.28999218,4476,0.9842068552970886,-0.010100484592840075,0.224609375,-0.7807267725467681,0.747774352133274,0.2,0.0001,0.2756584882736206,0.026393559,0.3594748377799988
185,0.0,413,500.0,4571,1845824,30.932596089999997,4481,0.966450035572052,-0.012358344485983252,0.241796875,-0.7814875036478043,2.2859223425388335,0.2,0.0001,0.2758103311061859,0.024404122,0.9398964047431946
185,0.0,414,500.0,4577,1847872,31.236451180000003,4486,0.9809110164642334,-0.010194745229091496,0.19345703125,-0.7866080805659295,1.3117034614086152,0.2,0.0001,0.27608904242515564,0.022534415,0.6615172624588013
185,0.0,415,500.0,4585,1849920,29.99502626,4491,0.8115354180335999,-0.007972106448141858,0.18232421875,-0.7903034225106239,11.124738550186157,0.2,0.0001,0.2761155068874359,0.017842768,4.8526611328125
183,0.0,416,500.0,4641,1851968,29.765848629999997,4496,0.6398638486862183,-0.009315565135329962,0.10361328125,-0.7906998842954636,11.869101762771606,0.2,0.0001,0.27616679668426514,0.012380014,3.6036465167999268
183,0.0,417,500.0,4648,1854016,29.49015315,4501,0.713799238204956,-0.010712333663832396,0.12978515625,-0.791770638525486,5.663840574026108,0.2,0.0001,0.2761681079864502,0.013975889,0.7885307669639587
183,0.0,418,500.0,4655,1856064,29.655235400000002,4506,0.863134503364563,-0.006864684406900778,0.24111328125,-0.7924108684062958,6.453979396820069,0.2,0.0001,0.2763276994228363,0.025745668,2.4872539043426514
184,0.0,419,500.0,4661,1858112,29.814922779999993,4511,0.9356021285057068,-0.01057702155667357,0.16181640625,-0.7961372211575508,2.5135332614183428,0.2,0.0001,0.27643993496894836,0.02384721,0.49965405464172363
184,0.0,420,500.0,4668,1860160,29.460574300000005,4516,0.869756281375885,-0.007492329645901919,0.210546875,-0.7974821209907532,5.111631548404693,0.2,0.0001,0.2764718532562256,0.020472381,1.0147571563720703
184,0.0,421,500.0,4675,1862208,29.26703937,4521,0.861504077911377,-0.008993356849532574,0.1451171875,-0.7982116937637329,7.5355128109455105,0.2,0.0001,0.2765113413333893,0.016594343,2.7448134422302246
184,0.0,422,500.0,4681,1864256,29.2829947,4526,0.9132637977600098,-0.00958710863487795,0.173828125,-0.8000637322664261,3.1037827491760255,0.2,0.0001,0.2766630947589874,0.026028179,1.0631630420684814
184,0.0,423,500.0,4688,1866304,29.449107879999996,4531,0.8618990778923035,-0.010317521577235311,0.22158203125,-0.8023954957723618,6.1923548698425295,0.2,0.0001,0.2766712009906769,0.021947457,3.765594720840454
184,0.0,424,500.0,4694,1868352,29.961856400000002,4536,0.9327712655067444,-0.011915563174989074,0.17822265625,-0.8028226375579834,2.260133665800095,0.2,0.0001,0.27675989270210266,0.023230273,0.8934481143951416
185,0.0,425,500.0,4701,1870400,30.057275990000004,4541,0.9708411693572998,-0.00976430626178626,0.2107421875,-0.8049453899264336,1.8130639761686325,0.2,0.0001,0.27680352330207825,0.025731348,0.3232833743095398
185,0.0,426,500.0,4708,1872448,30.400465409999995,4546,0.9659212231636047,-0.01681994498940185,0.23701171875,-0.8062791109085083,1.9283949494361878,0.2,0.0001,0.2769271731376648,0.029924758,0.804142951965332
185,0.0,427,500.0,4714,1874496,30.015692369999996,4551,0.9656712412834167,-0.0072218898858409375,0.1953125,-0.80831378698349,2.0594649448990823,0.2,0.0001,0.276991069316864,0.021808943,0.8319233655929565
183,0.0,428,500.0,4779,1876544,30.58681282,4556,0.8338248133659363,-0.007281226792838424,0.1513671875,-0.8089466124773026,6.890588134527206,0.2,0.0001,0.27700451016426086,0.013991883,1.5188490152359009
183,0.0,429,500.0,4786,1878592,30.315634740000004,4561,0.9453722238540649,-0.006102583091706038,0.1541015625,-0.8093278795480728,2.051479533314705,0.2,0.0001,0.27700719237327576,0.020619307,0.6026419401168823
183,0.0,430,500.0,4793,1880640,30.74480666,4566,0.8907932043075562,-0.007471810921560973,0.195703125,-0.8102219268679619,6.122535163164139,0.2,0.0001,0.2770461142063141,0.021050412,3.7627921104431152
183,0.0,431,500.0,4800,1882688,30.77021441999999,4571,0.9380841255187988,-0.006600345415063202,0.14951171875,-0.8080263406038284,1.444055864214897,0.2,0.0001,0.2767581641674042,0.020874705,0.2971175014972687
184,0.0,432,500.0,4806,1884736,30.56072568,4576,0.9745518565177917,-0.012111454806290566,0.2201171875,-0.8018463850021362,1.237037183344364,0.2,0.0001,0.2765880823135376,0.021079626,0.2990453243255615
184,0.0,433,500.0,4813,1886784,30.6632833,4581,0.9733113050460815,-0.00937525691697374,0.2193359375,-0.8000778734683991,1.5905162513256073,0.2,0.0001,0.2766015827655792,0.028733267,0.6226893067359924
184,0.0,434,500.0,4819,1888832,31.37301669,4586,0.9770749807357788,-0.00997625847812742,0.21181640625,-0.8025239527225494,1.4746862724423409,0.2,0.0001,0.2768745720386505,0.018950392,0.47508761286735535
184,0.0,435,500.0,4825,1890880,31.058674959999998,4591,0.977882981300354,-0.014030507148709149,0.19970703125,-0.8090169996023178,1.261128531396389,0.2,0.0001,0.27711793780326843,0.024159685,0.44712361693382263
184,0.0,436,500.0,4832,1892928,30.63618305,4596,0.964044451713562,-0.01577704183291644,0.2396484375,-0.8134353086352348,1.5279835656285286,0.2,0.0001,0.2772682309150696,0.028558832,0.4363451898097992
184,0.0,437,500.0,4838,1894976,30.525234479999995,4601,0.8683502078056335,-0.005446618644054979,0.21884765625,-0.815710435807705,5.386165386438369,0.2,0.0001,0.2773677110671997,0.0215316,3.1080989837646484
185,0.0,438,500.0,4845,1897024,30.201227279999994,4606,0.9497058987617493,-0.00858734999783337,0.17734375,-0.8175299569964409,1.4375198155641555,0.2,0.0001,0.27740392088890076,0.019722015,0.16774681210517883
185,0.0,439,500.0,4851,1899072,31.18100246,4611,0.8878878355026245,-0.008520001627039165,0.2185546875,-0.8180703490972518,6.447482651472091,0.2,0.0001,0.27745625376701355,0.023327516,3.3140969276428223
183,0.0,440,500.0,4915,1901120,32.14848989,4616,0.9766294956207275,-0.011323580914177001,0.25244140625,-0.8202398076653481,1.0721876904368401,0.2,0.0001,0.27755916118621826,0.023795258,0.2844622731208801
183,0.0,441,500.0,4921,1903168,31.831205379999997,4621,0.9727708697319031,-0.007474883948452771,0.226953125,-0.8213107734918594,1.7848760172724725,0.2,0.0001,0.2775304615497589,0.02299491,0.9386882185935974
183,0.0,442,500.0,4927,1905216,32.20047495,4626,0.8751763105392456,-0.008600147720426322,0.15068359375,-0.820239806175232,5.7106528878211975,0.2,0.0001,0.2775600850582123,0.018250205,1.7385010719299316
183,0.0,443,500.0,4934,1907264,32.01054148,4631,0.9618287086486816,-0.0073601422656793146,0.2056640625,-0.8210379973053932,1.0219263270497323,0.2,0.0001,0.27753832936286926,0.029120483,0.16977135837078094
184,0.0,444,500.0,4941,1909312,32.47266326999999,4636,0.978742241859436,-0.008494784886715933,0.24287109375,-0.8204733818769455,1.5498129814863204,0.2,0.0001,0.2775394022464752,0.026115455,0.5212788581848145
184,0.0,445,500.0,4947,1911360,33.055613179999995,4641,0.9794332385063171,-0.005258465104270726,0.27705078125,-0.8212967827916146,1.343533281981945,0.2,0.0001,0.2776319980621338,0.03644905,0.5468429327011108
184,0.0,446,500.0,4954,1913408,33.320787319999994,4646,0.9872974753379822,-0.011053817602805794,0.2455078125,-0.823221255838871,0.8721418596804142,0.2,0.0001,0.2777349352836609,0.021533968,0.4951312839984894
184,0.0,447,500.0,4961,1915456,33.25161547,4651,0.9305931329727173,-0.006738589983433485,0.17763671875,-0.8256284028291703,6.151827979087829,0.2,0.0001,0.27784836292266846,0.01630073,2.620988607406616
184,0.0,448,500.0,4967,1917504,33.51503831,4656,0.9560392498970032,-0.006093301135115326,0.2068359375,-0.8283591151237488,2.1951769679784774,0.2,0.0001,0.27792155742645264,0.026065648,0.9940001964569092
184,0.0,449,500.0,4974,1919552,33.34983515999999,4661,0.9648755788803101,-0.009527272573905066,0.2001953125,-0.8269628331065177,1.1342756494879722,0.2,0.0001,0.277669757604599,0.025144015,0.4978213608264923
185,0.0,450,500.0,4980,1921600,33.366746119999995,4666,0.9528537392616272,-0.00805205210344866,0.234765625,-0.8217023923993111,2.1806082159280775,0.2,0.0001,0.27763286232948303,0.021823272,0.770769476890564
185,0.0,451,500.0,4987,1923648,33.58788706,4671,0.9574596285820007,-0.004389401277876459,0.19287109375,-0.8220931485295295,2.2368625953793524,0.2,0.0001,0.27761292457580566,0.015575411,1.1718299388885498
183,0.0,452,500.0,5056,1925696,33.56505122,4676,0.9486100077629089,-0.009103018522728235,0.1650390625,-0.8202355116605758,2.5040034621953966,0.2,0.0001,0.2774514853954315,0.017289132,0.8538545966148376
183,0.0,453,500.0,5063,1927744,32.47545557,4681,0.8462369441986084,-0.0038071529124863446,0.1681640625,-0.8177993327379227,8.673438054323196,0.2,0.0001,0.2774093747138977,0.01589762,2.5397934913635254
183,0.0,454,500.0,5070,1929792,32.14504786,4686,0.7899957299232483,-0.0087068545864895,0.12001953125,-0.8184196144342423,4.858957153558731,0.2,0.0001,0.2775663137435913,0.013952889,0.9605898857116699
183,0.0,455,500.0,5077,1931840,31.487362879999996,4691,0.8551966547966003,-0.011192847799975425,0.18876953125,-0.8215027153491974,8.890413618087768,0.2,0.0001,0.27757272124290466,0.019249108,5.1864519119262695
183,0.0,456,500.0,5083,1933888,30.903981810000005,4696,0.8869202136993408,-0.00807904681423679,0.1744140625,-0.8198831900954247,8.116784459352493,0.2,0.0001,0.27748605608940125,0.02288026,2.59596848487854
183,0.0,457,500.0,5090,1935936,30.64412111,4701,0.8989440202713013,-0.007841259491397069,0.1931640625,-0.8176150396466255,4.856868499517441,0.2,0.0001,0.2773628532886505,0.024238467,2.333164930343628
184,0.0,458,500.0,5096,1937984,30.447508949999996,4706,0.9423455595970154,-0.010504753807106533,0.19489020270270271,-0.8149573851276088,1.7663371256879858,0.2,0.0001,0.27720901370048523,0.036039934,0.42018741369247437
184,0.0,459,500.0,5103,1940032,30.986191119999997,4711,0.9200261831283569,-0.012342558160889893,0.19267578125,-0.8130341112613678,3.9810176134109496,0.2,0.0001,0.2772686183452606,0.019740645,1.111877679824829
184,0.0,460,500.0,5110,1942080,31.268051570000008,4716,0.9461871981620789,-0.013566028117202223,0.1947265625,-0.8157919913530349,3.269559359550476,0.2,0.0001,0.2774261236190796,0.021157812,1.3516546487808228
184,0.0,461,500.0,5117,1944128,31.564584089999997,4721,0.9768864512443542,-0.010089192516170442,0.22900390625,-0.8170928508043289,1.7608925998210907,0.2,0.0001,0.27735435962677,0.021642815,0.6095473766326904
184,0.0,462,500.0,5124,1946176,32.04232051,4726,0.9637416005134583,-0.01143376916879788,0.1982421875,-0.8166209653019905,2.003050850331783,0.2,0.0001,0.2774450182914734,0.018961066,0.8482696413993835
184,0.0,463,500.0,5131,1948224,32.03864164,4731,0.9539490938186646,-0.012218225013930351,0.187109375,-0.82120401263237,2.9914458751678468,0.2,0.0001,0.27775630354881287,0.023709659,1.063070297241211
182,0.0,464,500.0,5198,1950272,31.3346685,4736,0.850907027721405,-0.012036802666261791,0.170703125,-0.8262714937329292,8.41211158633232,0.2,0.0001,0.27789297699928284,0.01873668,3.149228096008301
182,0.0,465,500.0,5205,1952320,31.222060620000008,4741,0.9678319692611694,-0.01029842479620129,0.21025390625,-0.82922473102808,1.741715045273304,0.2,0.0001,0.27803316712379456,0.030421752,0.6227384209632874
183,0.0,466,500.0,5212,1954368,31.030479480000004,4746,0.906173050403595,-0.012773971841670572,0.1791015625,-0.8314065277576447,3.035421925783157,0.2,0.0001,0.27811917662620544,0.020986848,0.7797262072563171
183,0.0,467,500.0,5218,1956416,31.358496649999996,4751,0.8729519844055176,-0.012007487347000278,0.18955078125,-0.8330331519246101,5.797790789604187,0.2,0.0001,0.2781488597393036,0.02573806,1.6254881620407104
183,0.0,468,500.0,5225,1958464,30.71318879,4756,0.8792462944984436,-0.008346115495078266,0.15283203125,-0.8334933578968048,3.839813709259033,0.2,0.0001,0.2781599164009094,0.017186195,0.6268264055252075
183,0.0,469,500.0,5231,1960512,30.296557240000002,4761,0.8545603156089783,-0.011475580674596132,0.1736328125,-0.8343073129653931,6.659572678804397,0.2,0.0001,0.27827057242393494,0.016207155,1.792525291442871
183,0.0,470,500.0,5238,1962560,30.264557440000004,4766,0.9548283219337463,-0.009755638462956994,0.17216796875,-0.8380883514881134,2.8988540560007094,0.2,0.0001,0.27849140763282776,0.019661687,1.6427091360092163
183,0.0,471,500.0,5244,1964608,30.369908700000007,4771,0.9444110989570618,-0.01179378266291072,0.20442708333333334,-0.841239826546775,2.8938946525255838,0.2,0.0001,0.27848151326179504,0.031110484,1.1533944606781006
184,0.0,472,500.0,5251,1966656,30.111287219999998,4776,0.9765689373016357,-0.007520442828536034,0.219921875,-0.8404224529862404,1.8427978157997131,0.2,0.0001,0.27846559882164,0.028856445,0.7215256094932556
184,0.0,473,500.0,5257,1968704,29.907265540000004,4781,0.9040300250053406,-0.011246332238079049,0.2302734375,-0.8401745736598969,4.452408313751221,0.2,0.0001,0.27849113941192627,0.030402381,1.3932535648345947
184,0.0,474,500.0,5264,1970752,30.137067649999995,4786,0.9778897762298584,-0.010767116484930738,0.23544921875,-0.8402745813131333,1.483039602637291,0.2,0.0001,0.27840423583984375,0.025516331,0.34601762890815735
184,0.0,475,500.0,5270,1972800,30.13202326,4791,0.9810683727264404,-0.008835336362244562,0.2095703125,-0.8392149969935417,0.8350215133279562,0.2,0.0001,0.2784753739833832,0.0200645,0.24793092906475067
184,0.0,476,500.0,5277,1974848,30.275159110000004,4796,0.9614896774291992,-0.005200787482317537,0.20703125,-0.841829064488411,2.0762930676341056,0.2,0.0001,0.27860313653945923,0.023498092,0.8644946813583374
183,0.0,477,500.0,5332,1976896,31.194449010000003,4801,0.9607934951782227,-0.013381510612089188,0.2451171875,-0.8424877673387527,2.3443930089473723,0.2,0.0001,0.2785072922706604,0.032599173,1.2118885517120361
183,0.0,478,500.0,5339,1978944,31.791785700000002,4806,0.8787092566490173,-0.007393477368168533,0.24609375,-0.8411747083067894,6.329353803396225,0.2,0.0001,0.27853384613990784,0.029987346,2.381138801574707
183,0.0,479,500.0,5345,1980992,32.53097071,4811,0.9652836322784424,-0.010987998457858339,0.2423828125,-0.8413648203015327,1.6650760263204574,0.2,0.0001,0.2784966826438904,0.02531418,0.6368581652641296
183,0.0,480,500.0,5352,1983040,32.85671966,4816,0.9511445760726929,-0.01543421185342595,0.2427734375,-0.8405802041292191,2.6998054146766663,0.2,0.0001,0.2784349024295807,0.03157077,1.0105129480361938
183,0.0,481,500.0,5358,1985088,32.628097000000004,4821,0.9568184614181519,-0.01581222498207353,0.23154296875,-0.8397832185029983,1.635280828177929,0.2,0.0001,0.2785380184650421,0.022863945,0.39574939012527466
183,0.0,482,500.0,5365,1987136,32.17131668000001,4826,0.9726250767707825,-0.011261899920646102,0.21904296875,-0.8417072474956513,1.9585431933403015,0.2,0.0001,0.27847355604171753,0.026908632,0.735660195350647
184,0.0,483,500.0,5371,1989184,31.97003324,4831,0.8756273984909058,-0.009398748097009958,0.2048828125,-0.8415249288082123,5.499025404453278,0.2,0.0001,0.27862608432769775,0.021057785,2.076629638671875
184,0.0,484,500.0,5378,1991232,31.43129253,4836,0.9300936460494995,-0.009040279558394104,0.2005859375,-0.8430613815784455,1.9623324975371361,0.2,0.0001,0.2784770429134369,0.023578918,0.5737248063087463
184,0.0,485,500.0,5385,1993280,30.924897180000002,4841,0.7945545315742493,-0.007790453790221363,0.19921875,-0.839000652730465,10.07713816165924,0.2,0.0001,0.2783636450767517,0.015700648,3.176981210708618
184,0.0,486,500.0,5392,1995328,30.85361882,4846,0.9167984127998352,-0.011868026538286358,0.17421875,-0.8383058816194534,2.4165221229195595,0.2,0.0001,0.27839168906211853,0.026647488,0.4801860749721527
184,0.0,487,500.0,5398,1997376,30.326130850000006,4851,0.8747767806053162,-0.009968090243637562,0.21220703125,-0.8391957253217697,6.119792115688324,0.2,0.0001,0.27845436334609985,0.021523748,1.546032190322876
184,0.0,488,500.0,5405,1999424,30.52742745,4856,0.9765676259994507,-0.013588566821999848,0.216796875,-0.8431875467300415,1.016395704448223,0.2,0.0001,0.2787858545780182,0.026752524,0.30068305134773254
