time/iterations,rollout/success_rate,rollout/ep_rew_mean,rollout/ep_len_mean,time/fps,time/total_timesteps,time/time_elapsed,train/value_loss,train/explained_variance,train/approx_kl,train/entropy_loss,train/std,train/clip_fraction,train/loss,train/learning_rate,train/clip_range,train/policy_gradient_loss,train/n_updates
1,0.0,13.709311580000001,497.67,64,1002048,31,,,,,,,,,,,
2,0.0,13.698960949999998,497.67,63,1004096,64,0.7446672581136227,0.8725143671035767,0.015943557,-14.865799021720886,0.23318685591220856,0.20966796875,0.11421896517276764,0.0001,0.2,-0.025087978958617897,2445
3,0.0,13.62919128,497.67,63,1006144,96,0.42585429921746254,0.9335845708847046,0.013266322,-14.625526857376098,0.23321418464183807,0.144921875,0.061656251549720764,0.0001,0.2,-0.018597160174977034,2450
4,0.0,13.3422406,496.33,63,1008192,128,0.5536345630884171,0.9214669466018677,0.014495308,-14.233102989196777,0.23321126401424408,0.10458984375,0.16059008240699768,0.0001,0.2,-0.015215589303988964,2455
5,0.0,13.255725959999998,496.33,63,1010240,160,1.6259422332048417,0.8067130446434021,0.015128863,-14.703080296516418,0.23327498137950897,0.08935546875,0.3257571756839752,0.0001,0.2,-0.013154841965297237,2460
6,0.0,13.23335684,496.33,63,1012288,192,0.8316858105361462,0.8794807195663452,0.011987699,-14.440832662582398,0.23333410918712616,0.08095703125,0.21959573030471802,0.0001,0.2,-0.012441476294770836,2465
7,0.0,13.294228140000003,496.33,63,1014336,225,0.2133488990366459,0.9750187993049622,0.02046828,-14.494839787483215,0.23332302272319794,0.20693359375,-0.01679382473230362,0.0001,0.2,-0.026961430651135744,2470
8,0.0,13.38500956,496.33,63,1016384,257,0.17175400201231242,0.9763898849487305,0.019530058,-14.349436616897583,0.23334431648254395,0.183203125,-0.026198841631412506,0.0001,0.2,-0.021571319946087898,2475
9,0.0,13.299114200000002,496.33,63,1018432,290,0.2237796675413847,0.975321888923645,0.02048451,-14.566016697883606,0.23338288068771362,0.1376953125,-0.011601895093917847,0.0001,0.2,-0.015907720779068768,2480
10,0.0,13.478117140000002,497.94,63,1020480,323,0.5242565855383873,0.9456355571746826,0.01605626,-14.443982577323913,0.23338985443115234,0.14697265625,0.11108750104904175,0.0001,0.2,-0.019183272775262595,2485
11,0.0,13.46343059,497.94,63,1022528,356,0.1310470003634691,0.9823015332221985,0.018516349,-14.307588982582093,0.23339058458805084,0.20009765625,-0.04641282185912132,0.0001,0.2,-0.022273599216714502,2490
12,0.0,13.504299529999999,497.94,63,1024576,388,0.5230690754950047,0.9501111507415771,0.01746112,-14.416422700881958,0.23330682516098022,0.16416015625,0.09714631736278534,0.0001,0.2,-0.017461991356685757,2495
13,0.0,13.57623957,497.94,63,1026624,421,0.13311738818883895,0.98497474193573,0.016886782,-14.365873956680298,0.23322194814682007,0.1810546875,-0.03526340052485466,0.0001,0.2,-0.018449453043285758,2500
14,0.0,13.660856780000001,497.94,63,1028672,453,0.10996596571058034,0.98650723695755,0.013417118,-14.421426224708558,0.23324771225452423,0.12880859375,-0.06211552396416664,0.0001,0.2,-0.015956684667617082,2505
15,0.0,13.31527309,495.72,63,1030720,485,0.15551216676831245,0.98186194896698,0.015972804,-14.515311312675475,0.23326437175273895,0.18525390625,-0.02898627519607544,0.0001,0.2,-0.022620340040884913,2510
16,0.0,13.32016024,495.72,63,1032768,518,5.52158499956131,0.7707233428955078,0.0115845855,-14.851788854598999,0.23322993516921997,0.05693359375,1.728606104850769,0.0001,0.2,-0.0128063456970267,2515
17,0.0,13.418222239999999,495.72,63,1034816,550,0.23861373141407966,0.9653623104095459,0.01553874,-14.553594851493836,0.23327194154262543,0.10693359375,-0.023484088480472565,0.0001,0.2,-0.01736256955191493,2520
18,0.0,13.440890219999996,495.72,63,1036864,583,0.405847043171525,0.9529328346252441,0.0116043575,-14.688796019554138,0.23339463770389557,0.0921875,0.03710697591304779,0.0001,0.2,-0.015724104095716028,2525
19,0.0,13.44433242,495.72,63,1038912,615,0.3252845570445061,0.9446224570274353,0.015276483,-14.500942635536195,0.2334854006767273,0.11962890625,-0.017181962728500366,0.0001,0.2,-0.016485552093945442,2530
20,0.0,13.454036140000001,495.72,63,1040960,647,0.09319184124469757,0.9815199971199036,0.016874619,-14.15886435508728,0.2333817034959793,0.15,-0.05615543946623802,0.0001,0.2,-0.0207333542406559,2535
21,0.0,13.13088063,496.12,63,1043008,678,0.27587371356785295,0.9632571339607239,0.021134922,-14.454355311393737,0.23326291143894196,0.18427734375,-0.01687782257795334,0.0001,0.2,-0.023641748796217145,2540
22,0.0,13.171185469999998,496.12,63,1045056,711,3.3337305784225464,0.8665702939033508,0.013804875,-14.728442978858947,0.2332714945077896,0.0982421875,1.176530361175537,0.0001,0.2,-0.015764700609724968,2545
23,0.0,13.201725809999997,496.12,63,1047104,743,0.36240695118904115,0.9626272916793823,0.01571125,-14.501006364822388,0.23330380022525787,0.1341796875,0.09016215801239014,0.0001,0.2,-0.021027137513738126,2550
24,0.0,13.22441104,496.12,63,1049152,775,0.24564436934888362,0.9767672419548035,0.016166631,-14.53766164779663,0.23336143791675568,0.13330078125,0.028511203825473785,0.0001,0.2,-0.017214537598192692,2555
25,0.0,13.26022053,496.12,63,1051200,807,0.30905413143336774,0.97519850730896,0.014392829,-14.48127634525299,0.23335044085979462,0.1458984375,0.030202828347682953,0.0001,0.2,-0.016119415196590124,2560
26,0.0,13.281004180000002,496.12,63,1053248,840,0.1711927954107523,0.9818686842918396,0.014301844,-14.52087082862854,0.23347295820713043,0.1587890625,-0.020693622529506683,0.0001,0.2,-0.01735814162530005,2565
27,0.0,13.347027360000002,496.12,63,1055296,873,0.10584097094833851,0.988006591796875,0.012892636,-14.42757215499878,0.23344875872135162,0.1263671875,-0.05271704122424126,0.0001,0.2,-0.017240570788271726,2570
28,0.0,13.55069484,497.46,63,1057344,905,0.3360246904194355,0.9673746228218079,0.0143076675,-14.608980798721314,0.23320770263671875,0.12548828125,0.05461873114109039,0.0001,0.2,-0.017635106085799636,2575
29,0.0,13.610529120000002,497.46,63,1059392,938,0.22354310229420662,0.971627950668335,0.017009221,-14.270363521575927,0.23306600749492645,0.13525390625,-0.0014483481645584106,0.0001,0.2,-0.01689756123814732,2580
30,0.0,13.755397740000003,497.46,63,1061440,970,0.7333828888833522,0.9099709987640381,0.01936612,-14.44477047920227,0.2331116646528244,0.19365234375,0.11585358530282974,0.0001,0.2,-0.01814133399166167,2585
31,0.0,13.73779084,497.46,63,1063488,1003,0.22339129708707334,0.9726887345314026,0.016237754,-14.530716848373412,0.23306483030319214,0.1521484375,-0.004804469645023346,0.0001,0.2,-0.0189900133991614,2590
32,0.0,13.741573869999998,497.46,63,1065536,1035,0.17275525759905577,0.9782149791717529,0.012616635,-14.28259298801422,0.2331099510192871,0.14111328125,0.0037655457854270935,0.0001,0.2,-0.016878042777534574,2595
33,0.0,13.71873325,497.46,63,1067584,1067,0.11549618151038885,0.9860748052597046,0.016195798,-14.442471122741699,0.23320187628269196,0.14306640625,-0.051744524389505386,0.0001,0.2,-0.017171430424787103,2600
34,0.0,13.76255794,497.46,63,1069632,1100,0.42246240116655825,0.9598181247711182,0.014107041,-14.470482397079468,0.23330062627792358,0.10634765625,0.007359124720096588,0.0001,0.2,-0.012191669683670626,2605
35,0.0,13.8175881,497.46,63,1071680,1133,0.2113014120608568,0.9813633561134338,0.018712407,-14.538830614089965,0.23327352106571198,0.182421875,-0.020275086164474487,0.0001,0.2,-0.01715129302465357,2610
36,0.0,13.817123929999998,497.46,63,1073728,1166,0.11767334081232547,0.9873809218406677,0.012923732,-14.617498183250428,0.23317092657089233,0.10830078125,-0.040221355855464935,0.0001,0.2,-0.015257589350221678,2615
37,0.0,13.791521780000004,497.46,63,1075776,1198,0.1064865430817008,0.9884226322174072,0.014695155,-14.621119117736816,0.23321610689163208,0.15048828125,-0.040048301219940186,0.0001,0.2,-0.015966609271708877,2620
38,0.0,13.80413539,497.46,63,1077824,1231,0.12318567000329494,0.9873123168945312,0.015750755,-14.621676111221314,0.23325411975383759,0.1400390625,-0.0423654280602932,0.0001,0.2,-0.018247436592355372,2625
39,0.0,14.133859130000001,499.68,63,1079872,1263,0.09176473235711455,0.9894264936447144,0.015746828,-14.617900514602661,0.2333710938692093,0.15400390625,-0.06329084932804108,0.0001,0.2,-0.018674697470851244,2630
40,0.0,14.178308620000001,499.68,63,1081920,1295,0.1700915414839983,0.9741144776344299,0.014388715,-14.385018610954285,0.23343497514724731,0.15615234375,-0.03354162722826004,0.0001,0.2,-0.022346600296441466,2635
41,0.0,13.892040589999999,499.68,63,1083968,1328,0.2390522751957178,0.9670663475990295,0.016060302,-14.398659014701844,0.23333740234375,0.16337890625,-0.022080808877944946,0.0001,0.2,-0.017993288254365324,2640
42,0.0,13.85137302,499.68,63,1086016,1360,2.667413851618767,0.7792530059814453,0.012648406,-14.663517117500305,0.23331551253795624,0.08896484375,0.682748019695282,0.0001,0.2,-0.01440773494541645,2645
43,0.0,13.78492484,499.68,63,1088064,1393,0.20838225223124027,0.9656721353530884,0.013290143,-14.692360472679137,0.2333582639694214,0.14951171875,-0.0301661416888237,0.0001,0.2,-0.02188553778687492,2650
44,0.0,13.840533120000002,499.68,63,1090112,1426,0.2326499916613102,0.9729629158973694,0.019989282,-14.734783482551574,0.23341377079486847,0.19912109375,-0.0009914040565490723,0.0001,0.2,-0.018814739398658277,2655
45,0.0,14.236999149999999,500.0,63,1092160,1458,0.13134032525122166,0.9854962229728699,0.017638188,-14.725752449035644,0.23340101540088654,0.15244140625,-0.049901172518730164,0.0001,0.2,-0.023398040561005473,2660
46,0.0,14.3597968,500.0,63,1094208,1491,0.12139584012329578,0.9866963028907776,0.017433656,-14.507396745681763,0.23330731689929962,0.17060546875,-0.04807213321328163,0.0001,0.2,-0.02341734142974019,2665
47,0.0,14.334115780000001,500.0,63,1096256,1523,0.1367071347311139,0.985639750957489,0.018741766,-14.651156067848206,0.23337380588054657,0.16533203125,-0.04232092946767807,0.0001,0.2,-0.020908117343788037,2670
48,0.0,14.302933869999997,500.0,63,1098304,1555,0.09682887876406313,0.9892545938491821,0.017841788,-14.553725290298463,0.23337750136852264,0.1568359375,-0.07113837450742722,0.0001,0.2,-0.02074581361375749,2675
49,0.0,14.3457666,500.0,45,1100352,2194,0.1545347509905696,0.9791846871376038,0.014926095,-14.489993739128114,0.23338234424591064,0.14716796875,-0.025430060923099518,0.0001,0.2,-0.01896951599046588,2680
50,0.0,14.26245615,500.0,45,1102400,2252,0.10500095812603831,0.9830203056335449,0.016650181,-14.380268502235413,0.23341400921344757,0.18818359375,-0.0569697730243206,0.0001,0.2,-0.02038673192728311,2685
51,0.0,14.096953229999999,500.0,45,1104448,2306,0.46251456551253795,0.9092172384262085,0.021911563,-14.550150990486145,0.23347242176532745,0.13486328125,0.03533925861120224,0.0001,0.2,-0.023756492114625872,2690
52,0.0,14.11603033,500.0,45,1106496,2364,0.738105021417141,0.9106175899505615,0.014041725,-15.09897575378418,0.23345690965652466,0.1173828125,0.08569406718015671,0.0001,0.2,-0.017134155507665127,2695
53,0.0,14.00383998,500.0,44,1108544,2414,0.2804338648915291,0.9637277722358704,0.016764048,-14.879594945907593,0.23353470861911774,0.15673828125,0.021233558654785156,0.0001,0.2,-0.01862359846709296,2700
54,0.0,13.53804287,498.98,44,1110592,2472,1.5052298218011857,0.8942734003067017,0.013934712,-14.802702140808105,0.2335558980703354,0.09697265625,0.5359362363815308,0.0001,0.2,-0.014262163429521024,2705
55,0.0,13.510735849999998,498.98,44,1112640,2523,2.636694446206093,0.8373021483421326,0.013801966,-14.685535740852355,0.23360955715179443,0.1220703125,1.0960721969604492,0.0001,0.2,-0.016530199139378966,2710
56,0.0,13.416915939999999,498.98,44,1114688,2580,0.1885099144652486,0.973688006401062,0.015936606,-14.56325945854187,0.23370660841464996,0.1609375,-0.02770186960697174,0.0001,0.2,-0.018464194517582654,2715
57,0.0,13.44020663,498.98,44,1116736,2642,0.1646777842193842,0.9819943904876709,0.016124804,-14.63229866027832,0.2337246686220169,0.1875,-0.03958239406347275,0.0001,0.2,-0.0222643414104823,2720
58,0.0,13.272230219999999,498.98,43,1118784,2701,0.1330949602648616,0.9852244853973389,0.0113684125,-14.687452459335328,0.2338630110025406,0.12314453125,-0.026476271450519562,0.0001,0.2,-0.01511164610274136,2725
59,0.0,13.279485209999995,498.98,43,1120832,2760,0.9322009973227978,0.8253439664840698,0.021037638,-15.070375442504883,0.23388458788394928,0.1197265625,0.1602841168642044,0.0001,0.2,-0.024803312117001042,2730
60,0.0,13.2798857,498.98,43,1122880,2807,0.2854209691286087,0.9510112404823303,0.01737129,-14.682845067977905,0.23387177288532257,0.198828125,-0.014344550669193268,0.0001,0.2,-0.0232389310374856,2735
61,0.0,13.249565309999998,498.98,43,1124928,2861,0.10795998824760318,0.9839156866073608,0.016609536,-14.477617263793945,0.23385877907276154,0.16376953125,-0.03623112291097641,0.0001,0.2,-0.021688306960277258,2740
62,0.0,13.1615466,498.98,36,1126976,3520,0.08712977906689048,0.9900968074798584,0.015862668,-14.533715677261352,0.23379278182983398,0.16875,-0.07665415108203888,0.0001,0.2,-0.021644270233809947,2745
63,0.0,12.870842399999999,498.98,36,1129024,3583,0.2175117963925004,0.9714741706848145,0.019300781,-14.085890865325927,0.23361754417419434,0.16220703125,0.03772994130849838,0.0001,0.2,-0.01834182336460799,2750
64,0.0,12.89984716,498.98,35,1131072,3640,0.908157616853714,0.9433761239051819,0.010870233,-14.934540557861329,0.23364819586277008,0.10205078125,0.2313278466463089,0.0001,0.2,-0.015345030138269067,2755
65,0.0,13.172232570000004,498.98,36,1133120,3696,0.2527054943144321,0.9613430500030518,0.01752,-14.366027569770813,0.2337900996208191,0.15791015625,0.001992546021938324,0.0001,0.2,-0.019247876771260053,2760
66,0.0,13.169397550000003,498.98,35,1135168,3755,0.8942201666533947,0.9009706377983093,0.016500404,-14.683238840103149,0.23365247249603271,0.10341796875,0.14377576112747192,0.0001,0.2,-0.016739862516988068,2765
67,0.0,13.271189200000002,498.98,36,1137216,3804,0.11751871984452009,0.981799304485321,0.017693195,-14.59857518672943,0.23357772827148438,0.1572265625,-0.06875360012054443,0.0001,0.2,-0.019188359077088536,2770
68,0.0,13.30113022,498.98,36,1139264,3859,0.22177907265722752,0.9758092164993286,0.016010141,-14.634058713912964,0.2334720343351364,0.11796875,0.0045683979988098145,0.0001,0.2,-0.016953535168431698,2775
69,0.0,13.236757990000001,498.98,36,1141312,3917,0.27016799673438074,0.966327428817749,0.017623696,-14.612631368637086,0.23354093730449677,0.16982421875,0.005267694592475891,0.0001,0.2,-0.020727439736947417,2780
70,0.0,13.19558237,498.98,36,1143360,3970,0.11257348638027906,0.9835836291313171,0.020488843,-14.466328549385072,0.23353499174118042,0.17470703125,-0.04608165845274925,0.0001,0.2,-0.02129402768914588,2785
71,0.0,13.217777200000002,498.98,36,1145408,4029,0.19966629333794117,0.9765418767929077,0.021324135,-14.466328549385072,0.2333507090806961,0.18203125,-0.004136815667152405,0.0001,0.2,-0.01815669264178723,2790
72,0.0,13.268678560000003,498.98,36,1147456,4084,0.3018089737743139,0.9674248099327087,0.02480089,-14.727652835845948,0.23335303366184235,0.20693359375,0.005603596568107605,0.0001,0.2,-0.02487791650928557,2795
73,0.0,13.24833646,498.98,36,1149504,4123,0.13895610217005014,0.9857044816017151,0.015135267,-14.707277178764343,0.23337996006011963,0.1560546875,-0.06759282201528549,0.0001,0.2,-0.020437128492631018,2800
74,0.0,13.391782999999998,498.98,33,1151552,4532,0.3559153571724892,0.9588760137557983,0.017036824,-14.537726283073425,0.23338930308818817,0.17431640625,0.09287576377391815,0.0001,0.2,-0.021939267963171007,2805
75,0.0,13.654098700000002,498.98,33,1153600,4566,0.10569195449352264,0.9882844686508179,0.015196968,-14.609516143798828,0.2333708554506302,0.14013671875,-0.07067407667636871,0.0001,0.2,-0.021773806813871487,2810
76,0.0,13.651827740000003,498.98,33,1155648,4601,0.15994697771966457,0.9814512133598328,0.020673908,-14.81076409816742,0.23313163220882416,0.183984375,-0.06006096675992012,0.0001,0.2,-0.024137711082585157,2815
77,0.0,13.74339145,498.98,34,1157696,4633,0.24450409449636937,0.9712162017822266,0.01775939,-14.608143544197082,0.23309606313705444,0.17880859375,0.01695094257593155,0.0001,0.2,-0.016714540543034673,2820
78,0.0,13.830569200000003,498.98,34,1159744,4668,0.7733202569186688,0.897413432598114,0.018060252,-14.89692838191986,0.23308509588241577,0.15,0.33246514201164246,0.0001,0.2,-0.02148741527926177,2825
79,0.0,14.22499749,500.0,34,1161792,4703,0.1107219785451889,0.9815486073493958,0.019117624,-14.77336518764496,0.23302222788333893,0.1646484375,-0.06510841846466064,0.0001,0.2,-0.020971660944633187,2830
80,0.0,14.31003164,500.0,34,1163840,4738,0.1855283249169588,0.9776305556297302,0.019952852,-14.770454621315002,0.23293139040470123,0.1603515625,-0.03115691989660263,0.0001,0.2,-0.02322775755310431,2835
81,0.0,14.33241341,500.0,34,1165888,4773,0.13989511486142875,0.9838308095932007,0.01338752,-14.761862015724182,0.23289398849010468,0.1248046875,-0.042380765080451965,0.0001,0.2,-0.0166620894218795,2840
82,0.0,14.38181681,500.0,34,1167936,4806,0.1668871572241187,0.9799806475639343,0.021472126,-14.571971464157105,0.2328985333442688,0.19658203125,-0.05710756033658981,0.0001,0.2,-0.023410664359107613,2845
83,0.0,14.63931867,500.0,35,1169984,4840,0.09880702402442694,0.9894699454307556,0.012151012,-14.71856985092163,0.23278285562992096,0.10810546875,-0.048039816319942474,0.0001,0.2,-0.015190530009567738,2850
84,0.0,14.371644680000005,500.0,35,1172032,4874,0.954498402774334,0.9068660736083984,0.012665015,-14.57548553943634,0.2326698750257492,0.10859375,0.2123134434223175,0.0001,0.2,-0.014432543818838895,2855
85,0.0,14.45230537,500.0,35,1174080,4907,0.8394636563956738,0.9460726976394653,0.013158429,-14.762752461433411,0.23254849016666412,0.130859375,0.3721928000450134,0.0001,0.2,-0.017533935676328837,2860
86,0.0,14.55479232,500.0,33,1176128,5291,0.19573126249015332,0.9727846384048462,0.0173921,-14.621036767959595,0.23249121010303497,0.165625,-0.048443667590618134,0.0001,0.2,-0.02184140622848645,2865
87,0.0,14.69293089,500.0,33,1178176,5325,0.08709054887294769,0.9891289472579956,0.020219663,-14.53188910484314,0.23259609937667847,0.184765625,-0.07251061499118805,0.0001,0.2,-0.020151027443353085,2870
88,0.0,14.895448429999998,500.0,33,1180224,5360,0.06823612079024315,0.9923285245895386,0.010326277,-14.579816484451294,0.23252660036087036,0.112890625,-0.061581213027238846,0.0001,0.2,-0.013659028062829748,2875
89,0.0,14.918563559999997,500.0,33,1182272,5392,0.23128578066825867,0.9720659852027893,0.019472042,-14.58486728668213,0.23239612579345703,0.15791015625,-0.00023315846920013428,0.0001,0.2,-0.01954473068471998,2880
90,0.0,14.977953079999999,500.0,33,1184320,5424,0.1125038681551814,0.9871280193328857,0.0141213825,-14.579827404022216,0.23232509195804596,0.14033203125,-0.05992302671074867,0.0001,0.2,-0.013811489683575928,2885
91,0.0,15.00292662,500.0,34,1186368,5456,0.09508096100762486,0.9877768754959106,0.013677062,-14.574584865570069,0.2321895807981491,0.12392578125,-0.021852225065231323,0.0001,0.2,-0.012880474817939103,2890
92,0.0,15.017248419999998,500.0,34,1188416,5488,0.07453914796933532,0.9896382093429565,0.016783563,-14.59827184677124,0.23205532133579254,0.17294921875,-0.061292897909879684,0.0001,0.2,-0.01783176017925143,2895
93,0.0,15.107472719999999,500.0,34,1190464,5521,0.11389922145754099,0.9857968091964722,0.019312698,-14.54089663028717,0.23202119767665863,0.18232421875,-0.043184127658605576,0.0001,0.2,-0.015340789838228374,2900
94,0.0,15.148226539999998,500.0,34,1192512,5553,0.09360210169106722,0.9893396496772766,0.01946521,-14.598598551750182,0.23193378746509552,0.18828125,-0.056330565363168716,0.0001,0.2,-0.015336807235144079,2905
95,0.0,15.129088569999997,500.0,34,1194560,5584,0.12693947609513997,0.9853531718254089,0.018793881,-14.642812871932984,0.23192620277404785,0.17060546875,-0.04222024232149124,0.0001,0.2,-0.015607742464635522,2910
96,0.0,15.14232951,500.0,35,1196608,5617,0.28741209730505946,0.9606209397315979,0.016353289,-14.592627954483032,0.2319171279668808,0.13916015625,0.05199352651834488,0.0001,0.2,-0.018643373006489126,2915
97,0.0,15.15563215,500.0,35,1198656,5648,0.242560313642025,0.9626836180686951,0.019578952,-14.48233733177185,0.2318873554468155,0.165234375,0.001873299479484558,0.0001,0.2,-0.019469428388401867,2920
98,0.0,15.15510661,500.0,31,1200704,6300,0.24496980756521225,0.9663069248199463,0.018806513,-14.67930884361267,0.23167650401592255,0.154296875,0.01056785136461258,0.0001,0.2,-0.018576472345739604,2925
99,0.0,15.186282980000001,500.0,31,1202752,6339,0.12476906068623066,0.9827452898025513,0.013913734,-14.469483637809754,0.23157525062561035,0.14619140625,-0.04131793603301048,0.0001,0.2,-0.019133036374114454,2930
100,0.0,15.174264799999998,500.0,32,1204800,6371,0.20967946276068689,0.9721218943595886,0.0144953355,-14.583804845809937,0.23149682581424713,0.15244140625,-0.0113455131649971,0.0001,0.2,-0.01882429977413267,2935
101,0.0,15.18277081,500.0,32,1206848,6403,0.0852325951680541,0.9904015064239502,0.015936488,-14.496125388145447,0.23134028911590576,0.180859375,-0.07207275182008743,0.0001,0.2,-0.01973477699793875,2940
102,0.0,15.242743209999999,500.0,32,1208896,6435,0.15793372355401517,0.9797267913818359,0.016176444,-14.694652342796326,0.23126064240932465,0.177734375,-0.03306049108505249,0.0001,0.2,-0.021234073434607127,2945
103,0.0,15.22415099,500.0,32,1210944,6467,0.20398351270705462,0.9786507487297058,0.013076105,-14.805752825736999,0.23123250901699066,0.1267578125,-0.03252604603767395,0.0001,0.2,-0.017436220729723572,2950
104,0.0,15.17262485,500.0,32,1212992,6498,0.12373768482357264,0.984063446521759,0.013573738,-14.565247392654419,0.23110218346118927,0.12421875,-0.03279946744441986,0.0001,0.2,-0.015023443824611604,2955
105,0.0,15.19965091,500.0,32,1215040,6531,0.25598167181015014,0.9579530954360962,0.018245589,-14.467694401741028,0.23101849853992462,0.139453125,-0.031146042048931122,0.0001,0.2,-0.021159881050698458,2960
106,0.0,15.1375839,500.0,33,1217088,6564,0.11641055755317212,0.9850767254829407,0.0195436,-14.55491840839386,0.23079688847064972,0.17138671875,-0.07465989887714386,0.0001,0.2,-0.022700403723865746,2965
107,0.0,15.159431640000001,500.0,33,1219136,6596,0.14102528151124716,0.9822420477867126,0.015352605,-14.462360453605651,0.23074127733707428,0.15830078125,-0.04569578915834427,0.0001,0.2,-0.01664333795197308,2970
108,0.0,15.31221152,500.0,33,1221184,6627,0.10314244078472257,0.9878923892974854,0.018015705,-14.63161346912384,0.23062990605831146,0.16435546875,-0.04640600085258484,0.0001,0.2,-0.018243982945568858,2975
109,0.0,15.46398668,500.0,33,1223232,6659,0.08106430424377323,0.9904509782791138,0.017952252,-14.605255818367004,0.23052890598773956,0.15634765625,-0.06939934194087982,0.0001,0.2,-0.015354649897199124,2980
110,0.0,15.449443439999998,500.0,31,1225280,7078,0.09220617339015007,0.9902111887931824,0.015111102,-14.681226873397828,0.23045575618743896,0.1609375,-0.059930603951215744,0.0001,0.2,-0.016062748502008617,2985
111,0.0,15.4515877,500.0,31,1227328,7113,0.08197556091472506,0.9911448359489441,0.016747493,-14.706849265098572,0.2302645593881607,0.18955078125,-0.06697377562522888,0.0001,0.2,-0.018158865522127598,2990
112,0.0,15.155907440000004,498.31,32,1229376,7147,0.16064402647316456,0.9812840223312378,0.01587216,-14.641924715042114,0.23022256791591644,0.1619140625,-0.04836438596248627,0.0001,0.2,-0.01539707244373858,2995
113,0.0,15.12592595,498.31,32,1231424,7182,3.202681356668472,0.7902674674987793,0.00970125,-14.822695112228393,0.23017726838588715,0.08486328125,1.1875666379928589,0.0001,0.2,-0.009113161358982325,3000
114,0.0,15.127058069999999,498.31,32,1233472,7216,0.09268343253061176,0.9870414137840271,0.015390064,-14.705512022972107,0.23022060096263885,0.1412109375,-0.08509417623281479,0.0001,0.2,-0.020163706981111317,3005
115,0.0,15.08640308,498.31,32,1235520,7250,0.10599919278174638,0.9856335520744324,0.012772086,-14.632857418060302,0.23018305003643036,0.1052734375,-0.040500760078430176,0.0001,0.2,-0.01688090570969507,3010
116,0.0,15.089693030000001,498.31,32,1237568,7286,0.09031401621177793,0.9873266816139221,0.010957455,-14.611161422729491,0.23033608496189117,0.16328125,-0.06169820576906204,0.0001,0.2,-0.016674309386871755,3015
117,0.0,15.118753800000002,498.31,32,1239616,7320,0.1006271700374782,0.9867293238639832,0.014901985,-14.56842906475067,0.2301868200302124,0.1220703125,-0.05585545673966408,0.0001,0.2,-0.016691795375663787,3020
118,0.0,15.1198902,498.31,32,1241664,7356,0.07212754171341658,0.9899176359176636,0.019052763,-14.67593810558319,0.23013435304164886,0.19052734375,-0.08209868520498276,0.0001,0.2,-0.022378654265776277,3025
119,0.0,15.230951729999997,498.31,32,1243712,7390,0.04349293527193367,0.9947556853294373,0.01817489,-14.628764724731445,0.23010802268981934,0.2091796875,-0.08251017332077026,0.0001,0.2,-0.021553166027297267,3030
120,0.0,15.23956774,498.31,33,1245760,7425,0.07380930231884122,0.9913061261177063,0.021091089,-14.521876764297485,0.23006242513656616,0.20732421875,-0.07410348951816559,0.0001,0.2,-0.021849152527283876,3035
121,0.0,15.067920960000002,498.31,33,1247808,7460,0.09658688008785248,0.9891649484634399,0.01905452,-14.66809606552124,0.22983120381832123,0.158203125,-0.06545501947402954,0.0001,0.2,-0.02003225635853596,3040
122,0.0,15.117146300000003,498.31,33,1249856,7494,2.1820518881082536,0.7988991737365723,0.013638057,-14.858473348617554,0.22974777221679688,0.11240234375,0.6666170358657837,0.0001,0.2,-0.012691026902757585,3045
123,0.0,15.1309687,498.31,31,1251904,7897,0.16259036231786012,0.9787622094154358,0.014092307,-14.529872369766235,0.2297828644514084,0.1171875,-0.05214081332087517,0.0001,0.2,-0.017841016850434245,3050
124,0.0,14.992126700000004,498.31,32,1253952,7933,0.08331774286925793,0.9912886023521423,0.017321672,-14.653106927871704,0.22983036935329437,0.189453125,-0.06163160875439644,0.0001,0.2,-0.013771219039335847,3055
125,0.0,15.035953919999999,498.31,32,1256000,7968,2.1101819425821304,0.81198650598526,0.0100428425,-14.572529721260072,0.22983665764331818,0.1212890625,0.6131123304367065,0.0001,0.2,-0.0098389029270038,3060
126,0.0,15.10493982,498.31,32,1258048,8003,0.1048573668114841,0.9853755235671997,0.01323833,-14.557467699050903,0.22986114025115967,0.130859375,-0.06316110491752625,0.0001,0.2,-0.01807268529664725,3065
127,0.0,15.11214935,498.31,32,1260096,8037,0.08113701622933149,0.9908239841461182,0.013685666,-14.555977964401245,0.22975905239582062,0.1123046875,-0.06965280324220657,0.0001,0.2,-0.01467655790038407,3070
128,0.0,15.215104059999998,498.31,32,1262144,8071,0.14576406087726354,0.9825349450111389,0.022402886,-14.495635747909546,0.22970539331436157,0.221875,-0.045018211007118225,0.0001,0.2,-0.020443294185679407,3075
129,0.0,15.174085360000001,498.31,32,1264192,8106,0.07500571617856622,0.9924746751785278,0.017696489,-14.52287700176239,0.22962415218353271,0.15361328125,-0.05422133207321167,0.0001,0.2,-0.014487443980760873,3080
130,0.0,15.148523769999999,498.31,32,1266240,8140,0.18214924409985542,0.9785982966423035,0.017906606,-14.662281727790832,0.22939465939998627,0.18603515625,-0.03620897978544235,0.0001,0.2,-0.0253639581031166,3085
131,0.0,15.16168496,498.31,32,1268288,8173,0.07387701515108347,0.9899908900260925,0.01831694,-14.409307765960694,0.22920989990234375,0.16396484375,-0.04721899330615997,0.0001,0.2,-0.019484637840650975,3090
132,0.0,15.15359275,498.31,32,1270336,8208,0.06310695987194777,0.994086742401123,0.0180395,-14.507795882225036,0.22905157506465912,0.19638671875,-0.08037728071212769,0.0001,0.2,-0.02041629407322034,3095
133,0.0,15.141033739999997,498.31,33,1272384,8244,0.20244843289256095,0.9740498661994934,0.016888348,-14.490595245361328,0.22890900075435638,0.16181640625,-0.023613341152668,0.0001,0.2,-0.018893579323776066,3100
134,0.0,15.19438217,498.31,33,1274432,8279,0.16083405986428262,0.978845477104187,0.012947891,-14.78078842163086,0.22892272472381592,0.13359375,-0.032024845480918884,0.0001,0.2,-0.01723875084426254,3105
135,0.0,15.20982033,498.31,31,1276480,8662,0.08357131835073232,0.9916645884513855,0.01617408,-14.509747576713561,0.2289402335882187,0.1466796875,-0.056199003010988235,0.0001,0.2,-0.01617895645322278,3110
136,0.0,14.848017299999999,498.31,32,1278528,8699,1.1732301712036133,0.8241974115371704,0.014691408,-14.707149171829224,0.22895415127277374,0.12109375,0.2749354839324951,0.0001,0.2,-0.020475907757645472,3115
137,0.0,15.210627209999998,500.0,32,1280576,8735,0.278128706663847,0.9197407364845276,0.015376819,-14.69864854812622,0.22901727259159088,0.10234375,-0.03319334238767624,0.0001,0.2,-0.01873961421661079,3120
138,0.0,15.21584894,500.0,32,1282624,8771,0.10542797185480594,0.9873237013816833,0.015360027,-14.64073932170868,0.229198157787323,0.161328125,-0.051804423332214355,0.0001,0.2,-0.0170133828476537,3125
139,0.0,15.2286138,500.0,32,1284672,8807,0.08891467535868287,0.9895466566085815,0.015628833,-14.609237837791444,0.22939448058605194,0.1474609375,-0.056781966239213943,0.0001,0.2,-0.015269267780240625,3130
140,0.0,15.197462510000003,500.0,32,1286720,8842,0.07659460483118892,0.9900137186050415,0.018121438,-14.529934287071228,0.22930067777633667,0.1662109375,-0.07839998602867126,0.0001,0.2,-0.01653024985571392,3135
141,0.0,15.208492809999997,500.0,32,1288768,8879,0.05767872198484838,0.9931492805480957,0.018785572,-14.516511750221252,0.22917558252811432,0.22861328125,-0.09352590143680573,0.0001,0.2,-0.019986216258257628,3140
142,0.0,15.176968899999999,500.0,32,1290816,8915,0.18167660534381866,0.974247395992279,0.019256528,-14.616252756118774,0.22902126610279083,0.15771484375,-0.025809481739997864,0.0001,0.2,-0.015979623736348002,3145
143,0.0,15.15414091,500.0,32,1292864,8947,0.08424280574545265,0.9900190830230713,0.019438172,-14.535578608512878,0.2290201336145401,0.21123046875,-0.0747595727443695,0.0001,0.2,-0.023341959272511304,3150
144,0.0,15.152158049999999,500.0,32,1294912,8982,0.1334338734857738,0.9871299266815186,0.014989823,-14.719573259353638,0.22881610691547394,0.17001953125,-0.030559420585632324,0.0001,0.2,-0.01791859392542392,3155
145,0.0,15.374249630000001,500.0,32,1296960,9014,0.1467249196022749,0.9791115522384644,0.015003267,-14.630323314666748,0.22865478694438934,0.14169921875,-0.04205805063247681,0.0001,0.2,-0.016123398666968568,3160
146,0.0,15.283258390000004,500.0,33,1299008,9047,0.08090242734178901,0.9862824082374573,0.013184308,-14.513094687461853,0.22869957983493805,0.1296875,-0.08515743911266327,0.0001,0.2,-0.017679347895318644,3165
147,0.0,15.26745801,500.0,31,1301056,9518,0.185477932728827,0.9737440943717957,0.014284644,-14.558101272583007,0.22865526378154755,0.1392578125,-0.04377276450395584,0.0001,0.2,-0.018806764867622405,3170
148,0.0,15.432651030000002,500.0,31,1303104,9552,0.13699192851781844,0.9819170832633972,0.018703656,-14.659962892532349,0.22852402925491333,0.1994140625,-0.0438849963247776,0.0001,0.2,-0.01844981440808624,3175
149,0.0,15.405991919999998,500.0,31,1305152,9587,0.12094718664884567,0.9859828948974609,0.016157748,-14.665884160995484,0.2285415083169937,0.1578125,-0.04479832202196121,0.0001,0.2,-0.01617567369248718,3180
150,0.0,15.373658890000002,500.0,31,1307200,9620,0.14294141083955764,0.9841089248657227,0.012629867,-14.669747591018677,0.2286524772644043,0.11796875,-0.03580600768327713,0.0001,0.2,-0.015539975138381124,3185
151,0.0,15.35973926,500.0,32,1309248,9654,0.1032415977679193,0.988170862197876,0.016787393,-14.610449504852294,0.22860561311244965,0.177734375,-0.05123084783554077,0.0001,0.2,-0.01811453439295292,3190
152,0.0,15.351822299999998,500.0,32,1311296,9687,0.05829730611294508,0.992648720741272,0.014335096,-14.746024036407471,0.22851873934268951,0.12177734375,-0.06777685880661011,0.0001,0.2,-0.017625732556916775,3195
153,0.0,15.42609754,500.0,32,1313344,9719,0.0667511778883636,0.9932162761688232,0.020677904,-14.63149847984314,0.2284197211265564,0.2103515625,-0.06062384322285652,0.0001,0.2,-0.022240177588537337,3200
154,0.0,15.4551903,500.0,32,1315392,9752,0.05885185576044023,0.9944865703582764,0.016287895,-14.756062412261963,0.22842992842197418,0.2013671875,-0.07008570432662964,0.0001,0.2,-0.018868019827641545,3205
155,0.0,15.482501090000001,500.0,32,1317440,9784,0.05904666725546122,0.993517279624939,0.014078168,-14.74188277721405,0.22844357788562775,0.14892578125,-0.07715487480163574,0.0001,0.2,-0.017379346161033028,3210
156,0.0,15.46729482,500.0,32,1319488,9817,0.15866050384938718,0.9806095361709595,0.017270893,-14.588422846794128,0.228396937251091,0.14375,-0.06844355165958405,0.0001,0.2,-0.01718700920464471,3215
157,0.0,15.499988779999999,500.0,32,1321536,9848,0.08495537834241987,0.9906169176101685,0.021584082,-14.527936434745788,0.22834013402462006,0.2001953125,-0.05350824445486069,0.0001,0.2,-0.021328694326803087,3220
158,0.0,15.491296339999996,500.0,32,1323584,9881,0.04769423399120569,0.9945833683013916,0.013463213,-14.641220617294312,0.22834908962249756,0.12705078125,-0.06760983169078827,0.0001,0.2,-0.015116616804152726,3225
159,0.0,15.471228319999998,500.0,31,1325632,10249,0.06067125126719475,0.9919999241828918,0.014064684,-14.650704169273377,0.22821307182312012,0.1421875,-0.04756692796945572,0.0001,0.2,-0.014426591049414128,3230
160,0.0,15.778406949999999,500.0,31,1327680,10281,0.0632366213016212,0.9923359155654907,0.01938109,-14.63901128768921,0.22819958627223969,0.18369140625,-0.06192199885845184,0.0001,0.2,-0.01729038734920323,3235
161,0.0,15.784283679999996,500.0,31,1329728,10313,0.04955453001894057,0.9940605759620667,0.016133228,-14.565246415138244,0.2280881404876709,0.149609375,-0.08253980427980423,0.0001,0.2,-0.016263393708504735,3240
162,0.0,15.79709441,500.0,32,1331776,10348,0.0479731238912791,0.994486391544342,0.014889628,-14.58422930240631,0.2279767394065857,0.17900390625,-0.07988225668668747,0.0001,0.2,-0.01622182980645448,3245
163,0.0,15.84340667,500.0,32,1333824,10380,0.10342747047543525,0.98842853307724,0.021712352,-14.667705655097961,0.22795520722866058,0.17958984375,-0.043282173573970795,0.0001,0.2,-0.019701657467521727,3250
164,0.0,15.821105260000003,500.0,32,1335872,10412,0.05654551349580288,0.9929694533348083,0.016396374,-14.595512676239014,0.2280052900314331,0.17568359375,-0.07598091661930084,0.0001,0.2,-0.016172544669825584,3255
165,0.0,15.848728270000002,500.0,32,1337920,10444,0.102261973451823,0.9897762537002563,0.016541887,-14.688256359100341,0.2279595583677292,0.1486328125,-0.0821753442287445,0.0001,0.2,-0.018232689623255284,3260
166,0.0,15.85623678,500.0,32,1339968,10476,0.08389293439686299,0.9900768399238586,0.018096728,-14.694168782234192,0.2278469055891037,0.18095703125,-0.07642923295497894,0.0001,0.2,-0.01818241912405938,3265
167,0.0,15.833535520000003,500.0,32,1342016,10508,0.10461373971775174,0.9876927733421326,0.017774265,-14.567803502082825,0.2277086228132248,0.17138671875,-0.054982490837574005,0.0001,0.2,-0.01671212350483984,3270
168,0.0,15.848581279999998,500.0,32,1344064,10540,0.12034690473228693,0.9838799238204956,0.017121807,-14.686242175102233,0.22765494883060455,0.157421875,-0.0303187295794487,0.0001,0.2,-0.02196388136362657,3275
169,0.0,15.853562470000002,500.0,32,1346112,10572,0.05437111854553223,0.9933462738990784,0.0145992935,-14.697621059417724,0.22748114168643951,0.150390625,-0.06868521869182587,0.0001,0.2,-0.016437774867517872,3280
170,0.0,15.880534200000001,500.0,32,1348160,10606,0.09422012967988849,0.9853417873382568,0.012830542,-14.725502514839173,0.22732792794704437,0.11533203125,-0.06308116018772125,0.0001,0.2,-0.018253480532439425,3285
171,0.0,15.89719389,500.0,31,1350208,11053,0.0752826076000929,0.9895743727684021,0.016464256,-14.672037196159362,0.22711680829524994,0.1412109375,-0.049995578825473785,0.0001,0.2,-0.018932648445479573,3290
172,0.0,15.963491979999999,500.0,31,1352256,11088,0.07076616664417087,0.9912154078483582,0.016328882,-14.66112153530121,0.2269843965768814,0.12509765625,-0.05852954834699631,0.0001,0.2,-0.015755766001529992,3295
173,0.0,15.97028962,500.0,31,1354304,11121,0.040986913396045564,0.994854211807251,0.013449788,-14.71161687374115,0.22696661949157715,0.13955078125,-0.07653935998678207,0.0001,0.2,-0.01289565407205373,3300
174,0.0,16.0143577,500.0,31,1356352,11156,0.06871036388911307,0.9895933270454407,0.014020288,-14.758269643783569,0.2269190400838852,0.141015625,-0.04134823754429817,0.0001,0.2,-0.012613212934229522,3305
175,0.0,16.068213790000005,500.0,32,1358400,11191,0.08688481021672487,0.9884470701217651,0.01482565,-14.73474736213684,0.22687570750713348,0.1453125,-0.06133132427930832,0.0001,0.2,-0.016530642588622867,3310
176,0.0,16.12333159,500.0,32,1360448,11227,0.05053505403921008,0.993245542049408,0.014088638,-14.714047813415528,0.22698688507080078,0.1349609375,-0.05777828022837639,0.0001,0.2,-0.014260153751820326,3315
177,0.0,16.09859018,500.0,32,1362496,11264,0.21430437471717595,0.9718029499053955,0.017104775,-14.777347898483276,0.22685374319553375,0.14755859375,-0.020797505974769592,0.0001,0.2,-0.01649046140955761,3320
178,0.0,16.07019588,500.0,32,1364544,11297,0.05923390798270702,0.9929786324501038,0.015259014,-14.712090063095093,0.22679369151592255,0.14091796875,-0.08274269104003906,0.0001,0.2,-0.014658375107683242,3325
179,0.0,16.07353618,500.0,32,1366592,11330,0.1790252545848489,0.9728494882583618,0.018545471,-14.52686038017273,0.22667871415615082,0.175390625,-0.037671566009521484,0.0001,0.2,-0.022120484508923254,3330
180,0.0,16.089091689999997,500.0,32,1368640,11364,0.05746080786921084,0.989261269569397,0.016512271,-14.647383093833923,0.22669096291065216,0.144140625,-0.09024913609027863,0.0001,0.2,-0.018062326195649802,3335
181,0.0,16.061296669999997,500.0,32,1370688,11396,0.03695800472050905,0.9927411079406738,0.024826337,-14.720875024795532,0.22657501697540283,0.20078125,-0.08291487395763397,0.0001,0.2,-0.017638243932742624,3340
182,0.0,15.813735279999998,500.0,32,1372736,11427,0.11808493677526713,0.9801290035247803,0.016451992,-14.580051827430726,0.22651314735412598,0.15654296875,-0.04625701159238815,0.0001,0.2,-0.01964373911032453,3345
183,0.0,15.777166949999998,500.0,32,1374784,11459,1.3532332874834538,0.657968282699585,0.012011251,-14.936861515045166,0.2265695482492447,0.1158203125,0.2649899423122406,0.0001,0.2,-0.020458444440737366,3350
184,0.0,15.75796358,500.0,31,1376832,11922,0.1986291527748108,0.9618062973022461,0.017033773,-14.632909679412842,0.22644442319869995,0.1634765625,-0.006229132413864136,0.0001,0.2,-0.020283928047865628,3355
185,0.0,15.815714980000001,500.0,31,1378880,11954,0.07948749042116106,0.9762413501739502,0.015798394,-14.654134917259217,0.22622822225093842,0.16708984375,-0.08627679944038391,0.0001,0.2,-0.020437036885414272,3360
186,0.0,15.79945507,500.0,31,1380928,11986,0.08101090332493185,0.9898335933685303,0.017048463,-14.716482472419738,0.22603587806224823,0.140625,-0.07747965306043625,0.0001,0.2,-0.015703089511953296,3365
187,0.0,15.790674779999996,500.0,31,1382976,12018,0.08022531885653734,0.988040566444397,0.019175144,-14.616379690170287,0.22588421404361725,0.1826171875,-0.07244233787059784,0.0001,0.2,-0.020314014237374067,3370
188,0.0,15.585084709999999,500.0,31,1385024,12049,0.05111377225257456,0.9917447566986084,0.01695114,-14.596160840988158,0.22578251361846924,0.16572265625,-0.08753753453493118,0.0001,0.2,-0.01957453414797783,3375
189,0.0,15.574039930000001,500.0,32,1387072,12082,1.2605468191206455,0.7922369241714478,0.01676318,-14.836542963981628,0.22585368156433105,0.1267578125,0.07763668894767761,0.0001,0.2,-0.021419221465475858,3380
190,0.0,15.572718129999998,500.0,32,1389120,12116,0.2849731000140309,0.9013505578041077,0.015518164,-14.763747811317444,0.22584734857082367,0.1431640625,-0.004405178129673004,0.0001,0.2,-0.018940131331328304,3385
191,0.0,15.569536249999997,500.0,32,1391168,12148,0.07613934250548482,0.9745743870735168,0.01343935,-14.57583498954773,0.22556354105472565,0.1103515625,-0.08055803924798965,0.0001,0.2,-0.020126673532649873,3390
192,0.0,15.511685589999997,500.0,32,1393216,12181,0.2781197618693113,0.9589492678642273,0.02232233,-14.462383818626403,0.22554342448711395,0.16396484375,-0.021100550889968872,0.0001,0.2,-0.021136179217137396,3395
193,0.0,15.51232735,500.0,32,1395264,12215,0.12304333336651326,0.9779419302940369,0.023236603,-14.48282778263092,0.22550435364246368,0.2150390625,-0.05711060017347336,0.0001,0.2,-0.017839156184345485,3400
194,0.0,15.54503999,500.0,32,1397312,12247,0.16564018540084363,0.976357638835907,0.018836476,-14.704791331291199,0.2255925089120865,0.19970703125,-0.045340947806835175,0.0001,0.2,-0.019371654256246984,3405
195,0.0,15.24035183,500.0,32,1399360,12280,0.07899705856107175,0.9885807037353516,0.014896238,-14.57999873161316,0.22551588714122772,0.1248046875,-0.08888090401887894,0.0001,0.2,-0.016096288873814046,3410
196,0.0,15.239129109999999,500.0,31,1401408,12669,1.717200356721878,0.7352501749992371,0.01280526,-15.002926111221313,0.22551964223384857,0.107421875,0.3558950424194336,0.0001,0.2,-0.015686930005904286,3415
197,0.0,15.236741219999999,500.0,31,1403456,12702,0.2891240905970335,0.9385238885879517,0.015305394,-14.649458599090575,0.22544728219509125,0.14970703125,-0.018648415803909302,0.0001,0.2,-0.01748411249136552,3420
198,0.0,15.22075847,500.0,31,1405504,12737,0.13975129006430506,0.9687899351119995,0.018311363,-14.61837956905365,0.22532446682453156,0.16474609375,-0.06519262492656708,0.0001,0.2,-0.021522850560722874,3425
199,0.0,15.205607540000003,500.0,31,1407552,12769,0.08971063066273928,0.9781681895256042,0.018575132,-14.623688626289368,0.22511987388134003,0.16689453125,-0.06463997066020966,0.0001,0.2,-0.017809434945229442,3430
200,0.0,15.206291980000001,500.0,31,1409600,12802,0.045175198139622806,0.9942673444747925,0.013964937,-14.666577887535095,0.22493161261081696,0.15888671875,-0.0648723840713501,0.0001,0.2,-0.014716966199921444,3435
201,0.0,15.223511030000003,500.0,32,1411648,12834,0.07346111796796322,0.9870522618293762,0.017376032,-14.572795200347901,0.22486276924610138,0.16259765625,-0.09509275108575821,0.0001,0.2,-0.02298614408355206,3440
202,0.0,15.219441269999999,500.0,32,1413696,12867,0.054780440870672464,0.9921954870223999,0.012377236,-14.69409258365631,0.22473441064357758,0.1302734375,-0.07475969940423965,0.0001,0.2,-0.016816667665261777,3445
203,0.0,15.212550440000003,500.0,32,1415744,12900,0.08666593190282583,0.9892140030860901,0.016582347,-14.648465752601624,0.2244395762681961,0.1974609375,-0.05858474597334862,0.0001,0.2,-0.020764099317602813,3450
204,0.0,15.182341800000003,500.0,32,1417792,12933,0.11872149808332325,0.9816734790802002,0.016986841,-14.704869675636292,0.22424907982349396,0.1365234375,-0.07108813524246216,0.0001,0.2,-0.017417060094885528,3455
205,0.0,15.155716040000001,500.0,32,1419840,12964,0.11447355728596449,0.9838525056838989,0.019760797,-14.660353803634644,0.22409969568252563,0.18251953125,-0.0729694664478302,0.0001,0.2,-0.02080322483088821,3460
206,0.0,15.414155749999999,500.0,32,1421888,12997,0.20183882843703033,0.9660475850105286,0.015728824,-14.601213932037354,0.22395384311676025,0.1375,-0.03917049244046211,0.0001,0.2,-0.01592195490375161,3465
207,0.0,15.26253315,500.0,32,1423936,13027,0.5787048958241939,0.9008282423019409,0.012151439,-14.759701800346374,0.22387194633483887,0.077734375,0.21091203391551971,0.0001,0.2,-0.018118205992504955,3470
208,0.0,15.299819590000002,500.0,31,1425984,13433,1.2678725659847259,0.7720282077789307,0.016260898,-14.798380589485168,0.2239188551902771,0.12197265625,0.5203738212585449,0.0001,0.2,-0.01924380990676582,3475
209,0.0,15.301787059999999,500.0,31,1428032,13465,0.147706301510334,0.964915931224823,0.017264046,-14.62119381427765,0.22397495806217194,0.167578125,-0.06369659304618835,0.0001,0.2,-0.0215649651363492,3480
210,0.0,15.322770409999999,500.0,31,1430080,13498,0.06335344924591482,0.984870433807373,0.017230352,-14.623591327667237,0.22379420697689056,0.1638671875,-0.09343599528074265,0.0001,0.2,-0.024944406596478074,3485
211,0.0,15.271385850000001,500.0,31,1432128,13531,0.2916455682367086,0.9409321546554565,0.018333621,-14.740581297874451,0.223760724067688,0.14521484375,-0.03044184297323227,0.0001,0.2,-0.024280214821919797,3490
212,0.0,15.52335386,500.0,32,1434176,13566,0.10142357833683491,0.98340904712677,0.01489475,-14.620706486701966,0.22374026477336884,0.1544921875,-0.047278597950935364,0.0001,0.2,-0.014287018851609901,3495
213,0.0,15.53785715,500.0,32,1436224,13597,0.05815426739864051,0.9904941916465759,0.019355994,-14.727375531196595,0.22371582686901093,0.18916015625,-0.08239569514989853,0.0001,0.2,-0.01725071759428829,3500
214,0.0,15.605635419999999,500.0,32,1438272,13629,0.05337950605899096,0.9925568699836731,0.017974332,-14.735659885406495,0.22351717948913574,0.20107421875,-0.08213263750076294,0.0001,0.2,-0.02158017873298377,3505
215,0.0,15.656040380000002,500.0,32,1440320,13663,0.07877234751358628,0.9884167313575745,0.011200314,-14.726515460014344,0.2234012335538864,0.076171875,-0.052617575973272324,0.0001,0.2,-0.01217362384777516,3510
216,0.0,15.70527465,500.0,32,1442368,13695,0.12072967300191521,0.9860464334487915,0.023471896,-14.668311190605163,0.22340236604213715,0.19599609375,-0.05970504879951477,0.0001,0.2,-0.018695000349543987,3515
217,0.0,15.711548089999999,500.0,32,1444416,13728,0.06274400698021054,0.9926817417144775,0.0172817,-14.743359136581422,0.22338412702083588,0.1904296875,-0.07612799108028412,0.0001,0.2,-0.018085472646635025,3520
218,0.0,15.692997089999999,500.0,32,1446464,13762,0.18310835286974908,0.9690777659416199,0.016974684,-14.89056429862976,0.2233588546514511,0.1546875,-0.04742409288883209,0.0001,0.2,-0.02040705326362513,3525
219,0.0,15.72988235,500.0,32,1448512,13794,0.07321661435998976,0.9904593229293823,0.011914168,-14.676283621788025,0.22335243225097656,0.1337890625,-0.05276050418615341,0.0001,0.2,-0.013712843129178509,3530
220,0.0,16.06362481,500.0,31,1450560,14348,0.07992701376788318,0.9883285164833069,0.022868179,-14.623582339286804,0.22317327558994293,0.1875,-0.05412736535072327,0.0001,0.2,-0.016645732056349515,3535
221,0.0,15.82326734,500.0,31,1452608,14395,1.2712949149310588,0.7892672419548035,0.014849249,-14.884039974212646,0.22318188846111298,0.1052734375,0.2183547466993332,0.0001,0.2,-0.019731267204042523,3540
222,0.0,15.79983952,500.0,31,1454656,14440,0.3761961404234171,0.9255532026290894,0.013420086,-14.813486099243164,0.22330819070339203,0.08359375,0.02139948308467865,0.0001,0.2,-0.015244139113929123,3545
223,0.0,15.801613229999996,500.0,31,1456704,14481,0.12470947755500675,0.9748004674911499,0.028573764,-14.645378637313843,0.22331513464450836,0.20146484375,-0.054210253059864044,0.0001,0.2,-0.021232422557659447,3550
224,0.0,15.79675596,500.0,31,1458752,14530,0.06939012482762337,0.9867303371429443,0.016594384,-14.637422609329224,0.22331662476062775,0.16982421875,-0.0723290890455246,0.0001,0.2,-0.020424470386933534,3555
225,0.0,15.80509254,500.0,31,1460800,14573,0.058484292263165115,0.9909180998802185,0.020777749,-14.717625451087951,0.2232101559638977,0.20693359375,-0.09284021705389023,0.0001,0.2,-0.02334023128496483,3560
226,0.0,15.67812699,500.0,31,1462848,14621,0.04660441521555185,0.9936553835868835,0.018221565,-14.787020325660706,0.2231888771057129,0.17392578125,-0.07737769186496735,0.0001,0.2,-0.016963038523681463,3565
227,0.0,15.706354039999999,500.0,31,1464896,14665,0.7480067901313305,0.8292705416679382,0.019878041,-14.643091344833374,0.22328484058380127,0.14931640625,0.15515431761741638,0.0001,0.2,-0.0205452541122213,3570
228,0.0,15.736590779999998,500.0,31,1466944,14709,0.17010222300887107,0.9628036022186279,0.014395937,-14.843949842453004,0.22317658364772797,0.13828125,-0.056704770773649216,0.0001,0.2,-0.018565818131901324,3575
229,0.0,15.835292540000001,500.0,31,1468992,14752,0.15048198886215686,0.9748198986053467,0.014243849,-14.844356775283813,0.2229442000389099,0.14970703125,-0.05050887539982796,0.0001,0.2,-0.015522000781493262,3580
230,0.0,15.811072549999999,500.0,31,1471040,14800,0.06412051506340503,0.988999605178833,0.017795447,-14.593132805824279,0.22268718481063843,0.16181640625,-0.09169246256351471,0.0001,0.2,-0.0189515013480559,3585
231,0.0,15.795850679999996,500.0,31,1473088,14848,0.07509935921989382,0.9880577921867371,0.019296683,-14.525178575515747,0.22264164686203003,0.19013671875,-0.07204841077327728,0.0001,0.2,-0.018751625099685042,3590
232,0.0,15.964224109999998,500.0,31,1475136,15296,0.40559404492378237,0.9256743788719177,0.017546177,-14.548776221275329,0.22267182171344757,0.13896484375,0.13095083832740784,0.0001,0.2,-0.017965172650292516,3595
233,0.0,15.996567820000001,500.0,31,1477184,15333,0.09362728162668646,0.9833601713180542,0.021594914,-14.658356142044067,0.22256243228912354,0.1625,-0.07271625846624374,0.0001,0.2,-0.017053693486377596,3600
234,0.0,15.972942620000001,500.0,31,1479232,15369,0.06337667480111123,0.9886110424995422,0.018527992,-14.668804788589478,0.22238828241825104,0.190625,-0.0703994631767273,0.0001,0.2,-0.022032089147251098,3605
235,0.0,15.994313400000001,500.0,31,1481280,15405,0.07604872910305857,0.9903583526611328,0.019563347,-14.63627359867096,0.22227434813976288,0.2,-0.06245722994208336,0.0001,0.2,-0.018147051354753786,3610
236,0.0,16.016326619999994,500.0,31,1483328,15442,0.14613784812390804,0.9800543785095215,0.021001589,-14.717046570777892,0.22216545045375824,0.182421875,-0.05547652393579483,0.0001,0.2,-0.019942537206225096,3615
237,0.0,15.92493236,500.0,31,1485376,15478,0.06608098312281072,0.9903923869132996,0.023697948,-14.59550392627716,0.2221074253320694,0.2197265625,-0.09300585091114044,0.0001,0.2,-0.026540947775356472,3620
238,0.0,15.87501568,500.0,31,1487424,15516,0.2540033683180809,0.9564864039421082,0.02319885,-14.609023928642273,0.22186847031116486,0.17275390625,-0.01214553415775299,0.0001,0.2,-0.02568922100472264,3625
239,0.0,15.857657129999998,500.0,31,1489472,15552,0.09853281322866678,0.9820301532745361,0.016019646,-14.656460809707642,0.22176826000213623,0.17041015625,-0.06210586428642273,0.0001,0.2,-0.017214808450080454,3630
240,0.0,15.883092280000001,500.0,31,1491520,15585,0.06830905191600323,0.9892102479934692,0.0216136,-14.707714486122132,0.2216791957616806,0.18193359375,-0.06428772956132889,0.0001,0.2,-0.019166391307953744,3635
241,0.0,15.8779671,500.0,31,1493568,15616,0.07858531107194722,0.9887100458145142,0.024020158,-14.748529052734375,0.22164301574230194,0.1798828125,-0.05626660957932472,0.0001,0.2,-0.01944434374454431,3640
242,0.0,15.867752819999998,500.0,31,1495616,15648,0.15699384529143573,0.9690735936164856,0.016508557,-14.410627079010009,0.22162258625030518,0.1533203125,-0.03107643872499466,0.0001,0.2,-0.022162613924592733,3645
243,0.0,15.846115069999996,500.0,31,1497664,15681,0.13109852448105813,0.9745246171951294,0.020153709,-14.566279411315918,0.22150951623916626,0.16796875,-0.0690661072731018,0.0001,0.2,-0.023190311156213284,3650
244,0.0,15.687216070000002,500.0,31,1499712,15713,0.5411106321960688,0.898371696472168,0.0145031065,-14.789190125465392,0.2214830070734024,0.11279296875,0.21097293496131897,0.0001,0.2,-0.0179068863770226,3655
245,0.0,15.898848879999997,500.0,31,1501760,16090,0.14539221134036778,0.9671076536178589,0.019105613,-14.622072863578797,0.22152025997638702,0.1767578125,-0.04821092635393143,0.0001,0.2,-0.020855771261267364,3660
246,0.0,15.87166704,500.0,31,1503808,16122,0.14909839294850827,0.9749524593353271,0.022078384,-14.719437432289123,0.22156693041324615,0.2408203125,-0.04761712998151779,0.0001,0.2,-0.02480208170018159,3665
247,0.0,15.889592449999999,500.0,31,1505856,16154,0.22020024433732033,0.9649290442466736,0.020369863,-14.859501838684082,0.22161442041397095,0.1958984375,-0.02438836544752121,0.0001,0.2,-0.02200852590613067,3670
248,0.0,15.904976190000003,500.0,31,1507904,16187,0.229834059253335,0.9597196578979492,0.019257486,-14.64556963443756,0.22145749628543854,0.16318359375,-0.013362303376197815,0.0001,0.2,-0.021707441948819906,3675
249,0.0,15.89588387,500.0,31,1509952,16220,0.08589148838073016,0.9786903858184814,0.023979139,-14.733420515060425,0.22132879495620728,0.1634765625,-0.08256057649850845,0.0001,0.2,-0.017883161097415723,3680
250,0.0,15.96525577,500.0,31,1512000,16251,0.06306419037282467,0.9910172820091248,0.013224505,-14.696500611305236,0.22139914333820343,0.15048828125,-0.06968626379966736,0.0001,0.2,-0.016035591589752585,3685
251,0.0,16.041903419999997,500.0,31,1514048,16283,0.05182261723093688,0.9922658801078796,0.019776389,-14.60700032711029,0.22124002873897552,0.1697265625,-0.07553372532129288,0.0001,0.2,-0.021949043596396222,3690
252,0.0,16.04727118,500.0,31,1516096,16317,0.0912242322228849,0.9877971410751343,0.019297589,-14.646295499801635,0.221200630068779,0.21396484375,-0.07092630863189697,0.0001,0.2,-0.02177692190743983,3695
253,0.0,16.03878165,500.0,31,1518144,16350,0.043786850525066257,0.9933741688728333,0.013438267,-14.708094906806945,0.2211497575044632,0.1216796875,-0.0875282734632492,0.0001,0.2,-0.014717963233124465,3700
254,0.0,16.078848460000003,500.0,31,1520192,16384,0.053480605222284795,0.9908074736595154,0.019089445,-14.569270277023316,0.22096799314022064,0.17978515625,-0.08731988817453384,0.0001,0.2,-0.020885592757258563,3705
255,0.0,16.142535170000002,500.0,31,1522240,16416,0.060467255767434835,0.991818904876709,0.016344914,-14.706683540344239,0.22092874348163605,0.15107421875,-0.0872192233800888,0.0001,0.2,-0.019867469160817563,3710
256,0.0,16.11902464,500.0,31,1524288,16449,0.12379610668867827,0.9794409275054932,0.018103242,-14.626380515098571,0.22082634270191193,0.1583984375,-0.042387012392282486,0.0001,0.2,-0.01990800362545997,3715
257,0.0,16.09894178,500.0,31,1526336,16834,0.06503052716143429,0.9890437126159668,0.017983459,-14.590263104438781,0.2207050770521164,0.176953125,-0.06875412166118622,0.0001,0.2,-0.018145550647750495,3720
258,0.0,16.12330553,500.0,31,1528384,16867,0.06774984886869788,0.989997386932373,0.015028275,-14.639891242980957,0.2205856591463089,0.1705078125,-0.054970480501651764,0.0001,0.2,-0.017324703803751618,3725
259,0.0,16.09204542,500.0,31,1530432,16900,0.11655601924285293,0.9854461550712585,0.018249173,-14.632479977607726,0.2204783707857132,0.15947265625,-0.0671033039689064,0.0001,0.2,-0.018116584338713437,3730
260,0.0,16.10364397,500.0,31,1532480,16934,0.17388063091784717,0.9740445017814636,0.01995784,-14.782553839683533,0.22039638459682465,0.17373046875,-0.045067474246025085,0.0001,0.2,-0.018737271544523537,3735
261,0.0,16.141890189999998,500.0,31,1534528,16968,0.1014986453577876,0.983829140663147,0.020792292,-14.614945077896119,0.22048456966876984,0.2111328125,-0.06624414026737213,0.0001,0.2,-0.022253413358703254,3740
262,0.0,16.29394379,500.0,31,1536576,17003,0.06000354485586286,0.9904502630233765,0.014870849,-14.593068814277649,0.22042320668697357,0.13994140625,-0.09539246559143066,0.0001,0.2,-0.01585585930151865,3745
263,0.0,16.31055879,500.0,31,1538624,17038,0.062432375736534595,0.9903861284255981,0.02011656,-14.68482403755188,0.22044749557971954,0.18408203125,-0.09787539392709732,0.0001,0.2,-0.019562396354740486,3750
264,0.0,16.309723969999997,500.0,31,1540672,17072,0.04325779508799314,0.9925416111946106,0.023684945,-14.65600917339325,0.22038201987743378,0.19404296875,-0.08327137678861618,0.0001,0.2,-0.019694841664750128,3755
265,0.0,16.32427873,500.0,31,1542720,17104,0.04766377108171582,0.9914975166320801,0.024016669,-14.709862184524535,0.22023381292819977,0.198046875,-0.08492211252450943,0.0001,0.2,-0.020140871475450694,3760
266,0.0,16.36076508,500.0,31,1544768,17138,0.07456645984202623,0.986992359161377,0.018066194,-14.62056884765625,0.220164954662323,0.183984375,-0.08296504616737366,0.0001,0.2,-0.024720023467671125,3765
267,0.0,16.36456817,500.0,31,1546816,17173,0.0698297084774822,0.990196168422699,0.016070146,-14.647992086410522,0.22025728225708008,0.13466796875,-0.052981533110141754,0.0001,0.2,-0.015013593388721347,3770
268,0.0,16.496344519999997,500.0,31,1548864,17205,0.04361647272016853,0.9934759736061096,0.019284904,-14.622510504722595,0.22018647193908691,0.15556640625,-0.08722040057182312,0.0001,0.2,-0.01773798094363883,3775
269,0.0,16.545576999999998,500.0,31,1550912,17571,0.06997813722118736,0.990817129611969,0.019555934,-14.663671064376832,0.22012625634670258,0.191796875,-0.07290373742580414,0.0001,0.2,-0.020330053434008732,3780
270,0.0,16.60627448,500.0,31,1552960,17603,0.08833245635032654,0.9860739707946777,0.017131396,-14.741797018051148,0.21997934579849243,0.1658203125,-0.06946197152137756,0.0001,0.2,-0.018918053002562375,3785
271,0.0,16.65952343,500.0,31,1555008,17634,0.06249778312630951,0.9895792603492737,0.017040055,-14.679223918914795,0.2200033813714981,0.17021484375,-0.06685596704483032,0.0001,0.2,-0.017299622343853117,3790
272,0.0,16.62130354,500.0,31,1557056,17666,0.04233214762061834,0.9930459856987,0.021258367,-14.583696508407593,0.21998977661132812,0.1935546875,-0.0673607587814331,0.0001,0.2,-0.019063708558678626,3795
273,0.0,16.636832580000004,500.0,31,1559104,17700,0.049382470874115826,0.992104172706604,0.016126268,-14.549856448173523,0.2199728935956955,0.161328125,-0.06888239085674286,0.0001,0.2,-0.01947298349114135,3800
274,0.0,16.608201339999997,500.0,31,1561152,17734,0.07742897346615792,0.9887486100196838,0.02420672,-14.749275374412537,0.21996550261974335,0.21640625,-0.06523694097995758,0.0001,0.2,-0.021845552185550333,3805
275,0.0,16.61083341,500.0,31,1563200,17768,0.09220422469079495,0.9866778254508972,0.023538886,-14.860217213630676,0.21985934674739838,0.2080078125,-0.08234582841396332,0.0001,0.2,-0.023009228450246156,3810
276,0.0,16.647673,500.0,31,1565248,17800,0.08558732499368489,0.9888400435447693,0.012644837,-14.731504249572755,0.21985383331775665,0.1115234375,-0.03348434716463089,0.0001,0.2,-0.011565228737890721,3815
277,0.0,16.64316825,500.0,31,1567296,17833,0.053733283653855324,0.9912954568862915,0.01708439,-14.768160772323608,0.21979103982448578,0.1677734375,-0.10685646533966064,0.0001,0.2,-0.01951720203505829,3820
278,0.0,16.652148840000006,500.0,31,1569344,17866,0.03303123738151044,0.995581328868866,0.019909233,-14.689745950698853,0.21975493431091309,0.1830078125,-0.0754760354757309,0.0001,0.2,-0.015395479009021074,3825
279,0.0,16.63498457,500.0,31,1571392,17898,0.037557179620489475,0.9936840534210205,0.018046195,-14.696766448020934,0.2197219580411911,0.14404296875,-0.09013210237026215,0.0001,0.2,-0.014818253403063864,3830
280,0.0,16.62404907,500.0,31,1573440,17929,0.11581235360354185,0.9790392518043518,0.019229215,-14.703746390342712,0.21965117752552032,0.1361328125,-0.05884537473320961,0.0001,0.2,-0.016979201266076417,3835
281,0.0,16.628132530000002,500.0,31,1575488,18451,0.06952645545825362,0.9879922270774841,0.01918311,-14.572887706756593,0.21950846910476685,0.16572265625,-0.08850342035293579,0.0001,0.2,-0.020255945273675025,3840
282,0.0,16.63328193,500.0,31,1577536,18485,0.06928920429199933,0.9897830486297607,0.02098545,-14.552247524261475,0.2193729728460312,0.161328125,-0.06607456505298615,0.0001,0.2,-0.018127632304094733,3845
283,0.0,16.615601970000004,500.0,31,1579584,18519,0.15129749588668345,0.9757806658744812,0.02081472,-14.54533784389496,0.21930746734142303,0.1787109375,-0.029254168272018433,0.0001,0.2,-0.01805035563884303,3850
284,0.0,16.657055900000003,500.0,31,1581632,18555,0.06915625277906656,0.9892807602882385,0.014853479,-14.642760705947875,0.21927589178085327,0.18779296875,-0.06644154340028763,0.0001,0.2,-0.016689084703102708,3855
285,0.0,16.65167597,500.0,31,1583680,18592,0.04928394798189402,0.9925007820129395,0.01690819,-14.6388423204422,0.21935440599918365,0.14677734375,-0.09305594861507416,0.0001,0.2,-0.02162226092768833,3860
286,0.0,16.646611840000002,500.0,31,1585728,18631,0.0657501146197319,0.9903676509857178,0.016761974,-14.634248065948487,0.2192631959915161,0.166015625,-0.0744655579328537,0.0001,0.2,-0.020499939483124764,3865
287,0.0,16.59940329,500.0,31,1587776,18670,0.029481307812966408,0.9954673647880554,0.016482007,-14.659025764465332,0.21914859116077423,0.17705078125,-0.08135242015123367,0.0001,0.2,-0.017620885750511663,3870
288,0.0,16.617952790000004,500.0,31,1589824,18711,0.07353251744061709,0.989189863204956,0.017462496,-14.700836563110352,0.21904437243938446,0.1521484375,-0.06618788838386536,0.0001,0.2,-0.016741597079089843,3875
289,0.0,16.61802879,500.0,31,1591872,18749,0.07687911977991461,0.9885057210922241,0.013215974,-14.665233325958251,0.2189868539571762,0.12041015625,-0.051454782485961914,0.0001,0.2,-0.012497262167744338,3880
290,0.0,16.6098785,500.0,31,1593920,18788,0.10667750257998705,0.9839374423027039,0.016839817,-14.681329274177552,0.21890807151794434,0.13388671875,-0.02396828681230545,0.0001,0.2,-0.017257629637606443,3885
291,0.0,16.645743619999998,500.0,31,1595968,18825,0.07043856577947735,0.9889145493507385,0.016894836,-14.65378634929657,0.21879632771015167,0.1541015625,-0.05995830148458481,0.0001,0.2,-0.017157428665086627,3890
292,0.0,16.6267193,500.0,31,1598016,18863,0.05924435784108937,0.9792070984840393,0.019383002,-14.703801202774049,0.21885468065738678,0.1693359375,-0.05931593477725983,0.0001,0.2,-0.017335456050932407,3895
293,0.0,16.59417016,500.0,31,1600064,19270,0.09849606482312083,0.9830865263938904,0.0206961,-14.513606357574464,0.2188941389322281,0.180859375,-0.05036601424217224,0.0001,0.2,-0.01972461591940373,3900
294,0.0,16.57204969,500.0,31,1602112,19305,0.08148565916344523,0.9859176874160767,0.017602582,-14.684785461425781,0.21887163817882538,0.14853515625,-0.07499811053276062,0.0001,0.2,-0.0155656885181088,3905
295,0.0,16.572307910000003,500.0,31,1604160,19340,0.07517193304374814,0.9859088063240051,0.01975669,-14.758455753326416,0.2187642604112625,0.17353515625,-0.07405827939510345,0.0001,0.2,-0.01874694423750043,3910
296,0.0,16.52969027,500.0,31,1606208,19376,0.08240430476143956,0.9878358840942383,0.015852956,-14.714351105690003,0.21866542100906372,0.15615234375,-0.060011208057403564,0.0001,0.2,-0.015286939474754036,3915
297,0.0,16.5667301,500.0,31,1608256,19411,0.1448881084099412,0.9775756597518921,0.018323258,-14.708108830451966,0.2186959981918335,0.16748046875,-0.025783255696296692,0.0001,0.2,-0.01890868736663833,3920
298,0.0,16.59375987,500.0,31,1610304,19447,0.07640891652554274,0.9876960515975952,0.01828816,-14.831863188743592,0.21858078241348267,0.1775390625,-0.0880708396434784,0.0001,0.2,-0.0210713105276227,3925
299,0.0,16.62813409,500.0,31,1612352,19482,0.046268192445859314,0.9910776615142822,0.016113458,-14.762972283363343,0.21842902898788452,0.1693359375,-0.08927907794713974,0.0001,0.2,-0.018370267248246818,3930
300,0.0,16.62299534,500.0,31,1614400,19516,0.5888543915003538,0.896884024143219,0.018711999,-14.690457558631897,0.2184121161699295,0.13984375,0.07207219302654266,0.0001,0.2,-0.02015487275784835,3935
301,0.0,16.58795933,500.0,31,1616448,19552,0.054574827756732704,0.9883155822753906,0.016660228,-14.772771716117859,0.21803785860538483,0.18671875,-0.09276037663221359,0.0001,0.2,-0.022395233577117323,3940
302,0.0,16.5842172,500.0,31,1618496,19586,0.17366664279252292,0.9668991565704346,0.013973283,-14.759267020225526,0.21782034635543823,0.1751953125,-0.048002053052186966,0.0001,0.2,-0.022113563236780466,3945
303,0.0,16.621257040000003,500.0,31,1620544,19621,0.06317860307171941,0.9886356592178345,0.022798326,-14.763107347488404,0.2178450971841812,0.18544921875,-0.07334338128566742,0.0001,0.2,-0.021411507518496364,3950
304,0.0,16.644083690000002,500.0,31,1622592,19656,0.057463202904909846,0.9890950918197632,0.017403977,-14.68764295578003,0.21785569190979004,0.1767578125,-0.05619389936327934,0.0001,0.2,-0.02109026301186532,3955
305,0.0,16.64347043,500.0,31,1624640,19690,0.05972431995905936,0.9881784319877625,0.016740771,-14.7961984872818,0.217715322971344,0.12626953125,-0.07817035913467407,0.0001,0.2,-0.017074047378264366,3960
306,0.0,16.643223810000002,500.0,31,1626688,20070,0.061847420129925015,0.9907140731811523,0.012458466,-14.720490217208862,0.2176676243543625,0.14189453125,-0.0674087330698967,0.0001,0.2,-0.011551846360089258,3965
307,0.0,16.64397545,500.0,31,1628736,20105,0.12125718854367733,0.9778891801834106,0.025547896,-14.67393662929535,0.2177613228559494,0.20087890625,-0.07275199145078659,0.0001,0.2,-0.027452564929262735,3970
308,0.0,16.65434305,500.0,31,1630784,20139,0.05768504729494452,0.9904446601867676,0.012592104,-14.685636591911315,0.21764898300170898,0.12158203125,-0.08207777887582779,0.0001,0.2,-0.015028586785774678,3975
309,0.0,16.617653040000004,500.0,31,1632832,20174,0.049670151155442,0.9913359880447388,0.019224085,-14.737196683883667,0.21769845485687256,0.18310546875,-0.09376469254493713,0.0001,0.2,-0.019934868917334824,3980
310,0.0,16.63666773,500.0,31,1634880,20209,0.039067729562520984,0.9947807788848877,0.01460968,-14.656126689910888,0.21780754625797272,0.1365234375,-0.06842753291130066,0.0001,0.2,-0.01395936770713888,3985
311,0.0,16.6622792,500.0,31,1636928,20243,0.06065547117032111,0.9921864867210388,0.021979354,-14.76818344593048,0.21789991855621338,0.20234375,-0.08197021484375,0.0001,0.2,-0.017886291112517938,3990
312,0.0,16.66700676,500.0,31,1638976,20278,0.04026545137166977,0.994262158870697,0.021198086,-14.665896153450012,0.21789659559726715,0.14677734375,-0.08522927016019821,0.0001,0.2,-0.01865775401238352,3995
313,0.0,16.62127116,500.0,31,1641024,20313,0.06473242961801588,0.9898247718811035,0.0136822425,-14.705758190155029,0.21795134246349335,0.1318359375,-0.07938508689403534,0.0001,0.2,-0.014002432429697365,4000
314,0.0,16.59500653,500.0,31,1643072,20347,0.03993757881689817,0.9937201142311096,0.01870407,-14.781030941009522,0.21802222728729248,0.17900390625,-0.07894003391265869,0.0001,0.2,-0.02116138217970729,4005
315,0.0,16.59835099,500.0,31,1645120,20382,0.19326029643416404,0.9640238881111145,0.017135225,-14.855213451385499,0.2180808037519455,0.1333984375,-0.009019359946250916,0.0001,0.2,-0.022898978996090592,4010
316,0.0,16.591995800000003,500.0,31,1647168,20416,0.06534874513745308,0.9904508590698242,0.023448268,-14.833636689186097,0.21825234591960907,0.1765625,-0.0713462233543396,0.0001,0.2,-0.018000988604035227,4015
317,0.0,16.60406226,500.0,31,1649216,20450,0.03543391658458859,0.9943821430206299,0.020610016,-14.885713672637939,0.21818359196186066,0.1734375,-0.10624071955680847,0.0001,0.2,-0.019000883412081747,4020
318,0.0,16.642775320000002,500.0,31,1651264,20847,0.038021623808890584,0.9943427443504333,0.016156472,-14.762236070632934,0.21794579923152924,0.16220703125,-0.08089962601661682,0.0001,0.2,-0.019254935451317578,4025
319,0.0,16.66167118,500.0,31,1653312,20879,0.05451622288674116,0.9928786158561707,0.01964219,-14.786499667167664,0.21781998872756958,0.18408203125,-0.06560132652521133,0.0001,0.2,-0.015453396027442067,4030
320,0.0,16.70114204,500.0,31,1655360,20914,0.038725932012312114,0.9935325980186462,0.021515282,-14.751913666725159,0.21775315701961517,0.216015625,-0.093717560172081,0.0001,0.2,-0.01885988597641699,4035
321,0.0,16.65953152,500.0,31,1657408,20948,0.03138538715429604,0.99661785364151,0.018240355,-14.810264182090759,0.21786172688007355,0.1818359375,-0.09307463467121124,0.0001,0.2,-0.015466221456881613,4040
322,0.0,16.66701634,500.0,31,1659456,20982,0.0781138668768108,0.9898260831832886,0.018608646,-14.770970177650451,0.21772682666778564,0.17080078125,-0.05774097144603729,0.0001,0.2,-0.019947163562756033,4045
323,0.0,16.539544840000005,500.0,31,1661504,21015,0.07489993944764137,0.9896043539047241,0.015485653,-14.74050223827362,0.21769504249095917,0.15556640625,-0.05463545769453049,0.0001,0.2,-0.017660566908307373,4050
324,0.0,16.57448709,500.0,31,1663552,21050,0.3675735745579004,0.9426999092102051,0.012079599,-15.1097731590271,0.21773944795131683,0.1228515625,-0.001316264271736145,0.0001,0.2,-0.024850636266637593,4055
325,0.0,16.61374685,500.0,31,1665600,21083,0.05775068798102438,0.99146568775177,0.016157186,-14.748975038528442,0.21772132813930511,0.13603515625,-0.07205797731876373,0.0001,0.2,-0.01761104284087196,4060
326,0.0,16.62726858,500.0,31,1667648,21118,0.043475685524754226,0.9945980906486511,0.01884194,-14.769719529151917,0.21758444607257843,0.16162109375,-0.05567992478609085,0.0001,0.2,-0.015611135109793395,4065
327,0.0,16.634357339999998,500.0,31,1669696,21154,0.04185475050471723,0.9941279292106628,0.01767106,-14.725358986854554,0.21737980842590332,0.15478515625,-0.0847543254494667,0.0001,0.2,-0.01890489358920604,4070
328,0.0,16.580021389999995,500.0,31,1671744,21190,0.0423485572449863,0.9946193099021912,0.018753996,-14.798624205589295,0.2172132283449173,0.17822265625,-0.08108982443809509,0.0001,0.2,-0.01911225311923772,4075
329,0.0,16.63973059,500.0,31,1673792,21226,0.037928924849256876,0.994990348815918,0.019185364,-14.791337513923645,0.21706777811050415,0.19609375,-0.0790896937251091,0.0001,0.2,-0.020976350014097988,4080
330,0.0,16.63470124,500.0,31,1675840,21614,0.055192024121060966,0.9927273988723755,0.015094203,-14.813911604881287,0.21687261760234833,0.13427734375,-0.05845242738723755,0.0001,0.2,-0.014571084064664319,4085
331,0.0,16.670152780000002,500.0,31,1677888,21647,0.04427634554449469,0.993535041809082,0.016245574,-14.754376864433288,0.2168513983488083,0.13359375,-0.06548462808132172,0.0001,0.2,-0.016661672247573735,4090
332,0.0,16.68229123,500.0,31,1679936,21681,0.054628276452422145,0.9895777106285095,0.02036431,-14.87205400466919,0.21681976318359375,0.17197265625,-0.08895985782146454,0.0001,0.2,-0.01624243367696181,4095
333,0.0,16.719232820000002,500.0,31,1681984,21717,0.030899169063195585,0.9956908822059631,0.016916776,-14.840929675102235,0.21689070761203766,0.13818359375,-0.09080997109413147,0.0001,0.2,-0.016460422321688383,4100
334,0.0,16.695265399999997,500.0,31,1684032,21752,0.02413235236890614,0.9969086050987244,0.018661905,-14.816967129707336,0.21703965961933136,0.1845703125,-0.07845906913280487,0.0001,0.2,-0.02008573017665185,4105
335,0.0,16.69555472,500.0,31,1686080,21786,0.11577016301453114,0.985771894454956,0.017413419,-14.889252758026123,0.2169928103685379,0.1697265625,-0.0543353334069252,0.0001,0.2,-0.015885225625243037,4110
336,0.0,16.734420349999997,500.0,31,1688128,21818,0.027758714137598874,0.9963433146476746,0.012927337,-14.781201839447021,0.21688492596149445,0.150390625,-0.08277589082717896,0.0001,0.2,-0.015245442406740039,4115
337,0.0,16.74202195,500.0,31,1690176,21855,0.13755618073046208,0.9764786958694458,0.024336431,-14.681669092178344,0.21685980260372162,0.2109375,-0.07931438088417053,0.0001,0.2,-0.025254951580427586,4120
338,0.0,16.75079165,500.0,31,1692224,21892,0.06624797079712152,0.990343451499939,0.01723868,-14.861949372291566,0.21676664054393768,0.15556640625,-0.08770135045051575,0.0001,0.2,-0.020317482855170967,4125
339,0.0,16.77228762,500.0,31,1694272,21928,0.03228694056160748,0.9949119687080383,0.01636637,-14.811346912384034,0.21677495539188385,0.13779296875,-0.07789802551269531,0.0001,0.2,-0.015455173305235803,4130
340,0.0,16.75749759,500.0,31,1696320,21961,0.030537254991941154,0.9958762526512146,0.015942827,-14.840483856201171,0.2166764736175537,0.1625,-0.09072045981884003,0.0001,0.2,-0.017664237704593688,4135
341,0.0,16.790672129999997,500.0,31,1698368,21995,0.14465636424720288,0.9776838421821594,0.020431533,-14.940592002868652,0.2166285365819931,0.16669921875,-0.052518535405397415,0.0001,0.2,-0.020933361013885588,4140
342,0.0,16.785760779999997,500.0,31,1700416,22378,0.07024543648585677,0.9909773468971252,0.0147572085,-14.801810097694396,0.21665121614933014,0.13876953125,-0.0703539028763771,0.0001,0.2,-0.02324191910447553,4145
343,0.0,16.77053207,500.0,31,1702464,22412,0.08181393742561341,0.9879812598228455,0.021624967,-14.730927562713623,0.21661196649074554,0.17138671875,-0.07777568697929382,0.0001,0.2,-0.023447976913303137,4150
344,0.0,16.75584474,500.0,31,1704512,22446,0.04926190986298025,0.991588294506073,0.017062152,-14.743544626235963,0.21671338379383087,0.16171875,-0.08735914528369904,0.0001,0.2,-0.02117347822058946,4155
345,0.0,16.713107479999998,500.0,31,1706560,22481,0.0535985023714602,0.9922922849655151,0.013881484,-14.795889306068421,0.21681277453899384,0.1205078125,-0.061365239322185516,0.0001,0.2,-0.01282439794158563,4160
346,0.0,16.70338194,500.0,31,1708608,22515,0.1645309917628765,0.9762685298919678,0.017592695,-15.002389550209045,0.21691715717315674,0.1669921875,-0.03169115632772446,0.0001,0.2,-0.021777399873826653,4165
347,0.0,16.743686540000002,500.0,31,1710656,22548,0.047453854931518435,0.9922521114349365,0.016849931,-14.8602219581604,0.21681611239910126,0.1810546875,-0.0863056629896164,0.0001,0.2,-0.018251827801577747,4170
348,0.0,16.831228080000002,500.0,31,1712704,22582,0.042246753070503476,0.9934999346733093,0.018405274,-14.904912519454957,0.21663647890090942,0.1857421875,-0.08518234640359879,0.0001,0.2,-0.02125397140625864,4175
349,0.0,16.82756527,500.0,31,1714752,22617,0.03709220779128373,0.9949649572372437,0.01630396,-14.862226152420044,0.21642057597637177,0.153125,-0.07104332745075226,0.0001,0.2,-0.015065083850640804,4180
350,0.0,16.820425049999997,500.0,31,1716800,22651,0.03442500410601497,0.9955611824989319,0.016206145,-14.834218192100526,0.21633462607860565,0.1474609375,-0.08319289237260818,0.0001,0.2,-0.01749312806641683,4185
351,0.0,16.814550200000003,500.0,31,1718848,22687,0.0430550049059093,0.9937878251075745,0.019127712,-14.86229383945465,0.2163829803466797,0.14912109375,-0.09579809755086899,0.0001,0.2,-0.020828490890562535,4190
352,0.0,16.81731913,500.0,31,1720896,22722,0.025269131665118037,0.9970006942749023,0.016072454,-14.870394110679626,0.21632713079452515,0.15625,-0.09068122506141663,0.0001,0.2,-0.015166553831659258,4195
353,0.0,16.835633480000002,500.0,31,1722944,22757,0.1270108986645937,0.9826526641845703,0.018561192,-15.052053594589234,0.21640831232070923,0.1587890625,-0.06546729058027267,0.0001,0.2,-0.022020855982555078,4200
354,0.0,16.85780844,500.0,31,1724992,22790,0.04254489983431995,0.9942394495010376,0.021853477,-14.746899628639222,0.21643322706222534,0.17236328125,-0.06640281528234482,0.0001,0.2,-0.016493993124458938,4205
355,0.0,16.852891350000004,500.0,31,1727040,23188,0.030795210716314615,0.9953089356422424,0.010823218,-14.87324800491333,0.21628962457180023,0.1205078125,-0.0839763805270195,0.0001,0.2,-0.013478061626665294,4210
356,0.0,16.86845557,500.0,31,1729088,23223,0.05888289394788444,0.9910910129547119,0.016982947,-14.973485541343688,0.21617333590984344,0.149609375,-0.08899781107902527,0.0001,0.2,-0.022378635359928012,4215
357,0.0,16.878803809999997,500.0,31,1731136,23258,0.02609958027023822,0.9958966970443726,0.019543443,-14.785247015953065,0.21610359847545624,0.1861328125,-0.10688160359859467,0.0001,0.2,-0.020583768910728394,4220
358,0.0,16.89048609,500.0,31,1733184,23292,0.021782212820835412,0.9973660111427307,0.016440284,-14.840324783325196,0.21618002653121948,0.17119140625,-0.08717778325080872,0.0001,0.2,-0.01798724980908446,4225
359,0.0,16.9228244,500.0,31,1735232,23327,0.04810990542173386,0.9931542277336121,0.01727666,-15.049881935119629,0.21613670885562897,0.18046875,-0.08675576746463776,0.0001,0.2,-0.02027966276509687,4230
360,0.0,16.877242399999997,500.0,31,1737280,23362,0.036082146363332866,0.9945341348648071,0.0188701,-14.933866667747498,0.21621225774288177,0.2279296875,-0.09240466356277466,0.0001,0.2,-0.018251426343340427,4235
361,0.0,16.89488554,500.0,31,1739328,23397,0.058609386906027794,0.9904419183731079,0.015102739,-14.884898328781128,0.21629451215267181,0.14208984375,-0.08043402433395386,0.0001,0.2,-0.01981563389999792,4240
362,0.0,16.88227026,500.0,31,1741376,23433,0.06688952697440982,0.9893673062324524,0.015750848,-14.910940027236938,0.21637707948684692,0.1298828125,-0.08551384508609772,0.0001,0.2,-0.020458448719000443,4245
363,0.0,16.906607040000004,500.0,31,1743424,23468,0.04393313946202397,0.9948700070381165,0.016231213,-15.15547022819519,0.216303750872612,0.1384765625,-0.07949533313512802,0.0001,0.2,-0.02096082743955776,4250
364,0.0,16.97498356,500.0,31,1745472,23502,0.024966643773950636,0.9964419007301331,0.0129395295,-14.846727800369262,0.21623511612415314,0.1263671875,-0.07816705107688904,0.0001,0.2,-0.012485712021589278,4255
365,0.0,16.98349923,500.0,31,1747520,23536,0.02079610861837864,0.9972088932991028,0.014374617,-14.839095091819763,0.21606405079364777,0.12734375,-0.10083171725273132,0.0001,0.2,-0.016204346652375533,4260
366,0.0,17.0148438,500.0,31,1749568,23573,0.01761032026261091,0.9977192878723145,0.01430019,-14.911914372444153,0.21598638594150543,0.15048828125,-0.0953134298324585,0.0001,0.2,-0.01921745524741709,4265
367,0.0,16.995436400000003,500.0,31,1751616,24061,0.05290507120080292,0.9916698932647705,0.014997541,-15.030301499366761,0.2158501297235489,0.1552734375,-0.08805190771818161,0.0001,0.2,-0.020834898739121855,4270
368,0.0,17.04259067,500.0,31,1753664,24098,0.034609036054462194,0.9958367943763733,0.014330123,-15.01182496547699,0.2157561033964157,0.17978515625,-0.08928447216749191,0.0001,0.2,-0.021114491031039507,4275
369,0.0,17.136854170000003,500.0,31,1755712,24136,0.0626964864321053,0.9907075762748718,0.017678445,-14.945161747932435,0.21569563448429108,0.1552734375,-0.0851830467581749,0.0001,0.2,-0.02154612117446959,4280
370,0.0,17.11029166,500.0,31,1757760,24173,0.02913122596219182,0.9958137273788452,0.016941495,-15.08459439277649,0.21573491394519806,0.15810546875,-0.08798201382160187,0.0001,0.2,-0.01964729237370193,4285
371,0.0,17.126326389999996,500.0,31,1759808,24210,0.04413141878321767,0.9940900802612305,0.013965832,-14.967879629135131,0.21565832197666168,0.13798828125,-0.07838514447212219,0.0001,0.2,-0.015212359884753824,4290
372,0.0,17.1463999,500.0,31,1761856,24247,0.05568308671936393,0.9921134114265442,0.02203647,-14.99285659790039,0.21575558185577393,0.17666015625,-0.08432409167289734,0.0001,0.2,-0.017185196548234673,4295
373,0.0,17.08374597,500.0,31,1763904,24283,0.03360410628374666,0.9961832165718079,0.01655052,-15.002219343185425,0.2157597690820694,0.16640625,-0.08510217815637589,0.0001,0.2,-0.016200896841473876,4300
374,0.0,17.136553369999998,500.0,31,1765952,24323,0.11259886771440505,0.9853637218475342,0.02018317,-15.242568349838256,0.2157450169324875,0.1619140625,-0.06609456241130829,0.0001,0.2,-0.02180841288063675,4305
375,0.0,17.147471239999998,500.0,31,1768000,24363,0.04896894046105445,0.9939085245132446,0.015109273,-14.99826021194458,0.2157392054796219,0.1537109375,-0.07671885937452316,0.0001,0.2,-0.017255575628951192,4310
376,0.0,17.13229436,500.0,31,1770048,24403,0.03294165437109768,0.9954813718795776,0.018835522,-14.89919192790985,0.21569889783859253,0.1734375,-0.085642009973526,0.0001,0.2,-0.01892785243690014,4315
377,0.0,17.158500339999996,500.0,31,1772096,24443,0.040686539560556415,0.993858814239502,0.013041982,-14.999797224998474,0.21556217968463898,0.1041015625,-0.08251702040433884,0.0001,0.2,-0.012664038350339978,4320
378,0.0,17.12377423,500.0,31,1774144,24481,0.043222090555354954,0.9928394556045532,0.020317592,-15.028066110610961,0.21535153687000275,0.1755859375,-0.08414220809936523,0.0001,0.2,-0.017535083903931083,4325
379,0.0,17.110933000000003,500.0,31,1776192,24899,0.06543752066791057,0.989663302898407,0.017360605,-15.235494947433471,0.2152647227048874,0.16943359375,-0.07368212938308716,0.0001,0.2,-0.020673957956023514,4330
380,0.0,17.1538716,500.0,31,1778240,24935,0.08031254257075489,0.9878953695297241,0.021197312,-15.08484070301056,0.21513186395168304,0.20927734375,-0.09061988443136215,0.0001,0.2,-0.022554456978105007,4335
381,0.0,17.167065049999998,500.0,31,1780288,24972,0.02469114977866411,0.9964691996574402,0.015113233,-14.980375123023986,0.21509043872356415,0.1546875,-0.10867933183908463,0.0001,0.2,-0.01879469370469451,4340
382,0.0,17.158950720000004,500.0,31,1782336,25009,0.03039454189129174,0.9960823655128479,0.012256341,-14.99227569103241,0.21509861946105957,0.130859375,-0.09073847532272339,0.0001,0.2,-0.011942981585161761,4345
383,0.0,17.175177159999997,500.0,31,1784384,25043,0.035410424578003585,0.9950222969055176,0.014430913,-15.003594613075256,0.2150050401687622,0.13916015625,-0.07541912794113159,0.0001,0.2,-0.01331874366151169,4350
384,0.0,17.20105643,500.0,31,1786432,25079,0.03654228486120701,0.9964485168457031,0.016091455,-15.066902828216552,0.21501757204532623,0.1587890625,-0.07957492023706436,0.0001,0.2,-0.017987644899403677,4355
385,0.0,17.215560670000002,500.0,31,1788480,25114,0.02566364447120577,0.9968673586845398,0.018584972,-15.023597383499146,0.21496208012104034,0.17646484375,-0.09967812895774841,0.0001,0.2,-0.01722029676893726,4360
386,0.0,17.20679286,500.0,31,1790528,25147,0.022722915140911938,0.9969689846038818,0.021387532,-14.968331265449525,0.21502429246902466,0.18212890625,-0.09151359647512436,0.0001,0.2,-0.020119971956592052,4365
387,0.0,17.179405940000002,500.0,31,1792576,25182,0.03626050860621035,0.994905412197113,0.017307539,-14.978609085083008,0.2152533084154129,0.1576171875,-0.0707760900259018,0.0001,0.2,-0.019472119130659847,4370
388,0.0,17.15125987,500.0,31,1794624,25216,0.08250672481954098,0.9887149930000305,0.016691037,-14.991660618782044,0.21536247432231903,0.1697265625,-0.07734642922878265,0.0001,0.2,-0.020162448403425515,4375
389,0.0,17.12962831,500.0,31,1796672,25252,0.027776465052738786,0.9947316646575928,0.014778683,-15.066728377342224,0.2153882384300232,0.14912109375,-0.08624157309532166,0.0001,0.2,-0.019514402281492947,4380
390,0.0,17.12721507,500.0,31,1798720,25286,0.018390081473626196,0.997464120388031,0.019855332,-15.013087582588195,0.2153552919626236,0.18662109375,-0.08066698163747787,0.0001,0.2,-0.01922641390701756,4385
391,0.0,17.1597601,500.0,31,1800768,25691,0.03130249911919236,0.9955686926841736,0.017662412,-15.073735618591309,0.21524061262607574,0.16162109375,-0.1000201627612114,0.0001,0.2,-0.015384522743988781,4390
392,0.0,17.14687535,500.0,31,1802816,25728,0.02405822561122477,0.9957517981529236,0.020517323,-14.98608694076538,0.21517501771450043,0.20009765625,-0.0978040024638176,0.0001,0.2,-0.021380759531166405,4395
393,0.0,17.145316549999997,500.0,31,1804864,25765,0.029896778427064417,0.9958537817001343,0.018955689,-15.022794365882874,0.21526800096035004,0.1625,-0.09545806795358658,0.0001,0.2,-0.019180557411164045,4400
394,0.0,17.145021110000002,500.0,31,1806912,25802,0.031443755305372176,0.996177077293396,0.016605005,-15.118374180793761,0.21529646217823029,0.15517578125,-0.10022234171628952,0.0001,0.2,-0.01412501628510654,4405
395,0.0,17.1810893,500.0,31,1808960,25837,0.03153876827564091,0.9959145188331604,0.015034455,-15.059134650230408,0.21535801887512207,0.14482421875,-0.07812459766864777,0.0001,0.2,-0.016230360901681708,4410
396,0.0,17.20320888,500.0,31,1811008,25872,0.023898114811163395,0.9968979954719543,0.015954472,-15.100404286384583,0.2152322679758072,0.13544921875,-0.08107361942529678,0.0001,0.2,-0.013289369584526867,4415
397,0.0,17.16713868,500.0,31,1813056,25906,0.030811673309653998,0.9963239431381226,0.01638291,-15.092146849632263,0.21510452032089233,0.1802734375,-0.08165086805820465,0.0001,0.2,-0.01851740014972165,4420
398,0.0,17.25499278,500.0,31,1815104,25942,0.021506468520965428,0.9973713755607605,0.012976664,-15.121908450126648,0.21508318185806274,0.12626953125,-0.0796160101890564,0.0001,0.2,-0.012939837598241865,4425
399,0.0,17.26072626,500.0,31,1817152,25978,0.031767653045244516,0.9960944652557373,0.01389788,-15.10491964817047,0.21510304510593414,0.12646484375,-0.08575742691755295,0.0001,0.2,-0.011149608949199318,4430
400,0.0,16.911398820000002,498.2,31,1819200,26012,0.7816248036921024,0.9251961708068848,0.011094764,-15.394463753700256,0.21514441072940826,0.117578125,0.40700763463974,0.0001,0.2,-0.018364651245065033,4435
401,0.0,16.92146338,498.2,31,1821248,26049,0.19052214506082238,0.9496027231216431,0.019405229,-15.182643485069274,0.21508125960826874,0.13984375,-0.07632352411746979,0.0001,0.2,-0.021989451808622107,4440
402,0.0,16.936626650000004,498.2,31,1823296,26084,0.03682888960465789,0.9950705766677856,0.019103717,-15.107912850379943,0.21512822806835175,0.15595703125,-0.09890937805175781,0.0001,0.2,-0.01643119703512639,4445
403,0.0,16.98567396,498.2,31,1825344,26513,0.028828216763213278,0.996391773223877,0.012595303,-15.037928152084351,0.21510820090770721,0.14833984375,-0.07430076599121094,0.0001,0.2,-0.01373896598815918,4450
404,0.0,16.959012480000002,498.2,31,1827392,26549,0.052276021288707855,0.9935650825500488,0.013907979,-15.081186366081237,0.2150321751832962,0.1421875,-0.0860665887594223,0.0001,0.2,-0.01275114951422438,4455
405,0.0,16.95842451,498.2,31,1829440,26582,0.1439452890306711,0.9775493144989014,0.013193196,-15.20107159614563,0.21505342423915863,0.12880859375,-0.06485620141029358,0.0001,0.2,-0.021479082602309064,4460
406,0.0,16.984407450000003,498.2,31,1831488,26615,0.03356513001490384,0.9949309229850769,0.015987508,-15.124514746665955,0.21492500603199005,0.1548828125,-0.08692240715026855,0.0001,0.2,-0.016494866547873244,4465
407,0.0,16.96386674,498.2,31,1833536,26647,0.03179983966983855,0.9948180317878723,0.014984636,-15.131056118011475,0.2148292064666748,0.14404296875,-0.10774822533130646,0.0001,0.2,-0.01997884325683117,4470
408,0.0,16.9880675,498.2,31,1835584,26681,0.11224759249016643,0.9843707084655762,0.0151042,-15.133300137519836,0.21476225554943085,0.11337890625,-0.06209755688905716,0.0001,0.2,-0.01637152044568211,4475
409,0.0,16.977446660000002,498.2,31,1837632,26713,0.053316540597006676,0.9932295680046082,0.018166829,-15.105402040481568,0.21490149199962616,0.16357421875,-0.09449690580368042,0.0001,0.2,-0.020350854203570634,4480
410,0.0,17.029935909999995,498.2,31,1839680,26745,0.057604350289329885,0.9918789267539978,0.014660123,-15.12851402759552,0.2149372100830078,0.1408203125,-0.06345763802528381,0.0001,0.2,-0.017216808279044926,4485
411,0.0,17.064003359999997,498.2,31,1841728,26777,0.03539578260388225,0.9947671294212341,0.013606662,-15.111211156845092,0.2149246782064438,0.1376953125,-0.08498778939247131,0.0001,0.2,-0.01739015355706215,4490
412,0.0,17.101545899999998,498.2,31,1843776,26809,0.046302435966208574,0.9951290488243103,0.013314428,-15.105694794654847,0.21492590010166168,0.09111328125,-0.043429482728242874,0.0001,0.2,-0.009656239254400133,4495
413,0.0,17.160594250000003,498.2,31,1845824,26842,0.1281792303547263,0.9820907115936279,0.014648149,-15.013670539855957,0.2150295525789261,0.1416015625,-0.04355117678642273,0.0001,0.2,-0.015611073220497929,4500
414,0.0,17.186000300000003,498.2,31,1847872,26874,0.028726509283296765,0.9961703419685364,0.021485154,-15.07704029083252,0.2150220274925232,0.18173828125,-0.08798012882471085,0.0001,0.2,-0.017527293995954096,4505
415,0.0,17.179322279999997,498.2,31,1849920,26906,0.032933023758232594,0.9958565831184387,0.014844209,-15.179692959785461,0.2151852697134018,0.151953125,-0.08969955146312714,0.0001,0.2,-0.018518982018576935,4510
416,0.0,17.19981357,498.2,31,1851968,27280,0.03223411904182285,0.9963192343711853,0.013639679,-15.082196140289307,0.2151530385017395,0.12978515625,-0.07599224150180817,0.0001,0.2,-0.011984796170145274,4515
417,0.0,17.2258297,498.2,31,1854016,27313,0.029499805252999067,0.9964765310287476,0.016526101,-15.091165041923523,0.21520031988620758,0.16826171875,-0.08990773558616638,0.0001,0.2,-0.015811147796921433,4520
418,0.0,17.23581927,498.2,31,1856064,27345,0.02357199777616188,0.9972501993179321,0.012407347,-15.092665100097657,0.21513791382312775,0.16162109375,-0.08204490691423416,0.0001,0.2,-0.015644494083244354,4525
419,0.0,17.237222560000003,498.2,31,1858112,27376,0.017077126330696045,0.9978934526443481,0.011725978,-15.1020001411438,0.21491555869579315,0.11220703125,-0.09116750210523605,0.0001,0.2,-0.014326664758846164,4530
420,0.0,17.243433420000002,498.2,31,1860160,27408,0.053471740800887346,0.9923566579818726,0.01495604,-15.293673777580262,0.21488690376281738,0.15302734375,-0.08422699570655823,0.0001,0.2,-0.020512064942158757,4535
421,0.0,17.26961927,498.2,31,1862208,27440,0.02359035888221115,0.9963630437850952,0.018463086,-15.13352029323578,0.21467049419879913,0.16259765625,-0.08966787904500961,0.0001,0.2,-0.01729876413010061,4540
422,0.0,17.28287617,498.2,31,1864256,27472,0.01685380095150322,0.9983156323432922,0.013077166,-15.155301380157471,0.21463418006896973,0.1232421875,-0.08857285231351852,0.0001,0.2,-0.014022465643938631,4545
423,0.0,17.252292320000002,498.2,31,1866304,27505,0.059780980832874774,0.9902262687683105,0.02293223,-15.118683218955994,0.21462132036685944,0.17919921875,-0.09012027829885483,0.0001,0.2,-0.024354467680677772,4550
424,0.0,17.62236948,500.0,31,1868352,27537,0.19321767762303352,0.9718191027641296,0.015798228,-15.130022883415222,0.21470193564891815,0.146875,-0.05005011707544327,0.0001,0.2,-0.02203880637534894,4555
425,0.0,17.61441891,500.0,31,1870400,27570,0.024626119900494813,0.9954487085342407,0.019015316,-15.090024375915528,0.21455718576908112,0.20498046875,-0.10502886772155762,0.0001,0.2,-0.017658515425864607,4560
426,0.0,17.607490459999998,500.0,31,1872448,27603,0.02936981536913663,0.9966089725494385,0.010649618,-15.084967350959777,0.2143741250038147,0.18193359375,-0.10096563398838043,0.0001,0.2,-0.017062857060227542,4565
427,0.0,17.604423650000005,500.0,31,1874496,27637,0.027686717477627097,0.9969294667243958,0.015765242,-15.085726046562195,0.2143797129392624,0.1609375,-0.0864446610212326,0.0001,0.2,-0.0142295352590736,4570
428,0.0,17.61299498,500.0,31,1876544,28060,0.024307659873738886,0.9972531199455261,0.014164895,-15.078581094741821,0.21413546800613403,0.18935546875,-0.09952342510223389,0.0001,0.2,-0.013236956193577499,4575
429,0.0,17.62999641,500.0,31,1878592,28093,0.016615292616188528,0.9982346892356873,0.014969097,-15.06423635482788,0.21412105858325958,0.13896484375,-0.10104943066835403,0.0001,0.2,-0.016573030134895816,4580
430,0.0,17.59753183,500.0,31,1880640,28127,0.01903258862439543,0.9977695345878601,0.012652525,-15.079381489753723,0.21416479349136353,0.13232421875,-0.08153747022151947,0.0001,0.2,-0.01561989298206754,4585
431,0.0,17.643198999999996,500.0,31,1882688,28159,0.018206009361892938,0.9979554414749146,0.01642663,-15.1252512216568,0.21406561136245728,0.14267578125,-0.10175066441297531,0.0001,0.2,-0.01879123729595449,4590
432,0.0,17.65555144,500.0,31,1884736,28192,0.062405321095138785,0.9936482906341553,0.01873742,-15.128426122665406,0.21406060457229614,0.162890625,-0.08700451999902725,0.0001,0.2,-0.020393665524898096,4595
433,0.0,17.65422078,500.0,31,1886784,28224,0.03385286198463291,0.9962329864501953,0.012193823,-15.065207171440125,0.2140575498342514,0.1140625,-0.08378075063228607,0.0001,0.2,-0.01551862551132217,4600
434,0.0,17.68372038,500.0,31,1888832,28256,0.019184717116877435,0.9975600242614746,0.0152930245,-15.050029158592224,0.21411259472370148,0.14150390625,-0.10160169750452042,0.0001,0.2,-0.018429440318141133,4605
435,0.0,17.67401779,500.0,31,1890880,28288,0.02048275163397193,0.9973137378692627,0.014905877,-15.040641713142396,0.21416698396205902,0.15517578125,-0.1032525897026062,0.0001,0.2,-0.018463574815541506,4610
436,0.0,17.676672420000003,500.0,31,1892928,28324,0.014612507564015687,0.9980257749557495,0.011184586,-15.001252937316895,0.21395544707775116,0.13125,-0.10135167837142944,0.0001,0.2,-0.013986191677395255,4615
437,0.0,17.64821367,500.0,31,1894976,28356,0.019161814264953135,0.9975488185882568,0.012865746,-15.029626083374023,0.21385635435581207,0.13583984375,-0.06998206675052643,0.0001,0.2,-0.013537230453221128,4620
438,0.0,17.645249690000004,500.0,31,1897024,28390,0.041832590196281674,0.9945899248123169,0.017012324,-15.05550844669342,0.21384918689727783,0.14970703125,-0.07825727015733719,0.0001,0.2,-0.016936249611899257,4625
439,0.0,17.63291955,500.0,31,1899072,28422,0.020325356267858297,0.9970636367797852,0.013617203,-14.998316359519958,0.21375785768032074,0.13642578125,-0.09339692443609238,0.0001,0.2,-0.015780317934695632,4630
440,0.0,17.63821189,500.0,31,1901120,28810,0.07734292820096016,0.9878551959991455,0.013713149,-14.981500363349914,0.2137904316186905,0.13203125,-0.08152318000793457,0.0001,0.2,-0.019986426568357273,4635
441,0.0,17.65197315,500.0,31,1903168,28844,0.021849761088378727,0.9970634579658508,0.015784528,-15.072806906700134,0.21362660825252533,0.1544921875,-0.08991574496030807,0.0001,0.2,-0.018556917493697256,4640
442,0.0,17.646759050000004,500.0,31,1905216,28877,0.013372158445417882,0.998491644859314,0.013602982,-15.056449174880981,0.21367280185222626,0.15283203125,-0.09301210194826126,0.0001,0.2,-0.018271639104932548,4645
443,0.0,17.651282039999998,500.0,31,1907264,28911,0.016057268856093286,0.998282253742218,0.017700005,-15.066975307464599,0.2136925905942917,0.1828125,-0.0884140357375145,0.0001,0.2,-0.018344111705664544,4650
444,0.0,17.68001031,500.0,31,1909312,28945,0.03229093400295824,0.9960441589355469,0.011775996,-15.101054883003235,0.21359701454639435,0.13603515625,-0.05908496677875519,0.0001,0.2,-0.013218767405487598,4655
445,0.0,17.67263406,500.0,31,1911360,28980,0.016632405819837003,0.998023509979248,0.0110037625,-15.128945469856262,0.21356253325939178,0.12431640625,-0.07820877432823181,0.0001,0.2,-0.010533312353072689,4660
446,0.0,17.678060010000003,500.0,31,1913408,29013,0.0283502857433632,0.996467113494873,0.018755492,-15.017805600166321,0.21364320814609528,0.17470703125,-0.08913134038448334,0.0001,0.2,-0.021152965491637588,4665
447,0.0,17.65790676,500.0,31,1915456,29046,0.07785881171002984,0.9883878827095032,0.014645283,-15.008884048461914,0.21365292370319366,0.1162109375,-0.04547601938247681,0.0001,0.2,-0.018103270087158306,4670
448,0.0,17.70632012,500.0,31,1917504,29079,0.029976799339056014,0.9952069520950317,0.014999483,-15.155525851249696,0.21359729766845703,0.19111328125,-0.08510187268257141,0.0001,0.2,-0.020370154548436402,4675
449,0.0,17.696199909999997,500.0,31,1919552,29111,0.016589258855674416,0.9977678060531616,0.014938946,-15.143888092041015,0.2134733349084854,0.16962890625,-0.10023590177297592,0.0001,0.2,-0.013829296198673546,4680
450,0.0,17.73505114,500.0,31,1921600,29144,0.15163320787250995,0.9778154492378235,0.015432763,-15.117010927200317,0.2134489268064499,0.13583984375,-0.055033233016729355,0.0001,0.2,-0.022669914399739356,4685
451,0.0,17.73476504,500.0,31,1923648,29177,0.021641217963770033,0.9966679811477661,0.013874384,-15.18396852016449,0.21343766152858734,0.13505859375,-0.09833095967769623,0.0001,0.2,-0.01802866195794195,4690
452,0.0,17.71683483,500.0,31,1925696,29662,0.02329852106049657,0.9970082640647888,0.015570904,-15.179909825325012,0.21339435875415802,0.1708984375,-0.08350194990634918,0.0001,0.2,-0.016369348799344152,4695
453,0.0,17.73795231,500.0,31,1927744,29699,0.026140793669037522,0.9974029064178467,0.015528724,-15.210456705093383,0.21337300539016724,0.14775390625,-0.09009953588247299,0.0001,0.2,-0.016687258484307677,4700
454,0.0,17.74779464,500.0,31,1929792,29735,0.020904199848882855,0.9973519444465637,0.014148466,-15.175651097297669,0.2132590413093567,0.13525390625,-0.07802315056324005,0.0001,0.2,-0.013497968181036412,4705
455,0.0,17.7465109,500.0,31,1931840,29769,0.015647990233264863,0.9980301856994629,0.010330249,-15.071601104736327,0.21312803030014038,0.115234375,-0.08126372843980789,0.0001,0.2,-0.012037502886960283,4710
456,0.0,17.73054286,500.0,31,1933888,29802,0.018658223538659514,0.997626543045044,0.013575209,-14.988333249092102,0.21295399963855743,0.13623046875,-0.10141906142234802,0.0001,0.2,-0.016010468523018063,4715
457,0.0,17.7240852,500.0,31,1935936,29835,0.021953345625661314,0.9971628189086914,0.01377842,-15.07775812149048,0.2128710299730301,0.15517578125,-0.10225510597229004,0.0001,0.2,-0.016303283534944056,4720
458,0.0,17.7130317,500.0,31,1937984,29869,0.014661796228028833,0.9981481432914734,0.015262194,-15.125577759742736,0.21289490163326263,0.15615234375,-0.09664222598075867,0.0001,0.2,-0.014383393223397434,4725
459,0.0,17.70010379,500.0,31,1940032,29903,0.017262044502422212,0.9977603554725647,0.013418628,-15.134082269668578,0.21275146305561066,0.13388671875,-0.09403696656227112,0.0001,0.2,-0.015135723998537288,4730
460,0.0,17.69128087,500.0,31,1942080,29937,0.021350698871538044,0.9974372982978821,0.014093098,-15.180985641479491,0.21270805597305298,0.15498046875,-0.07679520547389984,0.0001,0.2,-0.015492414101026952,4735
461,0.0,17.694304210000002,500.0,31,1944128,29970,0.02375775295076892,0.9973915815353394,0.0127842985,-15.158814120292664,0.21276986598968506,0.17294921875,-0.0811963900923729,0.0001,0.2,-0.015223859483376146,4740
462,0.0,17.74080727,500.0,31,1946176,30005,0.01615064936922863,0.998325765132904,0.015981246,-15.190109610557556,0.2126958817243576,0.13046875,-0.10091336071491241,0.0001,0.2,-0.011090480734128504,4745
463,0.0,17.75420443,500.0,31,1948224,30037,0.028273405996151267,0.9970095157623291,0.017398901,-15.158521294593811,0.21266762912273407,0.18017578125,-0.08122124522924423,0.0001,0.2,-0.018370493303518743,4750
464,0.0,17.75296816,500.0,31,1950272,30430,0.018364906962960958,0.997449517250061,0.012577258,-15.13451669216156,0.21252696216106415,0.13046875,-0.07539431005716324,0.0001,0.2,-0.013709860807284712,4755
465,0.0,17.75386152,500.0,31,1952320,30468,0.009891072171740234,0.9988086819648743,0.015138332,-15.069768381118774,0.21245421469211578,0.119921875,-0.0916304662823677,0.0001,0.2,-0.012156653590500355,4760
466,0.0,17.763252310000006,500.0,31,1954368,30505,0.012477484461851419,0.9985302686691284,0.016356226,-15.081391406059264,0.21244491636753082,0.1501953125,-0.0820358619093895,0.0001,0.2,-0.01541012468514964,4765
467,0.0,17.75312109,500.0,31,1956416,30543,0.018019901111256332,0.997672975063324,0.0137494225,-15.08521752357483,0.21243083477020264,0.166015625,-0.07961015403270721,0.0001,0.2,-0.012412235530791804,4770
468,0.0,17.74440449,500.0,31,1958464,30581,0.026659901812672616,0.9967336058616638,0.012200832,-15.08134377002716,0.21236638724803925,0.1517578125,-0.08316941559314728,0.0001,0.2,-0.014313442807178944,4775
469,0.0,17.72717617,500.0,31,1960512,30619,0.009374835080234335,0.9988468885421753,0.011753454,-15.092833113670348,0.21242332458496094,0.1173828125,-0.09778644889593124,0.0001,0.2,-0.011122832947876304,4780
470,0.0,17.74148768,500.0,31,1962560,30657,0.011784030322451145,0.9986535310745239,0.013134134,-15.138486576080322,0.21238501369953156,0.13798828125,-0.086466483771801,0.0001,0.2,-0.0118462628335692,4785
471,0.0,17.71086595,500.0,31,1964608,30695,0.014567834534682333,0.998170018196106,0.011005931,-15.141148948669434,0.2121673822402954,0.12421875,-0.09380628168582916,0.0001,0.2,-0.011686168133746833,4790
472,0.0,17.70383327,500.0,31,1966656,30734,0.024231282295659184,0.9970962405204773,0.01500443,-15.115736722946167,0.21214906871318817,0.13427734375,-0.07012661546468735,0.0001,0.2,-0.012008139374665916,4795
473,0.0,17.66327697,500.0,31,1968704,30771,0.012051821104250848,0.9983431100845337,0.015657421,-15.062743735313415,0.21219541132450104,0.16064453125,-0.08408528566360474,0.0001,0.2,-0.016683110513258725,4800
474,0.0,17.70051202,500.0,31,1970752,30809,0.02522107707336545,0.9973263144493103,0.01567338,-15.162999486923217,0.21214371919631958,0.16572265625,-0.0949520617723465,0.0001,0.2,-0.01658057112363167,4805
475,0.0,17.70916802,500.0,31,1972800,30848,0.011756795918336138,0.9983702301979065,0.016313737,-15.089769411087037,0.21221844851970673,0.13564453125,-0.09742383658885956,0.0001,0.2,-0.01574163942132145,4810
476,0.0,17.71069764,500.0,31,1974848,30886,0.14988685827702283,0.9768176078796387,0.018542264,-15.15376274585724,0.21232879161834717,0.1755859375,-0.035348765552043915,0.0001,0.2,-0.01742813552264124,4815
477,0.0,17.729849390000002,500.0,31,1976896,31313,0.01681726468959823,0.9969503879547119,0.015420275,-15.115103840827942,0.21220366656780243,0.22216796875,-0.10574502497911453,0.0001,0.2,-0.01936302622780204,4820
478,0.0,17.735629400000004,500.0,31,1978944,31351,0.011983177298679948,0.9983912110328674,0.015230825,-15.128630423545838,0.21211379766464233,0.141015625,-0.10278446227312088,0.0001,0.2,-0.01762349558994174,4825
479,0.0,17.74137503,500.0,31,1980992,31388,0.013738790166098625,0.9981215000152588,0.016796775,-15.127090120315552,0.21212925016880035,0.17001953125,-0.10067501664161682,0.0001,0.2,-0.01684903010027483,4830
480,0.0,17.755318810000002,500.0,31,1983040,31426,0.012769880564883351,0.9983679056167603,0.0137418555,-15.117568874359131,0.211983785033226,0.1330078125,-0.10688161104917526,0.0001,0.2,-0.014400965813547374,4835
481,0.0,17.77397508,500.0,31,1985088,31463,0.015199694246985019,0.9983075261116028,0.013570791,-15.103430342674255,0.2118106335401535,0.13232421875,-0.09132526814937592,0.0001,0.2,-0.01176231779390946,4840
482,0.0,17.79518342,500.0,31,1987136,31501,0.013377431698609143,0.9982532262802124,0.01443482,-15.143709969520568,0.21173514425754547,0.13505859375,-0.10339361429214478,0.0001,0.2,-0.017715195741038768,4845
483,0.0,17.78037625,500.0,31,1989184,31539,0.013306406966876239,0.9983659386634827,0.012104154,-15.126327538490296,0.21164143085479736,0.1341796875,-0.10795916616916656,0.0001,0.2,-0.015075205155881122,4850
484,0.0,17.79235939,500.0,31,1991232,31574,0.018626734148710966,0.997974693775177,0.013367072,-15.176114296913147,0.21161890029907227,0.10966796875,-0.08307753503322601,0.0001,0.2,-0.014486594963818789,4855
485,0.0,17.79010185,500.0,31,1993280,31609,0.01686753429239616,0.9972127079963684,0.012155719,-15.118199396133424,0.21145053207874298,0.1373046875,-0.08473296463489532,0.0001,0.2,-0.01091419174335897,4860
486,0.0,17.792379970000002,500.0,31,1995328,31646,0.034414997324347496,0.995462954044342,0.015868051,-15.074569869041444,0.2114427536725998,0.14169921875,-0.07693362236022949,0.0001,0.2,-0.017831645859405398,4865
487,0.0,17.76675229,500.0,31,1997376,31683,0.02609266801737249,0.9955161809921265,0.01928996,-15.156580209732056,0.21136055886745453,0.14951171875,-0.09847071766853333,0.0001,0.2,-0.016023629839764908,4870
488,0.0,17.74381303,500.0,31,1999424,31719,0.02372923424700275,0.9967625141143799,0.013748016,-15.126883101463317,0.21127991378307343,0.136328125,-0.08778106421232224,0.0001,0.2,-0.013195617846213282,4875
