rollout/ep_rew_mean,time/fps,time/iterations,time/total_timesteps,rollout/success_rate,rollout/ep_len_mean,time/time_elapsed,train/policy_gradient_loss,train/loss,train/clip_range,train/approx_kl,train/std,train/n_updates,train/learning_rate,train/clip_fraction,train/explained_variance,train/entropy_loss,train/value_loss
-3.04174375,464,1,2048,0.0,500.0,4,,,,,,,,,,,
-3.0530737500000003,394,2,4096,0.0,500.0,10,-0.029477169271558523,0.047051288187503815,0.2,0.025468009,0.25028935074806213,5,0.0001,0.278515625,0.0459667444229126,-0.19930596947669982,0.17143624611198902
-1.5893148333333336,378,3,6144,0.0,500.0,16,-0.02560592664522119,0.034709200263023376,0.2,0.021108452,0.25062891840934753,10,0.0001,0.23916015625,-0.024193525314331055,-0.2066905379295349,0.12252612672746181
-0.5135303125,368,4,8192,0.0,500.0,22,-0.019325177627615632,0.04403441399335861,0.2,0.01967045,0.2506733536720276,15,0.0001,0.19990234375,0.47097277641296387,-0.21235290467739104,0.13372208531945945
-0.30340710000000004,365,5,10240,0.0,500.0,28,-0.01810480726417154,0.017390768975019455,0.2,0.023436472,0.2507384717464447,20,0.0001,0.18564453125,0.6044270992279053,-0.21243267953395845,0.1377036239951849
0.4639327916666667,359,6,12288,0.0,500.0,34,-0.018427883298136293,0.10123352706432343,0.2,0.021911807,0.25080814957618713,25,0.0001,0.213671875,0.6152422428131104,-0.2147117555141449,0.2418074607849121
0.9279996071428572,353,7,14336,0.0,500.0,40,-0.017624418198829518,0.061205241829156876,0.2,0.017564025,0.25092455744743347,30,0.0001,0.1724609375,0.5355179309844971,-0.2165336549282074,0.21323012448847295
1.53490565625,349,8,16384,0.0,500.0,46,-0.01721781233791262,0.027581993490457535,0.2,0.018710125,0.25109997391700745,35,0.0001,0.1703125,0.7657782435417175,-0.22002798020839692,0.23578647933900357
1.7351580555555557,347,9,18432,0.0,500.0,53,-0.019501720159314572,0.07399818301200867,0.2,0.02343145,0.25108182430267334,40,0.0001,0.26142578125,0.9061895608901978,-0.2222420781850815,0.15356709752231837
1.7294852500000002,344,10,20480,0.0,500.0,59,-0.012278661283198744,0.0490848571062088,0.2,0.014921689,0.250956654548645,45,0.0001,0.14794921875,0.9054723381996155,-0.22056007385253906,0.1897750459611416
2.0149348222222225,342,11,22528,0.0,500.0,65,-0.015704797639045864,0.042351432144641876,0.2,0.018555637,0.25096753239631653,50,0.0001,0.208984375,0.9301833510398865,-0.21875238716602324,0.23298020679503678
2.333852714285715,340,12,24576,0.0,500.0,72,-0.016609491687268017,0.04663855582475662,0.2,0.018094666,0.25103309750556946,55,0.0001,0.1705078125,0.940491259098053,-0.22004395425319673,0.27898344658315183
2.5080561509433967,337,13,26624,0.0,500.0,78,-0.01881332325283438,0.06703820824623108,0.2,0.015968364,0.25112107396125793,60,0.0001,0.21416015625,0.9445897936820984,-0.22181256711483002,0.2215036854147911
2.7071576666666672,334,14,28672,0.0,500.0,85,-0.013342847500462085,0.04514884948730469,0.2,0.012382487,0.25119102001190186,65,0.0001,0.17041015625,0.9556758999824524,-0.2234875440597534,0.19052848890423774
2.7557446229508202,333,15,30720,0.0,500.0,92,-0.016999152104835956,0.02030300721526146,0.2,0.019776521,0.2512272298336029,70,0.0001,0.18798828125,0.972515344619751,-0.2244199901819229,0.15586271230131388
2.9503790615384617,332,16,32768,0.0,500.0,98,-0.015893393114674838,0.06679333746433258,0.2,0.016710093,0.2512977123260498,75,0.0001,0.153515625,0.9556338787078857,-0.22624795138835907,0.27066994793713095
2.943707753623189,332,17,34816,0.0,500.0,104,-0.01810773793840781,0.020491108298301697,0.2,0.020857286,0.25129103660583496,80,0.0001,0.203125,0.9803792834281921,-0.22685199081897736,0.12461961284279824
3.07482802739726,332,18,36864,0.0,500.0,110,-0.014071919338312,0.0439147874712944,0.2,0.016647013,0.2513331472873688,85,0.0001,0.1677734375,0.9746306538581848,-0.22712739408016205,0.15976018607616424
3.219646337662337,331,19,38912,0.0,500.0,117,-0.013484550779685378,0.032379359006881714,0.2,0.015018689,0.2513922154903412,90,0.0001,0.14052734375,0.9841668605804443,-0.2285488396883011,0.09822535375133157
3.3305045061728396,331,20,40960,0.0,500.0,123,-0.017436045821523295,0.014727577567100525,0.2,0.014855558,0.25132840871810913,95,0.0001,0.1974609375,0.9841060042381287,-0.22876153290271758,0.10303098652511836
3.4002438604651157,331,21,43008,0.0,500.0,129,-0.015577961457893252,0.03185790404677391,0.2,0.017364834,0.25103721022605896,100,0.0001,0.16728515625,0.9762645959854126,-0.22478907704353332,0.12364388760179282
3.4090900444444445,331,22,45056,0.0,500.0,135,-0.014568867266643793,0.04634757712483406,0.2,0.017640743,0.2508111894130707,105,0.0001,0.18984375,0.975560188293457,-0.21781344413757325,0.12483830153942108
3.434934957446809,332,23,47104,0.0,500.0,141,-0.014560905483085662,0.014987211674451828,0.2,0.017116172,0.2506464719772339,110,0.0001,0.175,0.9839129447937012,-0.21354970932006836,0.09660989800468087
3.5041219081632655,332,24,49152,0.0,500.0,147,-0.01243053875514306,0.04630103334784508,0.2,0.016592821,0.2507712244987488,115,0.0001,0.16943359375,0.9743818640708923,-0.2122003972530365,0.13677088860422373
3.74477294,333,25,51200,0.0,500.0,153,-0.014244818047154694,0.010265188291668892,0.2,0.017173767,0.25092387199401855,120,0.0001,0.20341796875,0.9870260953903198,-0.2163367599248886,0.0638700251467526
4.1346166900000005,334,26,53248,0.0,500.0,159,-0.012931627896614372,0.03286829590797424,0.2,0.023099532,0.2510110139846802,125,0.0001,0.17197265625,0.9866064190864563,-0.21887924075126647,0.07325802072882652
4.42323302,335,27,55296,0.0,500.0,165,-0.016590369609184565,0.011658528819680214,0.2,0.01762905,0.2508355975151062,130,0.0001,0.2162109375,0.9892084002494812,-0.21830088794231414,0.05922234524041414
4.5267738699999995,335,28,57344,0.0,500.0,170,-0.014321141684195026,-0.016598867252469063,0.2,0.022360459,0.25064828991889954,135,0.0001,0.1896484375,0.987790584564209,-0.21345956027507781,0.05998364221304655
4.81518185,336,29,59392,0.0,500.0,176,-0.01506221629679203,0.007661677896976471,0.2,0.018849675,0.2507174611091614,140,0.0001,0.18984375,0.9878776669502258,-0.2119834154844284,0.05281205656938255
4.9770520099999995,337,30,61440,0.0,500.0,182,-0.014273766346741467,-0.0022746343165636063,0.2,0.01519979,0.2506166398525238,145,0.0001,0.18486328125,0.991876482963562,-0.21211319267749787,0.040642456524074076
5.0958535000000005,337,31,63488,0.0,500.0,188,-0.012324013642501085,0.034117862582206726,0.2,0.018401321,0.25054165720939636,150,0.0001,0.1669921875,0.9832370281219482,-0.20948492884635925,0.06900166906416416
5.215578119999999,337,32,65536,0.0,500.0,193,-0.015478560386691242,-0.003200449049472809,0.2,0.015286289,0.2506699860095978,155,0.0001,0.18759765625,0.99002605676651,-0.21012660264968872,0.046547270845621824
5.30390809,338,33,67584,0.0,500.0,199,-0.013683792005758732,0.013547192327678204,0.2,0.019433286,0.2505231201648712,160,0.0001,0.19765625,0.9872498512268066,-0.21074171662330626,0.0612736027687788
5.490703530000001,339,34,69632,0.0,500.0,205,-0.011552405037218706,-0.009413623251020908,0.2,0.015500802,0.2506040036678314,165,0.0001,0.1865234375,0.9900025725364685,-0.2085234373807907,0.0406880590133369
5.747122419999999,339,35,71680,0.0,500.0,211,-0.01079859231831506,0.01615288481116295,0.2,0.0147123765,0.2504540979862213,170,0.0001,0.1705078125,0.9918689131736755,-0.20877820253372192,0.03740356652997434
5.7874724099999995,340,36,73728,0.0,500.0,216,-0.012463539000600576,-0.006705518811941147,0.2,0.015601173,0.2503346800804138,175,0.0001,0.14833984375,0.9913753867149353,-0.20517253875732422,0.03243210166692734
5.83941072,340,37,75776,0.0,500.0,222,-0.012424794666003436,-0.01083449274301529,0.2,0.016538844,0.250290185213089,180,0.0001,0.18388671875,0.990700364112854,-0.20274316370487214,0.038507676823064683
5.955493239999999,340,38,77824,0.0,500.0,228,-0.013937308522872626,-0.021992333233356476,0.2,0.02119197,0.25021836161613464,185,0.0001,0.21259765625,0.9908547401428223,-0.202114936709404,0.03477783794514835
6.183480810000001,340,39,79872,0.0,500.0,234,-0.012563089892501012,-0.0034953951835632324,0.2,0.018099107,0.2501964867115021,190,0.0001,0.1865234375,0.9891663193702698,-0.20045590102672578,0.04617727762088179
6.306615419999999,340,40,81920,0.0,500.0,240,-0.013283624756149947,-0.0029486697167158127,0.2,0.020745471,0.25027570128440857,195,0.0001,0.198828125,0.9925956726074219,-0.20130936801433563,0.03347638314589858
6.47095925,340,41,83968,0.0,500.0,246,-0.013411172339692712,0.016470585018396378,0.2,0.019270856,0.250232458114624,200,0.0001,0.18994140625,0.992767333984375,-0.20201920568943024,0.036585075920447706
6.664049429999999,340,42,86016,0.0,500.0,252,-0.014138729337719268,0.013389692641794682,0.2,0.017779514,0.2502210736274719,205,0.0001,0.21328125,0.9906847476959229,-0.20100472271442413,0.0368950089905411
6.783958110000001,341,43,88064,0.0,500.0,258,-0.01652263312134892,-0.0003345860168337822,0.2,0.021607302,0.25020429491996765,210,0.0001,0.24287109375,0.9925276637077332,-0.20072872340679168,0.031808157544583084
6.822171279999999,341,44,90112,0.0,500.0,263,-0.013107541622594,0.007456844672560692,0.2,0.017387994,0.25009801983833313,215,0.0001,0.1931640625,0.9919707179069519,-0.19962723553180695,0.034601014805957675
7.01279492,341,45,92160,0.0,500.0,269,-0.013427437009522692,0.007976584136486053,0.2,0.01743861,0.25001469254493713,220,0.0001,0.22216796875,0.9866900444030762,-0.1969797432422638,0.04264164362102747
7.170330909999999,341,46,94208,0.0,500.0,275,-0.012484603538177907,-0.005634566769003868,0.2,0.017466284,0.2498290091753006,225,0.0001,0.184375,0.9904747605323792,-0.19378920197486876,0.03461948661133647
7.32963168,341,47,96256,0.0,500.0,281,-0.014056531921960413,0.005010601133108139,0.2,0.022311881,0.2496378868818283,230,0.0001,0.23076171875,0.9815160036087036,-0.18909403681755066,0.06198006086051464
7.470392519999999,341,48,98304,0.0,500.0,287,-0.014913936331868171,-0.005556175485253334,0.2,0.018874988,0.2495456337928772,235,0.0001,0.22001953125,0.9879867434501648,-0.185893914103508,0.039992577582597735
7.58289624,293,49,100352,0.0,500.0,342,-0.014432118798140436,-0.01627238094806671,0.2,0.015713036,0.2493801712989807,240,0.0001,0.19736328125,0.9907163381576538,-0.18312954008579255,0.03531746272929013
7.651574579999999,293,50,102400,0.0,500.0,348,-0.010587762983050197,0.0014499109238386154,0.2,0.022597138,0.24939435720443726,245,0.0001,0.24970703125,0.9893724322319031,-0.18052400648593903,0.033249447029083966
7.7188982699999995,294,51,104448,0.0,500.0,354,-0.00996487142983824,0.012919316068291664,0.2,0.022062853,0.24929867684841156,250,0.0001,0.18359375,0.9879845976829529,-0.18005587458610534,0.03812172147445381
7.83641203,294,52,106496,0.0,500.0,361,-0.012895022198790684,-0.010576007887721062,0.2,0.01622039,0.24910438060760498,255,0.0001,0.17783203125,0.9915980100631714,-0.1764646828174591,0.03035041708499193
7.940406019999999,295,53,108544,0.0,500.0,367,-0.01556671828730032,-0.005462702363729477,0.2,0.017755179,0.24903137981891632,260,0.0001,0.21767578125,0.9912430644035339,-0.17289634943008422,0.032174832886084914
8.034918530000002,295,54,110592,0.0,500.0,374,-0.010834001481998711,0.007883991114795208,0.2,0.015570378,0.24899722635746002,265,0.0001,0.15732421875,0.9928946495056152,-0.17162684500217437,0.03241630047559738
8.099299199999999,296,55,112640,0.0,500.0,380,-0.01617475339444354,-0.010730966925621033,0.2,0.027731176,0.2488863319158554,270,0.0001,0.20869140625,0.990625262260437,-0.1697609007358551,0.030585279548540713
8.13868307,296,56,114688,0.0,500.0,386,-0.013420605519786476,-0.0072124917060136795,0.2,0.01978124,0.24869079887866974,275,0.0001,0.21982421875,0.9908077120780945,-0.1665444016456604,0.031531645357608794
8.257922789999999,297,57,116736,0.0,500.0,393,-0.011317483405582607,0.007633591070771217,0.2,0.021699328,0.24851064383983612,280,0.0001,0.18896484375,0.991363525390625,-0.1614912211894989,0.032465287996456024
8.30797597,297,58,118784,0.0,500.0,399,-0.01474798452691175,-0.01755472645163536,0.2,0.023619339,0.24824027717113495,285,0.0001,0.215625,0.9914988875389099,-0.1567559063434601,0.029206525161862375
8.339706599999998,298,59,120832,0.0,500.0,405,-0.013250576547579839,-0.007484467700123787,0.2,0.024717137,0.24798612296581268,290,0.0001,0.23525390625,0.9862200021743774,-0.15012417137622833,0.04205482904799283
8.397905699999999,298,60,122880,0.0,500.0,411,-0.015256140322890133,-0.00287562794983387,0.2,0.019865785,0.24786776304244995,295,0.0001,0.205078125,0.9892497658729553,-0.14529848396778106,0.032734179263934494
8.444387019999999,299,61,124928,0.0,500.0,417,-0.013748543779365718,0.03374525159597397,0.2,0.022069981,0.2478124052286148,300,0.0001,0.197265625,0.9777321815490723,-0.14322588145732879,0.06642525354400278
8.492353479999998,268,62,126976,0.0,500.0,472,-0.01480663325637579,-0.014710679650306702,0.2,0.02088546,0.24768130481243134,305,0.0001,0.20283203125,0.9914495348930359,-0.14097561538219452,0.025321766384877264
8.5340864,269,63,129024,0.0,500.0,478,-0.011667994630988688,0.007158171385526657,0.2,0.023843607,0.24762050807476044,310,0.0001,0.20068359375,0.9811370968818665,-0.13837051391601562,0.057130946312099695
8.581166389999998,270,64,131072,0.0,500.0,484,-0.012784165830817073,0.007661936804652214,0.2,0.022712644,0.2474488466978073,315,0.0001,0.20830078125,0.9762730598449707,-0.1360931307077408,0.08281463319435715
8.62877277,271,65,133120,0.0,500.0,491,-0.013219707529060543,0.0038263085298240185,0.2,0.021158012,0.2472655028104782,320,0.0001,0.21396484375,0.9922310709953308,-0.1317029505968094,0.020099622337147592
8.69460855,271,66,135168,0.0,500.0,497,-0.015411103679798543,-0.01650577411055565,0.2,0.021772116,0.24722838401794434,325,0.0001,0.2375,0.9937059879302979,-0.12846751809120177,0.016875545680522918
8.755614909999998,272,67,137216,0.0,500.0,503,-0.01567154403310269,-0.015619189478456974,0.2,0.020072533,0.24727900326251984,330,0.0001,0.22646484375,0.9934843182563782,-0.12877172529697417,0.017755480669438838
8.84526209,273,68,139264,0.0,500.0,510,-0.012066083471290767,0.0014591109938919544,0.2,0.02258432,0.24720607697963715,335,0.0001,0.22216796875,0.9928542375564575,-0.1288796365261078,0.020300765405409038
8.872943119999999,273,69,141312,0.0,500.0,516,-0.014264682034263388,-0.02924766205251217,0.2,0.019097934,0.24726653099060059,340,0.0001,0.20751953125,0.9933409094810486,-0.12798773646354675,0.019628100306726994
8.95503311,274,70,143360,0.0,500.0,522,-0.015223042812903185,-0.0027582067996263504,0.2,0.037745167,0.24735717475414276,345,0.0001,0.2014358108108108,0.9699748754501343,-0.13027807828542348,0.09089445473777281
9.02908844,274,71,145408,0.0,500.0,528,-0.015157793991966173,-0.024476617574691772,0.2,0.016516127,0.2474224716424942,350,0.0001,0.19052734375,0.9929396510124207,-0.1320858806371689,0.020097245112992823
9.06921714,275,72,147456,0.0,500.0,535,-0.014271648065187038,-0.009436959400773048,0.2,0.022165366,0.2473657876253128,355,0.0001,0.21796875,0.9704031348228455,-0.13282592594623566,0.07128668138757348
9.155034290000001,275,73,149504,0.0,500.0,541,-0.012013553350698203,-0.0008367160335183144,0.2,0.0182874,0.2472403198480606,360,0.0001,0.16533203125,0.9743295311927795,-0.1301615744829178,0.06397904469631613
9.22707913,254,74,151552,0.0,500.0,595,-0.01739702923805453,-0.0018779896199703217,0.2,0.017833782,0.24718479812145233,365,0.0001,0.2111328125,0.9912485480308533,-0.12757440209388732,0.02313774763606489
9.30905935,255,75,153600,0.0,500.0,602,-0.012997965968679637,-0.009064988233149052,0.2,0.019247971,0.24701015651226044,370,0.0001,0.1705078125,0.9928862452507019,-0.1253076285123825,0.01882493414450437
9.305436469999998,255,76,155648,0.0,500.0,608,-0.014554513187613338,-0.010773509740829468,0.2,0.021991355,0.24700866639614105,375,0.0001,0.22255859375,0.9936336278915405,-0.12256474792957306,0.016492389142513275
9.33224976,256,77,157696,0.0,500.0,614,-0.014508111914619804,0.026339635252952576,0.2,0.024127398,0.24711914360523224,380,0.0001,0.2013671875,0.9764934182167053,-0.12399462461471558,0.06271519167348742
9.370632149999999,257,78,159744,0.0,500.0,620,-0.011602256348123775,0.04725687950849533,0.2,0.023804277,0.2472277134656906,385,0.0001,0.180859375,0.9705568552017212,-0.12667105495929717,0.0717588764615357
9.3740582,257,79,161792,0.0,500.0,627,-0.010767027281690388,0.006604979746043682,0.2,0.017028859,0.24716563522815704,390,0.0001,0.185546875,0.9793388247489929,-0.1280284732580185,0.054312244337052104
9.48068636,258,80,163840,0.0,500.0,633,-0.009779489517677575,-0.0027908990159630775,0.2,0.014106549,0.24712230265140533,395,0.0001,0.1939453125,0.9871001243591309,-0.1261899709701538,0.028636602498590947
9.506768390000001,259,81,165888,0.0,500.0,639,-0.01481416446622461,-0.00813950877636671,0.2,0.017817026,0.2468581646680832,400,0.0001,0.19267578125,0.9923958778381348,-0.12310079634189605,0.019503464084118606
9.58754163,259,82,167936,0.0,500.0,646,-0.016885706083849074,-0.0005297930911183357,0.2,0.020754328,0.24692855775356293,405,0.0001,0.26806640625,0.9894408583641052,-0.1189335823059082,0.02483020294457674
9.64599518,260,83,169984,0.0,500.0,652,-0.013262998661957681,-0.011743299663066864,0.2,0.025482647,0.24702595174312592,410,0.0001,0.22646484375,0.9936962127685547,-0.12217809557914734,0.016431267908774316
9.66030357,260,84,172032,0.0,500.0,659,-0.013838448084425182,0.0018103625625371933,0.2,0.021355482,0.2470369189977646,415,0.0001,0.211328125,0.9861196875572205,-0.12364754378795624,0.03222472919151187
9.649949330000002,261,85,174080,0.0,500.0,665,-0.015575524768792093,0.01438360195606947,0.2,0.020104792,0.2469872385263443,420,0.0001,0.2154296875,0.9904994368553162,-0.1229336529970169,0.02648183568380773
9.679324379999999,244,86,176128,0.0,500.0,720,-0.015456731291487813,0.006469023413956165,0.2,0.027195288,0.24706465005874634,425,0.0001,0.2486328125,0.9739710092544556,-0.12314186990261078,0.0691055671311915
9.63755425,245,87,178176,0.0,500.0,726,-0.015239926101639868,-0.026619303971529007,0.2,0.02014099,0.2470928430557251,430,0.0001,0.21669921875,0.9889979958534241,-0.12483657896518707,0.024422610830515622
9.648730460000001,246,88,180224,0.0,500.0,732,-0.010054879286326469,-0.005399154499173164,0.2,0.02399794,0.24704182147979736,435,0.0001,0.21943359375,0.9855794906616211,-0.12414632737636566,0.03731408603489399
9.65583179,246,89,182272,0.0,500.0,738,-0.015749212424270808,-0.013453707098960876,0.2,0.022368224,0.24701018631458282,440,0.0001,0.2876953125,0.9904431700706482,-0.1232224553823471,0.026362753566354515
9.69177866,247,90,184320,0.0,500.0,744,-0.01677986712893471,-0.015194425359368324,0.2,0.021558862,0.24705617129802704,445,0.0001,0.2373046875,0.9880333542823792,-0.12316990494728089,0.030382224591448903
9.713355420000001,248,91,186368,0.0,500.0,750,-0.018082638317719103,-0.004845025017857552,0.2,0.021152016,0.24708706140518188,450,0.0001,0.228125,0.9898803234100342,-0.12425248026847839,0.025034974655136467
9.70771878,249,92,188416,0.0,500.0,755,-0.01489625747781247,-0.008921101689338684,0.2,0.023277082,0.24695254862308502,455,0.0001,0.2166015625,0.9882343411445618,-0.12327176630496979,0.028224792517721652
9.710208249999999,250,93,190464,0.0,500.0,761,-0.016169255261775105,-0.01784469187259674,0.2,0.016683113,0.24689753353595734,460,0.0001,0.18115234375,0.9921289086341858,-0.12030445039272308,0.019068023841828107
9.78521273,250,94,192512,0.0,500.0,767,-0.014009066473226995,-0.014934814535081387,0.2,0.015917217,0.24693310260772705,465,0.0001,0.187890625,0.993669331073761,-0.12022320926189423,0.01553889203350991
9.862643419999998,251,95,194560,0.0,500.0,773,-0.013428918871795759,0.005992100108414888,0.2,0.017886043,0.24675077199935913,470,0.0001,0.21123046875,0.9940003156661987,-0.11895285546779633,0.018526395503431558
9.916502849999999,252,96,196608,0.0,500.0,779,-0.012920244492124765,-0.005763891153037548,0.2,0.018548198,0.24653221666812897,475,0.0001,0.20166015625,0.9933862686157227,-0.11395472586154938,0.016473913565278053
9.95292986,252,97,198656,0.0,500.0,785,-0.016134548850823195,-0.019508149474859238,0.2,0.03022325,0.24642522633075714,480,0.0001,0.25703125,0.9937480688095093,-0.10926427841186523,0.014187780092470348
10.091718790000002,239,98,200704,0.0,500.0,839,-0.014713760081212968,0.003775089979171753,0.2,0.02710087,0.24666865170001984,485,0.0001,0.22353515625,0.967858076095581,-0.11085441410541534,0.06877426002174616
10.131584779999999,239,99,202752,0.0,500.0,845,-0.0034980381722562017,0.14513158798217773,0.2,0.019179469,0.24686278402805328,490,0.0001,0.15947265625,0.8280025720596313,-0.11659896075725555,0.32331257639452815
10.19266631,240,100,204800,0.0,500.0,851,-0.01691222304943949,-0.003241976723074913,0.2,0.022943974,0.24682627618312836,495,0.0001,0.2109375,0.984289824962616,-0.11896056532859803,0.024946625344455242
10.1959731,241,101,206848,0.0,500.0,858,-0.014749979460611939,-0.004890173673629761,0.2,0.024155613,0.2467694729566574,500,0.0001,0.2013671875,0.9860358238220215,-0.11743178963661194,0.02845646268688142
10.17780733,241,102,208896,0.0,500.0,864,-0.013218209031037986,0.009964315220713615,0.2,0.021694884,0.2467464953660965,505,0.0001,0.23916015625,0.9728180766105652,-0.11664793491363526,0.06790993604809045
10.145564359999998,242,103,210944,0.0,500.0,871,-0.00974239531205967,-0.005178680643439293,0.2,0.016977374,0.2466801255941391,510,0.0001,0.1912109375,0.9673207998275757,-0.11535464823246003,0.050053000124171375
10.1520036,242,104,212992,0.0,500.0,877,-0.010913935105782003,0.005088988691568375,0.2,0.024694383,0.2466644048690796,515,0.0001,0.217578125,0.953060507774353,-0.11404913663864136,0.08593339370563627
10.09771782,243,105,215040,0.0,500.0,883,-0.007708451361395419,-0.014722764492034912,0.2,0.02507738,0.24655497074127197,520,0.0001,0.2453125,0.9816964268684387,-0.11326064467430115,0.029881988232955337
10.113977069999999,243,106,217088,0.0,500.0,889,-0.015001570212189109,-0.014818326570093632,0.2,0.0233694,0.24654757976531982,525,0.0001,0.2423828125,0.9894506335258484,-0.11097826063632965,0.028716640640050174
10.131884490000001,244,107,219136,0.0,500.0,896,-0.0110522034636233,8.609984070062637e-05,0.2,0.018520268,0.24668283760547638,530,0.0001,0.22275390625,0.9868446588516235,-0.11260075867176056,0.02757600834593177
10.17820428,245,108,221184,0.0,500.0,902,-0.013886264024768025,-0.01013479195535183,0.2,0.02015249,0.24655544757843018,535,0.0001,0.20908203125,0.9920539855957031,-0.11354317665100097,0.018705988861620428
10.26159144,245,109,223232,0.0,500.0,909,-0.01679356537060812,-0.022961046546697617,0.2,0.027675878,0.24634991586208344,540,0.0001,0.22109375,0.992052435874939,-0.1089906483888626,0.020533808157779276
10.200335789999999,233,110,225280,0.0,500.0,965,-0.010921924374997616,-0.01868373528122902,0.2,0.016411135,0.24619849026203156,545,0.0001,0.2037109375,0.9913462400436401,-0.1044241100549698,0.016171003319323064
10.291331889999999,233,111,227328,0.0,500.0,971,-0.014467271592002362,0.021656395867466927,0.2,0.01925382,0.24622364342212677,550,0.0001,0.2466796875,0.9728439450263977,-0.10234450101852417,0.06544915297999979
10.382347,234,112,229376,0.0,500.0,977,-0.017334835091605782,-0.021776441484689713,0.2,0.021711947,0.24613869190216064,555,0.0001,0.23447265625,0.9918824434280396,-0.10268563032150269,0.020809252047911286
10.434011889999999,235,113,231424,0.0,500.0,983,-0.0110994290814481,0.0007277815602719784,0.2,0.029997481,0.24608290195465088,558,0.0001,0.21253551136363635,0.9930045008659363,-0.10027875141663985,0.018671528351577846
10.47308309,236,114,233472,0.0,500.0,989,-0.013076470140367747,-0.005656246095895767,0.2,0.017170485,0.245961531996727,563,0.0001,0.1984375,0.992289662361145,-0.09836425185203553,0.018791097053326666
10.286006709999997,236,115,235520,0.0,497.42,996,-0.013139474391937255,-0.0010186778381466866,0.2,0.01640397,0.2458159327507019,568,0.0001,0.15654296875,0.9935011863708496,-0.09505340456962585,0.01603482651989907
10.284590210000001,236,116,237568,0.0,497.42,1002,-0.002568084839731455,0.2653409242630005,0.2,0.026585322,0.24581147730350494,573,0.0001,0.190234375,0.8238564729690552,-0.09212384521961212,0.47555524706840513
10.30179384,237,117,239616,0.0,497.42,1009,-0.011409585608635097,-0.013522006571292877,0.2,0.018647067,0.24581140279769897,578,0.0001,0.21083984375,0.980185866355896,-0.09318644106388092,0.03593686930835247
10.270919690000001,237,118,241664,0.0,497.42,1015,-0.01377273998223245,0.020000429823994637,0.2,0.026715755,0.2457682490348816,583,0.0001,0.21474609375,0.9713318943977356,-0.09226508140563965,0.06359483837150037
10.260127390000001,238,119,243712,0.0,497.42,1021,-0.015301994350738823,-0.004493865184485912,0.2,0.023233755,0.2457459717988968,588,0.0001,0.21123046875,0.98921138048172,-0.0914749413728714,0.02705345945432782
10.253544989999998,239,120,245760,0.0,497.42,1028,-0.014498320035636425,0.042497679591178894,0.2,0.024722766,0.24574510753154755,593,0.0001,0.23349609375,0.9761902093887329,-0.09125810265541076,0.06174002806656063
10.232107269999998,239,121,247808,0.0,497.42,1034,-0.009210614825133235,0.006530762184411287,0.2,0.016385954,0.24572594463825226,598,0.0001,0.195703125,0.9930234551429749,-0.0912160873413086,0.01860421453602612
10.13563848,240,122,249856,0.0,497.42,1040,-0.012696411239448934,-0.0049384646117687225,0.2,0.021883972,0.2456524819135666,603,0.0001,0.2189453125,0.9935015439987183,-0.0902272492647171,0.014822701271623374
10.113988469999999,229,123,251904,0.0,497.42,1098,-0.011486878048162907,-0.023024097084999084,0.2,0.018267106,0.2455698698759079,608,0.0001,0.24091796875,0.9926196932792664,-0.0879875123500824,0.017344833980314434
9.90435217,229,124,253952,0.0,496.71,1104,-0.013758378045167774,0.0006122346967458725,0.2,0.020353166,0.24560488760471344,613,0.0001,0.2009765625,0.9921504855155945,-0.08723894953727722,0.019715642160736024
9.9151342,230,125,256000,0.0,496.71,1110,-0.012679005111567675,0.03567291796207428,0.2,0.024680456,0.24572841823101044,618,0.0001,0.18125,0.9569273591041565,-0.08927083611488343,0.14707569535821677
9.990906890000002,231,126,258048,0.0,496.71,1116,-0.013176900276448578,-0.00979244988411665,0.2,0.019583857,0.24557726085186005,623,0.0001,0.23388671875,0.9871512055397034,-0.08991778492927552,0.024309623148292304
9.89055354,231,127,260096,0.0,496.71,1123,-0.011402656906284392,0.010375991463661194,0.2,0.017204795,0.24548031389713287,628,0.0001,0.189453125,0.9832396507263184,-0.08585438430309296,0.03742217801045626
9.9384474,232,128,262144,0.0,496.71,1129,-0.015290593449026346,0.05124623328447342,0.2,0.023182116,0.24544356763362885,633,0.0001,0.2361328125,0.971091091632843,-0.08449289500713349,0.08639126662164927
9.93324164,232,129,264192,0.0,496.71,1135,-0.008836243214318529,-0.007153536193072796,0.2,0.017352086,0.24545133113861084,638,0.0001,0.19912109375,0.9894910454750061,-0.08403876423835754,0.022126630088314413
9.970506080000002,233,130,266240,0.0,496.71,1141,-0.011073391896206885,0.006147224456071854,0.2,0.021090765,0.24540573358535767,643,0.0001,0.171484375,0.9777452945709229,-0.08389765620231629,0.060505779553204776
9.98277059,233,131,268288,0.0,496.71,1147,-0.010869029280729591,-0.0037699341773986816,0.2,0.021428455,0.24534212052822113,648,0.0001,0.22646484375,0.9935768842697144,-0.08214204013347626,0.013097454956732691
9.97675368,234,132,270336,0.0,496.71,1153,-0.01317711403244175,-0.00731096463277936,0.2,0.020929772,0.24510334432125092,653,0.0001,0.2072265625,0.9938701391220093,-0.0790838748216629,0.013028529146686197
9.98249834,234,133,272384,0.0,496.71,1159,-0.012943878769874573,0.0012259609065949917,0.2,0.015413288,0.24497337639331818,658,0.0001,0.203515625,0.9940991997718811,-0.0739863395690918,0.013904513698071242
10.07927627,235,134,274432,0.0,496.71,1165,-0.011094591519213281,-0.004958547186106443,0.2,0.021854006,0.24490992724895477,663,0.0001,0.215234375,0.9933475255966187,-0.07205508947372437,0.014841103414073586
10.106825339999999,225,135,276480,0.0,496.71,1224,-0.010608686099294573,-0.003296174108982086,0.2,0.016448922,0.24492613971233368,668,0.0001,0.1896484375,0.9940022826194763,-0.07091103494167328,0.013186957500874997
10.09088684,226,136,278528,0.0,496.71,1231,-0.01220064084045589,0.006371956318616867,0.2,0.015914248,0.24499599635601044,673,0.0001,0.19208984375,0.9952182173728943,-0.0722070038318634,0.01143309350591153
10.039223309999999,226,137,280576,0.0,496.71,1237,-0.014724553120322526,-0.020674437284469604,0.2,0.020430189,0.2450789213180542,678,0.0001,0.22626953125,0.9930189847946167,-0.07416863441467285,0.017662020749412477
10.03406313,227,138,282624,0.0,496.71,1243,-0.0064449254733820755,0.006472727749496698,0.2,0.025936907,0.24504978954792023,682,0.0001,0.15390625,0.9810274839401245,-0.07490388154983521,0.045906186227997144
10.23723067,228,139,284672,0.0,499.29,1248,0.00036313949385657907,0.02263089083135128,0.2,0.016062256,0.24502074718475342,683,0.0001,0.20166015625,0.9926737546920776,-0.07396668195724487,0.018673015292733908
10.235818029999999,228,140,286720,0.0,499.29,1254,-0.012189805431989952,-0.01922038197517395,0.2,0.01878589,0.24516278505325317,688,0.0001,0.21689453125,0.9940367341041565,-0.07474348247051239,0.015034991828724743
10.190504490000002,228,141,288768,0.0,499.29,1261,-0.008691005170112476,-0.008931180462241173,0.2,0.019481793,0.24519871175289154,693,0.0001,0.22890625,0.985759973526001,-0.07800196707248688,0.029955982649698853
10.2414237,229,142,290816,0.0,499.29,1267,-0.0054476983263157305,0.001267844345420599,0.2,0.012626039,0.24512995779514313,698,0.0001,0.20498046875,0.9875046610832214,-0.0771238625049591,0.02039318233728409
10.2261527,229,143,292864,0.0,499.29,1273,-0.014201225456781685,-0.005364452954381704,0.2,0.02289255,0.24512986838817596,703,0.0001,0.18701171875,0.9947997331619263,-0.07620187401771546,0.012220926210284233
10.26343663,230,144,294912,0.0,499.29,1280,-0.013970085291657598,0.0024288510903716087,0.2,0.020127159,0.24511069059371948,708,0.0001,0.2029296875,0.9930820465087891,-0.07620128691196441,0.01607645519543439
10.27853432,230,145,296960,0.0,499.29,1286,-0.01391217390773818,0.003500463208183646,0.2,0.020634864,0.2451171875,713,0.0001,0.2318359375,0.9936284422874451,-0.07605288028717042,0.015492447558790446
10.27604427,231,146,299008,0.0,499.29,1293,-0.010025047557428479,-0.01148763857781887,0.2,0.021980118,0.24507641792297363,718,0.0001,0.22197265625,0.9939630627632141,-0.07538208663463593,0.01511424034833908
10.2861761,222,147,301056,0.0,499.29,1354,-0.013267434726003557,0.002314457669854164,0.2,0.016938377,0.24509625136852264,723,0.0001,0.19521484375,0.9942985773086548,-0.07540231943130493,0.014306329749524593
10.30601422,222,148,303104,0.0,499.29,1360,-0.011185312789166346,-0.0013085464015603065,0.2,0.019512748,0.24501071870326996,728,0.0001,0.201953125,0.9929818511009216,-0.07426743805408478,0.017346754763275386
10.528625219999999,223,149,305152,0.0,500.0,1367,-0.010364229138940573,0.008298659697175026,0.2,0.016791623,0.2448970079421997,733,0.0001,0.19638671875,0.9939414858818054,-0.07203411161899567,0.015274755330756307
10.530067959999998,223,150,307200,0.0,500.0,1373,-0.009889013960491865,0.006707550957798958,0.2,0.018039808,0.2446587234735489,738,0.0001,0.18095703125,0.9929831027984619,-0.0679977923631668,0.019144532270729542
10.56129952,224,151,309248,0.0,500.0,1380,-0.018830715445801616,-0.0044652363285422325,0.2,0.024354197,0.24435774981975555,743,0.0001,0.26982421875,0.9937463402748108,-0.06122771799564362,0.01878130976110697
10.625822809999999,224,152,311296,0.0,500.0,1386,-0.011806613032240421,0.009990965947508812,0.2,0.020188697,0.24418330192565918,748,0.0001,0.23056640625,0.9928008913993835,-0.05490508079528809,0.01840065335854888
10.674168689999997,224,153,313344,0.0,500.0,1392,-0.013978316495195032,0.012899895198643208,0.2,0.02606658,0.2442304939031601,753,0.0001,0.23310546875,0.9849275350570679,-0.05323779881000519,0.04125143233686686
10.69206584,225,154,315392,0.0,500.0,1399,-0.018757204851135613,-0.012316768988966942,0.2,0.020762738,0.2440681904554367,758,0.0001,0.2095703125,0.9917520880699158,-0.05267013013362885,0.02140768733806908
10.588304249999998,225,155,317440,0.0,500.0,1406,-0.012031057383865118,-0.003598323091864586,0.2,0.028577453,0.24391813576221466,763,0.0001,0.24375,0.9931521415710449,-0.048222857713699344,0.01702767829410732
10.590299919999998,226,156,319488,0.0,500.0,1412,-0.014425505069084466,0.0054702553898096085,0.2,0.02541956,0.2438717484474182,768,0.0001,0.20888671875,0.9673448801040649,-0.04563973546028137,0.07107129660435021
10.58688049,226,157,321536,0.0,500.0,1418,-0.013925815204856917,0.01992737129330635,0.2,0.022466162,0.24387507140636444,773,0.0001,0.20078125,0.9869083166122437,-0.04539006352424622,0.023564136121422052
10.587808090000001,227,158,323584,0.0,500.0,1425,-0.013468500750605017,-0.02895689383149147,0.2,0.018912233,0.24383334815502167,778,0.0001,0.1921875,0.9942731857299805,-0.045109492540359494,0.013167657947633415
10.57005124,219,159,325632,0.0,500.0,1486,-0.013555278012063354,-0.03091791458427906,0.2,0.024908654,0.24385695159435272,783,0.0001,0.23251953125,0.9941213130950928,-0.0443204253911972,0.013769616954959929
10.58258384,219,160,327680,0.0,500.0,1492,-0.010766170918941498,-0.003704085946083069,0.2,0.02201614,0.24381941556930542,788,0.0001,0.22666015625,0.9884335398674011,-0.044789522886276245,0.021348429610952735
10.637210300000001,219,161,329728,0.0,500.0,1499,-0.009039561671670526,0.002475062618032098,0.2,0.0151061965,0.24366462230682373,793,0.0001,0.155859375,0.9943797588348389,-0.042401102185249326,0.01771935822907835
10.550282290000002,220,162,331776,0.0,500.0,1505,-0.018232060666196048,0.009027092717587948,0.2,0.022566292,0.2436121255159378,798,0.0001,0.21328125,0.9931502342224121,-0.039581584930419925,0.017800371628254652
10.519236040000001,220,163,333824,0.0,500.0,1511,-0.008512412216514349,0.03452150523662567,0.2,0.047409534,0.24361324310302734,802,0.0001,0.19796875,0.9496104717254639,-0.039024453163146976,0.13164168298244477
10.52275347,221,164,335872,0.0,500.0,1517,-0.015165912418160588,0.0068451701663434505,0.2,0.025979597,0.24360565841197968,807,0.0001,0.216796875,0.9893403053283691,-0.03905063271522522,0.022201161761768163
10.5825902,221,165,337920,0.0,500.0,1524,-0.016229265765286983,-0.006988277193158865,0.2,0.020935385,0.24359118938446045,812,0.0001,0.243359375,0.9929937124252319,-0.03873637616634369,0.015599933033809067
10.605126239999999,222,166,339968,0.0,500.0,1530,-0.012254017125815152,0.009279295802116394,0.2,0.02070959,0.24345643818378448,817,0.0001,0.21923828125,0.9938046336174011,-0.03735082745552063,0.015001093200407923
10.61962772,222,167,342016,0.0,500.0,1536,-0.014591204386670142,-0.016204681247472763,0.2,0.023058146,0.24329334497451782,822,0.0001,0.2392578125,0.993905246257782,-0.033424210548400876,0.015349021903239191
10.6523308,223,168,344064,0.0,500.0,1542,-0.015381720487494022,-0.013060138560831547,0.2,0.024912387,0.243185356259346,827,0.0001,0.2046875,0.9937410950660706,-0.02945558726787567,0.01600432351697236
10.652438029999999,223,169,346112,0.0,500.0,1548,-0.007712259609252215,0.001733146607875824,0.2,0.014548028,0.2430475503206253,832,0.0001,0.1796875,0.9945665597915649,-0.027202421426773073,0.013918908312916756
10.665968209999999,223,170,348160,0.0,500.0,1554,-0.011563686822773889,-0.030881041660904884,0.2,0.013917216,0.24282942712306976,837,0.0001,0.1896484375,0.9952725768089294,-0.022800084948539735,0.01190088358707726
10.663076030000003,217,171,350208,0.0,500.0,1613,-0.011404006904922426,-0.01250381302088499,0.2,0.019798316,0.24290180206298828,842,0.0001,0.2056640625,0.9945921897888184,-0.019996726512908937,0.013140556134749204
10.662591389999998,217,172,352256,0.0,500.0,1620,-0.010596515226643533,-0.015868503600358963,0.2,0.018576335,0.2426520437002182,847,0.0001,0.210546875,0.9950072169303894,-0.019047313928604127,0.015516063082031906
10.663437420000001,217,173,354304,0.0,500.0,1626,-0.011557949820416979,0.006285584066063166,0.2,0.02356114,0.242478147149086,852,0.0001,0.21708984375,0.9928131103515625,-0.01286027729511261,0.017278209840878845
10.640964349999999,218,174,356352,0.0,500.0,1632,-0.007758607581490651,-0.017343709245324135,0.2,0.026125912,0.24244165420532227,857,0.0001,0.22236328125,0.993574857711792,-0.01059272587299347,0.01253799768164754
10.649367350000004,218,175,358400,0.0,500.0,1638,-0.015592075267340988,-0.011430392973124981,0.2,0.022454906,0.24231256544589996,862,0.0001,0.2125,0.9954946637153625,-0.00877426564693451,0.009601749398279935
10.67405522,219,176,360448,0.0,500.0,1644,-0.010602667753119022,-0.007300783880054951,0.2,0.016705152,0.24216456711292267,867,0.0001,0.19384765625,0.9954419732093811,-0.004784384369850158,0.010465195379219949
10.681586250000002,219,177,362496,0.0,500.0,1650,-0.01063758514355868,0.018182529136538506,0.2,0.025908012,0.24211455881595612,872,0.0001,0.19990234375,0.9747559428215027,-0.0029687345027923583,0.05150123829953372
10.688846660000001,219,178,364544,0.0,500.0,1657,-0.016055462788790463,-0.0017501283437013626,0.2,0.02573636,0.24217648804187775,877,0.0001,0.21162109375,0.9569809436798096,-0.002868831157684326,0.08745405860245228
10.754404489999999,220,179,366592,0.0,500.0,1663,-0.013905561214778572,0.00575589993968606,0.2,0.024228536,0.24214299023151398,882,0.0001,0.25166015625,0.98809814453125,-0.0035375326871871947,0.021541413385421038
10.801391949999998,220,180,368640,0.0,500.0,1669,-0.009329652145970613,0.001479168888181448,0.2,0.01871203,0.24201326072216034,887,0.0001,0.20830078125,0.9925110340118408,-0.0012803107500076294,0.015345449442975223
10.802137700000001,221,181,370688,0.0,500.0,1675,-0.01381118460558355,-0.0011411039158701897,0.2,0.016559966,0.24193762242794037,892,0.0001,0.1927734375,0.9942263960838318,0.0014988690614700317,0.013819795218296349
10.823977100000002,221,182,372736,0.0,500.0,1682,-0.012608804751653224,0.009151487611234188,0.2,0.022146381,0.2418215274810791,897,0.0001,0.20791015625,0.978003203868866,0.0036052346229553224,0.04768165159039199
10.85615754,221,183,374784,0.0,500.0,1688,-0.012765562243293971,-0.026851076632738113,0.2,0.022534842,0.24160058796405792,902,0.0001,0.22490234375,0.993628978729248,0.007566598057746887,0.015755200362764298
10.868149639999999,215,184,376832,0.0,500.0,1746,-0.013621120620518923,-0.006960269063711166,0.2,0.02312197,0.24143077433109283,907,0.0001,0.18671875,0.9936632513999939,0.013091865181922912,0.01512751851696521
10.877513140000001,216,185,378880,0.0,500.0,1753,-0.013845881458837538,-0.013304261490702629,0.2,0.02341161,0.24140147864818573,912,0.0001,0.21396484375,0.9946975708007812,0.015402272343635559,0.012990618171170355
10.926354389999998,216,186,380928,0.0,500.0,1759,-0.014686528616584838,-0.009053144603967667,0.2,0.021911435,0.24135686457157135,917,0.0001,0.22177734375,0.993727445602417,0.016057169437408446,0.014820107189007104
10.993581530000002,216,187,382976,0.0,500.0,1765,-0.012487621093168855,0.0009191818535327911,0.2,0.01816554,0.24130864441394806,922,0.0001,0.22158203125,0.9938951730728149,0.01727052330970764,0.015338813536800444
10.957668180000002,217,188,385024,0.0,500.0,1771,-0.011599302408285439,-0.008664360269904137,0.2,0.021437872,0.24129962921142578,927,0.0001,0.20966796875,0.9950868487358093,0.018294215202331543,0.011757537606172264
10.98554473,217,189,387072,0.0,500.0,1778,-0.012919116392731666,0.01062188670039177,0.2,0.027600806,0.24113929271697998,932,0.0001,0.21640625,0.9777356386184692,0.01995834708213806,0.05448865322396159
10.943816759999999,218,190,389120,0.0,500.0,1784,-0.013005331647582353,-0.011672668159008026,0.2,0.0251429,0.24093763530254364,937,0.0001,0.20673828125,0.9921436905860901,0.024592134356498718,0.019724156614392994
10.935695189999999,218,191,391168,0.0,500.0,1791,-0.00933783348882571,0.003867494873702526,0.2,0.028580744,0.24094069004058838,942,0.0001,0.22255859375,0.9818232655525208,0.027548423409461974,0.042537415167316794
10.930909720000002,218,192,393216,0.0,500.0,1797,-0.013667903922032565,-0.01786741241812706,0.2,0.015478583,0.2408858686685562,947,0.0001,0.20791015625,0.9935399293899536,0.027436617016792297,0.014970410568639635
10.923213809999998,219,193,395264,0.0,500.0,1803,-0.008613552595488728,0.004284365102648735,0.2,0.019563884,0.24076081812381744,952,0.0001,0.19345703125,0.9949568510055542,0.030085673928260802,0.01645889279898256
10.91388451,219,194,397312,0.0,500.0,1809,-0.010800427489448339,-0.0005856584757566452,0.2,0.018735945,0.24054725468158722,957,0.0001,0.1849609375,0.9947571158409119,0.033947205543518065,0.01322143936995417
10.949260919999999,219,195,399360,0.0,500.0,1815,-0.012890658993273973,-0.0029640677385032177,0.2,0.019671109,0.24040430784225464,962,0.0001,0.20693359375,0.9943583011627197,0.03904055655002594,0.0144882534397766
10.95954467,214,196,401408,0.0,500.0,1872,-0.010166349227074534,-0.012926395982503891,0.2,0.019030683,0.2403065711259842,967,0.0001,0.1861328125,0.9949468970298767,0.04198359847068787,0.012290013220626861
10.990823679999997,214,197,403456,0.0,500.0,1878,-0.012699530029203742,-0.004133577924221754,0.2,0.016934544,0.2402752786874771,972,0.0001,0.1509765625,0.9950502514839172,0.04374878704547882,0.012382679898291827
10.990068209999999,215,198,405504,0.0,500.0,1884,-0.010807824204675853,-0.022681226953864098,0.2,0.022569627,0.24016225337982178,977,0.0001,0.21640625,0.9938374161720276,0.0453812837600708,0.015497840032912791
10.982801030000001,215,199,407552,0.0,500.0,1890,-0.010763356939423829,-0.012750479392707348,0.2,0.019818697,0.23989950120449066,982,0.0001,0.177734375,0.9953016638755798,0.050008490681648254,0.012428684229962527
10.96287925,215,200,409600,0.0,500.0,1896,-0.009242807154078037,0.030234605073928833,0.2,0.024771668,0.23983736336231232,987,0.0001,0.207421875,0.976233720779419,0.054672297835350034,0.06407001586630941
11.021530879999998,216,201,411648,0.0,500.0,1902,-0.013555271533550694,-0.0051224930211901665,0.2,0.019077715,0.2395501583814621,992,0.0001,0.16220703125,0.9950219392776489,0.05831813216209412,0.012128065584693103
11.057148220000002,216,202,413696,0.0,500.0,1908,-0.011967515444848687,-0.01458408497273922,0.2,0.023225602,0.23940463364124298,997,0.0001,0.2119140625,0.9948185682296753,0.06465581059455872,0.011947446258272976
11.07384201,217,203,415744,0.0,500.0,1914,-0.006970368302427232,0.0051589771173894405,0.2,0.02183988,0.2392335683107376,1002,0.0001,0.188671875,0.9950371384620667,0.06852833926677704,0.014630234404467046
11.110057320000001,217,204,417792,0.0,500.0,1920,-0.015203926200047135,-0.025263015180826187,0.2,0.022086633,0.23910240828990936,1007,0.0001,0.236328125,0.9954109787940979,0.07222860455513,0.011753514758311212
11.087950350000003,217,205,419840,0.0,500.0,1926,-0.010292603721609339,-0.00853958074003458,0.2,0.020958025,0.23901468515396118,1012,0.0001,0.17578125,0.9953287243843079,0.07480096220970153,0.011608315841294825
11.120365070000005,218,206,421888,0.0,500.0,1931,-0.014508725283667446,0.007816152647137642,0.2,0.0250316,0.23902253806591034,1017,0.0001,0.21025390625,0.9786475896835327,0.07576055824756622,0.05008031725883484
11.11970161,218,207,423936,0.0,500.0,1937,-0.014914472785312683,-0.005424199625849724,0.2,0.022727566,0.23893173038959503,1022,0.0001,0.22001953125,0.9937522411346436,0.0764185756444931,0.013912047678604721
11.112402620000001,213,208,425984,0.0,500.0,1993,-0.013689641852397471,0.008851327933371067,0.2,0.021333419,0.2386218160390854,1027,0.0001,0.1896484375,0.9948219656944275,0.08159483075141907,0.012541979853995144
11.108686910000001,214,209,428032,0.0,500.0,1999,-0.013735805940814316,-0.00289878249168396,0.2,0.017374964,0.2383873462677002,1032,0.0001,0.1810546875,0.9947978854179382,0.08891177773475648,0.01321183645632118
11.12783775,214,210,430080,0.0,500.0,2005,-0.01300013589207083,-0.019231880083680153,0.2,0.022089113,0.23819638788700104,1037,0.0001,0.21328125,0.9943971037864685,0.09398165941238404,0.013602093723602594
11.110747530000001,214,211,432128,0.0,500.0,2012,-0.013678289763629437,-0.016071325168013573,0.2,0.023210209,0.23812419176101685,1042,0.0001,0.20595703125,0.9952706098556519,0.09768581092357635,0.011789200035855174
11.168631340000001,215,212,434176,0.0,500.0,2018,-0.012890919530764221,0.010522425174713135,0.2,0.017564695,0.2380789965391159,1047,0.0001,0.19169921875,0.9931652545928955,0.0988903671503067,0.016854591807350515
11.148515160000002,215,213,436224,0.0,500.0,2024,-0.010885484400205314,-0.006096558179706335,0.2,0.017388374,0.23808850347995758,1052,0.0001,0.157421875,0.9959858059883118,0.09960442781448364,0.012035819538868963
11.167350410000001,215,214,438272,0.0,500.0,2030,-0.009851938195060939,0.005268070846796036,0.2,0.026072415,0.23804418742656708,1057,0.0001,0.19970703125,0.9788617491722107,0.10000871121883392,0.0553784865885973
11.21263511,216,215,440320,0.0,500.0,2036,-0.01393754529999569,-0.004640495404601097,0.2,0.018479437,0.238030806183815,1062,0.0001,0.18017578125,0.9920429587364197,0.1006546288728714,0.016330895526334644
11.222217699999998,216,216,442368,0.0,500.0,2042,-0.011893217865144834,-0.01097105722874403,0.2,0.024316294,0.23785500228405,1067,0.0001,0.21220703125,0.9940059185028076,0.10271677672863007,0.014305351406801493
11.225956290000001,216,217,444416,0.0,500.0,2048,-0.005697406467515975,-0.004630913492292166,0.2,0.019867323,0.2376977652311325,1072,0.0001,0.1892578125,0.9949448108673096,0.10754572749137878,0.012737714743707329
11.256633050000003,217,218,446464,0.0,500.0,2055,-0.013864568551070988,0.002691769041121006,0.2,0.019812964,0.23759829998016357,1077,0.0001,0.2083984375,0.9948293566703796,0.11046761870384217,0.013649110961705447
11.252820090000002,217,219,448512,0.0,500.0,2061,-0.012100934912450612,-0.0038387374952435493,0.2,0.019446887,0.23747308552265167,1082,0.0001,0.19853515625,0.9951670169830322,0.11328457593917847,0.012392866692971438
11.257291949999999,212,220,450560,0.0,500.0,2117,-0.008058934228029103,-0.007093620020896196,0.2,0.0142920595,0.23737342655658722,1087,0.0001,0.13837890625,0.9959445595741272,0.11629871129989625,0.010169268015306442
11.236418069999997,213,221,452608,0.0,500.0,2123,-0.014144753210712225,-0.015851501375436783,0.2,0.021044537,0.23739491403102875,1092,0.0001,0.221484375,0.9963886737823486,0.11757084727287292,0.009884723892901093
11.19828886,213,222,454656,0.0,500.0,2129,-0.011776303278747947,-0.015181055292487144,0.2,0.022932295,0.23734940588474274,1097,0.0001,0.2236328125,0.9956640005111694,0.11756250262260437,0.011463998886756598
11.24022,213,223,456704,0.0,500.0,2134,-0.009424965467769653,0.03415506333112717,0.2,0.039261073,0.23729366064071655,1100,0.0001,0.1451171875,0.9758232235908508,0.11910801529884338,0.061765793990343806
11.249709700000004,214,224,458752,0.0,500.0,2141,-0.010804916615597904,0.0021882797591388226,0.2,0.021059401,0.2372426986694336,1105,0.0001,0.20361328125,0.9933764934539795,0.12035637199878693,0.016895417880732566
11.252569480000002,214,225,460800,0.0,500.0,2147,-0.014071917289402335,-0.013178950175642967,0.2,0.024941344,0.23722736537456512,1110,0.0001,0.23642578125,0.9951357245445251,0.12163991630077362,0.011769098101649434
11.261804840000002,214,226,462848,0.0,500.0,2153,-0.01172507181763649,-0.009441949427127838,0.2,0.021026634,0.23714585602283478,1115,0.0001,0.21689453125,0.9969369173049927,0.12223157286643982,0.00754542388021946
11.276928210000001,215,227,464896,0.0,500.0,2159,-0.01285434205783531,-0.01466616615653038,0.2,0.017743595,0.2369968295097351,1120,0.0001,0.2130859375,0.9962580800056458,0.12550731897354125,0.009984121972229332
11.263845839999997,215,228,466944,0.0,500.0,2165,-0.012442667788127438,-0.02043696492910385,0.2,0.0210069,0.2368841916322708,1125,0.0001,0.23134765625,0.9944579005241394,0.1286762148141861,0.014991243614349514
11.294170569999997,215,229,468992,0.0,500.0,2172,-0.015414954570587724,-0.009872658178210258,0.2,0.027272824,0.23683588206768036,1130,0.0001,0.23173828125,0.9946884512901306,0.13105991780757903,0.01345037572318688
11.27893523,216,230,471040,0.0,500.0,2178,-0.00808949863712769,0.008058886975049973,0.2,0.021527026,0.2367648035287857,1135,0.0001,0.19462890625,0.9957424998283386,0.1326639711856842,0.011620094231329859
11.27677043,216,231,473088,0.0,500.0,2184,-0.010207928292220458,-0.023115109652280807,0.2,0.022599544,0.2366551011800766,1140,0.0001,0.20927734375,0.9964342713356018,0.13476498126983644,0.009853238996583968
11.27073072,212,232,475136,0.0,500.0,2240,-0.008841526310425252,-0.020573392510414124,0.2,0.019679166,0.23652583360671997,1145,0.0001,0.161328125,0.9965632557868958,0.13771917223930358,0.00940436425153166
11.280003359999998,212,233,477184,0.0,500.0,2246,-0.010281918838154524,-0.00706020463258028,0.2,0.021414839,0.2363712638616562,1150,0.0001,0.1923828125,0.9963797330856323,0.1415972203016281,0.010224466084036977
11.218806949999998,212,234,479232,0.0,500.0,2252,-0.013094910213516818,-0.011553721502423286,0.2,0.03060762,0.23619937896728516,1154,0.0001,0.1909722222222222,0.9956044554710388,0.14574771015732377,0.01432729046791792
11.266203690000003,213,235,481280,0.0,500.0,2258,-0.014272732159588486,0.02641022950410843,0.2,0.029356437,0.23622693121433258,1159,0.0001,0.2427734375,0.972091794013977,0.14887665808200837,0.06716270633041858
11.27095368,213,236,483328,0.0,500.0,2264,-0.012807665121120712,-0.032291945070028305,0.2,0.028092377,0.23612932860851288,1164,0.0001,0.16959635416666666,0.9918072819709778,0.14827635553148058,0.01648563992542525
11.283449599999999,213,237,485376,0.0,500.0,2270,-0.011250998976174742,-0.003688194788992405,0.2,0.018364966,0.23601584136486053,1169,0.0001,0.19248046875,0.9949385523796082,0.15140198171138763,0.012672944227233529
11.31157316,214,238,487424,0.0,500.0,2276,-0.011475012020673603,-0.0023856619372963905,0.2,0.019575518,0.23589156568050385,1174,0.0001,0.16875,0.9941920042037964,0.15418954491615294,0.014739672164432704
11.281808610000002,214,239,489472,0.0,500.0,2282,-0.0077805626264307644,-0.014475618489086628,0.2,0.014631239,0.23562081158161163,1179,0.0001,0.16982421875,0.9965894818305969,0.15899749398231505,0.008877556177321822
11.287468560000002,214,240,491520,0.0,500.0,2288,-0.013698868555366062,0.026134340092539787,0.2,0.027979095,0.23552237451076508,1184,0.0001,0.18623046875,0.9792158603668213,0.1642506390810013,0.052602938609197736
11.29726833,215,241,493568,0.0,500.0,2295,-0.008847084239823744,-0.008433539420366287,0.2,0.01901102,0.23540247976779938,1189,0.0001,0.18251953125,0.9956319332122803,0.16703398525714874,0.010472394828684627
11.293376799999999,215,242,495616,0.0,500.0,2301,-0.013746500411070884,-0.00752558559179306,0.2,0.023307659,0.23526692390441895,1194,0.0001,0.19912109375,0.9953083395957947,0.1699314683675766,0.01267345636151731
11.28756865,215,243,497664,0.0,500.0,2307,-0.0053479105699807405,-0.021362168714404106,0.2,0.015777804,0.235238716006279,1199,0.0001,0.1640625,0.9956819415092468,0.1724315106868744,0.011016424815170466
11.235364559999999,216,244,499712,0.0,500.0,2313,-0.011321494495496154,-0.007119886111468077,0.2,0.022497943,0.2350749373435974,1204,0.0001,0.19287109375,0.9956214427947998,0.17432199716567992,0.01195245913695544
11.247522409999998,211,245,501760,0.0,500.0,2369,-0.010287785861874,0.018667779862880707,0.2,0.02196008,0.23506586253643036,1209,0.0001,0.2009765625,0.9862755537033081,0.17764052152633666,0.04287240412086248
11.297109790000002,212,246,503808,0.0,500.0,2375,-0.014222386060282588,-0.004059189464896917,0.2,0.021959484,0.2352377325296402,1214,0.0001,0.250390625,0.9944106936454773,0.17544150948524476,0.012893615860957653
11.307532310000001,212,247,505856,0.0,500.0,2381,-0.011672165105119347,-0.010102114640176296,0.2,0.021481022,0.23527292907238007,1219,0.0001,0.197265625,0.9952964782714844,0.17239290475845337,0.01223359239520505
11.317540820000001,212,248,507904,0.0,500.0,2387,-0.012411353073548525,-0.009406264871358871,0.2,0.024871062,0.23533016443252563,1224,0.0001,0.2302734375,0.9966233968734741,0.17119840681552886,0.009364847966935486
11.29157183,213,249,509952,0.0,500.0,2393,-0.014871729753213003,0.0037286286242306232,0.2,0.01964501,0.2352786809206009,1229,0.0001,0.189453125,0.9960203170776367,0.1714245617389679,0.0107789424713701
11.281805349999999,213,250,512000,0.0,500.0,2399,-0.013294242741540074,0.02285299450159073,0.2,0.021947699,0.2355053424835205,1234,0.0001,0.2068359375,0.977717936038971,0.16993189454078675,0.05229004370048642
11.286830720000001,213,251,514048,0.0,500.0,2405,-0.008589348383247852,-0.013134108856320381,0.2,0.023372103,0.23565727472305298,1239,0.0001,0.1880859375,0.9936929941177368,0.16384086310863494,0.01584686366841197
11.280179869999998,213,252,516096,0.0,500.0,2411,-0.015058946632780134,-3.2588839530944824e-05,0.2,0.020746928,0.23570995032787323,1244,0.0001,0.20625,0.9963037371635437,0.16208094656467437,0.009385274141095579
11.293667020000001,214,253,518144,0.0,500.0,2417,-0.010301143501419575,-0.0023133610375225544,0.2,0.029895218,0.23568399250507355,1249,0.0001,0.2359375,0.9965603947639465,0.16190154254436492,0.008860997459851205
11.30626566,214,254,520192,0.0,500.0,2423,-0.01649154979386367,-0.012080629356205463,0.2,0.021154504,0.2356000393629074,1254,0.0001,0.1865234375,0.9962593913078308,0.16298756003379822,0.009381724230479449
11.309998499999999,214,255,522240,0.0,500.0,2429,-0.013262168515939265,0.0012191471178084612,0.2,0.021757444,0.23560740053653717,1259,0.0001,0.18486328125,0.9969461560249329,0.1647096574306488,0.010095429688226432
11.32900165,215,256,524288,0.0,500.0,2436,-0.011617375700734556,-0.019060049206018448,0.2,0.020958139,0.23559774458408356,1264,0.0001,0.20234375,0.9954563975334167,0.164331790804863,0.012197382643353193
11.333300039999997,211,257,526336,0.0,500.0,2492,-0.012913627526722848,-0.018327562138438225,0.2,0.028622556,0.23562760651111603,1269,0.0001,0.24189453125,0.9933212399482727,0.16442663669586183,0.016370116826146842
11.371109389999999,211,258,528384,0.0,500.0,2498,-0.010301794577389955,0.007469748146831989,0.2,0.025321817,0.23553581535816193,1274,0.0001,0.21318359375,0.9964165687561035,0.1647992968559265,0.00955990976653993
11.403192099999998,211,259,530432,0.0,500.0,2504,-0.012986332550644875,0.008736634626984596,0.2,0.021779735,0.2353694885969162,1279,0.0001,0.2158203125,0.9957538843154907,0.16836172938346863,0.011330753727816046
11.406250579999998,212,260,532480,0.0,500.0,2510,-0.014924329792847857,-0.014985714107751846,0.2,0.021880103,0.23526374995708466,1284,0.0001,0.193359375,0.9968867301940918,0.17215118408203126,0.008515177364461123
11.390607619999999,212,261,534528,0.0,500.0,2516,-0.010697566077578814,-0.006839626468718052,0.2,0.02613116,0.23505961894989014,1289,0.0001,0.2279296875,0.9967139363288879,0.17596138417720794,0.008945293619763105
11.389541889999999,212,262,536576,0.0,500.0,2522,-0.011434222082607448,-0.002199085894972086,0.2,0.021519598,0.23502106964588165,1294,0.0001,0.21083984375,0.9966232180595398,0.17925291061401366,0.009370940539520234
11.377224729999996,212,263,538624,0.0,500.0,2528,-0.008071221230784431,-0.001536492258310318,0.2,0.01986151,0.23476552963256836,1299,0.0001,0.1708984375,0.9964380860328674,0.1827121376991272,0.009894518496003002
11.37635434,213,264,540672,0.0,500.0,2534,-0.013106270134449005,0.01834012381732464,0.2,0.022658564,0.23467880487442017,1304,0.0001,0.20166015625,0.9818838834762573,0.1878369152545929,0.04572002603672445
11.352009020000002,213,265,542720,0.0,500.0,2540,-0.01425828083883971,-0.001368572236970067,0.2,0.025254784,0.2346264123916626,1309,0.0001,0.1892578125,0.9958423376083374,0.18893136978149414,0.01132189588388428
11.3518155,213,266,544768,0.0,500.0,2546,-0.017721264410647565,-0.021431077271699905,0.2,0.031764157,0.23457759618759155,1314,0.0001,0.2578125,0.996506929397583,0.19070732593536377,0.010679272573906929
11.35008663,214,267,546816,0.0,500.0,2552,-0.007230711472220719,-0.008243179880082607,0.2,0.028582117,0.23450946807861328,1319,0.0001,0.19677734375,0.9969422221183777,0.19201213121414185,0.007983740384224803
11.414582020000001,214,268,548864,0.0,500.0,2558,-0.009963602968491614,-0.005070848856121302,0.2,0.019585181,0.23426669836044312,1324,0.0001,0.1818359375,0.9962341785430908,0.19634464383125305,0.01016222279286012
11.404125919999998,210,269,550912,0.0,500.0,2615,-0.009778769549236378,-0.007803569547832012,0.2,0.030356409,0.23422648012638092,1327,0.0001,0.13547585227272727,0.9967339038848877,0.20054450902071866,0.008994336134161462
11.40337929,210,270,552960,0.0,500.0,2621,-0.009580140450270846,0.0029445327818393707,0.2,0.023206865,0.23407025635242462,1332,0.0001,0.23154296875,0.9959290027618408,0.20282979309558868,0.01084995704004541
11.417048029999997,211,271,555008,0.0,500.0,2627,-0.012953405093867332,-0.011178813874721527,0.2,0.022264944,0.23393426835536957,1337,0.0001,0.21875,0.9967641234397888,0.20699836015701295,0.00879755720961839
11.419798929999997,211,272,557056,0.0,500.0,2633,-0.013309196964837611,-0.022334182634949684,0.2,0.023315728,0.23379741609096527,1342,0.0001,0.192578125,0.996537446975708,0.21014321148395537,0.009596726193558424
11.43052833,211,273,559104,0.0,500.0,2639,-0.011880040356817726,-0.01577022485435009,0.2,0.03494083,0.23353825509548187,1347,0.0001,0.20893429487179488,0.9958257675170898,0.21533562281192878,0.010218699904493032
11.47445116,212,274,561152,0.0,500.0,2645,-0.013619976537302136,-0.021548697724938393,0.2,0.025064958,0.23342300951480865,1352,0.0001,0.223046875,0.996591329574585,0.2209836423397064,0.009152683627326042
11.484864620000002,212,275,563200,0.0,500.0,2651,-0.00846899293246679,0.0036696898750960827,0.2,0.022414919,0.23337100446224213,1357,0.0001,0.203125,0.996691882610321,0.2224156826734543,0.009066616522613914
11.49193222,212,276,565248,0.0,500.0,2658,-0.013433076348155737,-0.002733976347371936,0.2,0.023044782,0.23318536579608917,1362,0.0001,0.15458984375,0.9970859289169312,0.22567280232906342,0.009590161801315843
11.49307409,212,277,567296,0.0,500.0,2664,-0.010622692998731509,-0.009823090396821499,0.2,0.020442108,0.23312200605869293,1367,0.0001,0.1732421875,0.9962171912193298,0.22956662774085998,0.00984282026765868
11.49397691,213,278,569344,0.0,500.0,2670,-0.013724791444838047,-0.012373114004731178,0.2,0.027444476,0.23311126232147217,1372,0.0001,0.2216796875,0.9964189529418945,0.23054160475730895,0.009648744203150272
11.482915749999997,213,279,571392,0.0,500.0,2676,-0.011936815257649868,-0.015542030334472656,0.2,0.026639469,0.23304902017116547,1377,0.0001,0.22099609375,0.9969280362129211,0.23153606653213502,0.007911202509421855
11.48184776,213,280,573440,0.0,500.0,2682,-0.012364910729229451,-0.01204611174762249,0.2,0.020885704,0.23291897773742676,1382,0.0001,0.21337890625,0.9969691038131714,0.2337246924638748,0.008178258151747286
11.470734830000001,210,281,575488,0.0,500.0,2738,-0.0076028800796012624,-0.027470003813505173,0.2,0.03307209,0.23274534940719604,1387,0.0001,0.20703125,0.9973294734954834,0.23788512075269544,0.007544946831625861
11.47901332,210,282,577536,0.0,500.0,2744,-0.00837518316693604,0.003666456788778305,0.2,0.028765984,0.23242723941802979,1392,0.0001,0.2095703125,0.9964073300361633,0.2444148063659668,0.00934221491916105
11.490256740000001,210,283,579584,0.0,500.0,2750,-0.01617922611767426,-0.009689420461654663,0.2,0.031308204,0.23239433765411377,1397,0.0001,0.2408203125,0.9967419505119324,0.2497131884098053,0.008499899762682617
11.49118158,210,284,581632,0.0,500.0,2756,-0.008895524317631498,-0.006322116125375032,0.2,0.017857421,0.23246979713439941,1402,0.0001,0.1650390625,0.9968886375427246,0.24878007769584656,0.00841941983671859
11.472039850000002,211,285,583680,0.0,500.0,2762,-0.012196481844875961,-0.0054441411048173904,0.2,0.02789637,0.23242992162704468,1407,0.0001,0.23447265625,0.997299075126648,0.24809494912624358,0.007082842796808109
11.41567037,211,286,585728,0.0,500.0,2768,-0.008137229566826769,-0.006317015737295151,0.2,0.03159557,0.23242272436618805,1410,0.0001,0.1878396739130435,0.9959073662757874,0.24907989605613376,0.013097870507803948
11.43407758,211,287,587776,0.0,500.0,2774,-0.014588762493804096,-0.005654556676745415,0.2,0.023945387,0.2324105054140091,1415,0.0001,0.22939453125,0.9825193285942078,0.24923405647277833,0.04413991500623524
11.37682742,212,288,589824,0.0,500.0,2780,-0.010892119817435741,-0.017731521278619766,0.2,0.027377523,0.23240168392658234,1420,0.0001,0.2177734375,0.9941818118095398,0.24926071465015412,0.012094158690888434
11.398275189999998,212,289,591872,0.0,500.0,2785,0.0027257792465388776,0.06328596919775009,0.2,0.04965666,0.23242008686065674,1424,0.0001,0.1975,0.9638447761535645,0.24973724365234376,0.05996566042304039
11.403049569999999,212,290,593920,0.0,500.0,2792,-0.010953455395065249,0.0042955344542860985,0.2,0.021233803,0.23228819668293,1429,0.0001,0.2052734375,0.9945273399353027,0.2505562961101532,0.010918345814570785
11.39331233,212,291,595968,0.0,500.0,2798,-0.013373353530187159,-0.0007696379907429218,0.2,0.020977288,0.2321600317955017,1434,0.0001,0.19423828125,0.9962435364723206,0.2543408930301666,0.009510064614005387
11.41186127,213,292,598016,0.0,500.0,2804,-0.00860406932188198,-0.005465039983391762,0.2,0.02346993,0.23202379047870636,1439,0.0001,0.17138671875,0.9963398575782776,0.2576657205820084,0.009176239999942482
11.417082299999999,209,293,600064,0.0,500.0,2861,-0.007662760460516438,0.0007173216436058283,0.2,0.018139694,0.231790229678154,1444,0.0001,0.17509765625,0.9967648386955261,0.2628370076417923,0.008506374550051987
11.4154861,209,294,602112,0.0,500.0,2868,-0.014618096430785954,-0.017225945368409157,0.2,0.026730526,0.23165564239025116,1449,0.0001,0.23330078125,0.9965338110923767,0.26792032122612,0.009182684030383826
11.42400178,210,295,604160,0.0,500.0,2874,-0.0138812335440889,-6.769807077944279e-05,0.2,0.029205926,0.23156367242336273,1454,0.0001,0.209375,0.9962179064750671,0.27130804061889646,0.009244028641842306
11.42115092,210,296,606208,0.0,500.0,2880,-0.00899175760569051,-0.021013043820858,0.2,0.026343958,0.23141725361347198,1459,0.0001,0.201953125,0.9966820478439331,0.27397924959659575,0.008472249179612845
11.424715220000001,210,297,608256,0.0,500.0,2887,-0.004896751733031124,-0.01726202294230461,0.2,0.021365596,0.2313152700662613,1464,0.0001,0.17880859375,0.9974597692489624,0.27773683667182925,0.008495216234587133
11.428230289999998,210,298,610304,0.0,500.0,2893,-0.009302510286215693,-0.018665246665477753,0.2,0.022609934,0.231195330619812,1469,0.0001,0.20654296875,0.9969850182533264,0.28081079125404357,0.008391705760732292
11.42439298,211,299,612352,0.0,500.0,2900,-0.010408651354373433,-0.01043820008635521,0.2,0.023264598,0.23099301755428314,1474,0.0001,0.1529296875,0.9971954822540283,0.2849204808473587,0.007916056062094867
11.439818070000001,211,300,614400,0.0,500.0,2906,-0.01251499317586422,-0.014243831858038902,0.2,0.021550328,0.23101596534252167,1479,0.0001,0.19560546875,0.9970840811729431,0.2877906024456024,0.007846102130133658
11.434382209999999,211,301,616448,0.0,500.0,2912,-0.011768109782133251,-0.01970292069017887,0.2,0.02727864,0.23090003430843353,1484,0.0001,0.1912109375,0.9973371624946594,0.28816220462322234,0.00769605542300269
11.43948808,211,302,618496,0.0,500.0,2919,-0.01351810694904998,-0.01090453751385212,0.2,0.022179056,0.2307150810956955,1489,0.0001,0.17841796875,0.997597336769104,0.29242735505104067,0.00685384557582438
11.450379359999998,212,303,620544,0.0,500.0,2925,-0.01126626098412089,-0.022697748616337776,0.2,0.02445791,0.23045776784420013,1494,0.0001,0.2388671875,0.9973415732383728,0.2983243763446808,0.0074303568981122226
11.453432560000001,212,304,622592,0.0,500.0,2931,-0.009142903401516378,-0.005832127295434475,0.2,0.024066249,0.23038475215435028,1499,0.0001,0.1853515625,0.9976974129676819,0.3028492510318756,0.006620262615615502
11.4615612,212,305,624640,0.0,500.0,2937,-0.012570829031756148,-0.005901453085243702,0.2,0.028028425,0.23017708957195282,1504,0.0001,0.20791015625,0.9972356557846069,0.30625727474689485,0.007792509440332651
11.46877604,209,306,626688,0.0,500.0,2995,-0.00621057857060805,0.0003111092373728752,0.2,0.021746581,0.23006857931613922,1509,0.0001,0.18291015625,0.9976614117622375,0.31097960472106934,0.006641045957803726
11.43706159,209,307,628736,0.0,500.0,3001,-0.008585616073105484,-0.004802090115845203,0.2,0.026629118,0.22997073829174042,1514,0.0001,0.19345703125,0.9975991249084473,0.31378014385700226,0.008523645251989365
11.438989730000001,209,308,630784,0.0,500.0,3007,-0.011774924991186708,0.0055824462324380875,0.2,0.02584891,0.22994662821292877,1519,0.0001,0.18359375,0.9815645217895508,0.316160786151886,0.0471962898503989
11.455723419999996,209,309,632832,0.0,500.0,3013,-0.012373439595103264,-0.013786190189421177,0.2,0.02397715,0.22984172403812408,1524,0.0001,0.180859375,0.9945252537727356,0.31718726456165314,0.011882590502500534
11.51974319,210,310,634880,0.0,500.0,3019,-0.008090431505644863,-0.010610265657305717,0.2,0.029255664,0.2298135608434677,1527,0.0001,0.20383522727272727,0.9955586194992065,0.3194413022561507,0.013376711148091337
11.533174960000002,210,311,636928,0.0,500.0,3025,-0.01449827608303167,-0.011099846102297306,0.2,0.023045171,0.22951053082942963,1532,0.0001,0.18818359375,0.9969135522842407,0.32284327745437624,0.008102662931196391
11.6190695,210,312,638976,0.0,500.0,3031,-0.011709640151821077,-0.010083610191941261,0.2,0.023856528,0.22932250797748566,1537,0.0001,0.2046875,0.9958544969558716,0.330817848443985,0.010825051972642542
11.611108289999999,211,313,641024,0.0,500.0,3037,-0.011781582585535943,-0.010965087451040745,0.2,0.028652024,0.22904492914676666,1542,0.0001,0.20751953125,0.9961643815040588,0.3361221045255661,0.01030958837363869
11.610187920000001,211,314,643072,0.0,500.0,3043,-0.012339354725554585,0.006436147261410952,0.2,0.02411539,0.22884561121463776,1547,0.0001,0.212109375,0.9967483282089233,0.34318325817584994,0.008592733612749726
11.624690840000001,211,315,645120,0.0,500.0,3049,-0.006363182357745245,-0.0008209445513784885,0.2,0.018960988,0.22866404056549072,1552,0.0001,0.16708984375,0.9972204566001892,0.3481622636318207,0.007719843043014407
11.628011710000003,211,316,647168,0.0,500.0,3054,-0.006461815908551216,-0.02012794278562069,0.2,0.03592207,0.22860650718212128,1555,0.0001,0.16097861842105263,0.9970999360084534,0.351507588436729,0.008195817789160892
11.627833750000002,212,317,649216,0.0,500.0,3060,-0.016046882432419807,-0.013034431263804436,0.2,0.020438462,0.22858668863773346,1560,0.0001,0.1919921875,0.9973833560943604,0.35308403372764585,0.007585105922771618
11.654580980000002,208,318,651264,0.0,500.0,3118,-0.009526915423339232,-0.021610531955957413,0.2,0.022635136,0.22860662639141083,1565,0.0001,0.196875,0.9972500801086426,0.3532264411449432,0.009286567522212862
11.65698481,209,319,653312,0.0,500.0,3124,-0.00624119674321264,-0.013528554700314999,0.2,0.018811367,0.22859765589237213,1570,0.0001,0.180078125,0.9967715740203857,0.3528393357992172,0.008769295690581203
11.6304168,209,320,655360,0.0,500.0,3130,-0.012043997668661178,0.002327362075448036,0.2,0.028789945,0.22859621047973633,1575,0.0001,0.19306640625,0.9854303598403931,0.35351637601852415,0.03413467260543257
11.603665589999999,209,321,657408,0.0,500.0,3136,-0.012092996574938297,0.01155967265367508,0.2,0.030577492,0.22864168882369995,1580,0.0001,0.205859375,0.9860865473747253,0.3530981183052063,0.02045663371682167
11.596208979999998,209,322,659456,0.0,500.0,3142,0.0003882199110064123,0.037155475467443466,0.2,0.041322924,0.2287762612104416,1584,0.0001,0.21540178571428573,0.9939709305763245,0.3510224521160126,0.014230978974540318
11.590714179999999,210,323,661504,0.0,500.0,3148,-0.011662439408246428,-0.006357397884130478,0.2,0.028148916,0.22881866991519928,1589,0.0001,0.19794921875,0.9963039755821228,0.3480642259120941,0.009260776214068756
11.601593159999998,210,324,663552,0.0,500.0,3154,-0.010743677895516158,-0.0087123466655612,0.2,0.015000081,0.22871015965938568,1594,0.0001,0.15869140625,0.9965729713439941,0.3490657091140747,0.008720968454144894
11.61084807,210,325,665600,0.0,500.0,3160,-0.009790519217494876,0.00753466272726655,0.2,0.030148504,0.22863119840621948,1599,0.0001,0.2287109375,0.996981680393219,0.3525568515062332,0.007831446983618661
11.61181489,210,326,667648,0.0,500.0,3167,-0.010568987211445346,-0.009760994464159012,0.2,0.019471275,0.22850830852985382,1604,0.0001,0.19248046875,0.9975826740264893,0.3550332933664322,0.006560876785079018
11.578329130000002,211,327,669696,0.0,500.0,3173,-0.0036732124630361796,-0.008996959775686264,0.2,0.025132896,0.2283996343612671,1609,0.0001,0.1791015625,0.9970493316650391,0.35875005424022677,0.007766456506215036
11.562868090000002,211,328,671744,0.0,500.0,3179,-0.011699426849372686,0.003703748807311058,0.2,0.032963168,0.22836031019687653,1614,0.0001,0.19697265625,0.9842840433120728,0.36004845798015594,0.048176504159346226
11.57796623,211,329,673792,0.0,500.0,3185,-0.012010550742749782,-0.020214496180415154,0.2,0.035056025,0.22824104130268097,1619,0.0001,0.20795036764705882,0.9954530000686646,0.36268886047251087,0.010031469070407398
11.577204309999999,208,330,675840,0.0,500.0,3240,-0.007819282182026654,0.0015027860645204782,0.2,0.021635924,0.22814340889453888,1624,0.0001,0.19150390625,0.9963743686676025,0.36601008772850036,0.008909573359414936
11.607163830000001,208,331,677888,0.0,500.0,3246,-0.009861578792333603,-0.003568190149962902,0.2,0.025985656,0.22815167903900146,1629,0.0001,0.18818359375,0.9857392907142639,0.3671402096748352,0.0356238435022533
11.59533499,209,332,679936,0.0,500.0,3252,-0.013844759331550448,-0.004621368832886219,0.2,0.02405106,0.22809571027755737,1634,0.0001,0.2009765625,0.9951682090759277,0.36766509115695956,0.01029338703956455
11.591160590000001,209,333,681984,0.0,500.0,3258,-0.012478663912042975,-0.015612265095114708,0.2,0.030978624,0.22795207798480988,1639,0.0001,0.22529296875,0.9968743324279785,0.3706397771835327,0.008265612996183336
11.536485509999999,209,334,684032,0.0,500.0,3264,-0.012305379076860846,-4.2395200580358505e-05,0.2,0.025807524,0.22784022986888885,1644,0.0001,0.2625,0.9973176717758179,0.374523913860321,0.007397899706847966
11.50802832,209,335,686080,0.0,500.0,3270,-0.012065416807308793,0.016900382936000824,0.2,0.030919274,0.22783958911895752,1649,0.0001,0.2240234375,0.977060854434967,0.37635366916656493,0.06323200608603656
11.500595449999999,210,336,688128,0.0,500.0,3276,-0.010931630647974089,0.011241644620895386,0.2,0.03160605,0.22789178788661957,1653,0.0001,0.1715087890625,0.9703885316848755,0.37543176114559174,0.07262430700939149
11.51275477,210,337,690176,0.0,500.0,3282,-0.009800750971771776,-0.02033315598964691,0.2,0.018795833,0.22777985036373138,1658,0.0001,0.1728515625,0.9937470555305481,0.3759186387062073,0.012217061303090304
11.520301960000001,210,338,692224,0.0,500.0,3288,-0.007017070241272449,-0.008884377777576447,0.2,0.022616979,0.22760708630084991,1663,0.0001,0.178515625,0.9969881176948547,0.38002670407295225,0.007490258471807465
11.515818669999998,210,339,694272,0.0,500.0,3294,-0.009550725878216326,0.05484230816364288,0.2,0.0292379,0.22754500806331635,1668,0.0001,0.22724609375,0.9638414978981018,0.3834754914045334,0.10666597653180361
11.510608300000001,210,340,696320,0.0,500.0,3300,-0.010457018890883773,-0.013549614697694778,0.2,0.027070254,0.2274051159620285,1673,0.0001,0.19892578125,0.9969573020935059,0.3854412078857422,0.008645651582628488
11.46473421,211,341,698368,0.0,500.0,3306,-0.008883264160249382,-0.016335995867848396,0.2,0.01873207,0.22716909646987915,1678,0.0001,0.16845703125,0.9970914721488953,0.3909606248140335,0.00747240221244283
11.473666060000001,208,342,700416,0.0,500.0,3360,0.0032734396601361887,0.012051939964294434,0.2,0.030854408,0.22712387144565582,1681,0.0001,0.22637648809523808,0.9795094728469849,0.3949593021756127,0.05457551852755603
11.46666628,208,343,702464,0.0,500.0,3366,-0.010900672856951132,0.009005038067698479,0.2,0.021487907,0.22724032402038574,1686,0.0001,0.22216796875,0.9971069693565369,0.3943548798561096,0.007621302077313885
11.4604173,208,344,704512,0.0,500.0,3372,-0.005567160906809333,0.005956360138952732,0.2,0.031965777,0.22711604833602905,1691,0.0001,0.21515213815789475,0.996795654296875,0.3941409838827033,0.00900745689623842
11.48388484,209,345,706560,0.0,500.0,3378,-0.008867742796428501,0.01430591382086277,0.2,0.025926473,0.22723831236362457,1696,0.0001,0.21884765625,0.9906303286552429,0.3947959870100021,0.023582731327041983
11.485478520000004,209,346,708608,0.0,500.0,3384,-0.011208735243417322,-0.0008166828192770481,0.2,0.027795818,0.22719796001911163,1701,0.0001,0.17666015625,0.9963901042938232,0.39283994138240813,0.009292803332209587
11.48876452,209,347,710656,0.0,500.0,3390,-0.015286247385665775,-0.012096176855266094,0.2,0.03429453,0.22707772254943848,1706,0.0001,0.25810546875,0.9968578219413757,0.3956486016511917,0.008472539216745645
11.459190409999998,209,348,712704,0.0,500.0,3395,-0.0033752936869859695,0.01800534501671791,0.2,0.041709654,0.22706200182437897,1709,0.0001,0.12261284722222222,0.964576005935669,0.3975428276591831,0.09084211465799147
11.44547548,210,349,714752,0.0,500.0,3401,-0.008215357398148626,-0.01330607756972313,0.2,0.019750308,0.2270410656929016,1714,0.0001,0.20302734375,0.9951993227005005,0.3974165290594101,0.017586107738316058
11.449790720000001,210,350,716800,0.0,500.0,3407,-0.008067634470503906,-0.018799204379320145,0.2,0.037735138,0.22694803774356842,1718,0.0001,0.2404364224137931,0.9953861832618713,0.3992264651018998,0.010899753438244605
11.442535899999998,210,351,718848,0.0,500.0,3413,-0.012960319116245955,-0.01899455115199089,0.2,0.02836679,0.22682273387908936,1723,0.0001,0.23779296875,0.9969007968902588,0.4021386422216892,0.008627889468334616
11.425024299999997,210,352,720896,0.0,500.0,3419,-0.007521294453181326,-0.011180991306900978,0.2,0.024042465,0.2265905886888504,1728,0.0001,0.21357421875,0.997290313243866,0.40734990537166593,0.007329256774391979
11.419636109999999,211,353,722944,0.0,500.0,3425,-0.01213727203430608,-0.0083174342289567,0.2,0.024783203,0.22657789289951324,1733,0.0001,0.27578125,0.9958356022834778,0.41108185350894927,0.01035417205421254
11.40310385,211,354,724992,0.0,500.0,3431,-0.015606746613048016,-0.027674557641148567,0.2,0.03246462,0.2264711707830429,1738,0.0001,0.271484375,0.9965603947639465,0.41245711743831637,0.009383020910900087
11.397677669999998,208,355,727040,0.0,500.0,3488,-0.011521548073505982,-0.02398759126663208,0.2,0.018616648,0.22621162235736847,1743,0.0001,0.19970703125,0.996567964553833,0.4169203892350197,0.009160132007673382
11.399583720000003,208,356,729088,0.0,500.0,3494,-0.014749387286428828,-0.008039629086852074,0.2,0.03661985,0.22618140280246735,1747,0.0001,0.2557373046875,0.996757447719574,0.42191930301487446,0.009128513760515489
11.411062260000001,208,357,731136,0.0,500.0,3500,-0.012302340246969834,-0.009984290227293968,0.2,0.02326733,0.22622895240783691,1752,0.0001,0.2025390625,0.9970752000808716,0.42136633992195127,0.007785743364365771
11.435026300000002,209,358,733184,0.0,500.0,3506,-0.003580517927184701,-0.01126929372549057,0.2,0.028248752,0.2261318564414978,1757,0.0001,0.2240234375,0.9973437190055847,0.4223486214876175,0.007240847306093201
11.494244700000001,209,359,735232,0.0,500.0,3512,-0.009894868987612427,-0.020894983783364296,0.2,0.023022622,0.2258538454771042,1762,0.0001,0.2216796875,0.9971206784248352,0.42751706913113596,0.009926301240921021
11.498881429999999,209,360,737280,0.0,500.0,3518,-0.008840964967384934,-0.0036770114675164223,0.2,0.022603614,0.22564147412776947,1767,0.0001,0.2216796875,0.9973145723342896,0.43436506688594817,0.0077310552936978635
11.5070689,209,361,739328,0.0,500.0,3524,-0.010464976413641126,-0.007668248377740383,0.2,0.022508133,0.22561447322368622,1772,0.0001,0.198046875,0.9968851804733276,0.4385082542896271,0.008979400026146323
11.510391430000002,210,362,741376,0.0,500.0,3529,-0.006378352215203146,0.0049529895186424255,0.2,0.026457407,0.22557233273983002,1775,0.0001,0.2080078125,0.9968854784965515,0.43906313305099803,0.00898721389239654
11.51648149,210,363,743424,0.0,500.0,3535,-0.012555289937881752,-0.005465271882712841,0.2,0.035269424,0.22533617913722992,1780,0.0001,0.2263671875,0.9975730776786804,0.4422042690217495,0.006948360661044717
11.51834305,210,364,745472,0.0,500.0,3541,-0.008433667581994087,-0.011781701818108559,0.2,0.023984827,0.225149467587471,1785,0.0001,0.22890625,0.9970067739486694,0.4486046642065048,0.00816522209206596
11.530152739999998,210,365,747520,0.0,500.0,3547,-0.008736120234243572,-0.009181132540106773,0.2,0.022026353,0.2252550721168518,1790,0.0001,0.18466796875,0.9971908926963806,0.45008673816919326,0.007603541179560125
11.567219710000002,210,366,749568,0.0,500.0,3553,-0.009300499723758548,-0.00915456097573042,0.2,0.019515961,0.22513718903064728,1795,0.0001,0.17890625,0.9973954558372498,0.44896261766552925,0.007144268043339253
11.563851710000002,208,367,751616,0.0,500.0,3610,-0.01004532097140327,-0.020594432950019836,0.2,0.022964612,0.22492265701293945,1800,0.0001,0.180859375,0.9973055124282837,0.4543511301279068,0.0070718199014663695
11.56381793,208,368,753664,0.0,500.0,3616,-0.012731284892652184,0.004089380148798227,0.2,0.020026114,0.2247438281774521,1805,0.0001,0.21953125,0.9973072409629822,0.46007864326238634,0.00750484837917611
11.598561190000003,208,369,755712,0.0,500.0,3622,-0.007014693273231387,0.006408931687474251,0.2,0.018735059,0.22467251121997833,1810,0.0001,0.21220703125,0.9970292448997498,0.4636328682303429,0.008423437993042172
11.596891509999999,208,370,757760,0.0,500.0,3628,-0.013696764898486435,0.0016605324344709516,0.2,0.027059473,0.22455377876758575,1815,0.0001,0.1916015625,0.9973439574241638,0.46531953290104866,0.009011553978780285
11.59869903,209,371,759808,0.0,500.0,3634,-0.011136605002684518,-0.016538217663764954,0.2,0.023187548,0.22445595264434814,1820,0.0001,0.180078125,0.9974830746650696,0.4688743010163307,0.007009987719357014
11.63124261,209,372,761856,0.0,500.0,3640,-0.01288015132304281,-0.003245588159188628,0.2,0.029080123,0.2244787961244583,1825,0.0001,0.22724609375,0.9975926280021667,0.4701064504683018,0.006875141855562106
11.629689350000001,209,373,763904,0.0,500.0,3646,-0.010910123400390149,0.010677322745323181,0.2,0.024708461,0.22425545752048492,1830,0.0001,0.21943359375,0.9972119331359863,0.47226722240448,0.008154389937408269
11.637927300000001,209,374,765952,0.0,500.0,3653,-0.009845931746531278,-0.025120628997683525,0.2,0.023369208,0.22422319650650024,1835,0.0001,0.208203125,0.9975237250328064,0.4766767270863056,0.006975009856978432
11.63305057,209,375,768000,0.0,500.0,3659,-0.011449448647908866,-0.020211968570947647,0.2,0.023136126,0.22406582534313202,1840,0.0001,0.173046875,0.9971917271614075,0.4787380531430244,0.0076100571663118895
11.659605419999998,210,376,770048,0.0,500.0,3665,-0.010954859759658575,-0.020812032744288445,0.2,0.022218857,0.22404564917087555,1845,0.0001,0.18583984375,0.9972185492515564,0.4811814419925213,0.007163974101422355
11.684940129999996,210,377,772096,0.0,500.0,3671,-0.015533865697216242,-0.008307087235152721,0.2,0.02057203,0.22374211251735687,1850,0.0001,0.22861328125,0.9971868395805359,0.4847808383405209,0.007831217657076195
11.696539829999997,210,378,774144,0.0,500.0,3677,-0.010477249894756823,-0.02156752161681652,0.2,0.025852159,0.2234775871038437,1855,0.0001,0.21240234375,0.9974959492683411,0.49357907846570015,0.0070859597530215975
11.67840828,207,379,776192,0.0,500.0,3734,-0.0007122630396714577,-0.014515729621052742,0.2,0.03382052,0.22342361509799957,1857,0.0001,0.18479567307692307,0.9977257251739502,0.49772642438228315,0.0071130537320501525
11.682785909999998,208,380,778240,0.0,500.0,3740,-0.01200042637065053,0.030353393405675888,0.2,0.03220683,0.2233186960220337,1862,0.0001,0.21806640625,0.9859952330589294,0.49949822053313253,0.04515970009379089
11.678377899999997,208,381,780288,0.0,500.0,3747,-0.01215816461481154,-0.013885700143873692,0.2,0.025507879,0.22314848005771637,1867,0.0001,0.22080078125,0.9947406053543091,0.5036424607038498,0.013938308623619378
11.676748159999999,208,382,782336,0.0,500.0,3753,-0.013175527792191133,0.002406083280220628,0.2,0.02966014,0.22294150292873383,1872,0.0001,0.22197265625,0.9966131448745728,0.509026224911213,0.008504984329920261
11.684119810000002,208,383,784384,0.0,500.0,3758,-0.002498768805526197,0.025811001658439636,0.2,0.030733025,0.22291283309459686,1874,0.0001,0.051171875,0.9976742267608643,0.5122690975666047,0.007677770778536796
11.683525770000001,208,384,786432,0.0,500.0,3764,-0.012500837561674416,-0.015540764667093754,0.2,0.025044028,0.2227409929037094,1879,0.0001,0.2287109375,0.9976208209991455,0.514888459444046,0.006336460320744664
11.682423389999999,209,385,788480,0.0,500.0,3770,-0.008981196652166545,-0.0016738148406147957,0.2,0.022790145,0.22253690659999847,1884,0.0001,0.22294921875,0.9975473880767822,0.5201282411813736,0.006999650632496923
11.684323490000002,209,386,790528,0.0,500.0,3776,-0.008799282468057104,-0.036767058074474335,0.2,0.026595904,0.22249896824359894,1888,0.0001,0.17145647321428573,0.997635006904602,0.5237945892981121,0.006414077402691224
11.69100986,209,387,792576,0.0,500.0,3782,-0.0123660039214883,-0.008642839267849922,0.2,0.027763654,0.22251106798648834,1893,0.0001,0.2205078125,0.9977048635482788,0.5244785428047181,0.006520066369557753
11.69078361,209,388,794624,0.0,500.0,3788,-0.010950514988508075,-0.015561328269541264,0.2,0.025719287,0.2224702090024948,1898,0.0001,0.198828125,0.9975481629371643,0.5252175644040108,0.006770094082457945
11.681689089999997,209,389,796672,0.0,500.0,3794,-0.006763018388301134,-0.002638687379658222,0.2,0.028770875,0.22240523993968964,1903,0.0001,0.2458984375,0.9974549412727356,0.5268163397908211,0.007316627528052777
11.68548383,210,390,798720,0.0,500.0,3801,-0.015951062319800258,-0.010827301070094109,0.2,0.022928614,0.22216802835464478,1908,0.0001,0.20498046875,0.9971923232078552,0.5305262982845307,0.008144692971836776
11.698175590000004,207,391,800768,0.0,500.0,3858,-0.01004248489625752,-0.009612726047635078,0.2,0.020043723,0.22192518413066864,1913,0.0001,0.2345703125,0.9976146221160889,0.5374446928501129,0.007947333669289947
11.67269708,207,392,802816,0.0,500.0,3864,-0.011874886421719567,-0.014125981368124485,0.2,0.024061255,0.2216961532831192,1918,0.0001,0.2056640625,0.9977284669876099,0.543570265173912,0.006288338312879204
11.66796976,207,393,804864,0.0,500.0,3870,-0.012195973672092922,0.018708374351263046,0.2,0.03616591,0.22161303460597992,1922,0.0001,0.16330645161290322,0.9730415940284729,0.5484686416964377,0.06917082253963716
11.67200303,208,394,806912,0.0,500.0,3877,-0.013144997472409159,-0.012435915879905224,0.2,0.028293256,0.22153246402740479,1927,0.0001,0.22998046875,0.9936305284500122,0.5501445785164834,0.013282016478478908
11.676738750000002,208,395,808960,0.0,500.0,3883,-0.010465903114527464,-0.02158827893435955,0.2,0.018190954,0.22149492800235748,1932,0.0001,0.1951171875,0.9963505268096924,0.5521860629320144,0.008539885154459626
11.68444882,208,396,811008,0.0,500.0,3889,-0.010245615039020778,-0.03652992844581604,0.2,0.050680555,0.22146891057491302,1936,0.0001,0.155,0.9972725510597229,0.5531576323509216,0.0076097983680665495
11.691261279999999,208,397,813056,0.0,500.0,3895,-0.01182272681632103,-0.011325485073029995,0.2,0.033153027,0.22136850655078888,1941,0.0001,0.2366786858974359,0.997280478477478,0.554664318378155,0.007069086285833365
11.695515160000003,208,398,815104,0.0,500.0,3901,-0.015597035922110081,-0.01915518194437027,0.2,0.020987198,0.22119666635990143,1946,0.0001,0.190625,0.9968997240066528,0.5586350634694099,0.008194864564575254
11.693639349999998,209,399,817152,0.0,500.0,3907,-0.00980971988174133,0.021313786506652832,0.2,0.018762765,0.22116060554981232,1951,0.0001,0.22685546875,0.9967797994613647,0.5626659199595452,0.007633319857995957
11.70674122,209,400,819200,0.0,500.0,3914,-0.011957995442207903,-0.0284521896392107,0.2,0.025344461,0.22099988162517548,1956,0.0001,0.1876953125,0.9972056150436401,0.56442431807518,0.0071917283406946805
11.708872360000003,209,401,821248,0.0,500.0,3920,-0.009211842494551092,0.012112647294998169,0.2,0.019432396,0.22087158262729645,1961,0.0001,0.18984375,0.9980776906013489,0.5690156757831574,0.006279619538690895
11.724448009999998,209,402,823296,0.0,500.0,3926,-0.006286365276901051,0.01528166513890028,0.2,0.021173377,0.22081877291202545,1966,0.0001,0.1828125,0.9976974129676819,0.5717105731368065,0.005958954361267388
11.762153099999999,207,403,825344,0.0,500.0,3984,-0.01030252237105742,-0.0086442269384861,0.2,0.01958913,0.22083641588687897,1971,0.0001,0.19814453125,0.997306227684021,0.5724191099405289,0.007310850429348648
11.761050749999999,207,404,827392,0.0,500.0,3990,-0.012938122125342488,-0.011246423237025738,0.2,0.021998402,0.22067683935165405,1976,0.0001,0.179296875,0.9978848099708557,0.5732449203729629,0.005567709339084103
11.759194619999999,207,405,829440,0.0,500.0,3996,-0.006044887122698128,-0.0022407942451536655,0.2,0.02159509,0.22055678069591522,1981,0.0001,0.203125,0.9970967769622803,0.5786320030689239,0.007509727997239679
11.760812829999999,207,406,831488,0.0,500.0,4002,-0.012153177370782942,-0.002257230458781123,0.2,0.02015945,0.2203839272260666,1986,0.0001,0.1744140625,0.9979854226112366,0.581909230351448,0.00529412614996545
11.763446870000001,207,407,833536,0.0,500.0,4008,-0.007824173563858495,-0.007434215862303972,0.2,0.018280223,0.22025837004184723,1991,0.0001,0.16826171875,0.9976856708526611,0.5871044963598251,0.006031156121753156
11.76691462,208,408,835584,0.0,500.0,4014,-0.009197070554364473,-0.020509205758571625,0.2,0.025467955,0.22017346322536469,1996,0.0001,0.17802734375,0.997319757938385,0.5898572385311127,0.007075910351704806
11.76645534,208,409,837632,0.0,500.0,4019,-0.00961053215432912,-0.033924151211977005,0.2,0.017572612,0.22006531059741974,2001,0.0001,0.17421875,0.997706413269043,0.5928714841604232,0.006014987319940701
11.726891990000002,208,410,839680,0.0,500.0,4025,-0.008253435138612986,0.01871357671916485,0.2,0.035206478,0.2199564427137375,2005,0.0001,0.17605064655172414,0.980275571346283,0.5959419957522688,0.045824038153835414
11.718765499999996,208,411,841728,0.0,500.0,4031,-0.010004528949502855,0.0007927243132144213,0.2,0.024002295,0.21987588703632355,2010,0.0001,0.21201171875,0.9971164464950562,0.5988409250974656,0.008614139270503075
11.7059914,208,412,843776,0.0,500.0,4037,-0.014493050565943123,-0.008323888294398785,0.2,0.026050627,0.21982921659946442,2015,0.0001,0.20830078125,0.9960905313491821,0.6007859483361244,0.008998450683429837
11.701096569999999,209,413,845824,0.0,500.0,4041,-0.00236951377398024,-0.011234222911298275,0.2,0.029552862,0.21979641914367676,2017,0.0001,0.13736979166666666,0.9970302581787109,0.6023945460716883,0.008162630605511367
11.70851751,209,414,847872,0.0,500.0,4047,-0.0018750325737831492,0.004335353150963783,0.2,0.029665682,0.21970583498477936,2020,0.0001,0.25,0.9976654052734375,0.6039683222770691,0.006101001121957476
11.705014769999996,209,415,849920,0.0,500.0,4052,-0.010087092510528035,-0.005121789872646332,0.2,0.046035156,0.21964113414287567,2023,0.0001,0.1716579861111111,0.9976791739463806,0.6061944630410936,0.006493953470554616
11.698061469999997,207,416,851968,0.0,500.0,4107,-0.007923773303627969,-0.010421857237815857,0.2,0.027839221,0.219513401389122,2028,0.0001,0.19326171875,0.9978473782539368,0.6086938709020615,0.005608150677289814
11.687206659999998,207,417,854016,0.0,500.0,4113,-0.0007770924740249203,0.015620079822838306,0.2,0.03548349,0.21948854625225067,2031,0.0001,0.18694196428571427,0.9841941595077515,0.6109553689048404,0.039496067113109996
11.69117804,207,418,856064,0.0,500.0,4118,-0.0033832175889983774,-0.01855062134563923,0.2,0.030587628,0.21946494281291962,2034,0.0001,0.1873046875,0.9966094493865967,0.6116041600704193,0.007687639282085002
11.690450899999998,208,419,858112,0.0,500.0,4125,-0.007478091889061034,-0.0123221380636096,0.2,0.018182017,0.21951401233673096,2039,0.0001,0.2029296875,0.9964712858200073,0.6115717262029647,0.007954861933831126
11.678743080000002,208,420,860160,0.0,500.0,4131,-0.0068602457642555235,-0.01444473210722208,0.2,0.016356219,0.21948938071727753,2044,0.0001,0.22177734375,0.9974139928817749,0.6110661566257477,0.006214201834518462
11.673475469999998,208,421,862208,0.0,500.0,4137,-0.005601111915893853,-0.007276798132807016,0.2,0.020967549,0.2194451093673706,2049,0.0001,0.25986328125,0.9970718026161194,0.6121912553906441,0.007163390365894884
11.67206105,208,422,864256,0.0,500.0,4144,-0.007992115837987512,0.02219628542661667,0.2,0.024350256,0.21916216611862183,2054,0.0001,0.211328125,0.9974846243858337,0.6160134539008141,0.007884023926453664
11.680301760000003,208,423,866304,0.0,500.0,4150,-0.013785444293171167,-0.012753716669976711,0.2,0.032507256,0.21927042305469513,2059,0.0001,0.21162109375,0.9973576068878174,0.6205301448702812,0.006445944256847724
11.674591649999998,208,424,868352,0.0,500.0,4156,-0.007478066912153736,0.004726952873170376,0.2,0.020081963,0.21939969062805176,2064,0.0001,0.1873046875,0.9979910254478455,0.6167047619819641,0.005493990093236789
11.67157288,209,425,870400,0.0,500.0,4163,-0.008952240401413292,-0.018759194761514664,0.2,0.02709074,0.21941177546977997,2069,0.0001,0.19677734375,0.997222900390625,0.6146758899092675,0.0064072271983604875
11.635653159999999,209,426,872448,0.0,500.0,4169,-0.008682433981448412,0.026092827320098877,0.2,0.027517308,0.21926461160182953,2074,0.0001,0.1849609375,0.9975393414497375,0.6166329860687256,0.006066925125196576
11.636805020000002,209,427,874496,0.0,500.0,4175,-0.005054944604635239,-0.0004408247768878937,0.2,0.048186205,0.21923358738422394,2078,0.0001,0.21078125,0.9827305674552917,0.6197671890258789,0.041431053318083284
11.637048299999998,207,428,876544,0.0,500.0,4229,-0.009017124145220105,-0.02519416995346546,0.2,0.03942813,0.21923665702342987,2082,0.0001,0.19456129807692307,0.9954530000686646,0.619632743872129,0.01036885529398345
11.634223880000004,207,429,878592,0.0,500.0,4235,-0.011097702756524086,-2.210307866334915e-05,0.2,0.022559699,0.21932363510131836,2087,0.0001,0.247265625,0.9978293180465698,0.6187403529882431,0.005072930327150971
11.6271774,207,430,880640,0.0,500.0,4241,-0.011032170942053198,-0.0070715066976845264,0.2,0.02420014,0.21934719383716583,2092,0.0001,0.210546875,0.99763423204422,0.6173459023237229,0.00618810614105314
11.628082230000002,207,431,882688,0.0,500.0,4247,-0.011343270385016998,-0.01714785397052765,0.2,0.039760534,0.21926183998584747,2096,0.0001,0.2232349537037037,0.9978708624839783,0.6184192940040871,0.005783016215664921
11.61891191,208,432,884736,0.0,500.0,4253,-0.0068889808841049675,-0.0022677306551486254,0.2,0.029115368,0.2192104458808899,2101,0.0001,0.22451171875,0.998075008392334,0.6213032528758049,0.006223720422713086
11.62435566,208,433,886784,0.0,500.0,4259,-0.005753276858013123,0.007332048378884792,0.2,0.020883597,0.2190670520067215,2106,0.0001,0.20498046875,0.9977149367332458,0.6239957690238953,0.006211046618409455
11.539921300000001,208,434,888832,0.0,500.0,4265,-0.01118631096323952,-0.020048990845680237,0.2,0.020807054,0.2188677340745926,2111,0.0001,0.19814453125,0.9981425404548645,0.6292748481035233,0.004874536843271926
11.54065437,208,435,890880,0.0,500.0,4271,0.006912339514008526,0.06365064531564713,0.2,0.05393739,0.21897409856319427,2116,0.0001,0.21827651515151514,0.977757453918457,0.6311995206457196,0.03133609882471236
11.541852859999999,208,436,892928,0.0,500.0,4277,-0.014432955393567681,-0.005441947840154171,0.2,0.022447128,0.21885697543621063,2121,0.0001,0.2240234375,0.9978584051132202,0.630525515973568,0.00586692919023335
11.550293939999996,208,437,894976,0.0,500.0,4283,-0.008502335858065636,-0.0067962161265313625,0.2,0.025658626,0.2189011424779892,2126,0.0001,0.2375,0.9974114894866943,0.6329757511615753,0.0068135463807266206
11.555701399999998,209,438,897024,0.0,500.0,4289,-0.002085079357493669,0.005664523225277662,0.2,0.017772153,0.21870215237140656,2131,0.0001,0.173046875,0.997380793094635,0.6341740012168884,0.006722106091910973
11.546920170000003,209,439,899072,0.0,500.0,4295,-0.010513330076355487,0.0028544131200760603,0.2,0.024568263,0.21865403652191162,2136,0.0001,0.20263671875,0.9980947971343994,0.639455434679985,0.005275047029135749
11.5472367,207,440,901120,0.0,500.0,4351,-0.010053941630758345,-0.00736541673541069,0.2,0.02834389,0.21860939264297485,2141,0.0001,0.22646484375,0.9977204203605652,0.6408028870820999,0.006049391551641747
11.591802,207,441,903168,0.0,500.0,4357,-0.007739995757583528,-0.0026785198133438826,0.2,0.02164806,0.21838980913162231,2146,0.0001,0.190625,0.9978994727134705,0.6442774429917335,0.005829922709381208
11.589432500000001,207,442,905216,0.0,500.0,4363,-0.011637157492805273,-0.005108466371893883,0.2,0.024542611,0.21847647428512573,2151,0.0001,0.20322265625,0.9981738328933716,0.6476373016834259,0.005132188397692516
11.593724270000001,207,443,907264,0.0,500.0,4369,-0.013241523457691074,-0.023469313979148865,0.2,0.022200897,0.21835404634475708,2156,0.0001,0.191796875,0.99851393699646,0.647056145966053,0.0049061072350014
11.594997739999998,207,444,909312,0.0,500.0,4374,-0.0025013024967752004,-0.027720151469111443,0.2,0.034869943,0.218314528465271,2159,0.0001,0.14535361842105263,0.9975346922874451,0.6505979958333468,0.007194327141501401
11.595608990000002,208,445,911360,0.0,500.0,4380,-0.011809803766664118,-0.0049808737821877,0.2,0.019619219,0.21821321547031403,2164,0.0001,0.19091796875,0.9979932904243469,0.6522909253835678,0.005159409146290273
11.60037387,208,446,913408,0.0,500.0,4385,-0.0056398286699102474,-0.03572525829076767,0.2,0.035847418,0.2181640863418579,2168,0.0001,0.15594951923076922,0.9976856708526611,0.6552998400651492,0.006137115934577126
11.59749814,208,447,915456,0.0,500.0,4391,-0.010925696697086096,-0.01570819318294525,0.2,0.024743028,0.2180740088224411,2173,0.0001,0.209375,0.9978875517845154,0.657209774851799,0.005661860131658614
11.59176147,208,448,917504,0.0,500.0,4397,-0.006983653952678044,-0.005221501924097538,0.2,0.036774848,0.21799510717391968,2177,0.0001,0.22890625,0.9974712133407593,0.6603708386421203,0.006262664341678222
11.59095355,208,449,919552,0.0,500.0,4403,-0.009223037620540709,-0.013021230697631836,0.2,0.023370229,0.21793830394744873,2182,0.0001,0.18720703125,0.9980267286300659,0.6626727446913719,0.005280341859906912
11.58620156,208,450,921600,0.0,500.0,4409,-0.009890224516857416,-0.006758159026503563,0.2,0.029498944,0.21793949604034424,2187,0.0001,0.21220703125,0.9977728724479675,0.663619939982891,0.0059070625808089975
11.616414110000003,209,451,923648,0.0,500.0,4415,-0.0015143431955948472,-0.005881211720407009,0.2,0.03108484,0.2178749442100525,2190,0.0001,0.17513020833333334,0.9974707365036011,0.6642943571011225,0.006934742734301835
11.60258286,207,452,925696,0.0,500.0,4471,-0.010129378928292182,0.026339607313275337,0.2,0.03290355,0.2178252786397934,2194,0.0001,0.19417842741935484,0.997856616973877,0.6661372569299513,0.006021471235961202
11.600650109999998,207,453,927744,0.0,500.0,4477,-0.009429783886298537,0.009920934215188026,0.2,0.02197465,0.2176963835954666,2199,0.0001,0.198828125,0.9981142282485962,0.6687085092067718,0.006445406412240118
11.601782590000003,207,454,929792,0.0,500.0,4483,-0.006148654812326034,-0.0029951641336083412,0.2,0.029164556,0.21768701076507568,2202,0.0001,0.19303385416666666,0.9977514147758484,0.6713555629054705,0.006433434997840474
11.606687090000001,207,455,931840,0.0,500.0,4489,-0.008337630482856184,-0.00506461039185524,0.2,0.020766657,0.2175389528274536,2207,0.0001,0.2078125,0.9980379939079285,0.673326025903225,0.005335538898361847
11.605154349999996,207,456,933888,0.0,500.0,4494,-0.0005425400366740567,0.034268151968717575,0.2,0.023048127,0.21750813722610474,2209,0.0001,0.13532366071428573,0.9981042146682739,0.6760485768318176,0.005561069369183055
11.60186252,208,457,935936,0.0,500.0,4499,-0.005548668591390279,0.02049228921532631,0.2,0.03225949,0.21747474372386932,2212,0.0001,0.18998579545454544,0.9978991746902466,0.6769685447216034,0.006011753110215068
11.60319653,208,458,937984,0.0,500.0,4504,-0.006419509349923048,-0.015427518635988235,0.2,0.03147045,0.21748065948486328,2216,0.0001,0.18903459821428573,0.9981627464294434,0.6773701182433537,0.00505084265855008
11.717600420000002,208,459,940032,0.0,500.0,4511,-0.00963673069491051,0.006387046072632074,0.2,0.027777528,0.2174789309501648,2221,0.0001,0.23828125,0.9977861642837524,0.677566547691822,0.006524338282179088
11.720637179999999,208,460,942080,0.0,500.0,4517,-0.010885002790018916,-0.009133590385317802,0.2,0.02064787,0.21736381947994232,2226,0.0001,0.212109375,0.9979262948036194,0.6786979258060455,0.0057235931046307085
11.724071300000002,208,461,944128,0.0,500.0,4522,0.0047833962210764485,-0.0016702150460332632,0.2,0.036586948,0.21728038787841797,2229,0.0001,0.17529296875,0.9979389905929565,0.6826226140062014,0.005744285076313342
11.721817040000003,208,462,946176,0.0,500.0,4528,-0.012626849440857768,-0.01836804673075676,0.2,0.031936973,0.21724426746368408,2234,0.0001,0.24736328125,0.9978374242782593,0.6850891068577767,0.005994344770442694
11.72313015,209,463,948224,0.0,500.0,4534,-0.00768184190383181,-0.005754328798502684,0.2,0.021640558,0.21718813478946686,2239,0.0001,0.17802734375,0.9982157349586487,0.6864708185195922,0.00598978993948549
11.71650418,206,464,950272,0.0,500.0,4591,-0.007703423553279468,-0.022565895691514015,0.2,0.038592216,0.21711154282093048,2244,0.0001,0.24129464285714286,0.9980422258377075,0.6886196221624102,0.005891344988984721
11.713522020000001,207,465,952320,0.0,500.0,4597,-0.010805290937423707,-0.008899484761059284,0.2,0.02809471,0.21698682010173798,2249,0.0001,0.23251953125,0.9981631636619568,0.6910844847559929,0.004852303443476558
11.71882699,207,466,954368,0.0,500.0,4602,-0.0037689502350986004,-0.0024693934246897697,0.2,0.03169601,0.21693913638591766,2252,0.0001,0.1505859375,0.9980727434158325,0.6942362159490585,0.0052560307900421325
11.70841038,207,467,956416,0.0,500.0,4608,-0.011522869106984752,-0.03944392874836922,0.2,0.03550324,0.21681588888168335,2257,0.0001,0.21484375,0.9979614615440369,0.6961833904771244,0.005616493030067752
11.70662185,207,468,958464,0.0,500.0,4614,-0.009480981179513038,-0.005103647708892822,0.2,0.0267397,0.21658872067928314,2262,0.0001,0.24423828125,0.9983969330787659,0.7010292068123818,0.004649084416450932
11.698262000000001,207,469,960512,0.0,500.0,4620,-0.010703231045044958,0.00118555361405015,0.2,0.030486777,0.21643690764904022,2267,0.0001,0.2505859375,0.9978445768356323,0.7070266261696816,0.005877412797417492
11.698230059999998,208,470,962560,0.0,500.0,4626,-0.00884522681008093,-0.009913718327879906,0.2,0.02499317,0.2162272185087204,2272,0.0001,0.21953125,0.997986912727356,0.7119996279478074,0.005300818337127566
11.693104100000003,208,471,964608,0.0,500.0,4632,-0.010409149539191276,-0.0215787123888731,0.2,0.027640168,0.2160898894071579,2277,0.0001,0.216796875,0.9980869889259338,0.716874735057354,0.005111592379398644
11.701519000000001,208,472,966656,0.0,500.0,4638,-0.010592267397441901,-0.012473085895180702,0.2,0.03046651,0.21597693860530853,2281,0.0001,0.198486328125,0.9979804754257202,0.7210287991911173,0.005501790605194401
11.697102059999999,208,473,968704,0.0,500.0,4644,-0.005753405459108763,-0.004552718251943588,0.2,0.022339651,0.21600550413131714,2286,0.0001,0.15859375,0.9980855584144592,0.7220732137560845,0.005047644826117903
11.700910319999998,208,474,970752,0.0,500.0,4650,-0.006463030830491334,-0.019927524030208588,0.2,0.028971665,0.21609477698802948,2291,0.0001,0.215234375,0.9983270764350891,0.7209523051977158,0.005131535202963278
11.704216559999999,208,475,972800,0.0,500.0,4656,-0.010071099479682743,0.011003524996340275,0.2,0.030712727,0.21611781418323517,2296,0.0001,0.2359375,0.9977531433105469,0.7194406762719154,0.005821633484447375
11.71531109,209,476,974848,0.0,500.0,4662,-0.01171554063912481,0.00044376368168741465,0.2,0.023138754,0.21593491733074188,2301,0.0001,0.22783203125,0.9980595707893372,0.7213863775134086,0.005081138201057911
11.717133949999996,207,477,976896,0.0,500.0,4718,-0.010295095025665231,-0.012930621393024921,0.2,0.037131708,0.2158796340227127,2306,0.0001,0.20572916666666666,0.9983436465263367,0.7259966995981004,0.004506689819714261
11.71475293,207,478,978944,0.0,500.0,4724,-0.011438327410724014,-0.013518190011382103,0.2,0.024754662,0.21578550338745117,2311,0.0001,0.23115234375,0.9984208345413208,0.727740241587162,0.0043173521669814365
11.720674869999998,207,479,980992,0.0,500.0,4730,-0.0036779185466002673,0.01140194945037365,0.2,0.022527352,0.2156614065170288,2316,0.0001,0.23935546875,0.9979244470596313,0.7314309537410736,0.005651634541573003
11.609830670000001,207,480,983040,0.0,500.0,4736,-0.011106502928305418,-0.01232314296066761,0.2,0.029161759,0.215627983212471,2321,0.0001,0.234375,0.998151421546936,0.7334336265921593,0.005079887859756127
11.610838420000002,207,481,985088,0.0,500.0,4741,0.006798270911745289,0.02735253795981407,0.2,0.046620682,0.2156067043542862,2326,0.0001,0.21541819852941177,0.9832454919815063,0.7341832904254689,0.02380047839901903
11.608086999999998,207,482,987136,0.0,500.0,4747,-0.0063912123846619024,-0.0042315078899264336,0.2,0.028166462,0.21558336913585663,2329,0.0001,0.1336616847826087,0.9981561303138733,0.7346609312555065,0.004845999181270599
11.606952219999997,208,483,989184,0.0,500.0,4753,-0.009165625437162817,-0.01790505461394787,0.2,0.020632865,0.21549968421459198,2334,0.0001,0.20751953125,0.9979511499404907,0.7369231045246124,0.005499468365451321
11.60639913,208,484,991232,0.0,500.0,4759,-0.0029191795911174268,0.024014882743358612,0.2,0.02762816,0.21536342799663544,2339,0.0001,0.2330078125,0.9984668493270874,0.7406904578208924,0.00529365265974775
11.599787749999997,208,485,993280,0.0,500.0,4765,-0.010093724602484144,-0.0008168835192918777,0.2,0.028094757,0.21539689600467682,2344,0.0001,0.23662109375,0.9979497790336609,0.7424357146024704,0.005871277989353984
11.601804769999996,208,486,995328,0.0,500.0,4771,-0.010257795680081472,0.0067665837705135345,0.2,0.024664458,0.21535710990428925,2349,0.0001,0.21533203125,0.9981465935707092,0.7421821340918541,0.005047280451981351
11.603556499999998,208,487,997376,0.0,500.0,4776,0.0022473125718533993,-0.023036792874336243,0.2,0.04027645,0.21535515785217285,2351,0.0001,0.08558238636363637,0.9968811869621277,0.7430990013209257,0.008890578311614016
11.60963829,209,488,999424,0.0,500.0,4781,-0.005926145985722542,0.01593181863427162,0.2,0.023520913,0.21528595685958862,2356,0.0001,0.2029296875,0.9984164834022522,0.7439316779375076,0.004175978069542907
