#{"t_start": 1791614269.2808712, "env_id": "None"}
r,l,t,is_success,curriculum_stage,reach_success,grasp_success,lift_success,transport_success,above_cup_success,released_over_cup,correct_release,placement_success
27.548901,500,1.398825,False,1,True,True,True,False,False,False,False,False
32.404178,500,2.932826,False,1,True,True,True,False,False,False,False,False
30.164467,500,4.161985,False,1,True,True,True,False,False,False,False,False
23.759335,500,5.551276,False,1,True,True,True,False,False,False,False,False
30.282034,500,9.167623,False,1,True,True,True,False,False,False,False,False
38.778373,500,10.821223,False,1,True,True,True,False,False,False,False,False
-22.18326,500,12.233869,False,1,True,True,True,False,False,False,False,False
26.822401,500,13.572189,False,1,True,True,True,False,False,False,False,False
22.09186,500,16.615089,False,1,True,True,False,False,False,False,False,False
-22.455994,500,17.977098,False,1,True,False,False,False,False,False,False,False
31.63127,500,19.465149,False,1,True,True,True,False,False,False,False,False
40.194566,500,21.076927,False,1,True,True,True,False,False,False,False,False
29.837617,500,24.255701,False,1,False,True,True,False,False,False,False,False
38.365486,500,25.887174,False,1,True,True,True,False,False,False,False,False
19.16917,500,27.164031,False,1,True,True,False,False,False,False,False,False
25.125233,500,28.784109,False,1,False,True,True,False,False,False,False,False
34.203203,500,31.567535,False,1,True,True,True,False,False,False,False,False
-21.184834,500,32.909344,False,1,False,True,True,False,False,False,False,False
26.435259,500,34.074002,False,1,True,True,True,False,False,False,False,False
22.667716,500,35.479376,False,1,False,True,True,False,False,False,False,False
-3.169972,500,38.114844,False,1,True,False,False,False,False,False,False,False
35.590245,500,39.605301,False,1,True,True,True,False,False,False,False,False
27.143521,500,40.92945,False,1,True,True,True,False,False,False,False,False
37.84029,500,42.41697,False,1,True,True,True,False,False,False,False,False
-9.01106,500,45.269549,False,1,True,False,False,False,False,False,False,False
44.40717,500,46.762742,False,1,True,True,True,False,False,False,False,False
-2.778544,500,47.889666,False,1,True,False,False,False,False,False,False,False
31.82771,500,49.185082,False,1,True,True,True,False,False,False,False,False
-11.905658,500,51.871679,False,1,True,True,True,False,False,False,False,False
30.498084,500,53.065262,False,1,True,True,True,False,False,False,False,False
-5.803624,500,54.217959,False,1,False,False,False,False,False,False,False,False
31.01401,500,55.782338,False,1,True,True,True,False,False,False,False,False
35.950482,500,58.81899,False,1,True,True,True,False,False,False,False,False
18.567478,500,59.975912,False,1,True,True,False,False,False,False,False,False
34.347536,500,61.398828,False,1,False,True,True,False,False,False,False,False
29.682748,500,62.535725,False,1,True,True,True,False,False,False,False,False
27.255878,500,65.347824,False,1,True,True,True,False,False,False,False,False
17.976034,500,66.709242,False,1,True,True,True,False,False,False,False,False
-5.333213,500,67.868089,False,1,True,False,False,False,False,False,False,False
22.080378,500,69.067375,False,1,False,True,True,False,False,False,False,False
27.985255,500,71.593558,False,1,True,True,True,False,False,False,False,False
32.265054,500,73.093351,False,1,True,True,True,False,False,False,False,False
31.477326,500,74.466494,False,1,True,True,True,False,False,False,False,False
22.94184,500,75.841248,False,1,False,True,True,False,False,False,False,False
40.046893,500,77.406093,False,1,True,True,True,False,False,False,False,False
15.507856,500,79.916907,False,1,False,True,False,False,False,False,False,False
35.430031,500,81.090685,False,1,True,True,True,False,False,False,False,False
18.218015,500,82.20758,False,1,False,True,True,False,False,False,False,False
28.797403,500,83.638898,False,1,False,True,True,False,False,False,False,False
23.884415,500,86.130497,False,1,True,True,True,False,False,False,False,False
22.982098,500,87.329134,False,1,True,True,True,False,False,False,False,False
34.278723,500,88.814847,False,1,True,True,True,False,False,False,False,False
42.20444,500,90.250811,False,1,True,True,True,False,False,False,False,False
39.31027,500,92.988751,False,1,True,True,True,False,False,False,False,False
40.372755,500,94.607092,False,1,True,True,True,False,False,False,False,False
0.577817,500,95.711858,False,1,False,False,False,False,False,False,False,False
32.375372,500,97.146265,False,1,False,True,True,False,False,False,False,False
15.991654,500,99.645765,False,1,False,True,False,False,False,False,False,False
31.981933,500,100.929586,False,1,True,True,True,False,False,False,False,False
-4.570911,500,102.06526,False,1,False,False,False,False,False,False,False,False
31.783993,500,103.327723,False,1,True,True,True,False,False,False,False,False
-8.295959,500,105.786171,False,1,False,False,False,False,False,False,False,False
-7.741622,500,107.10168,False,1,True,False,False,False,False,False,False,False
27.081173,500,108.884419,False,1,False,True,True,False,False,False,False,False
32.549142,500,110.226873,False,1,True,True,True,False,False,False,False,False
27.261074,500,112.835782,False,1,False,True,True,False,False,False,False,False
32.637599,500,114.219395,False,1,True,True,True,False,False,False,False,False
31.195051,500,115.406073,False,1,True,True,True,False,False,False,False,False
25.512033,500,116.747975,False,1,False,True,True,False,False,False,False,False
23.173184,500,119.51501,False,1,False,True,True,False,False,False,False,False
28.095046,500,120.702029,False,1,True,True,True,False,False,False,False,False
18.423539,500,122.065134,False,1,False,True,True,False,False,False,False,False
-14.535974,500,123.359429,False,1,False,False,False,False,False,False,False,False
-0.152922,500,125.942018,False,1,True,False,False,False,False,False,False,False
19.297882,500,127.103233,False,1,False,True,True,False,False,False,False,False
23.153169,500,128.554945,False,1,True,True,True,False,False,False,False,False
-5.378712,500,129.759273,False,1,False,False,False,False,False,False,False,False
-11.198586,500,132.592957,False,1,False,False,False,False,False,False,False,False
16.538881,500,133.91992,False,1,False,True,True,False,False,False,False,False
26.236393,500,135.212356,False,1,True,True,True,False,False,False,False,False
29.117404,500,136.536808,False,1,False,True,True,False,False,False,False,False
-10.577822,500,139.141631,False,1,False,False,False,False,False,False,False,False
19.280102,500,140.56136,False,1,True,True,True,False,False,False,False,False
-3.569193,500,141.711303,False,1,False,False,False,False,False,False,False,False
17.426086,500,143.144573,False,1,False,True,True,False,False,False,False,False
16.025084,500,144.545171,False,1,False,True,True,False,False,False,False,False
32.969376,500,147.454564,False,1,True,True,True,False,False,False,False,False
36.895499,500,148.931554,False,1,True,True,True,False,False,False,False,False
28.038594,500,150.286904,False,1,True,True,True,False,False,False,False,False
25.624063,500,151.60504,False,1,True,True,True,False,False,False,False,False
23.045995,500,154.214198,False,1,True,True,True,False,False,False,False,False
15.403037,500,155.380852,False,1,False,True,True,False,False,False,False,False
22.592702,500,156.704023,False,1,False,True,True,False,False,False,False,False
24.317715,500,158.129332,False,1,True,True,True,False,False,False,False,False
32.174118,500,161.337141,False,1,True,True,True,False,False,False,False,False
14.351547,500,162.755473,False,1,True,True,True,False,False,False,False,False
22.201357,500,163.985527,False,1,False,True,True,False,False,False,False,False
12.13444,500,165.333649,False,1,False,True,False,False,False,False,False,False
34.662368,500,168.142462,False,1,True,True,True,False,False,False,False,False
1.239608,500,169.264781,False,1,False,False,False,False,False,False,False,False
28.245061,500,170.47823,False,1,True,True,True,False,False,False,False,False
-11.798145,500,171.844251,False,1,False,False,False,False,False,False,False,False
30.138798,500,174.520462,False,1,True,True,True,False,False,False,False,False
34.370401,500,175.969719,False,1,True,True,True,False,False,False,False,False
25.688233,500,177.313152,False,1,True,True,True,False,False,False,False,False
0.898325,500,178.410556,False,1,False,False,False,False,False,False,False,False
32.441434,500,181.426571,False,1,False,True,True,False,False,False,False,False
25.970762,500,183.195839,False,1,False,True,True,False,False,False,False,False
2.355702,500,184.323118,False,1,False,False,False,False,False,False,False,False
28.637853,500,186.169829,False,1,False,True,True,False,False,False,False,False
27.592746,500,189.364834,False,1,False,True,True,False,False,False,False,False
-8.740029,500,190.585634,False,1,False,False,False,False,False,False,False,False
13.502094,500,191.744756,False,1,False,True,False,False,False,False,False,False
19.228037,500,192.911614,False,1,False,True,True,False,False,False,False,False
-10.844242,500,195.816258,False,1,False,False,False,False,False,False,False,False
-6.88115,500,197.020506,False,1,False,False,False,False,False,False,False,False
18.201899,500,198.139409,False,1,False,True,True,False,False,False,False,False
13.634728,500,199.285907,False,1,False,True,True,False,False,False,False,False
-10.34566,500,202.135638,False,1,False,False,False,False,False,False,False,False
16.651627,500,203.301085,False,1,False,True,True,False,False,False,False,False
36.785509,500,204.846317,False,1,True,True,True,False,False,False,False,False
17.070936,500,206.126619,False,1,True,True,True,False,False,False,False,False
23.557923,500,209.096417,False,1,False,True,True,False,False,False,False,False
23.840543,500,210.577181,False,1,True,True,True,False,False,False,False,False
19.033486,500,211.798246,False,1,False,True,True,False,False,False,False,False
24.652313,500,213.284861,False,1,False,True,True,False,False,False,False,False
-6.038447,500,215.974559,False,1,False,False,False,False,False,False,False,False
25.978337,500,217.551065,False,1,False,True,True,False,False,False,False,False
26.701641,500,219.013369,False,1,False,True,True,False,False,False,False,False
-9.55693,500,220.402494,False,1,False,False,False,False,False,False,False,False
23.506335,500,221.676908,False,1,False,True,True,False,False,False,False,False
30.215009,500,224.76475,False,1,True,True,True,False,False,False,False,False
-14.593222,500,226.167497,False,1,False,False,False,False,False,False,False,False
-11.650594,500,227.584595,False,1,False,False,False,False,False,False,False,False
27.489419,500,228.93051,False,1,False,True,True,False,False,False,False,False
-12.608885,500,231.821686,False,1,False,False,False,False,False,False,False,False
-7.681663,500,233.180632,False,1,False,False,False,False,False,False,False,False
25.773004,500,234.548301,False,1,False,True,True,False,False,False,False,False
25.50259,500,236.04496,False,1,False,True,True,False,False,False,False,False
17.224981,500,238.993973,False,1,False,True,True,False,False,False,False,False
-11.429286,500,240.401439,False,1,False,False,False,False,False,False,False,False
25.987657,500,241.697931,False,1,True,True,True,False,False,False,False,False
18.076561,500,242.925067,False,1,False,True,True,False,False,False,False,False
-8.04253,500,245.571095,False,1,False,False,False,False,False,False,False,False
24.997949,500,247.044792,False,1,False,True,True,False,False,False,False,False
26.628225,500,248.654008,False,1,False,True,True,False,False,False,False,False
-6.927382,500,249.933414,False,1,False,False,False,False,False,False,False,False
21.726812,500,252.682965,False,1,False,True,True,False,False,False,False,False
16.254287,500,253.978603,False,1,False,True,True,False,False,False,False,False
22.026919,500,255.395193,False,1,False,True,True,False,False,False,False,False
31.677955,500,257.035483,False,1,True,True,True,False,False,False,False,False
-12.911324,500,259.945025,False,1,False,False,False,False,False,False,False,False
22.186458,500,261.420837,False,1,True,True,True,False,False,False,False,False
19.527859,500,262.807038,False,1,False,True,True,False,False,False,False,False
-9.63621,500,264.198046,False,1,True,False,False,False,False,False,False,False
4.773868,500,266.742147,False,1,False,False,False,False,False,False,False,False
19.382138,500,267.907047,False,1,False,True,True,False,False,False,False,False
24.316616,500,269.385494,False,1,True,True,True,False,False,False,False,False
20.459568,500,270.577432,False,1,False,True,True,False,False,False,False,False
22.07112,500,273.807179,False,1,True,True,True,False,False,False,False,False
24.581266,500,275.293952,False,1,False,True,True,False,False,False,False,False
31.457563,500,276.734,False,1,False,True,True,False,False,False,False,False
18.006753,500,278.082177,False,1,False,True,True,False,False,False,False,False
22.509438,500,280.887291,False,1,True,True,True,False,False,False,False,False
23.923216,500,282.376599,False,1,False,True,True,False,False,False,False,False
-11.758634,500,283.754704,False,1,True,False,False,False,False,False,False,False
29.073891,500,285.154583,False,1,False,True,True,False,False,False,False,False
-10.007667,500,287.819459,False,1,False,False,False,False,False,False,False,False
-2.520831,500,288.934502,False,1,False,False,False,False,False,False,False,False
20.261865,500,290.066521,False,1,False,True,True,False,False,False,False,False
24.563679,500,291.425427,False,1,True,True,True,False,False,False,False,False
-12.214573,500,292.814181,False,1,False,False,False,False,False,False,False,False
20.737153,500,295.462126,False,1,False,True,True,False,False,False,False,False
30.801404,500,296.858233,False,1,True,True,True,False,False,False,False,False
20.609092,500,297.992396,False,1,False,True,True,False,False,False,False,False
27.208354,500,299.473446,False,1,True,True,True,False,False,False,False,False
20.519858,500,302.445825,False,1,False,True,True,False,False,False,False,False
24.788601,500,303.914487,False,1,False,True,True,False,False,False,False,False
24.191509,500,305.31405,False,1,False,True,True,False,False,False,False,False
30.38182,500,306.820735,False,1,True,True,True,False,False,False,False,False
16.958429,500,309.644717,False,1,False,True,True,False,False,False,False,False
-14.162065,500,311.078683,False,1,False,False,False,False,False,False,False,False
27.287101,500,312.532612,False,1,False,True,True,False,False,False,False,False
30.062028,500,314.155638,False,1,True,True,True,False,False,False,False,False
-8.820769,500,316.582146,False,1,False,False,False,False,False,False,False,False
-11.209219,500,317.998873,False,1,False,False,False,False,False,False,False,False
20.858459,500,319.404065,False,1,False,True,True,False,False,False,False,False
-11.769784,500,320.733073,False,1,False,False,False,False,False,False,False,False
4.082832,500,323.203213,False,1,False,True,True,False,False,False,False,False
19.110155,500,324.652302,False,1,False,True,True,False,False,False,False,False
-10.839755,500,325.892993,False,1,False,False,False,False,False,False,False,False
-9.86537,500,327.256342,False,1,False,False,False,False,False,False,False,False
22.398908,500,330.111782,False,1,False,True,True,False,False,False,False,False
26.220124,500,331.582895,False,1,False,True,True,False,False,False,False,False
23.820708,500,333.022137,False,1,True,True,True,False,False,False,False,False
26.59962,500,334.494204,False,1,False,True,True,False,False,False,False,False
28.277111,500,337.267332,False,1,True,True,True,False,False,False,False,False
22.584802,500,338.50975,False,1,True,True,True,False,False,False,False,False
-13.221183,500,339.884457,False,1,False,False,False,False,False,False,False,False
-20.881931,500,341.211432,False,1,False,True,True,False,False,False,False,False
-11.508497,500,419.980328,False,1,False,False,False,False,False,False,False,False
-10.47793,500,421.23177,False,1,False,False,False,False,False,False,False,False
28.768886,500,422.746423,False,1,True,True,True,False,False,False,False,False
-12.530255,500,424.121881,False,1,False,False,False,False,False,False,False,False
24.229273,500,427.252681,False,1,False,True,True,False,False,False,False,False
20.760879,500,428.851718,False,1,True,True,True,False,False,False,False,False
-11.543277,500,430.181185,False,1,False,False,False,False,False,False,False,False
31.711341,500,431.699688,False,1,True,True,True,False,False,False,False,False
17.542104,500,434.683263,False,1,False,True,True,False,False,False,False,False
25.939699,500,436.128176,False,1,False,True,True,False,False,False,False,False
30.95395,500,437.453676,False,1,True,True,True,False,False,False,False,False
19.736667,500,438.612262,False,1,False,True,True,False,False,False,False,False
18.075376,500,441.257664,False,1,False,True,True,False,False,False,False,False
-9.831765,500,442.591969,False,1,False,False,False,False,False,False,False,False
-7.167034,500,443.742526,False,1,False,False,False,False,False,False,False,False
-5.969598,500,444.898083,False,1,False,False,False,False,False,False,False,False
22.022234,500,446.046726,False,1,False,True,True,False,False,False,False,False
-3.122129,500,448.95833,False,1,False,False,False,False,False,False,False,False
17.922611,500,450.163916,False,1,False,True,True,False,False,False,False,False
-9.503139,500,451.484727,False,1,True,False,False,False,False,False,False,False
-21.280464,500,452.746634,False,1,False,False,False,False,False,False,False,False
-30.357807,500,455.560177,False,1,False,True,True,False,False,False,False,False
26.748584,500,457.141014,False,1,True,True,True,False,False,False,False,False
26.816139,500,458.281463,False,1,False,True,True,False,False,False,False,False
16.410367,500,459.637897,False,1,False,True,True,False,False,False,False,False
17.187927,500,462.021462,False,1,False,True,True,False,False,False,False,False
25.993921,500,463.573236,False,1,False,True,True,False,False,False,False,False
20.222936,500,465.027431,False,1,False,True,True,False,False,False,False,False
19.281464,500,466.511716,False,1,False,True,True,False,False,False,False,False
25.226048,500,469.590117,False,1,False,True,True,False,False,False,False,False
23.496258,500,471.017348,False,1,False,True,True,False,False,False,False,False
20.655667,500,472.153463,False,1,False,True,True,False,False,False,False,False
-12.691015,500,473.558719,False,1,False,False,False,False,False,False,False,False
28.077914,500,476.119994,False,1,True,True,True,False,False,False,False,False
4.641433,500,477.223664,False,1,False,False,False,False,False,False,False,False
21.135608,500,478.367555,False,1,False,True,True,False,False,False,False,False
-9.344993,500,479.582294,False,1,False,False,False,False,False,False,False,False
20.226244,500,482.501382,False,1,False,True,True,False,False,False,False,False
16.506823,500,483.65176,False,1,False,True,True,False,False,False,False,False
24.776935,500,484.988026,False,1,False,True,True,False,False,False,False,False
32.26182,500,486.735694,False,1,False,True,True,False,False,False,False,False
14.312453,500,489.915728,False,1,False,True,True,False,False,False,False,False
20.311117,500,491.226989,False,1,False,True,True,False,False,False,False,False
24.467752,500,492.363666,False,1,False,True,True,False,False,False,False,False
-12.852245,500,493.633769,False,1,False,False,False,False,False,False,False,False
-14.837373,500,496.412025,False,1,False,False,False,False,False,False,False,False
22.020506,500,497.725657,False,1,False,True,True,False,False,False,False,False
10.221891,500,498.906088,False,1,False,True,True,False,False,False,False,False
24.038642,500,500.259675,False,1,False,True,True,False,False,False,False,False
17.309867,500,503.206356,False,1,False,True,True,False,False,False,False,False
-0.575129,500,576.840579,False,1,False,False,False,False,False,False,False,False
18.564939,500,578.142267,False,1,False,True,True,False,False,False,False,False
25.599492,500,579.311796,False,1,True,True,True,False,False,False,False,False
14.824191,500,582.624899,False,1,False,True,True,False,False,False,False,False
23.24334,500,584.037795,False,1,False,True,True,False,False,False,False,False
28.688249,500,585.464313,False,1,False,True,True,False,False,False,False,False
-16.285956,500,586.844913,False,1,False,False,False,False,False,False,False,False
24.842182,500,588.14344,False,1,False,True,True,False,False,False,False,False
17.606092,500,590.921439,False,1,False,True,True,False,False,False,False,False
-10.736638,500,592.276032,False,1,False,False,False,False,False,False,False,False
18.073265,500,593.390787,False,1,False,True,True,False,False,False,False,False
24.29726,500,594.747532,False,1,False,True,True,False,False,False,False,False
19.194363,500,597.751924,False,1,False,True,True,False,False,False,False,False
16.760808,500,599.184034,False,1,False,True,True,False,False,False,False,False
19.218319,500,600.604216,False,1,False,True,True,False,False,False,False,False
-11.247379,500,601.923776,False,1,False,False,False,False,False,False,False,False
15.002142,500,605.187145,False,1,False,True,True,False,False,False,False,False
-21.627826,500,606.522073,False,1,False,True,True,False,False,False,False,False
2.43461,500,607.622397,False,1,False,False,False,False,False,False,False,False
22.450158,500,609.275106,False,1,False,True,True,False,False,False,False,False
26.415804,500,612.761997,False,1,False,True,True,False,False,False,False,False
18.333114,500,614.160091,False,1,False,True,True,False,False,False,False,False
4.245148,500,615.256739,False,1,False,False,False,False,False,False,False,False
14.0,500,616.61002,False,1,False,True,False,False,False,False,False,False
20.802813,500,619.560104,False,1,False,True,True,False,False,False,False,False
0.064137,500,620.665771,False,1,False,False,False,False,False,False,False,False
21.100407,500,622.154084,False,1,False,True,True,False,False,False,False,False
21.896002,500,623.488762,False,1,False,True,True,False,False,False,False,False
34.556284,500,626.466054,False,1,True,True,True,False,False,False,False,False
22.545604,500,627.91483,False,1,False,True,True,False,False,False,False,False
-9.253716,500,629.123576,False,1,False,False,False,False,False,False,False,False
22.189268,500,630.585814,False,1,False,True,True,False,False,False,False,False
-0.889906,500,633.228203,False,1,False,False,False,False,False,False,False,False
22.389084,500,634.57488,False,1,True,True,True,False,False,False,False,False
19.163747,500,635.752087,False,1,False,True,True,False,False,False,False,False
33.387511,500,637.23432,False,1,False,True,True,False,False,False,False,False
-4.340066,500,639.949969,False,1,False,True,True,False,False,False,False,False
-6.68998,500,641.121844,False,1,False,False,False,False,False,False,False,False
25.367182,500,642.286323,False,1,True,True,True,False,False,False,False,False
-28.582014,500,643.640025,False,1,False,True,True,False,False,False,False,False
2.064758,500,646.426166,False,1,False,False,False,False,False,False,False,False
17.599027,500,647.593454,False,1,False,True,True,False,False,False,False,False
33.0702,500,649.190999,False,1,True,True,True,False,False,False,False,False
26.932145,500,650.393499,False,1,True,True,True,False,False,False,False,False
24.950747,500,652.959057,False,1,True,True,True,False,False,False,False,False
31.300475,500,654.425338,False,1,False,True,True,False,False,False,False,False
14.486312,500,655.781955,False,1,False,True,True,False,False,False,False,False
12.123307,500,656.897261,False,1,False,True,True,False,False,False,False,False
12.308079,500,658.343827,False,1,True,True,True,False,False,False,False,False
-17.270452,500,661.311714,False,1,False,False,False,False,False,False,False,False
1.113449,500,720.032691,False,1,False,False,False,False,False,False,False,False
22.447319,500,721.165134,False,1,False,True,True,False,False,False,False,False
-3.547537,500,722.271878,False,1,False,False,False,False,False,False,False,False
1.356969,500,724.918273,False,1,False,False,False,False,False,False,False,False
-0.111145,500,726.071125,False,1,True,False,False,False,False,False,False,False
20.379824,500,727.490318,False,1,False,True,True,False,False,False,False,False
27.843535,500,728.974317,False,1,False,True,True,False,False,False,False,False
3.018065,500,731.634705,False,1,False,False,False,False,False,False,False,False
-21.190071,500,732.952549,False,1,False,True,True,False,False,False,False,False
23.150063,500,734.105639,False,1,False,True,True,False,False,False,False,False
17.678736,500,735.550802,False,1,False,True,True,False,False,False,False,False
21.223072,500,738.499111,False,1,False,True,True,False,False,False,False,False
21.310887,500,739.836765,False,1,False,True,True,False,False,False,False,False
-13.505555,500,741.146663,False,1,True,True,True,False,False,False,False,False
26.640046,500,742.509012,False,1,False,True,True,False,False,False,False,False
29.25891,500,745.112672,False,1,True,True,True,False,False,False,False,False
27.933804,500,746.533049,False,1,False,True,True,False,False,False,False,False
26.809019,500,747.959421,False,1,False,True,True,False,False,False,False,False
33.058693,500,749.78655,False,1,True,True,True,False,False,False,False,False
34.241421,500,753.025559,False,1,True,True,True,False,False,False,False,False
-27.270361,500,754.371659,False,1,False,True,True,False,False,False,False,False
16.753275,500,755.587816,False,1,False,True,True,False,False,False,False,False
28.328984,500,757.067484,False,1,True,True,True,False,False,False,False,False
6.776694,500,759.875681,False,1,False,True,True,False,False,False,False,False
-15.762583,500,761.259379,False,1,False,False,False,False,False,False,False,False
19.031298,500,762.656987,False,1,False,True,True,False,False,False,False,False
-12.598853,500,764.051352,False,1,True,False,False,False,False,False,False,False
-15.799537,500,766.881098,False,1,True,True,True,False,False,False,False,False
20.400955,500,768.273303,False,1,True,True,True,False,False,False,False,False
28.271286,500,769.629056,False,1,False,True,True,False,False,False,False,False
12.681448,500,771.020484,False,1,True,True,True,False,False,False,False,False
33.87088,500,774.536392,False,1,True,True,True,False,False,False,False,False
28.360658,500,775.987695,False,1,False,True,True,False,False,False,False,False
13.2121,500,777.415695,False,1,False,True,True,False,False,False,False,False
21.843687,500,778.798933,False,1,True,True,True,False,False,False,False,False
24.706517,500,781.383967,False,1,False,True,True,False,False,False,False,False
19.422005,500,782.51979,False,1,False,True,True,False,False,False,False,False
31.018959,500,784.039401,False,1,True,True,True,False,False,False,False,False
27.700151,500,785.468012,False,1,False,True,True,False,False,False,False,False
10.532321,500,788.158738,False,1,False,True,False,False,False,False,False,False
23.594998,500,789.380361,False,1,True,True,True,False,False,False,False,False
24.450935,500,791.158876,False,1,True,True,True,False,False,False,False,False
15.4855,500,792.4083,False,1,False,True,True,False,False,False,False,False
25.233872,500,793.682868,False,1,False,True,True,False,False,False,False,False
-11.086771,500,796.317637,False,1,False,False,False,False,False,False,False,False
33.424444,500,797.819337,False,1,True,True,True,False,False,False,False,False
15.369806,500,799.066411,False,1,True,True,False,False,False,False,False,False
24.048646,500,800.551239,False,1,False,True,True,False,False,False,False,False
19.313452,500,803.671,False,1,False,True,True,False,False,False,False,False
34.497508,500,805.365,False,1,True,True,True,False,False,False,False,False
-7.221202,500,875.90008,False,1,False,False,False,False,False,False,False,False
24.802709,500,877.205096,False,1,False,True,True,False,False,False,False,False
15.037336,500,880.053867,False,1,False,True,True,False,False,False,False,False
22.651272,500,881.402721,False,1,False,True,True,False,False,False,False,False
-1.774862,500,882.511817,False,1,False,False,False,False,False,False,False,False
29.496978,500,884.15844,False,1,True,True,True,False,False,False,False,False
-4.62339,500,886.815775,False,1,False,False,False,False,False,False,False,False
25.590329,500,888.291534,False,1,True,True,True,False,False,False,False,False
29.260789,500,889.86827,False,1,False,True,True,False,False,False,False,False
28.046275,500,891.341558,False,1,True,True,True,False,False,False,False,False
2.158119,500,894.074134,False,1,True,False,False,False,False,False,False,False
-27.133825,500,895.450696,False,1,True,True,True,False,False,False,False,False
21.91278,500,896.919274,False,1,False,True,True,False,False,False,False,False
20.763116,500,898.135663,False,1,True,True,True,False,False,False,False,False
-0.829108,500,900.625518,False,1,False,False,False,False,False,False,False,False
25.144637,500,901.872031,False,1,False,True,True,False,False,False,False,False
22.315852,500,903.068269,False,1,False,True,True,False,False,False,False,False
12.495609,500,904.448139,False,1,False,True,True,False,False,False,False,False
27.620724,500,907.289665,False,1,False,True,True,False,False,False,False,False
24.83674,500,908.637849,False,1,False,True,True,False,False,False,False,False
-22.849574,500,909.753213,False,1,False,False,False,False,False,False,False,False
23.837087,500,911.152926,False,1,False,True,True,False,False,False,False,False
23.145644,500,913.959968,False,1,True,True,True,False,False,False,False,False
34.076844,500,915.499979,False,1,True,True,True,False,False,False,False,False
-20.362434,500,916.984877,False,1,False,False,False,False,False,False,False,False
21.622172,500,918.54939,False,1,True,True,True,False,False,False,False,False
27.64891,500,921.323596,False,1,True,True,True,False,False,False,False,False
30.284124,500,922.732808,False,1,True,True,True,False,False,False,False,False
18.222831,500,923.948144,False,1,False,True,True,False,False,False,False,False
32.622288,500,925.428972,False,1,True,True,True,False,False,False,False,False
30.324396,500,928.236658,False,1,False,True,True,False,False,False,False,False
18.308166,500,929.370603,False,1,False,True,True,False,False,False,False,False
21.063293,500,930.522068,False,1,True,True,True,False,False,False,False,False
13.027421,500,931.810505,False,1,True,True,False,False,False,False,False,False
26.775052,500,933.117239,False,1,False,True,True,False,False,False,False,False
-5.467221,500,936.304473,False,1,True,False,False,False,False,False,False,False
-8.530073,500,937.46149,False,1,False,False,False,False,False,False,False,False
34.08564,500,939.073044,False,1,True,True,True,False,False,False,False,False
33.515893,500,940.575809,False,1,True,True,True,False,False,False,False,False
-1.531261,500,943.217772,False,1,False,False,False,False,False,False,False,False
26.852264,500,944.680716,False,1,False,True,True,False,False,False,False,False
-4.725573,500,945.809059,False,1,False,False,False,False,False,False,False,False
-21.043502,500,947.135415,False,1,True,True,True,False,False,False,False,False
36.45084,500,949.926555,False,1,True,True,True,False,False,False,False,False
24.14978,500,951.407966,False,1,True,True,True,False,False,False,False,False
25.086119,500,952.560987,False,1,True,True,True,False,False,False,False,False
-0.908517,500,953.662663,False,1,False,False,False,False,False,False,False,False
28.276684,500,956.224792,False,1,True,True,True,False,False,False,False,False
-20.709711,500,957.601599,False,1,True,True,True,False,False,False,False,False
0.246023,500,958.761842,False,1,True,False,False,False,False,False,False,False
23.901731,500,1019.732074,False,1,True,True,True,False,False,False,False,False
36.08961,500,1022.899827,False,1,True,True,True,False,False,False,False,False
24.278564,500,1024.435869,False,1,False,True,True,False,False,False,False,False
25.495663,500,1025.750073,False,1,True,True,True,False,False,False,False,False
10.609672,500,1026.984401,False,1,True,True,False,False,False,False,False,False
34.723829,500,1030.175569,False,1,True,True,True,False,False,False,False,False
30.994384,500,1031.633826,False,1,True,True,True,False,False,False,False,False
30.786103,500,1033.403722,False,1,True,True,True,False,False,False,False,False
37.125506,500,1034.961475,False,1,True,True,True,False,False,False,False,False
10.773406,500,1038.200694,False,1,False,True,False,False,False,False,False,False
-7.139315,500,1039.436258,False,1,False,False,False,False,False,False,False,False
-16.197816,500,1040.794032,False,1,False,False,False,False,False,False,False,False
0.984053,500,1041.911745,False,1,False,False,False,False,False,False,False,False
25.697066,500,1045.30767,False,1,False,True,True,False,False,False,False,False
-3.187002,500,1046.506434,False,1,True,False,False,False,False,False,False,False
-9.305622,500,1047.717048,False,1,False,False,False,False,False,False,False,False
32.026414,500,1049.224582,False,1,True,True,True,False,False,False,False,False
30.545213,500,1052.306731,False,1,True,True,True,False,False,False,False,False
21.771449,500,1053.457007,False,1,False,True,True,False,False,False,False,False
-0.379346,500,1054.562261,False,1,False,False,False,False,False,False,False,False
-3.798176,500,1055.728185,False,1,False,False,False,False,False,False,False,False
12.066419,500,1058.372313,False,1,True,True,False,False,False,False,False,False
-2.921165,500,1059.574489,False,1,True,False,False,False,False,False,False,False
-3.70463,500,1060.697688,False,1,False,False,False,False,False,False,False,False
16.959791,500,1062.120604,False,1,False,True,True,False,False,False,False,False
13.45883,500,1064.856025,False,1,True,True,True,False,False,False,False,False
28.648235,500,1066.550714,False,1,True,True,True,False,False,False,False,False
-6.994818,500,1067.77254,False,1,False,False,False,False,False,False,False,False
25.859274,500,1069.443284,False,1,True,True,True,False,False,False,False,False
35.262585,500,1070.782134,False,1,False,True,True,False,False,False,False,False
24.423622,500,1073.751836,False,1,False,True,True,False,False,False,False,False
-10.059494,500,1075.005155,False,1,True,False,False,False,False,False,False,False
-14.937695,500,1076.49744,False,1,False,False,False,False,False,False,False,False
-3.851345,500,1077.641466,False,1,False,False,False,False,False,False,False,False
24.195116,500,1080.279904,False,1,False,True,True,False,False,False,False,False
27.465913,500,1081.587969,False,1,True,True,True,False,False,False,False,False
29.055991,500,1082.991447,False,1,True,True,True,False,False,False,False,False
13.268776,500,1084.207203,False,1,False,True,True,False,False,False,False,False
34.868232,500,1086.912755,False,1,True,True,True,False,False,False,False,False
24.346364,500,1088.127131,False,1,False,True,True,False,False,False,False,False
35.510528,500,1089.630353,False,1,True,True,True,False,False,False,False,False
-1.340951,500,1090.789433,False,1,True,False,False,False,False,False,False,False
17.076459,500,1094.137752,False,1,True,True,True,False,False,False,False,False
27.29575,500,1095.481231,False,1,False,True,True,False,False,False,False,False
35.306022,500,1096.758796,False,1,True,True,True,False,False,False,False,False
18.736718,500,1097.998426,False,1,True,True,False,False,False,False,False,False
13.020581,500,1100.431828,False,1,True,True,False,False,False,False,False,False
-13.496368,500,1101.780883,False,1,False,False,False,False,False,False,False,False
25.481051,500,1102.943492,False,1,True,True,True,False,False,False,False,False
30.949967,500,1104.272317,False,1,True,True,True,False,False,False,False,False
-2.269647,500,1179.358289,False,1,True,False,False,False,False,False,False,False
23.991903,500,1180.5772,False,1,True,True,True,False,False,False,False,False
-15.063466,500,1181.931967,False,1,False,False,False,False,False,False,False,False
33.012802,500,1183.393026,False,1,True,True,True,False,False,False,False,False
-5.454377,500,1186.348549,False,1,False,False,False,False,False,False,False,False
-16.696841,500,1187.713664,False,1,True,True,True,False,False,False,False,False
-22.111142,500,1189.079324,False,1,True,True,True,False,False,False,False,False
-9.918727,500,1190.341636,False,1,True,False,False,False,False,False,False,False
24.260002,500,1193.620213,False,1,False,True,True,False,False,False,False,False
-6.227802,500,1194.794954,False,1,False,False,False,False,False,False,False,False
26.624239,500,1196.018792,False,1,True,True,True,False,False,False,False,False
22.090049,500,1197.192592,False,1,True,True,True,False,False,False,False,False
-5.808365,500,1199.848553,False,1,False,False,False,False,False,False,False,False
32.271124,500,1201.59405,False,1,True,True,True,False,False,False,False,False
33.547468,500,1202.81685,False,1,True,True,True,False,False,False,False,False
35.610917,500,1204.298804,False,1,True,True,True,False,False,False,False,False
28.49685,500,1207.314063,False,1,False,True,True,False,False,False,False,False
-19.787948,500,1208.664517,False,1,True,True,True,False,False,False,False,False
31.563499,500,1210.142837,False,1,False,True,True,False,False,False,False,False
22.935952,500,1211.326458,False,1,False,True,True,False,False,False,False,False
33.173907,500,1212.630991,False,1,True,True,True,False,False,False,False,False
18.140887,500,1215.414062,False,1,False,True,True,False,False,False,False,False
27.296043,500,1216.666444,False,1,False,True,True,False,False,False,False,False
24.34397,500,1217.902906,False,1,False,True,True,False,False,False,False,False
-4.371287,500,1218.999267,False,1,False,False,False,False,False,False,False,False
26.470682,500,1221.53274,False,1,False,True,True,False,False,False,False,False
-12.863837,500,1222.794957,False,1,True,False,False,False,False,False,False,False
-27.65309,500,1224.122095,False,1,True,True,True,False,False,False,False,False
34.496861,500,1225.522751,False,1,True,True,True,False,False,False,False,False
24.252989,500,1228.496809,False,1,False,True,True,False,False,False,False,False
30.485524,500,1229.884887,False,1,False,True,True,False,False,False,False,False
-6.241718,500,1230.994925,False,1,False,False,False,False,False,False,False,False
19.605965,500,1232.725634,False,1,False,True,True,False,False,False,False,False
27.117509,500,1235.693283,False,1,False,True,True,False,False,False,False,False
-14.403146,500,1237.041892,False,1,True,True,True,False,False,False,False,False
22.518931,500,1238.32435,False,1,False,True,True,False,False,False,False,False
10.531555,500,1239.494466,False,1,True,True,False,False,False,False,False,False
13.642934,500,1242.06848,False,1,False,True,True,False,False,False,False,False
10.609371,500,1243.255589,False,1,True,True,False,False,False,False,False,False
-7.467229,500,1244.401671,False,1,False,False,False,False,False,False,False,False
19.229062,500,1245.786046,False,1,False,True,True,False,False,False,False,False
32.965626,500,1248.491959,False,1,True,True,True,False,False,False,False,False
19.696952,500,1249.892712,False,1,False,True,True,False,False,False,False,False
7.622835,500,1251.00889,False,1,False,True,False,False,False,False,False,False
26.367192,500,1252.728613,False,1,False,True,True,False,False,False,False,False
25.691491,500,1255.891631,False,1,False,True,True,False,False,False,False,False
29.353018,500,1257.033988,False,1,True,True,True,False,False,False,False,False
29.505244,500,1258.443579,False,1,False,True,True,False,False,False,False,False
20.641911,500,1259.592281,False,1,False,True,True,False,False,False,False,False
21.163236,500,1262.077781,False,1,False,True,True,False,False,False,False,False
24.418891,500,1323.952441,False,1,False,True,True,False,False,False,False,False
27.846774,500,1325.215308,False,1,True,True,True,False,False,False,False,False
-8.982528,500,1326.398207,False,1,False,False,False,False,False,False,False,False
34.588779,500,1329.80492,False,1,True,True,True,False,False,False,False,False
30.090745,500,1331.579086,False,1,True,True,True,False,False,False,False,False
-15.632644,500,1332.903024,False,1,False,False,False,False,False,False,False,False
32.001582,500,1334.260922,False,1,True,True,True,False,False,False,False,False
-31.330417,500,1337.072018,False,1,False,True,True,False,False,False,False,False
-15.153387,500,1338.36886,False,1,True,False,False,False,False,False,False,False
25.765699,500,1339.611173,False,1,False,True,True,False,False,False,False,False
-6.608961,500,1340.798081,False,1,True,False,False,False,False,False,False,False
16.344079,500,1341.942286,False,1,False,True,True,False,False,False,False,False
22.500802,500,1344.596102,False,1,False,True,True,False,False,False,False,False
-15.919459,500,1345.970804,False,1,False,False,False,False,False,False,False,False
31.433804,500,1347.350489,False,1,True,True,True,False,False,False,False,False
20.370397,500,1348.559871,False,1,False,True,True,False,False,False,False,False
35.316271,500,1351.55077,False,1,True,True,True,False,False,False,False,False
23.406237,500,1352.845928,False,1,False,True,True,False,False,False,False,False
28.762268,500,1354.182963,False,1,False,True,True,False,False,False,False,False
23.634377,500,1356.007323,False,1,False,True,True,False,False,False,False,False
24.977633,500,1359.244648,False,1,False,True,True,False,False,False,False,False
28.789883,500,1360.536644,False,1,True,True,True,False,False,False,False,False
26.159004,500,1361.801498,False,1,False,True,True,False,False,False,False,False
16.61621,500,1362.953763,False,1,False,True,True,False,False,False,False,False
23.556698,500,1365.685277,False,1,True,True,True,False,False,False,False,False
-2.240385,500,1366.797709,False,1,False,False,False,False,False,False,False,False
34.260716,500,1368.293136,False,1,True,True,True,False,False,False,False,False
20.458502,500,1369.440049,False,1,False,True,True,False,False,False,False,False
7.360221,500,1372.091613,False,1,False,True,False,False,False,False,False,False
-2.923101,500,1373.219359,False,1,False,False,False,False,False,False,False,False
-14.608694,500,1374.493771,False,1,True,False,False,False,False,False,False,False
-16.781798,500,1375.802457,False,1,True,False,False,False,False,False,False,False
29.913051,500,1378.538542,False,1,False,True,True,False,False,False,False,False
24.846,500,1379.956247,False,1,False,True,True,False,False,False,False,False
29.681262,500,1381.430657,False,1,True,True,True,False,False,False,False,False
0.517556,500,1382.531283,False,1,False,False,False,False,False,False,False,False
23.641593,500,1385.817017,False,1,False,True,True,False,False,False,False,False
18.677857,500,1386.995551,False,1,False,True,True,False,False,False,False,False
30.494014,500,1388.5354,False,1,True,True,True,False,False,False,False,False
30.428091,500,1389.860143,False,1,True,True,True,False,False,False,False,False
24.439391,500,1392.572831,False,1,True,True,True,False,False,False,False,False
5.806606,500,1393.903668,False,1,True,True,False,False,False,False,False,False
26.985983,500,1395.310459,False,1,True,True,True,False,False,False,False,False
16.962734,500,1396.49835,False,1,False,True,True,False,False,False,False,False
12.082469,500,1399.346452,False,1,True,True,False,False,False,False,False,False
29.718921,500,1400.617501,False,1,True,True,True,False,False,False,False,False
21.137321,500,1401.769894,False,1,False,True,True,False,False,False,False,False
15.777957,500,1403.06781,False,1,False,True,True,False,False,False,False,False
29.002935,500,1405.839418,False,1,True,True,True,False,False,False,False,False
15.044067,500,1407.187907,False,1,True,True,False,False,False,False,False,False
23.158703,500,1490.38045,False,1,False,True,True,False,False,False,False,False
20.084846,500,1491.498513,False,1,False,True,True,False,False,False,False,False
23.484308,500,1494.416949,False,1,False,True,True,False,False,False,False,False
17.745452,500,1496.121431,False,1,False,True,True,False,False,False,False,False
25.114974,500,1497.785152,False,1,False,True,True,False,False,False,False,False
26.077606,500,1498.921657,False,1,True,True,True,False,False,False,False,False
-1.714184,500,1500.028001,False,1,False,False,False,False,False,False,False,False
-1.664427,500,1502.883763,False,1,False,False,False,False,False,False,False,False
24.884149,500,1504.244101,False,1,True,True,True,False,False,False,False,False
-11.919962,500,1505.426829,False,1,False,False,False,False,False,False,False,False
19.121355,500,1506.743732,False,1,False,True,True,False,False,False,False,False
30.423353,500,1509.425334,False,1,False,True,True,False,False,False,False,False
24.494573,500,1510.725597,False,1,False,True,True,False,False,False,False,False
0.537341,500,1511.827275,False,1,False,False,False,False,False,False,False,False
-28.977009,500,1513.157703,False,1,False,True,True,False,False,False,False,False
-2.80933,500,1515.558855,False,1,False,False,False,False,False,False,False,False
-21.475517,500,1516.89154,False,1,True,True,True,False,False,False,False,False
15.73935,500,1518.034113,False,1,False,True,True,False,False,False,False,False
-1.552373,500,1519.143909,False,1,False,False,False,False,False,False,False,False
25.939132,500,1521.858723,False,1,False,True,True,False,False,False,False,False
28.930107,500,1523.089235,False,1,False,True,True,False,False,False,False,False
13.064942,500,1524.196012,False,1,False,True,True,False,False,False,False,False
-30.435749,500,1525.532712,False,1,False,True,True,False,False,False,False,False
-2.096053,500,1528.356706,False,1,False,False,False,False,False,False,False,False
26.195793,500,1529.767918,False,1,False,True,True,False,False,False,False,False
18.640881,500,1530.991113,False,1,False,True,True,False,False,False,False,False
22.648839,500,1532.370585,False,1,True,True,True,False,False,False,False,False
17.91255,500,1535.113178,False,1,False,True,True,False,False,False,False,False
30.175026,500,1536.445198,False,1,True,True,True,False,False,False,False,False
25.163101,500,1537.638169,False,1,False,True,True,False,False,False,False,False
11.946412,500,1538.938258,False,1,True,True,False,False,False,False,False,False
-15.662755,500,1541.637952,False,1,True,True,True,False,False,False,False,False
26.059544,500,1543.138227,False,1,False,True,True,False,False,False,False,False
33.41754,500,1544.734241,False,1,False,True,True,False,False,False,False,False
25.095633,500,1545.980986,False,1,False,True,True,False,False,False,False,False
26.284936,500,1548.869155,False,1,False,True,True,False,False,False,False,False
-30.03268,500,1550.228095,False,1,True,True,True,False,False,False,False,False
24.408173,500,1551.586265,False,1,False,True,True,False,False,False,False,False
36.165873,500,1553.202541,False,1,True,True,True,False,False,False,False,False
26.583395,500,1555.993219,False,1,False,True,True,False,False,False,False,False
-1.924318,500,1557.09582,False,1,False,False,False,False,False,False,False,False
35.509405,500,1558.474777,False,1,True,True,True,False,False,False,False,False
14.624927,500,1559.619752,False,1,False,True,True,False,False,False,False,False
-5.124025,500,1562.140849,False,1,False,False,False,False,False,False,False,False
2.56432,500,1563.266175,False,1,False,False,False,False,False,False,False,False
-6.466428,500,1564.347885,False,1,False,False,False,False,False,False,False,False
32.174242,500,1565.73643,False,1,True,True,True,False,False,False,False,False
26.510266,500,1566.998678,False,1,False,True,True,False,False,False,False,False
-0.16064,500,1569.829131,False,1,False,False,False,False,False,False,False,False
28.427515,500,1571.185419,False,1,False,True,True,False,False,False,False,False
27.233257,500,1624.044327,False,1,False,True,True,False,False,False,False,False
23.524738,500,1625.205382,False,1,False,True,True,False,False,False,False,False
25.764715,500,1627.943899,False,1,False,True,True,False,False,False,False,False
22.64333,500,1629.269499,False,1,False,True,True,False,False,False,False,False
27.372176,500,1630.646049,False,1,True,True,True,False,False,False,False,False
30.441036,500,1631.912862,False,1,True,True,True,False,False,False,False,False
-7.127459,500,1634.729477,False,1,False,False,False,False,False,False,False,False
28.52877,500,1636.179313,False,1,True,True,True,False,False,False,False,False
13.097223,500,1637.352125,False,1,True,True,False,False,False,False,False,False
29.036693,500,1638.740342,False,1,False,True,True,False,False,False,False,False
27.361514,500,1641.577933,False,1,False,True,True,False,False,False,False,False
0.344809,500,1642.732883,False,1,True,False,False,False,False,False,False,False
24.963385,500,1644.070361,False,1,False,True,True,False,False,False,False,False
23.570265,500,1645.353032,False,1,False,True,True,False,False,False,False,False
-4.360511,500,1648.001434,False,1,False,False,False,False,False,False,False,False
33.124252,500,1649.283428,False,1,True,True,True,False,False,False,False,False
18.115236,500,1650.45378,False,1,False,True,True,False,False,False,False,False
29.658799,500,1651.813749,False,1,True,True,True,False,False,False,False,False
21.940469,500,1654.832921,False,1,False,True,True,False,False,False,False,False
31.927273,500,1656.321957,False,1,True,True,True,False,False,False,False,False
19.656278,500,1657.572562,False,1,False,True,True,False,False,False,False,False
19.841818,500,1658.811643,False,1,False,True,True,False,False,False,False,False
18.762245,500,1661.489264,False,1,False,True,True,False,False,False,False,False
22.873067,500,1662.612888,False,1,False,True,True,False,False,False,False,False
25.026102,500,1663.890853,False,1,False,True,True,False,False,False,False,False
23.388609,500,1665.217285,False,1,True,True,True,False,False,False,False,False
27.464736,500,1667.864765,False,1,True,True,True,False,False,False,False,False
26.861535,500,1669.148804,False,1,True,True,True,False,False,False,False,False
-4.693543,500,1670.428682,False,1,False,False,False,False,False,False,False,False
25.955104,500,1671.74966,False,1,False,True,True,False,False,False,False,False
22.881799,500,1674.308513,False,1,False,True,True,False,False,False,False,False
25.599763,500,1675.484037,False,1,True,True,True,False,False,False,False,False
26.684168,500,1676.768878,False,1,False,True,True,False,False,False,False,False
27.295412,500,1677.973803,False,1,True,True,True,False,False,False,False,False
23.961424,500,1680.858155,False,1,True,True,True,False,False,False,False,False
35.317818,500,1682.370366,False,1,True,True,True,False,False,False,False,False
26.077993,500,1683.734286,False,1,False,True,True,False,False,False,False,False
13.830107,500,1684.864772,False,1,False,True,True,False,False,False,False,False
17.972922,500,1687.373752,False,1,False,True,True,False,False,False,False,False
-5.535986,500,1688.504642,False,1,False,False,False,False,False,False,False,False
27.228912,500,1689.794074,False,1,False,True,True,False,False,False,False,False
17.49519,500,1690.945639,False,1,False,True,True,False,False,False,False,False
-16.851232,500,1692.125713,False,1,False,False,False,False,False,False,False,False
29.897678,500,1694.808869,False,1,False,True,True,False,False,False,False,False
21.439279,500,1696.149076,False,1,False,True,True,False,False,False,False,False
13.603929,500,1697.529344,False,1,True,True,False,False,False,False,False,False
-19.683132,500,1698.939303,False,1,False,True,True,False,False,False,False,False
-1.805727,500,1701.783088,False,1,True,False,False,False,False,False,False,False
22.681205,500,1703.029362,False,1,False,True,True,False,False,False,False,False
20.365743,500,1704.154416,False,1,False,True,True,False,False,False,False,False
-0.713782,500,1764.104962,False,1,False,False,False,False,False,False,False,False
25.338386,500,1767.043264,False,1,False,True,True,False,False,False,False,False
28.507832,500,1768.35902,False,1,False,True,True,False,False,False,False,False
22.401466,500,1769.560118,False,1,False,True,True,False,False,False,False,False
20.610135,500,1770.887608,False,1,False,True,True,False,False,False,False,False
24.851169,500,1773.818307,False,1,False,True,True,False,False,False,False,False
21.493414,500,1775.040158,False,1,False,True,True,False,False,False,False,False
15.669512,500,1776.313464,False,1,True,True,False,False,False,False,False,False
19.154064,500,1777.555066,False,1,False,True,True,False,False,False,False,False
19.821898,500,1780.658849,False,1,False,True,True,False,False,False,False,False
1.152201,500,1781.809221,False,1,True,False,False,False,False,False,False,False
-29.997141,500,1783.338034,False,1,False,False,False,False,False,False,False,False
30.095263,500,1784.591525,False,1,False,True,True,False,False,False,False,False
25.421797,500,1787.196747,False,1,False,True,True,False,False,False,False,False
25.156244,500,1788.437313,False,1,False,True,True,False,False,False,False,False
24.118141,500,1789.657165,False,1,False,True,True,False,False,False,False,False
26.140475,500,1790.788919,False,1,False,True,True,False,False,False,False,False
19.641311,500,1793.379239,False,1,False,True,True,False,False,False,False,False
18.719904,500,1794.605439,False,1,False,True,True,False,False,False,False,False
-8.400681,500,1795.743238,False,1,False,False,False,False,False,False,False,False
23.164756,500,1797.038356,False,1,False,True,True,False,False,False,False,False
19.900783,500,1799.623501,False,1,False,True,True,False,False,False,False,False
23.814843,500,1800.899906,False,1,False,True,True,False,False,False,False,False
24.797637,500,1802.18646,False,1,False,True,True,False,False,False,False,False
22.644366,500,1803.444503,False,1,False,True,True,False,False,False,False,False
29.875928,500,1806.429159,False,1,False,True,True,False,False,False,False,False
23.377192,500,1807.638072,False,1,False,True,True,False,False,False,False,False
23.269032,500,1808.939322,False,1,False,True,True,False,False,False,False,False
29.024146,500,1810.196076,False,1,False,True,True,False,False,False,False,False
21.962697,500,1813.009485,False,1,False,True,True,False,False,False,False,False
23.335942,500,1814.338837,False,1,False,True,True,False,False,False,False,False
-19.082662,500,1815.659039,False,1,False,True,True,False,False,False,False,False
21.715007,500,1816.964406,False,1,False,True,True,False,False,False,False,False
24.905263,500,1818.189743,False,1,False,True,True,False,False,False,False,False
20.924264,500,1820.126172,False,1,False,True,True,False,False,False,False,False
19.330778,500,1821.337989,False,1,False,True,True,False,False,False,False,False
19.31457,500,1822.560781,False,1,False,True,True,False,False,False,False,False
26.595668,500,1823.837968,False,1,False,True,True,False,False,False,False,False
20.598015,500,1826.752417,False,1,False,True,True,False,False,False,False,False
14.702656,500,1828.02571,False,1,False,True,True,False,False,False,False,False
19.194504,500,1829.190279,False,1,False,True,True,False,False,False,False,False
23.106515,500,1830.348026,False,1,False,True,True,False,False,False,False,False
11.511826,500,1833.017907,False,1,False,True,True,False,False,False,False,False
13.278949,500,1834.209443,False,1,False,True,True,False,False,False,False,False
22.652021,500,1835.421557,False,1,False,True,True,False,False,False,False,False
11.586406,500,1836.608505,False,1,False,True,False,False,False,False,False,False
21.506774,500,1839.396868,False,1,False,True,True,False,False,False,False,False
21.588361,500,1840.790738,False,1,False,True,True,False,False,False,False,False
24.61739,500,1842.084729,False,1,False,True,True,False,False,False,False,False
-12.166156,500,1843.308012,False,1,False,False,False,False,False,False,False,False
20.564574,500,1905.11893,False,1,False,True,True,False,False,False,False,False
13.766815,500,1906.366496,False,1,True,True,False,False,False,False,False,False
-15.662322,500,1907.61801,False,1,True,False,False,False,False,False,False,False
-17.425665,500,1908.891085,False,1,True,False,False,False,False,False,False,False
18.480902,500,1911.942349,False,1,False,True,True,False,False,False,False,False
28.368985,500,1913.238303,False,1,False,True,True,False,False,False,False,False
23.867095,500,1914.523098,False,1,False,True,True,False,False,False,False,False
30.317014,500,1915.746017,False,1,False,True,True,False,False,False,False,False
-1.579071,500,1918.171548,False,1,False,False,False,False,False,False,False,False
34.505578,500,1919.399608,False,1,False,True,True,False,False,False,False,False
-10.507571,500,1920.513046,False,1,False,False,False,False,False,False,False,False
26.10917,500,1921.81252,False,1,False,True,True,False,False,False,False,False
38.159365,500,1924.692803,False,1,True,True,True,False,False,False,False,False
21.133892,500,1925.964457,False,1,False,True,True,False,False,False,False,False
-22.543263,500,1927.259884,False,1,False,False,False,False,False,False,False,False
20.587579,500,1928.455421,False,1,False,True,True,False,False,False,False,False
23.693683,500,1931.403692,False,1,False,True,True,False,False,False,False,False
-6.084341,500,1932.573212,False,1,False,False,False,False,False,False,False,False
-15.930453,500,1933.852642,False,1,True,False,False,False,False,False,False,False
28.977113,500,1935.072799,False,1,False,True,True,False,False,False,False,False
-19.444141,500,1937.575114,False,1,True,True,True,False,False,False,False,False
28.968084,500,1938.764969,False,1,False,True,True,False,False,False,False,False
24.259586,500,1939.962501,False,1,False,True,True,False,False,False,False,False
27.799755,500,1941.157169,False,1,False,True,True,False,False,False,False,False
29.13336,500,1943.952671,False,1,True,True,True,False,False,False,False,False
26.591329,500,1945.169881,False,1,False,True,True,False,False,False,False,False
22.988184,500,1946.322842,False,1,False,True,True,False,False,False,False,False
33.558666,500,1947.592488,False,1,True,True,True,False,False,False,False,False
-1.833291,500,1948.693965,False,1,False,False,False,False,False,False,False,False
17.752331,500,1951.590289,False,1,True,True,True,False,False,False,False,False
32.005717,500,1952.84139,False,1,True,True,True,False,False,False,False,False
19.793272,500,1954.081595,False,1,False,True,True,False,False,False,False,False
25.60273,500,1955.261288,False,1,False,True,True,False,False,False,False,False
24.314138,500,1957.838523,False,1,False,True,True,False,False,False,False,False
27.992577,500,1959.064856,False,1,False,True,True,False,False,False,False,False
25.402259,500,1960.22596,False,1,True,True,True,False,False,False,False,False
20.871701,500,1961.350046,False,1,False,True,True,False,False,False,False,False
-5.900141,500,1964.06629,False,1,False,False,False,False,False,False,False,False
33.702872,500,1965.252473,False,1,True,True,True,False,False,False,False,False
29.856602,500,1966.514674,False,1,False,True,True,False,False,False,False,False
15.973835,500,1967.659226,False,1,False,True,True,False,False,False,False,False
30.821671,500,1970.684274,False,1,False,True,True,False,False,False,False,False
25.769319,500,1971.857329,False,1,False,True,True,False,False,False,False,False
22.347127,500,1973.117108,False,1,False,True,True,False,False,False,False,False
28.842089,500,1974.326727,False,1,False,True,True,False,False,False,False,False
25.785467,500,1977.380152,False,1,False,True,True,False,False,False,False,False
25.644243,500,1978.576551,False,1,False,True,True,False,False,False,False,False
22.997326,500,1979.750958,False,1,False,True,True,False,False,False,False,False
24.71526,500,1981.080919,False,1,True,True,True,False,False,False,False,False
24.662695,500,1983.039585,False,1,False,True,True,False,False,False,False,False
-12.545709,500,2040.892248,False,1,False,False,False,False,False,False,False,False
-3.067083,500,2042.044634,False,1,False,False,False,False,False,False,False,False
29.467634,500,2043.289324,False,1,True,True,True,False,False,False,False,False
32.131703,500,2046.47325,False,1,True,True,True,False,False,False,False,False
19.483677,500,2047.786872,False,1,True,True,True,False,False,False,False,False
31.804117,500,2049.083048,False,1,True,True,True,False,False,False,False,False
24.906472,500,2050.32549,False,1,True,True,True,False,False,False,False,False
4.438016,500,2053.265437,False,1,False,True,False,False,False,False,False,False
33.230175,500,2054.775336,False,1,True,True,True,False,False,False,False,False
26.321172,500,2055.960433,False,1,False,True,True,False,False,False,False,False
38.668848,500,2057.362077,False,1,True,True,True,False,False,False,False,False
27.156358,500,2060.117706,False,1,False,True,True,False,False,False,False,False
36.540106,500,2061.406661,False,1,True,True,True,False,False,False,False,False
28.812729,500,2062.619055,False,1,False,True,True,False,False,False,False,False
-25.307406,500,2063.839222,False,1,False,True,True,False,False,False,False,False
33.519871,500,2066.601247,False,1,False,True,True,False,False,False,False,False
30.050607,500,2067.848269,False,1,True,True,True,False,False,False,False,False
14.820145,500,2069.115129,False,1,True,True,False,False,False,False,False,False
36.592156,500,2070.35441,False,1,True,True,True,False,False,False,False,False
-17.7879,500,2071.645934,False,1,True,False,False,False,False,False,False,False
23.674799,500,2074.987813,False,1,False,True,True,False,False,False,False,False
32.124985,500,2076.324014,False,1,True,True,True,False,False,False,False,False
16.169407,500,2077.635085,False,1,True,True,False,False,False,False,False,False
35.285665,500,2078.969966,False,1,True,True,True,False,False,False,False,False
36.621709,500,2082.305646,False,1,True,True,True,False,False,False,False,False
28.02034,500,2083.468333,False,1,False,True,True,False,False,False,False,False
31.494336,500,2084.778332,False,1,True,True,True,False,False,False,False,False
20.950702,500,2085.933124,False,1,False,True,True,False,False,False,False,False
28.811224,500,2088.658405,False,1,True,True,True,False,False,False,False,False
23.225716,500,2089.928962,False,1,False,True,True,False,False,False,False,False
25.457549,500,2091.107921,False,1,True,True,True,False,False,False,False,False
23.288134,500,2092.292993,False,1,True,True,True,False,False,False,False,False
30.847075,500,2095.200178,False,1,True,True,True,False,False,False,False,False
-33.072715,500,2096.540193,False,1,True,True,True,False,False,False,False,False
-18.179125,500,2097.89446,False,1,True,False,False,False,False,False,False,False
30.449156,500,2099.313603,False,1,False,True,True,False,False,False,False,False
20.681444,500,2102.3945,False,1,True,True,True,False,False,False,False,False
32.950617,500,2103.668582,False,1,True,True,True,False,False,False,False,False
32.373066,500,2104.966864,False,1,False,True,True,False,False,False,False,False
21.661199,500,2106.182917,False,1,False,True,True,False,False,False,False,False
28.676159,500,2109.010935,False,1,False,True,True,False,False,False,False,False
20.870671,500,2110.189549,False,1,False,True,True,False,False,False,False,False
21.833714,500,2111.35613,False,1,False,True,True,False,False,False,False,False
-22.052121,500,2112.673918,False,1,True,True,True,False,False,False,False,False
20.676701,500,2115.3867,False,1,False,True,True,False,False,False,False,False
17.126794,500,2116.739771,False,1,False,True,True,False,False,False,False,False
-17.322307,500,2117.884854,False,1,False,False,False,False,False,False,False,False
23.913236,500,2119.058663,False,1,False,True,True,False,False,False,False,False
28.969667,500,2121.982698,False,1,False,True,True,False,False,False,False,False
23.959124,500,2123.207249,False,1,False,True,True,False,False,False,False,False
29.107547,500,2180.192104,False,1,False,True,True,False,False,False,False,False
25.292362,500,2181.364177,False,1,False,True,True,False,False,False,False,False
22.966186,500,2184.184164,False,1,True,True,True,False,False,False,False,False
-30.939878,500,2185.433764,False,1,True,True,True,False,False,False,False,False
17.02698,500,2186.722152,False,1,True,True,False,False,False,False,False,False
30.353933,500,2187.951811,False,1,True,True,True,False,False,False,False,False
34.200533,500,2191.062696,False,1,True,True,True,False,False,False,False,False
28.898971,500,2192.211377,False,1,False,True,True,False,False,False,False,False
21.227216,500,2193.502204,False,1,True,True,True,False,False,False,False,False
22.834082,500,2194.772967,False,1,True,True,True,False,False,False,False,False
25.324024,500,2195.988808,False,1,True,True,True,False,False,False,False,False
33.349413,500,2198.620329,False,1,False,True,True,False,False,False,False,False
33.973152,500,2199.85423,False,1,True,True,True,False,False,False,False,False
28.770647,500,2200.982634,False,1,False,True,True,False,False,False,False,False
23.32059,500,2202.111341,False,1,False,True,True,False,False,False,False,False
25.129368,500,2204.759028,False,1,False,True,True,False,False,False,False,False
28.96987,500,2205.869964,False,1,False,True,True,False,False,False,False,False
23.119923,500,2206.990737,False,1,False,True,True,False,False,False,False,False
28.027451,500,2208.130481,False,1,False,True,True,False,False,False,False,False
29.645112,500,2210.947266,False,1,False,True,True,False,False,False,False,False
26.788058,500,2212.10392,False,1,True,True,True,False,False,False,False,False
32.363907,500,2213.287407,False,1,False,True,True,False,False,False,False,False
22.764123,500,2214.412666,False,1,False,True,True,False,False,False,False,False
28.810428,500,2217.198944,False,1,False,True,True,False,False,False,False,False
-22.121108,500,2218.364573,False,1,False,True,True,False,False,False,False,False
22.416069,500,2219.498239,False,1,False,True,True,False,False,False,False,False
34.572293,500,2220.897073,False,1,False,True,True,False,False,False,False,False
13.836104,500,2223.552387,False,1,False,True,True,False,False,False,False,False
30.156498,500,2224.708779,False,1,False,True,True,False,False,False,False,False
-22.795582,500,2225.827064,False,1,False,False,False,False,False,False,False,False
30.633793,500,2226.997884,False,1,True,True,True,False,False,False,False,False
19.778068,500,2229.748562,False,1,True,True,True,False,False,False,False,False
20.899613,500,2230.932653,False,1,False,True,True,False,False,False,False,False
30.930775,500,2232.116385,False,1,False,True,True,False,False,False,False,False
32.769903,500,2233.275447,False,1,True,True,True,False,False,False,False,False
18.361227,500,2236.164259,False,1,True,True,False,False,False,False,False,False
-17.997866,500,2237.468604,False,1,True,False,False,False,False,False,False,False
26.273801,500,2238.607649,False,1,True,True,True,False,False,False,False,False
20.892308,500,2239.743279,False,1,False,True,True,False,False,False,False,False
17.844805,500,2242.32716,False,1,True,True,True,False,False,False,False,False
29.159772,500,2243.46315,False,1,False,True,True,False,False,False,False,False
32.394511,500,2245.110432,False,1,False,True,True,False,False,False,False,False
24.485283,500,2246.310685,False,1,True,True,True,False,False,False,False,False
31.772593,500,2249.003862,False,1,False,True,True,False,False,False,False,False
33.006065,500,2250.172675,False,1,False,True,True,False,False,False,False,False
27.896579,500,2251.322509,False,1,False,True,True,False,False,False,False,False
22.237291,500,2252.595339,False,1,True,True,True,False,False,False,False,False
29.409045,500,2255.599668,False,1,True,True,True,False,False,False,False,False
28.37776,500,2256.759091,False,1,False,True,True,False,False,False,False,False
19.737198,500,2258.032319,False,1,True,True,True,False,False,False,False,False
33.729289,500,2323.177165,False,1,True,True,True,False,False,False,False,False
27.787846,500,2325.876229,False,1,False,True,True,False,False,False,False,False
30.169134,500,2327.187824,False,1,True,True,True,False,False,False,False,False
13.496066,500,2328.432916,False,1,True,True,False,False,False,False,False,False
30.447253,500,2329.60843,False,1,False,True,True,False,False,False,False,False
23.580901,500,2330.770543,False,1,False,True,True,False,False,False,False,False
34.870705,500,2333.68213,False,1,True,True,True,False,False,False,False,False
26.078001,500,2334.807323,False,1,False,True,True,False,False,False,False,False
34.204293,500,2336.013872,False,1,True,True,True,False,False,False,False,False
33.543297,500,2337.207705,False,1,True,True,True,False,False,False,False,False
21.704857,500,2339.760731,False,1,False,True,True,False,False,False,False,False
31.327291,500,2340.949923,False,1,True,True,True,False,False,False,False,False
35.484237,500,2342.296815,False,1,False,True,True,False,False,False,False,False
35.075987,500,2343.500313,False,1,True,True,True,False,False,False,False,False
17.098319,500,2345.445813,False,1,True,True,False,False,False,False,False,False
25.787971,500,2346.598956,False,1,False,True,True,False,False,False,False,False
21.424006,500,2347.712199,False,1,False,True,True,False,False,False,False,False
27.794307,500,2348.896691,False,1,False,True,True,False,False,False,False,False
28.06967,500,2351.397512,False,1,False,True,True,False,False,False,False,False
22.960333,500,2352.570862,False,1,True,True,True,False,False,False,False,False
28.73497,500,2353.69202,False,1,False,True,True,False,False,False,False,False
24.075543,500,2354.808718,False,1,False,True,True,False,False,False,False,False
-6.402427,500,2357.948609,False,1,True,False,False,False,False,False,False,False
27.985148,500,2359.193344,False,1,True,True,True,False,False,False,False,False
15.344442,500,2360.352059,False,1,False,True,True,False,False,False,False,False
23.483929,500,2361.483166,False,1,False,True,True,False,False,False,False,False
32.862334,500,2364.148334,False,1,True,True,True,False,False,False,False,False
-3.956232,500,2365.412093,False,1,True,False,False,False,False,False,False,False
23.870189,500,2366.54023,False,1,True,True,True,False,False,False,False,False
31.708475,500,2367.71411,False,1,False,True,True,False,False,False,False,False
30.868643,500,2370.136364,False,1,False,True,True,False,False,False,False,False
30.088914,500,2371.290356,False,1,True,True,True,False,False,False,False,False
26.473985,500,2372.436491,False,1,False,True,True,False,False,False,False,False
29.223702,500,2373.578052,False,1,False,True,True,False,False,False,False,False
27.40977,500,2376.523856,False,1,False,True,True,False,False,False,False,False
23.22964,500,2377.66313,False,1,False,True,True,False,False,False,False,False
30.399928,500,2378.85663,False,1,False,True,True,False,False,False,False,False
29.524062,500,2380.080415,False,1,False,True,True,False,False,False,False,False
17.314877,500,2382.944869,False,1,True,True,False,False,False,False,False,False
16.257028,500,2384.0694,False,1,False,True,True,False,False,False,False,False
26.569902,500,2385.246553,False,1,False,True,True,False,False,False,False,False
26.730774,500,2386.35707,False,1,False,True,True,False,False,False,False,False
17.999676,500,2388.9187,False,1,False,True,True,False,False,False,False,False
24.649228,500,2390.155747,False,1,True,True,True,False,False,False,False,False
16.379282,500,2391.27201,False,1,False,True,True,False,False,False,False,False
31.322927,500,2392.449914,False,1,True,True,True,False,False,False,False,False
16.522025,500,2393.561854,False,1,False,True,True,False,False,False,False,False
-16.57915,500,2396.464477,False,1,False,False,False,False,False,False,False,False
15.977013,500,2397.692432,False,1,True,True,False,False,False,False,False,False
25.110435,500,2398.845399,False,1,True,True,True,False,False,False,False,False
27.383629,500,2450.649119,False,1,False,True,True,False,False,False,False,False
33.739582,500,2453.27471,False,1,True,True,True,False,False,False,False,False
-26.861254,500,2454.684808,False,1,True,True,True,False,False,False,False,False
26.881162,500,2455.843496,False,1,False,True,True,False,False,False,False,False
29.770837,500,2457.039485,False,1,False,True,True,False,False,False,False,False
26.132574,500,2459.775959,False,1,False,True,True,False,False,False,False,False
26.089932,500,2461.039073,False,1,True,True,True,False,False,False,False,False
31.99171,500,2462.550515,False,1,False,True,True,False,False,False,False,False
15.913455,500,2463.739383,False,1,True,True,False,False,False,False,False,False
29.62372,500,2466.500538,False,1,False,True,True,False,False,False,False,False
23.105132,500,2467.806873,False,1,False,True,True,False,False,False,False,False
31.576561,500,2469.018048,False,1,False,True,True,False,False,False,False,False
-3.5438,500,2470.386259,False,1,True,False,False,False,False,False,False,False
28.294941,500,2473.200851,False,1,True,True,True,False,False,False,False,False
26.63583,500,2474.414362,False,1,False,True,True,False,False,False,False,False
30.465785,500,2475.530518,False,1,False,True,True,False,False,False,False,False
-25.169445,500,2476.880932,False,1,True,True,True,False,False,False,False,False
11.330339,500,2479.900498,False,1,True,True,False,False,False,False,False,False
30.861449,500,2481.117374,False,1,False,True,True,False,False,False,False,False
34.109401,500,2482.310333,False,1,True,True,True,False,False,False,False,False
30.430467,500,2483.469801,False,1,True,True,True,False,False,False,False,False
-21.241935,500,2485.073451,False,1,True,True,True,False,False,False,False,False
30.874944,500,2486.608845,False,1,False,True,True,False,False,False,False,False
33.783472,500,2487.985543,False,1,True,True,True,False,False,False,False,False
22.155074,500,2489.10409,False,1,False,True,True,False,False,False,False,False
-2.929614,500,2491.825528,False,1,True,False,False,False,False,False,False,False
21.628894,500,2493.016361,False,1,False,True,True,False,False,False,False,False
37.762084,500,2494.416956,False,1,False,True,True,False,False,False,False,False
-32.958431,500,2495.750593,False,1,False,True,True,False,False,False,False,False
-5.456255,500,2498.647503,False,1,True,False,False,False,False,False,False,False
27.263346,500,2499.826428,False,1,False,True,True,False,False,False,False,False
28.721633,500,2501.15808,False,1,False,True,True,False,False,False,False,False
19.283913,500,2502.412264,False,1,False,True,True,False,False,False,False,False
39.247312,500,2505.290305,False,1,True,True,True,False,False,False,False,False
28.458897,500,2506.449113,False,1,True,True,True,False,False,False,False,False
13.100902,500,2507.67002,False,1,True,True,False,False,False,False,False,False
36.000362,500,2509.06735,False,1,True,True,True,False,False,False,False,False
16.459255,500,2511.95693,False,1,False,True,True,False,False,False,False,False
29.949782,500,2513.342036,False,1,False,True,True,False,False,False,False,False
35.535125,500,2514.546328,False,1,True,True,True,False,False,False,False,False
-17.13026,500,2515.966264,False,1,False,False,False,False,False,False,False,False
21.614906,500,2517.1004,False,1,False,True,True,False,False,False,False,False
10.579458,500,2519.647157,False,1,True,True,True,False,False,False,False,False
22.409664,500,2520.800444,False,1,False,True,True,False,False,False,False,False
31.984067,500,2521.995978,False,1,True,True,True,False,False,False,False,False
-2.472434,500,2523.362951,False,1,True,False,False,False,False,False,False,False
25.017432,500,2525.828118,False,1,False,True,True,False,False,False,False,False
25.203066,500,2527.069137,False,1,False,True,True,False,False,False,False,False
31.70893,500,2528.343892,False,1,True,True,True,False,False,False,False,False
-17.545223,500,2529.693454,False,1,True,True,True,False,False,False,False,False
28.399933,500,2595.524558,False,1,False,True,True,False,False,False,False,False
-24.049914,500,2596.876226,False,1,False,True,True,False,False,False,False,False
33.190454,500,2598.153668,False,1,True,True,True,False,False,False,False,False
23.750166,500,2599.291153,False,1,False,True,True,False,False,False,False,False
-5.889897,500,2602.182328,False,1,True,False,False,False,False,False,False,False
29.160657,500,2603.37365,False,1,True,True,True,False,False,False,False,False
25.457022,500,2604.636012,False,1,False,True,True,False,False,False,False,False
29.59682,500,2606.1816,False,1,True,True,True,False,False,False,False,False
37.205496,500,2608.791166,False,1,True,True,True,False,False,False,False,False
42.279874,500,2610.161953,False,1,True,True,True,False,False,False,False,False
28.043473,500,2611.452282,False,1,True,True,True,False,False,False,False,False
34.676114,500,2612.98674,False,1,True,True,True,False,False,False,False,False
27.75548,500,2615.530143,False,1,False,True,True,False,False,False,False,False
-3.177769,500,2616.94453,False,1,True,False,False,False,False,False,False,False
32.372394,500,2618.150677,False,1,True,True,True,False,False,False,False,False
27.821321,500,2619.416782,False,1,False,True,True,False,False,False,False,False
23.018234,500,2622.584422,False,1,False,True,True,False,False,False,False,False
24.876112,500,2623.785109,False,1,False,True,True,False,False,False,False,False
21.711047,500,2624.963316,False,1,True,True,True,False,False,False,False,False
19.652427,500,2626.325625,False,1,False,True,True,False,False,False,False,False
6.276923,500,2628.83386,False,1,False,True,True,False,False,False,False,False
34.661594,500,2630.029315,False,1,True,True,True,False,False,False,False,False
26.078123,500,2631.188101,False,1,False,True,True,False,False,False,False,False
26.073647,500,2632.322829,False,1,False,True,True,False,False,False,False,False
26.61846,500,2634.91071,False,1,True,True,True,False,False,False,False,False
-19.900018,500,2636.19901,False,1,True,True,True,False,False,False,False,False
14.355954,500,2637.480516,False,1,True,True,False,False,False,False,False,False
-5.863833,500,2638.823792,False,1,True,False,False,False,False,False,False,False
32.572199,500,2641.306687,False,1,False,True,True,False,False,False,False,False
26.725364,500,2642.508216,False,1,False,True,True,False,False,False,False,False
26.546058,500,2643.653293,False,1,False,True,True,False,False,False,False,False
27.119738,500,2644.805485,False,1,True,True,True,False,False,False,False,False
-13.746356,500,2646.138461,False,1,True,True,True,False,False,False,False,False
10.002129,500,2649.348445,False,1,False,True,False,False,False,False,False,False
23.14681,500,2650.551774,False,1,True,True,True,False,False,False,False,False
15.723805,500,2651.820847,False,1,True,True,False,False,False,False,False,False
25.198726,500,2653.047337,False,1,False,True,True,False,False,False,False,False
13.622466,500,2655.944159,False,1,False,True,False,False,False,False,False,False
28.947224,500,2657.093307,False,1,True,True,True,False,False,False,False,False
21.853425,500,2658.337107,False,1,False,True,True,False,False,False,False,False
-4.171905,500,2659.682213,False,1,True,True,True,False,False,False,False,False
31.567876,500,2662.319347,False,1,False,True,True,False,False,False,False,False
30.749759,500,2663.641639,False,1,False,True,True,False,False,False,False,False
28.717669,500,2664.827757,False,1,False,True,True,False,False,False,False,False
31.459442,500,2666.078167,False,1,False,True,True,False,False,False,False,False
-13.215055,500,2669.160852,False,1,True,True,True,False,False,False,False,False
26.293671,500,2670.285972,False,1,True,True,True,False,False,False,False,False
39.869656,500,2671.666178,False,1,True,True,True,False,False,False,False,False
24.808719,500,2672.923188,False,1,False,True,True,False,False,False,False,False
41.241203,500,2675.915479,False,1,False,True,True,False,False,False,False,False
-3.888874,500,2739.083901,False,1,True,False,False,False,False,False,False,False
36.26832,500,2740.609882,False,1,True,True,True,False,False,False,False,False
12.737549,500,2741.881196,False,1,True,True,False,False,False,False,False,False
32.864273,500,2744.88766,False,1,True,True,True,False,False,False,False,False
35.384731,500,2746.18441,False,1,True,True,True,False,False,False,False,False
34.636633,500,2747.423391,False,1,False,True,True,False,False,False,False,False
27.210354,500,2748.664756,False,1,False,True,True,False,False,False,False,False
27.859195,500,2751.364119,False,1,True,True,True,False,False,False,False,False
25.022742,500,2752.583659,False,1,False,True,True,False,False,False,False,False
25.96779,500,2753.742933,False,1,True,True,True,False,False,False,False,False
-6.653571,500,2755.100491,False,1,True,False,False,False,False,False,False,False
34.377707,500,2757.959103,False,1,True,True,True,False,False,False,False,False
30.626193,500,2759.184279,False,1,False,True,True,False,False,False,False,False
24.406048,500,2760.362816,False,1,True,True,True,False,False,False,False,False
31.865879,500,2761.530974,False,1,True,True,True,False,False,False,False,False
29.271914,500,2764.446478,False,1,False,True,True,False,False,False,False,False
31.141411,500,2765.622837,False,1,True,True,True,False,False,False,False,False
28.491482,500,2766.767646,False,1,False,True,True,False,False,False,False,False
36.141118,500,2767.89027,False,1,True,True,True,False,False,False,False,False
29.224115,500,2770.459595,False,1,False,True,True,False,False,False,False,False
27.189905,500,2771.640246,False,1,False,True,True,False,False,False,False,False
22.264062,500,2772.771744,False,1,False,True,True,False,False,False,False,False
34.67517,500,2773.952703,False,1,True,True,True,False,False,False,False,False
37.982237,500,2775.125963,False,1,True,True,True,False,False,False,False,False
33.535726,500,2777.897405,False,1,False,True,True,False,False,False,False,False
37.218294,500,2779.049257,False,1,True,True,True,False,False,False,False,False
28.910118,500,2780.237505,False,1,True,True,True,False,False,False,False,False
28.519756,500,2781.378713,False,1,False,True,True,False,False,False,False,False
39.113904,500,2784.442919,False,1,True,True,True,False,False,False,False,False
22.752441,500,2785.746159,False,1,False,True,True,False,False,False,False,False
33.212931,500,2786.958542,False,1,True,True,True,False,False,False,False,False
-11.912111,500,2788.385734,False,1,True,True,True,False,False,False,False,False
32.372511,500,2791.029691,False,1,False,True,True,False,False,False,False,False
30.301028,500,2792.208507,False,1,False,True,True,False,False,False,False,False
41.526444,500,2793.773305,False,1,True,True,True,False,False,False,False,False
30.611071,500,2794.941417,False,1,False,True,True,False,False,False,False,False
15.808436,500,2797.744551,False,1,True,True,False,False,False,False,False,False
35.406733,500,2798.92629,False,1,True,True,True,False,False,False,False,False
21.851195,500,2800.265061,False,1,True,True,True,False,False,False,False,False
41.711797,500,2801.936522,False,1,True,True,True,False,False,False,False,False
19.840446,500,2804.874247,False,1,False,True,True,False,False,False,False,False
16.102431,500,2806.069944,False,1,False,True,True,False,False,False,False,False
-17.712642,500,2807.275623,False,1,True,False,False,False,False,False,False,False
-17.422697,500,2808.465514,False,1,False,False,False,False,False,False,False,False
37.754971,500,2811.581593,False,1,False,True,True,False,False,False,False,False
32.625501,500,2812.732707,False,1,False,True,True,False,False,False,False,False
32.327533,500,2813.864504,False,1,False,True,True,False,False,False,False,False
33.993619,500,2815.241445,False,1,False,True,True,False,False,False,False,False
10.654109,500,2817.803753,False,1,False,True,True,False,False,False,False,False
27.794756,500,2818.948428,False,1,True,True,True,False,False,False,False,False
12.355958,500,2869.460413,False,1,False,True,True,False,False,False,False,False
22.750419,500,2870.581739,False,1,False,True,True,False,False,False,False,False
-6.08233,500,2873.200547,False,1,True,False,False,False,False,False,False,False
25.696209,500,2874.435686,False,1,True,True,True,False,False,False,False,False
28.496638,500,2875.700726,False,1,True,True,True,False,False,False,False,False
21.588494,500,2876.812631,False,1,False,True,True,False,False,False,False,False
39.648188,500,2879.824122,False,1,True,True,True,False,False,False,False,False
35.962049,500,2880.980287,False,1,False,True,True,False,False,False,False,False
34.951432,500,2882.097888,False,1,True,True,True,False,False,False,False,False
-8.548981,500,2883.241364,False,1,True,False,False,False,False,False,False,False
21.993224,500,2886.085335,False,1,True,True,True,False,False,False,False,False
26.967493,500,2887.290623,False,1,False,True,True,False,False,False,False,False
22.422808,500,2888.428252,False,1,False,True,True,False,False,False,False,False
37.133993,500,2889.565,False,1,True,True,True,False,False,False,False,False
36.540676,500,2892.20118,False,1,True,True,True,False,False,False,False,False
30.836354,500,2893.384499,False,1,True,True,True,False,False,False,False,False
29.296894,500,2894.533651,False,1,True,True,True,False,False,False,False,False
31.203201,500,2895.699462,False,1,False,True,True,False,False,False,False,False
35.663318,500,2896.844521,False,1,True,True,True,False,False,False,False,False
-26.365782,500,2899.666581,False,1,False,False,False,False,False,False,False,False
33.046223,500,2900.921646,False,1,False,True,True,False,False,False,False,False
26.115251,500,2902.097896,False,1,False,True,True,False,False,False,False,False
34.595998,500,2903.278455,False,1,True,True,True,False,False,False,False,False
38.030626,500,2905.906697,False,1,True,True,True,False,False,False,False,False
25.830259,500,2907.122417,False,1,True,True,True,False,False,False,False,False
36.786668,500,2908.365802,False,1,True,True,True,False,False,False,False,False
26.329099,500,2909.628718,False,1,False,True,True,False,False,False,False,False
33.773162,500,2912.052175,False,1,True,True,True,False,False,False,False,False
32.309032,500,2913.181633,False,1,True,True,True,False,False,False,False,False
22.142347,500,2914.323166,False,1,True,True,True,False,False,False,False,False
38.668886,500,2915.478994,False,1,True,True,True,False,False,False,False,False
34.767625,500,2918.031751,False,1,True,True,True,False,False,False,False,False
33.629338,500,2919.217664,False,1,False,True,True,False,False,False,False,False
31.227148,500,2920.343392,False,1,False,True,True,False,False,False,False,False
42.666083,500,2921.638467,False,1,True,True,True,False,False,False,False,False
38.385933,500,2924.141837,False,1,True,True,True,False,False,False,False,False
38.677986,500,2925.280541,False,1,True,True,True,False,False,False,False,False
33.950469,500,2926.420433,False,1,True,True,True,False,False,False,False,False
23.037567,500,2927.679741,False,1,True,True,True,False,False,False,False,False
33.182138,500,2930.802659,False,1,True,True,True,False,False,False,False,False
37.256809,500,2932.007171,False,1,True,True,True,False,False,False,False,False
18.857473,500,2933.314755,False,1,True,True,True,False,False,False,False,False
-8.034307,500,2934.618767,False,1,True,False,False,False,False,False,False,False
36.870279,500,2937.246651,False,1,True,True,True,False,False,False,False,False
-9.051496,500,2938.498318,False,1,True,False,False,False,False,False,False,False
24.005167,500,2939.676688,False,1,True,True,True,False,False,False,False,False
1.264175,500,2941.016638,False,1,True,True,False,False,False,False,False,False
20.467288,500,2943.678776,False,1,True,True,True,False,False,False,False,False
20.45966,500,2944.981559,False,1,True,True,True,False,False,False,False,False
38.51507,500,2946.214886,False,1,True,True,True,False,False,False,False,False
-22.995466,500,3006.67995,False,1,True,False,False,False,False,False,False,False
2.104675,500,3009.565213,False,1,True,True,False,False,False,False,False,False
31.616029,500,3010.772281,False,1,False,True,True,False,False,False,False,False
25.289881,500,3012.005423,False,1,False,True,True,False,False,False,False,False
11.208806,500,3013.137845,False,1,False,True,False,False,False,False,False,False
-24.195385,500,3015.748733,False,1,False,False,False,False,False,False,False,False
30.456249,500,3016.901174,False,1,True,True,True,False,False,False,False,False
23.404388,500,3018.038232,False,1,False,True,True,False,False,False,False,False
19.636835,500,3019.283804,False,1,True,True,True,False,False,False,False,False
31.387847,500,3020.412235,False,1,False,True,True,False,False,False,False,False
41.231375,500,3023.052047,False,1,True,True,True,False,False,False,False,False
32.111791,500,3024.203089,False,1,True,True,True,False,False,False,False,False
-11.83766,500,3025.382121,False,1,False,False,False,False,False,False,False,False
34.00655,500,3026.526811,False,1,False,True,True,False,False,False,False,False
40.495625,500,3029.507102,False,1,True,True,True,False,False,False,False,False
26.567954,500,3030.737407,False,1,True,True,True,False,False,False,False,False
31.571768,500,3031.91596,False,1,False,True,True,False,False,False,False,False
40.538271,500,3033.255249,False,1,True,True,True,False,False,False,False,False
33.581664,500,3035.932994,False,1,False,True,True,False,False,False,False,False
35.935498,500,3037.242271,False,1,True,True,True,False,False,False,False,False
7.226798,500,3038.538218,False,1,False,True,False,False,False,False,False,False
-27.316471,500,3039.879,False,1,False,True,True,False,False,False,False,False
35.005874,500,3042.337704,False,1,False,True,True,False,False,False,False,False
34.39267,500,3043.509477,False,1,False,True,True,False,False,False,False,False
25.105771,500,3044.672465,False,1,False,True,True,False,False,False,False,False
28.502406,500,3045.808835,False,1,True,True,True,False,False,False,False,False
35.406605,500,3048.425431,False,1,False,True,True,False,False,False,False,False
-8.083649,500,3049.797347,False,1,True,False,False,False,False,False,False,False
-9.006938,500,3051.107789,False,1,True,False,False,False,False,False,False,False
-9.33792,500,3052.467311,False,1,True,False,False,False,False,False,False,False
40.100154,500,3055.517302,False,1,True,True,True,False,False,False,False,False
39.479893,500,3056.805618,False,1,True,True,True,False,False,False,False,False
26.609695,500,3057.918738,False,1,True,True,True,False,False,False,False,False
24.159516,500,3059.049179,False,1,True,True,True,False,False,False,False,False
38.516501,500,3061.764522,False,1,True,True,True,False,False,False,False,False
25.323088,500,3062.902145,False,1,True,True,True,False,False,False,False,False
38.218196,500,3064.049973,False,1,True,True,True,False,False,False,False,False
41.13012,500,3065.621641,False,1,True,True,True,False,False,False,False,False
39.562516,500,3068.309459,False,1,True,True,True,False,False,False,False,False
43.951805,500,3069.891069,False,1,True,True,True,False,False,False,False,False
24.353672,500,3071.026384,False,1,False,True,True,False,False,False,False,False
40.591166,500,3072.294021,False,1,True,True,True,False,False,False,False,False
40.674739,500,3075.335016,False,1,True,True,True,False,False,False,False,False
44.987456,500,3076.55693,False,1,True,True,True,False,False,False,False,False
-10.315351,500,3077.849143,False,1,True,False,False,False,False,False,False,False
-4.313522,500,3079.110194,False,1,True,False,False,False,False,False,False,False
39.517214,500,3081.787607,False,1,True,True,True,False,False,False,False,False
37.25961,500,3082.985554,False,1,True,True,True,False,False,False,False,False
33.589977,500,3084.11579,False,1,False,True,True,False,False,False,False,False
40.091316,500,3085.357211,False,1,True,True,True,False,False,False,False,False
33.327143,500,3140.456726,False,1,True,True,True,False,False,False,False,False
27.014562,500,3141.745693,False,1,True,True,True,False,False,False,False,False
37.299271,500,3143.038312,False,1,True,True,True,False,False,False,False,False
38.107843,500,3144.21091,False,1,True,True,True,False,False,False,False,False
-10.03267,500,3145.500996,False,1,True,True,True,False,False,False,False,False
39.591293,500,3147.973734,False,1,True,True,True,False,False,False,False,False
40.801337,500,3149.244257,False,1,True,True,True,False,False,False,False,False
38.691982,500,3150.49089,False,1,True,True,True,False,False,False,False,False
29.289824,500,3151.627234,False,1,True,True,True,False,False,False,False,False
36.507341,500,3154.57336,False,1,True,True,True,False,False,False,False,False
37.373765,500,3155.869629,False,1,True,True,True,False,False,False,False,False
35.408044,500,3157.066308,False,1,True,True,True,False,False,False,False,False
30.310075,500,3158.236335,False,1,True,True,True,False,False,False,False,False
35.417739,500,3161.327769,False,1,True,True,True,False,False,False,False,False
-6.783789,500,3162.750446,False,1,True,False,False,False,False,False,False,False
40.030764,500,3163.983301,False,1,True,True,True,False,False,False,False,False
43.030468,500,3165.269475,False,1,True,True,True,False,False,False,False,False
41.999725,500,3167.989107,False,1,True,True,True,False,False,False,False,False
37.350054,500,3169.169047,False,1,True,True,True,False,False,False,False,False
38.111884,500,3170.353693,False,1,True,True,True,False,False,False,False,False
48.419166,500,3171.579549,False,1,True,True,True,False,False,False,False,False
39.205676,500,3174.31734,False,1,True,True,True,False,False,False,False,False
31.751215,500,3175.481154,False,1,True,True,True,False,False,False,False,False
-6.937089,500,3176.847389,False,1,True,False,False,False,False,False,False,False
41.361357,500,3178.082031,False,1,True,True,True,False,False,False,False,False
32.644822,500,3181.00877,False,1,True,True,True,False,False,False,False,False
27.90616,500,3182.271856,False,1,True,True,True,False,False,False,False,False
35.486284,500,3183.570169,False,1,True,True,True,False,False,False,False,False
36.590455,500,3184.8078,False,1,True,True,True,False,False,False,False,False
33.530659,500,3187.31455,False,1,True,True,True,False,False,False,False,False
32.604032,500,3188.452305,False,1,False,True,True,False,False,False,False,False
35.873873,500,3189.618699,False,1,True,True,True,False,False,False,False,False
-26.571185,500,3190.900235,False,1,True,True,True,False,False,False,False,False
22.823709,500,3193.46671,False,1,True,True,True,False,False,False,False,False
-7.071475,500,3194.733448,False,1,True,False,False,False,False,False,False,False
33.469467,500,3195.979076,False,1,False,True,True,False,False,False,False,False
36.942996,500,3197.189224,False,1,True,True,True,False,False,False,False,False
25.860609,500,3200.128781,False,1,True,True,True,False,False,False,False,False
34.95356,500,3201.258611,False,1,True,True,True,False,False,False,False,False
40.075191,500,3202.585256,False,1,True,True,True,False,False,False,False,False
-15.703309,500,3203.992717,False,1,True,True,True,False,False,False,False,False
37.966193,500,3206.71221,False,1,True,True,True,False,False,False,False,False
29.448936,500,3207.880724,False,1,True,True,True,False,False,False,False,False
37.699963,500,3209.052268,False,1,True,True,True,False,False,False,False,False
35.033788,500,3210.18718,False,1,True,True,True,False,False,False,False,False
36.738427,500,3211.387165,False,1,True,True,True,False,False,False,False,False
-15.433014,500,3213.999262,False,1,True,True,True,False,False,False,False,False
-7.913009,500,3215.359805,False,1,True,False,False,False,False,False,False,False
40.400613,500,3216.504208,False,1,True,True,True,False,False,False,False,False
32.710709,500,3217.69185,False,1,True,True,True,False,False,False,False,False
31.772646,500,3270.797234,False,1,True,True,True,False,False,False,False,False
41.912592,500,3272.003565,False,1,True,True,True,False,False,False,False,False
39.704708,500,3273.148861,False,1,True,True,True,False,False,False,False,False
46.440508,500,3274.427202,False,1,True,True,True,False,False,False,False,False
44.502617,500,3277.750913,False,1,True,True,True,False,False,False,False,False
40.562175,500,3278.990827,False,1,True,True,True,False,False,False,False,False
33.127109,500,3280.16507,False,1,True,True,True,False,False,False,False,False
-6.59582,500,3281.451124,False,1,True,False,False,False,False,False,False,False
42.388915,500,3284.341408,False,1,True,True,True,False,False,False,False,False
29.932489,500,3285.457623,False,1,True,True,True,False,False,False,False,False
46.261752,500,3286.776027,False,1,True,True,True,False,False,False,False,False
36.540971,500,3288.048279,False,1,False,True,True,False,False,False,False,False
39.641301,500,3290.844096,False,1,True,True,True,False,False,False,False,False
31.737195,500,3291.967771,False,1,True,True,True,False,False,False,False,False
30.319509,500,3293.091494,False,1,True,True,True,False,False,False,False,False
15.064315,500,3294.3557,False,1,True,True,False,False,False,False,False,False
-21.78001,500,3297.592695,False,1,True,True,True,False,False,False,False,False
47.19167,500,3298.897809,False,1,True,True,True,False,False,False,False,False
-14.516868,500,3300.298527,False,1,True,True,True,False,False,False,False,False
42.117023,500,3301.57084,False,1,True,True,True,False,False,False,False,False
42.280557,500,3304.630523,False,1,True,True,True,False,False,False,False,False
36.561394,500,3305.781786,False,1,True,True,True,False,False,False,False,False
43.385822,500,3307.086436,False,1,True,True,True,False,False,False,False,False
39.983454,500,3308.348697,False,1,True,True,True,False,False,False,False,False
33.941531,500,3311.090242,False,1,True,True,True,False,False,False,False,False
33.493611,500,3312.220551,False,1,False,True,True,False,False,False,False,False
29.987138,500,3313.383581,False,1,True,True,True,False,False,False,False,False
37.628796,500,3314.588917,False,1,True,True,True,False,False,False,False,False
34.090357,500,3317.272738,False,1,True,True,True,False,False,False,False,False
17.047119,500,3318.464513,False,1,True,True,False,False,False,False,False,False
26.559998,500,3319.593979,False,1,True,True,True,False,False,False,False,False
47.195128,500,3320.792513,False,1,True,True,True,False,False,False,False,False
-4.9506,500,3324.08391,False,1,True,False,False,False,False,False,False,False
37.005556,500,3325.269783,False,1,False,True,True,False,False,False,False,False
-13.767244,500,3326.551734,False,1,True,True,True,False,False,False,False,False
42.968419,500,3327.786791,False,1,True,True,True,False,False,False,False,False
-4.749052,500,3330.355538,False,1,True,False,False,False,False,False,False,False
30.973272,500,3331.502736,False,1,True,True,True,False,False,False,False,False
39.464529,500,3332.723713,False,1,True,True,True,False,False,False,False,False
-12.375689,500,3334.046904,False,1,True,True,True,False,False,False,False,False
38.71942,500,3335.278613,False,1,True,True,True,False,False,False,False,False
38.252193,500,3337.934673,False,1,True,True,True,False,False,False,False,False
25.742131,500,3339.092537,False,1,True,True,True,False,False,False,False,False
37.360979,500,3340.268541,False,1,True,True,True,False,False,False,False,False
21.621516,500,3341.465144,False,1,True,True,True,False,False,False,False,False
39.636253,500,3344.225061,False,1,True,True,True,False,False,False,False,False
-12.033662,500,3345.549794,False,1,True,True,True,False,False,False,False,False
34.642805,500,3346.737278,False,1,True,True,True,False,False,False,False,False
38.627493,500,3347.963297,False,1,True,True,True,False,False,False,False,False
15.907076,500,3350.684506,False,1,True,True,False,False,False,False,False,False
37.100504,500,3408.913364,False,1,True,True,True,False,False,False,False,False
38.285267,500,3410.090572,False,1,True,True,True,False,False,False,False,False
17.85858,500,3411.275868,False,1,True,True,False,False,False,False,False,False
-10.632891,500,3414.148521,False,1,True,True,True,False,False,False,False,False
19.02124,500,3415.301729,False,1,True,True,True,False,False,False,False,False
24.05129,500,3416.49306,False,1,True,True,True,False,False,False,False,False
-4.934405,500,3417.855568,False,1,True,False,False,False,False,False,False,False
31.030271,500,3420.747269,False,1,True,True,True,False,False,False,False,False
3.698026,500,3422.015069,False,1,True,True,False,False,False,False,False,False
38.807846,500,3423.157159,False,1,True,True,True,False,False,False,False,False
-12.084446,500,3424.476447,False,1,True,True,True,False,False,False,False,False
27.902118,500,3427.403953,False,1,False,True,True,False,False,False,False,False
26.380635,500,3428.540545,False,1,False,True,True,False,False,False,False,False
25.342309,500,3429.708604,False,1,True,True,True,False,False,False,False,False
18.830515,500,3430.904639,False,1,True,True,False,False,False,False,False,False
37.144664,500,3433.523461,False,1,True,True,True,False,False,False,False,False
-10.598252,500,3434.857755,False,1,True,True,True,False,False,False,False,False
20.772274,500,3436.14646,False,1,True,True,True,False,False,False,False,False
42.803594,500,3437.508408,False,1,True,True,True,False,False,False,False,False
12.043672,500,3440.234348,False,1,False,True,False,False,False,False,False,False
40.321437,500,3441.422746,False,1,True,True,True,False,False,False,False,False
-3.407774,500,3442.742262,False,1,True,True,True,False,False,False,False,False
29.925782,500,3443.854983,False,1,True,True,True,False,False,False,False,False
-9.96063,500,3446.630453,False,1,False,False,False,False,False,False,False,False
34.614156,500,3447.828147,False,1,False,True,True,False,False,False,False,False
41.662598,500,3449.093452,False,1,True,True,True,False,False,False,False,False
36.70236,500,3450.302539,False,1,False,True,True,False,False,False,False,False
41.771241,500,3453.194617,False,1,True,True,True,False,False,False,False,False
45.016226,500,3454.505654,False,1,True,True,True,False,False,False,False,False
-9.814318,500,3455.839546,False,1,False,True,True,False,False,False,False,False
42.032914,500,3457.217216,False,1,True,True,True,False,False,False,False,False
32.053164,500,3458.374662,False,1,True,True,True,False,False,False,False,False
43.40586,500,3461.345206,False,1,True,True,True,False,False,False,False,False
-7.981884,500,3462.662161,False,1,True,True,True,False,False,False,False,False
36.941848,500,3463.851478,False,1,True,True,True,False,False,False,False,False
41.345786,500,3465.350993,False,1,True,True,True,False,False,False,False,False
42.761387,500,3468.187484,False,1,True,True,True,False,False,False,False,False
-17.321281,500,3469.512787,False,1,True,True,True,False,False,False,False,False
30.694444,500,3470.794705,False,1,True,True,True,False,False,False,False,False
37.088131,500,3472.056781,False,1,True,True,True,False,False,False,False,False
27.247961,500,3474.800371,False,1,True,True,True,False,False,False,False,False
-4.455535,500,3476.219335,False,1,True,False,False,False,False,False,False,False
-3.746678,500,3477.58221,False,1,True,False,False,False,False,False,False,False
-4.819684,500,3478.988612,False,1,True,False,False,False,False,False,False,False
42.937055,500,3481.793782,False,1,True,True,True,False,False,False,False,False
37.119138,500,3482.974547,False,1,False,True,True,False,False,False,False,False
42.815392,500,3484.234275,False,1,True,True,True,False,False,False,False,False
34.791047,500,3485.396348,False,1,True,True,True,False,False,False,False,False
41.089568,500,3487.933869,False,1,True,True,True,False,False,False,False,False
38.566784,500,3489.067275,False,1,True,True,True,False,False,False,False,False
34.727573,500,3550.401442,False,1,True,True,True,False,False,False,False,False
36.147243,500,3551.618442,False,1,False,True,True,False,False,False,False,False
29.858562,500,3554.434308,False,1,True,True,True,False,False,False,False,False
17.582502,500,3555.690892,False,1,True,True,False,False,False,False,False,False
33.814898,500,3556.848511,False,1,True,True,True,False,False,False,False,False
33.292973,500,3558.131491,False,1,True,True,True,False,False,False,False,False
41.913733,500,3560.964736,False,1,True,True,True,False,False,False,False,False
11.68159,500,3562.238987,False,1,False,True,False,False,False,False,False,False
38.527944,500,3563.372377,False,1,False,True,True,False,False,False,False,False
35.599862,500,3564.577171,False,1,False,True,True,False,False,False,False,False
14.375199,500,3567.797946,False,1,False,True,False,False,False,False,False,False
35.490712,500,3569.166423,False,1,False,True,True,False,False,False,False,False
38.747205,500,3570.359769,False,1,True,True,True,False,False,False,False,False
36.681146,500,3571.620004,False,1,True,True,True,False,False,False,False,False
24.166334,500,3574.518128,False,1,True,True,True,False,False,False,False,False
0.460482,500,3575.940454,False,1,True,True,True,False,False,False,False,False
41.256641,500,3577.173856,False,1,True,True,True,False,False,False,False,False
32.313687,500,3578.315962,False,1,False,True,True,False,False,False,False,False
40.408552,500,3580.943865,False,1,True,True,True,False,False,False,False,False
33.828289,500,3582.082352,False,1,True,True,True,False,False,False,False,False
42.293338,500,3583.315073,False,1,True,True,True,False,False,False,False,False
38.823925,500,3584.476497,False,1,True,True,True,False,False,False,False,False
43.943723,500,3585.7693,False,1,True,True,True,False,False,False,False,False
39.488527,500,3588.882642,False,1,True,True,True,False,False,False,False,False
35.249757,500,3590.071034,False,1,True,True,True,False,False,False,False,False
43.275185,500,3591.337987,False,1,True,True,True,False,False,False,False,False
37.199177,500,3592.528135,False,1,True,True,True,False,False,False,False,False
47.639373,500,3595.294222,False,1,True,True,True,False,False,False,False,False
25.450492,500,3596.456975,False,1,False,True,True,False,False,False,False,False
30.766864,500,3597.666095,False,1,True,True,True,False,False,False,False,False
33.329196,500,3598.948587,False,1,True,True,True,False,False,False,False,False
35.865253,500,3601.683815,False,1,False,True,True,False,False,False,False,False
36.665572,500,3602.878688,False,1,True,True,True,False,False,False,False,False
36.244835,500,3604.117502,False,1,False,True,True,False,False,False,False,False
49.296055,500,3605.350824,False,1,True,True,True,False,False,False,False,False
14.422111,500,3608.420659,False,1,False,True,False,False,False,False,False,False
29.689618,500,3609.603684,False,1,True,True,True,False,False,False,False,False
42.951236,500,3610.809439,False,1,True,True,True,False,False,False,False,False
-9.050306,500,3612.057587,False,1,True,True,True,False,False,False,False,False
46.595597,500,3614.847225,False,1,True,True,True,False,False,False,False,False
26.870525,500,3616.003505,False,1,True,True,True,False,False,False,False,False
39.476035,500,3617.193411,False,1,True,True,True,False,False,False,False,False
49.692459,500,3618.43354,False,1,True,True,True,False,False,False,False,False
25.88878,500,3621.067117,False,1,True,True,True,False,False,False,False,False
35.609611,500,3622.380238,False,1,True,True,True,False,False,False,False,False
-8.858687,500,3623.826191,False,1,True,False,False,False,False,False,False,False
-7.221117,500,3625.124758,False,1,True,True,True,False,False,False,False,False
-6.845758,500,3628.10145,False,1,True,False,False,False,False,False,False,False
-10.3918,500,3629.513201,False,1,True,False,False,False,False,False,False,False
40.525452,500,3630.709889,False,1,True,True,True,False,False,False,False,False
42.224817,500,3688.411499,False,1,True,True,True,False,False,False,False,False
42.028687,500,3691.237871,False,1,True,True,True,False,False,False,False,False
27.702284,500,3692.385931,False,1,True,True,True,False,False,False,False,False
37.555535,500,3693.628081,False,1,True,True,True,False,False,False,False,False
-2.336494,500,3694.86722,False,1,True,True,True,False,False,False,False,False
41.500925,500,3697.59866,False,1,True,True,True,False,False,False,False,False
35.509377,500,3698.798114,False,1,True,True,True,False,False,False,False,False
42.80519,500,3700.035996,False,1,True,True,True,False,False,False,False,False
-7.398925,500,3701.490874,False,1,True,False,False,False,False,False,False,False
41.63279,500,3704.194348,False,1,True,True,True,False,False,False,False,False
26.272136,500,3705.530558,False,1,True,True,True,False,False,False,False,False
42.354836,500,3706.813347,False,1,True,True,True,False,False,False,False,False
41.48931,500,3708.117385,False,1,True,True,True,False,False,False,False,False
44.274803,500,3711.078146,False,1,True,True,True,False,False,False,False,False
37.055286,500,3712.277226,False,1,True,True,True,False,False,False,False,False
41.217617,500,3713.523134,False,1,True,True,True,False,False,False,False,False
-8.777548,500,3714.999395,False,1,True,False,False,False,False,False,False,False
18.779943,500,3716.320316,False,1,True,True,False,False,False,False,False,False
33.067339,500,3718.853815,False,1,True,True,True,False,False,False,False,False
37.769347,500,3720.124479,False,1,True,True,True,False,False,False,False,False
29.023831,500,3721.373152,False,1,True,True,True,False,False,False,False,False
41.71904,500,3722.532914,False,1,True,True,True,False,False,False,False,False
26.398035,500,3725.219593,False,1,True,True,True,False,False,False,False,False
34.151967,500,3726.404042,False,1,True,True,True,False,False,False,False,False
41.665269,500,3727.62928,False,1,True,True,True,False,False,False,False,False
28.228939,500,3728.838153,False,1,False,True,True,False,False,False,False,False
26.094939,500,3731.911002,False,1,True,True,True,False,False,False,False,False
43.897468,500,3733.21519,False,1,True,True,True,False,False,False,False,False
11.624105,500,3734.385387,False,1,False,True,False,False,False,False,False,False
19.086401,500,3735.656314,False,1,True,True,True,False,False,False,False,False
-6.314225,500,3738.601377,False,1,True,False,False,False,False,False,False,False
25.131091,500,3739.894051,False,1,False,True,True,False,False,False,False,False
20.448181,500,3741.09036,False,1,True,True,False,False,False,False,False,False
33.136619,500,3742.259799,False,1,True,True,True,False,False,False,False,False
31.742707,500,3744.710734,False,1,False,True,True,False,False,False,False,False
-7.639643,500,3746.150282,False,1,True,False,False,False,False,False,False,False
42.510931,500,3747.493142,False,1,True,True,True,False,False,False,False,False
31.965486,500,3748.775751,False,1,False,True,True,False,False,False,False,False
35.514109,500,3751.538573,False,1,False,True,True,False,False,False,False,False
33.987352,500,3752.727709,False,1,True,True,True,False,False,False,False,False
45.127122,500,3754.010242,False,1,False,True,True,False,False,False,False,False
-7.606974,500,3755.256385,False,1,True,True,True,False,False,False,False,False
37.191728,500,3758.248275,False,1,True,True,True,False,False,False,False,False
28.47477,500,3759.423429,False,1,False,True,True,False,False,False,False,False
28.112984,500,3760.609076,False,1,False,True,True,False,False,False,False,False
-4.214468,500,3761.942316,False,1,True,True,True,False,False,False,False,False
41.06517,500,3764.539804,False,1,True,True,True,False,False,False,False,False
24.119346,500,3765.692103,False,1,True,True,True,False,False,False,False,False
27.228762,500,3766.988862,False,1,False,True,True,False,False,False,False,False
-10.723916,500,3768.166487,False,1,True,True,True,False,False,False,False,False
47.085594,500,3831.616926,False,1,True,True,True,False,False,False,False,False
38.952017,500,3832.879275,False,1,True,True,True,False,False,False,False,False
44.165314,500,3834.33091,False,1,True,True,True,False,False,False,False,False
33.112099,500,3835.557701,False,1,False,True,True,False,False,False,False,False
28.134856,500,3838.334478,False,1,True,True,True,False,False,False,False,False
29.796242,500,3839.550804,False,1,True,True,True,False,False,False,False,False
41.688778,500,3840.915345,False,1,True,True,True,False,False,False,False,False
16.549076,500,3842.194432,False,1,False,True,False,False,False,False,False,False
21.103178,500,3843.486505,False,1,True,True,False,False,False,False,False,False
39.879348,500,3846.203336,False,1,True,True,True,False,False,False,False,False
-5.796545,500,3847.407225,False,1,True,True,True,False,False,False,False,False
47.150403,500,3848.642014,False,1,True,True,True,False,False,False,False,False
32.165328,500,3849.831144,False,1,True,True,True,False,False,False,False,False
18.222521,500,3853.001403,False,1,True,True,True,False,False,False,False,False
39.189084,500,3854.178798,False,1,True,True,True,False,False,False,False,False
39.29749,500,3855.371835,False,1,True,True,True,False,False,False,False,False
-5.557478,500,3856.823103,False,1,True,False,False,False,False,False,False,False
-0.373641,500,3859.550242,False,1,True,True,True,False,False,False,False,False
48.764722,500,3860.828883,False,1,True,True,True,False,False,False,False,False
33.217786,500,3861.985304,False,1,True,True,True,False,False,False,False,False
33.49717,500,3863.17334,False,1,False,True,True,False,False,False,False,False
23.91597,500,3865.695195,False,1,True,True,True,False,False,False,False,False
-5.625375,500,3867.097111,False,1,True,False,False,False,False,False,False,False
36.662522,500,3868.296218,False,1,True,True,True,False,False,False,False,False
28.185708,500,3869.444819,False,1,True,True,True,False,False,False,False,False
27.266091,500,3872.431004,False,1,False,True,True,False,False,False,False,False
47.626045,500,3873.664824,False,1,True,True,True,False,False,False,False,False
-3.083373,500,3874.866415,False,1,False,True,True,False,False,False,False,False
36.019187,500,3876.202503,False,1,False,True,True,False,False,False,False,False
35.370833,500,3879.079933,False,1,False,True,True,False,False,False,False,False
31.798144,500,3880.211867,False,1,True,True,True,False,False,False,False,False
-20.960436,500,3881.36577,False,1,True,True,True,False,False,False,False,False
34.991838,500,3882.522661,False,1,False,True,True,False,False,False,False,False
26.61996,500,3885.370435,False,1,True,True,True,False,False,False,False,False
-5.878598,500,3886.535849,False,1,True,True,True,False,False,False,False,False
-8.040757,500,3887.703387,False,1,False,True,True,False,False,False,False,False
16.81582,500,3889.001642,False,1,False,True,False,False,False,False,False,False
33.739626,500,3891.567168,False,1,True,True,True,False,False,False,False,False
42.464978,500,3892.752141,False,1,True,True,True,False,False,False,False,False
30.394756,500,3893.918082,False,1,True,True,True,False,False,False,False,False
25.197152,500,3895.076319,False,1,True,True,True,False,False,False,False,False
19.287359,500,3897.993892,False,1,False,True,True,False,False,False,False,False
49.985924,500,3899.310323,False,1,True,True,True,False,False,False,False,False
34.33628,500,3900.472306,False,1,True,True,True,False,False,False,False,False
24.32234,500,3901.776845,False,1,False,True,True,False,False,False,False,False
41.017459,500,3904.369097,False,1,True,True,True,False,False,False,False,False
48.539783,500,3905.576789,False,1,True,True,True,False,False,False,False,False
41.783281,500,3906.861324,False,1,False,True,True,False,False,False,False,False
15.240576,500,3908.221388,False,1,False,True,False,False,False,False,False,False
33.542135,500,3910.856816,False,1,True,True,True,False,False,False,False,False
41.886098,500,3963.521436,False,1,True,True,True,False,False,False,False,False
47.713161,500,3964.779723,False,1,True,True,True,False,False,False,False,False
40.708283,500,3966.020147,False,1,False,True,True,False,False,False,False,False
32.556237,500,3967.151317,False,1,True,True,True,False,False,False,False,False
18.194678,500,3969.860795,False,1,True,True,False,False,False,False,False,False
48.141707,500,3971.111572,False,1,True,True,True,False,False,False,False,False
42.618666,500,3972.317645,False,1,True,True,True,False,False,False,False,False
21.754611,500,3973.462707,False,1,True,True,True,False,False,False,False,False
14.688551,500,3976.274513,False,1,False,True,False,False,False,False,False,False
25.454403,500,3977.595822,False,1,False,True,True,False,False,False,False,False
25.16973,500,3978.929263,False,1,False,True,True,False,False,False,False,False
49.809438,500,3980.12838,False,1,True,True,True,False,False,False,False,False
26.050965,500,3983.12565,False,1,True,True,True,False,False,False,False,False
27.080214,500,3984.276262,False,1,True,True,True,False,False,False,False,False
23.872811,500,3985.615273,False,1,False,True,True,False,False,False,False,False
38.421057,500,3986.824641,False,1,True,True,True,False,False,False,False,False
23.943032,500,3989.701011,False,1,False,True,True,False,False,False,False,False
27.548127,500,3990.810927,False,1,True,True,True,False,False,False,False,False
13.288918,500,3992.143215,False,1,False,True,False,False,False,False,False,False
17.34997,500,3993.456376,False,1,False,True,False,False,False,False,False,False
24.366628,500,3996.011794,False,1,False,True,True,False,False,False,False,False
20.117231,500,3997.31154,False,1,True,True,True,False,False,False,False,False
30.352991,500,3998.473685,False,1,True,True,True,False,False,False,False,False
42.680673,500,3999.655357,False,1,True,True,True,False,False,False,False,False
27.013851,500,4002.271126,False,1,True,True,True,False,False,False,False,False
40.719729,500,4003.861834,False,1,True,True,True,False,False,False,False,False
37.041465,500,4005.053469,False,1,True,True,True,False,False,False,False,False
24.192601,500,4006.483499,False,1,False,True,True,False,False,False,False,False
39.510493,500,4008.611406,False,1,True,True,True,False,False,False,False,False
40.028967,500,4009.764181,False,1,True,True,True,False,False,False,False,False
38.442813,500,4010.975441,False,1,False,True,True,False,False,False,False,False
42.386691,500,4012.158638,False,1,False,True,True,False,False,False,False,False
38.179924,500,4014.608918,False,1,True,True,True,False,False,False,False,False
34.334041,500,4015.80572,False,1,False,True,True,False,False,False,False,False
37.519849,500,4016.981097,False,1,False,True,True,False,False,False,False,False
24.574028,500,4018.136348,False,1,True,True,True,False,False,False,False,False
41.741445,500,4020.797602,False,1,False,True,True,False,False,False,False,False
19.156158,500,4021.936094,False,1,False,True,True,False,False,False,False,False
37.40272,500,4023.116961,False,1,True,True,True,False,False,False,False,False
22.788115,500,4024.275769,False,1,True,True,True,False,False,False,False,False
-7.15355,500,4027.110584,False,1,True,True,True,False,False,False,False,False
38.339437,500,4028.253791,False,1,True,True,True,False,False,False,False,False
24.620506,500,4029.544455,False,1,False,True,True,False,False,False,False,False
31.277949,500,4030.714484,False,1,False,True,True,False,False,False,False,False
34.770932,500,4031.87618,False,1,False,True,True,False,False,False,False,False
30.36456,500,4034.3514,False,1,False,True,True,False,False,False,False,False
34.434702,500,4035.517652,False,1,False,True,True,False,False,False,False,False
37.897001,500,4036.741307,False,1,False,True,True,False,False,False,False,False
32.437009,500,4037.928353,False,1,False,True,True,False,False,False,False,False
22.425782,500,4039.880949,False,1,False,True,True,False,False,False,False,False
32.455003,500,4092.549963,False,1,True,True,True,False,False,False,False,False
37.504153,500,4093.717253,False,1,True,True,True,False,False,False,False,False
47.008543,500,4094.91268,False,1,True,True,True,False,False,False,False,False
36.084137,500,4097.558433,False,1,True,True,True,False,False,False,False,False
32.321879,500,4098.684548,False,1,False,True,True,False,False,False,False,False
35.257907,500,4099.897063,False,1,True,True,True,False,False,False,False,False
22.61789,500,4101.047648,False,1,True,True,True,False,False,False,False,False
41.998311,500,4103.715408,False,1,True,True,True,False,False,False,False,False
42.158103,500,4105.114947,False,1,True,True,True,False,False,False,False,False
26.78689,500,4106.281598,False,1,True,True,True,False,False,False,False,False
32.734807,500,4107.452735,False,1,False,True,True,False,False,False,False,False
43.959784,500,4109.793313,False,1,True,True,True,False,False,False,False,False
37.386468,500,4111.128994,False,1,False,True,True,False,False,False,False,False
34.664937,500,4112.282281,False,1,False,True,True,False,False,False,False,False
31.835019,500,4113.43655,False,1,True,True,True,False,False,False,False,False
-15.730912,500,4115.969858,False,1,True,True,True,False,False,False,False,False
38.803411,500,4117.173426,False,1,True,True,True,False,False,False,False,False
28.77101,500,4118.342329,False,1,True,True,True,False,False,False,False,False
48.273616,500,4119.52848,False,1,True,True,True,False,False,False,False,False
36.943533,500,4122.074484,False,1,True,True,True,False,False,False,False,False
-16.159719,500,4123.256886,False,1,True,True,True,False,False,False,False,False
34.014899,500,4124.422554,False,1,True,True,True,False,False,False,False,False
36.097418,500,4125.592229,False,1,True,True,True,False,False,False,False,False
37.660807,500,4128.461517,False,1,True,True,True,False,False,False,False,False
37.964434,500,4129.661316,False,1,False,True,True,False,False,False,False,False
35.95055,500,4130.792797,False,1,True,True,True,False,False,False,False,False
23.799132,500,4131.936407,False,1,True,True,True,False,False,False,False,False
38.685224,500,4134.451623,False,1,True,True,True,False,False,False,False,False
45.729747,500,4135.667964,False,1,True,True,True,False,False,False,False,False
38.328337,500,4136.83795,False,1,True,True,True,False,False,False,False,False
22.487454,500,4137.965376,False,1,True,True,True,False,False,False,False,False
-12.220018,500,4140.658045,False,1,True,True,True,False,False,False,False,False
-10.032676,500,4141.837307,False,1,True,True,True,False,False,False,False,False
35.05248,500,4143.009714,False,1,True,True,True,False,False,False,False,False
25.516952,500,4144.16699,False,1,True,True,True,False,False,False,False,False
24.373948,500,4145.341321,False,1,False,True,True,False,False,False,False,False
40.049018,500,4148.25742,False,1,True,True,True,False,False,False,False,False
38.235184,500,4149.428427,False,1,True,True,True,False,False,False,False,False
44.907875,500,4150.649487,False,1,True,True,True,False,False,False,False,False
32.755063,500,4151.794422,False,1,True,True,True,False,False,False,False,False
-6.89011,500,4154.763897,False,1,True,False,False,False,False,False,False,False
39.961401,500,4155.91281,False,1,True,True,True,False,False,False,False,False
28.589053,500,4157.054496,False,1,False,True,True,False,False,False,False,False
26.720418,500,4158.297538,False,1,True,True,True,False,False,False,False,False
27.91453,500,4160.817844,False,1,True,True,True,False,False,False,False,False
-8.742756,500,4162.005248,False,1,True,True,True,False,False,False,False,False
46.9535,500,4163.2413,False,1,True,True,True,False,False,False,False,False
27.858296,500,4164.609087,False,1,True,True,True,False,False,False,False,False
-4.675093,500,4167.77948,False,1,True,False,False,False,False,False,False,False
41.300557,500,4168.965767,False,1,True,True,True,False,False,False,False,False
31.739265,500,4228.116409,False,1,True,True,True,False,False,False,False,False
45.473019,500,4229.360181,False,1,True,True,True,False,False,False,False,False
39.13915,500,4232.112742,False,1,True,True,True,False,False,False,False,False
-9.872665,500,4233.301384,False,1,True,True,True,False,False,False,False,False
40.280406,500,4234.464266,False,1,True,True,True,False,False,False,False,False
25.570363,500,4235.908298,False,1,True,True,True,False,False,False,False,False
40.23362,500,4239.008628,False,1,True,True,True,False,False,False,False,False
28.72663,500,4240.185806,False,1,True,True,True,False,False,False,False,False
29.508237,500,4241.513502,False,1,True,True,True,False,False,False,False,False
35.816086,500,4242.653422,False,1,True,True,True,False,False,False,False,False
43.350512,500,4245.390384,False,1,True,True,True,False,False,False,False,False
-11.508236,500,4246.595556,False,1,False,True,True,False,False,False,False,False
34.527209,500,4247.754351,False,1,True,True,True,False,False,False,False,False
27.547314,500,4249.060716,False,1,True,True,True,False,False,False,False,False
39.838571,500,4251.704645,False,1,True,True,True,False,False,False,False,False
41.838288,500,4253.03624,False,1,True,True,True,False,False,False,False,False
41.263753,500,4254.210813,False,1,True,True,True,False,False,False,False,False
27.599278,500,4255.390428,False,1,True,True,True,False,False,False,False,False
40.562666,500,4258.209561,False,1,True,True,True,False,False,False,False,False
29.038754,500,4259.566698,False,1,True,True,True,False,False,False,False,False
-16.906828,500,4260.74455,False,1,True,True,True,False,False,False,False,False
42.282756,500,4261.979182,False,1,True,True,True,False,False,False,False,False
34.727956,500,4264.675333,False,1,True,True,True,False,False,False,False,False
37.117964,500,4265.814862,False,1,True,True,True,False,False,False,False,False
41.132994,500,4267.16824,False,1,True,True,True,False,False,False,False,False
29.802536,500,4268.295378,False,1,False,True,True,False,False,False,False,False
42.570383,500,4270.981663,False,1,True,True,True,False,False,False,False,False
34.67404,500,4272.109711,False,1,True,True,True,False,False,False,False,False
24.131577,500,4273.441744,False,1,False,True,True,False,False,False,False,False
32.237465,500,4274.57267,False,1,True,True,True,False,False,False,False,False
-8.039538,500,4276.038003,False,1,True,False,False,False,False,False,False,False
29.823477,500,4278.634283,False,1,True,True,True,False,False,False,False,False
31.586669,500,4279.830716,False,1,False,True,True,False,False,False,False,False
19.313289,500,4281.003394,False,1,False,True,True,False,False,False,False,False
28.447392,500,4282.167255,False,1,True,True,True,False,False,False,False,False
46.346158,500,4285.197263,False,1,True,True,True,False,False,False,False,False
-5.64802,500,4286.619175,False,1,True,False,False,False,False,False,False,False
38.488749,500,4287.776065,False,1,True,True,True,False,False,False,False,False
-5.715443,500,4289.202676,False,1,True,False,False,False,False,False,False,False
33.436213,500,4291.744282,False,1,False,True,True,False,False,False,False,False
26.062334,500,4292.935671,False,1,True,True,True,False,False,False,False,False
26.591966,500,4294.079784,False,1,False,True,True,False,False,False,False,False
16.346445,500,4295.372016,False,1,True,True,False,False,False,False,False,False
38.393326,500,4298.127027,False,1,False,True,True,False,False,False,False,False
27.365951,500,4299.430804,False,1,True,True,True,False,False,False,False,False
33.439748,500,4300.585981,False,1,False,True,True,False,False,False,False,False
33.495943,500,4301.748627,False,1,False,True,True,False,False,False,False,False
32.198238,500,4304.74352,False,1,False,True,True,False,False,False,False,False
32.644318,500,4305.922906,False,1,True,True,True,False,False,False,False,False
38.474412,500,4307.234271,False,1,False,True,True,False,False,False,False,False
32.643681,500,4368.848004,False,1,False,True,True,False,False,False,False,False
26.94987,500,4371.065676,False,1,False,True,True,False,False,False,False,False
29.839293,500,4372.471867,False,1,True,True,True,False,False,False,False,False
22.210248,500,4373.82565,False,1,False,True,True,False,False,False,False,False
37.381747,500,4374.994151,False,1,False,True,True,False,False,False,False,False
34.533347,500,4377.54727,False,1,True,True,True,False,False,False,False,False
38.567613,500,4378.727792,False,1,False,True,True,False,False,False,False,False
26.079736,500,4379.843667,False,1,False,True,True,False,False,False,False,False
30.569353,500,4381.002078,False,1,False,True,True,False,False,False,False,False
26.514953,500,4383.603931,False,1,True,True,True,False,False,False,False,False
35.743157,500,4384.775878,False,1,True,True,True,False,False,False,False,False
42.952622,500,4386.080963,False,1,True,True,True,False,False,False,False,False
34.014659,500,4387.219413,False,1,True,True,True,False,False,False,False,False
18.836386,500,4390.353067,False,1,True,True,False,False,False,False,False,False
41.893738,500,4391.685494,False,1,True,True,True,False,False,False,False,False
21.319604,500,4392.841987,False,1,False,True,True,False,False,False,False,False
23.658067,500,4394.052006,False,1,False,True,True,False,False,False,False,False
15.346657,500,4396.832442,False,1,False,True,False,False,False,False,False,False
29.262853,500,4397.974169,False,1,False,True,True,False,False,False,False,False
33.34123,500,4399.11655,False,1,True,True,True,False,False,False,False,False
34.954777,500,4400.288689,False,1,True,True,True,False,False,False,False,False
40.326761,500,4401.474085,False,1,True,True,True,False,False,False,False,False
33.067512,500,4404.255077,False,1,True,True,True,False,False,False,False,False
24.577653,500,4405.580681,False,1,False,True,True,False,False,False,False,False
24.564453,500,4406.924624,False,1,False,True,True,False,False,False,False,False
-6.950703,500,4408.332364,False,1,True,False,False,False,False,False,False,False
33.035448,500,4411.271262,False,1,True,True,True,False,False,False,False,False
40.160385,500,4412.545423,False,1,True,True,True,False,False,False,False,False
17.279334,500,4413.86143,False,1,True,True,False,False,False,False,False,False
42.564487,500,4415.150867,False,1,True,True,True,False,False,False,False,False
40.583036,500,4417.733185,False,1,True,True,True,False,False,False,False,False
28.508636,500,4419.076382,False,1,True,True,True,False,False,False,False,False
20.271074,500,4420.223111,False,1,False,True,True,False,False,False,False,False
-26.372474,500,4421.414709,False,1,False,True,True,False,False,False,False,False
31.349643,500,4424.115204,False,1,True,True,True,False,False,False,False,False
37.688111,500,4425.424471,False,1,False,True,True,False,False,False,False,False
34.553916,500,4426.570325,False,1,True,True,True,False,False,False,False,False
35.524365,500,4427.728197,False,1,True,True,True,False,False,False,False,False
41.376829,500,4430.482048,False,1,True,True,True,False,False,False,False,False
32.466444,500,4431.631613,False,1,True,True,True,False,False,False,False,False
11.961571,500,4432.943393,False,1,False,True,False,False,False,False,False,False
27.568473,500,4434.232917,False,1,False,True,True,False,False,False,False,False
37.847507,500,4436.797073,False,1,True,True,True,False,False,False,False,False
30.258735,500,4437.962828,False,1,True,True,True,False,False,False,False,False
32.163714,500,4439.110228,False,1,True,True,True,False,False,False,False,False
30.081398,500,4440.457562,False,1,True,True,True,False,False,False,False,False
46.662849,500,4443.115323,False,1,True,True,True,False,False,False,False,False
19.318959,500,4444.416205,False,1,True,True,False,False,False,False,False,False
35.447444,500,4445.556888,False,1,True,True,True,False,False,False,False,False
21.175065,500,4446.846171,False,1,True,True,False,False,False,False,False,False
35.705685,500,4508.925778,False,1,True,True,True,False,False,False,False,False
26.430488,500,4510.109415,False,1,False,True,True,False,False,False,False,False
-8.750556,500,4511.520979,False,1,True,False,False,False,False,False,False,False
42.09364,500,4512.689907,False,1,True,True,True,False,False,False,False,False
45.042942,500,4515.543149,False,1,True,True,True,False,False,False,False,False
-5.946539,500,4516.878793,False,1,True,False,False,False,False,False,False,False
35.250727,500,4518.029282,False,1,True,True,True,False,False,False,False,False
39.10936,500,4519.163143,False,1,True,True,True,False,False,False,False,False
-10.709981,500,4522.188838,False,1,True,False,False,False,False,False,False,False
36.819395,500,4523.351459,False,1,True,True,True,False,False,False,False,False
38.357145,500,4524.536656,False,1,True,True,True,False,False,False,False,False
37.779242,500,4525.727922,False,1,True,True,True,False,False,False,False,False
45.805239,500,4528.365448,False,1,True,True,True,False,False,False,False,False
41.15952,500,4529.527518,False,1,True,True,True,False,False,False,False,False
40.409084,500,4530.857261,False,1,True,True,True,False,False,False,False,False
29.995078,500,4532.001882,False,1,True,True,True,False,False,False,False,False
47.221422,500,4533.335765,False,1,True,True,True,False,False,False,False,False
42.294743,500,4536.090378,False,1,True,True,True,False,False,False,False,False
41.063579,500,4537.262051,False,1,True,True,True,False,False,False,False,False
40.770706,500,4538.414191,False,1,True,True,True,False,False,False,False,False
27.611861,500,4539.705869,False,1,True,True,True,False,False,False,False,False
48.147483,500,4542.899624,False,1,True,True,True,False,False,False,False,False
32.89765,500,4544.038256,False,1,True,True,True,False,False,False,False,False
33.981185,500,4545.200627,False,1,True,True,True,False,False,False,False,False
28.686941,500,4546.336261,False,1,False,True,True,False,False,False,False,False
-6.2437,500,4549.090451,False,1,True,False,False,False,False,False,False,False
21.479,500,4550.267781,False,1,True,True,False,False,False,False,False,False
27.296715,500,4551.434324,False,1,False,True,True,False,False,False,False,False
41.621441,500,4552.609486,False,1,True,True,True,False,False,False,False,False
40.271936,500,4555.022228,False,1,True,True,True,False,False,False,False,False
37.379035,500,4556.154729,False,1,True,True,True,False,False,False,False,False
38.691657,500,4557.295697,False,1,True,True,True,False,False,False,False,False
37.278702,500,4558.525052,False,1,False,True,True,False,False,False,False,False
41.462702,500,4560.955661,False,1,True,True,True,False,False,False,False,False
32.216862,500,4562.107442,False,1,True,True,True,False,False,False,False,False
31.30814,500,4563.293234,False,1,True,True,True,False,False,False,False,False
50.114273,500,4564.618291,False,1,True,True,True,False,False,False,False,False
43.394513,500,4567.132043,False,1,True,True,True,False,False,False,False,False
43.796481,500,4568.27787,False,1,True,True,True,False,False,False,False,False
39.452692,500,4569.449807,False,1,True,True,True,False,False,False,False,False
29.888558,500,4570.758558,False,1,True,True,True,False,False,False,False,False
34.467728,500,4573.426107,False,1,True,True,True,False,False,False,False,False
28.49598,500,4574.718193,False,1,True,True,True,False,False,False,False,False
35.775282,500,4575.995774,False,1,True,True,True,False,False,False,False,False
40.344207,500,4577.149615,False,1,True,True,True,False,False,False,False,False
-9.106957,500,4580.212057,False,1,True,False,False,False,False,False,False,False
27.724461,500,4581.376726,False,1,True,True,True,False,False,False,False,False
-9.521808,500,4582.870297,False,1,True,False,False,False,False,False,False,False
-1.459941,500,4584.296167,False,1,True,False,False,False,False,False,False,False
-4.849259,500,4587.280756,False,1,True,False,False,False,False,False,False,False
42.035188,500,4638.66489,False,1,True,True,True,False,False,False,False,False
32.994171,500,4639.805156,False,1,True,True,True,False,False,False,False,False
34.809393,500,4641.098639,False,1,True,True,True,False,False,False,False,False
35.041498,500,4643.977714,False,1,True,True,True,False,False,False,False,False
21.915482,500,4645.160105,False,1,False,True,True,False,False,False,False,False
39.692769,500,4646.325531,False,1,True,True,True,False,False,False,False,False
38.531751,500,4647.488864,False,1,True,True,True,False,False,False,False,False
-3.978357,500,4648.951773,False,1,True,False,False,False,False,False,False,False
38.648249,500,4651.763398,False,1,True,True,True,False,False,False,False,False
40.608261,500,4652.895532,False,1,True,True,True,False,False,False,False,False
27.436337,500,4654.199075,False,1,True,True,True,False,False,False,False,False
45.595463,500,4655.527618,False,1,True,True,True,False,False,False,False,False
34.522255,500,4658.1193,False,1,True,True,True,False,False,False,False,False
32.829539,500,4659.270479,False,1,True,True,True,False,False,False,False,False
32.389322,500,4660.394082,False,1,True,True,True,False,False,False,False,False
32.292009,500,4661.519762,False,1,True,True,True,False,False,False,False,False
-4.023734,500,4664.6255,False,1,True,False,False,False,False,False,False,False
43.068454,500,4665.830743,False,1,True,True,True,False,False,False,False,False
32.412389,500,4666.99995,False,1,True,True,True,False,False,False,False,False
-5.28315,500,4668.418951,False,1,True,False,False,False,False,False,False,False
22.422803,500,4671.115446,False,1,True,True,False,False,False,False,False,False
43.008222,500,4672.476294,False,1,True,True,True,False,False,False,False,False
31.489516,500,4673.62329,False,1,True,True,True,False,False,False,False,False
16.652669,500,4674.921828,False,1,False,True,False,False,False,False,False,False
26.191195,500,4677.586605,False,1,True,True,True,False,False,False,False,False
-4.35374,500,4679.039312,False,1,True,False,False,False,False,False,False,False
35.887572,500,4680.160919,False,1,True,True,True,False,False,False,False,False
34.680089,500,4681.293488,False,1,True,True,True,False,False,False,False,False
42.056209,500,4684.180861,False,1,True,True,True,False,False,False,False,False
29.236183,500,4685.523815,False,1,True,True,True,False,False,False,False,False
30.758379,500,4686.869382,False,1,True,True,True,False,False,False,False,False
43.49604,500,4688.186162,False,1,True,True,True,False,False,False,False,False
31.721057,500,4690.764686,False,1,True,True,True,False,False,False,False,False
41.837059,500,4691.893183,False,1,True,True,True,False,False,False,False,False
3.43357,500,4693.155306,False,1,True,True,True,False,False,False,False,False
37.21952,500,4694.292112,False,1,True,True,True,False,False,False,False,False
36.272989,500,4696.960056,False,1,True,True,True,False,False,False,False,False
43.548552,500,4698.141609,False,1,True,True,True,False,False,False,False,False
45.952135,500,4699.72119,False,1,True,True,True,False,False,False,False,False
27.689837,500,4700.88424,False,1,True,True,True,False,False,False,False,False
31.852234,500,4703.818381,False,1,True,True,True,False,False,False,False,False
29.595982,500,4704.984553,False,1,True,True,True,False,False,False,False,False
39.281247,500,4706.145375,False,1,True,True,True,False,False,False,False,False
41.225765,500,4707.319627,False,1,True,True,True,False,False,False,False,False
21.932114,500,4709.851302,False,1,True,True,False,False,False,False,False,False
43.144512,500,4711.131255,False,1,True,True,True,False,False,False,False,False
27.376158,500,4712.253331,False,1,True,True,True,False,False,False,False,False
-2.703168,500,4713.617391,False,1,True,False,False,False,False,False,False,False
23.899042,500,4716.248042,False,1,True,True,False,False,False,False,False,False
39.462143,500,4717.397814,False,1,True,True,True,False,False,False,False,False
30.230881,500,4777.516206,False,1,True,True,True,False,False,False,False,False
41.546257,500,4778.65875,False,1,True,True,True,False,False,False,False,False
31.981848,500,4779.949999,False,1,True,True,True,False,False,False,False,False
24.893267,500,4783.131369,False,1,False,True,True,False,False,False,False,False
35.257989,500,4784.271862,False,1,True,True,True,False,False,False,False,False
-1.305213,500,4785.612123,False,1,True,False,False,False,False,False,False,False
30.476919,500,4786.930597,False,1,True,True,True,False,False,False,False,False
36.095657,500,4789.830572,False,1,True,True,True,False,False,False,False,False
40.462519,500,4791.009311,False,1,True,True,True,False,False,False,False,False
36.614085,500,4792.236674,False,1,True,True,True,False,False,False,False,False
33.32085,500,4793.413958,False,1,True,True,True,False,False,False,False,False
40.68273,500,4796.244473,False,1,True,True,True,False,False,False,False,False
45.994844,500,4797.550493,False,1,True,True,True,False,False,False,False,False
37.775002,500,4798.691582,False,1,True,True,True,False,False,False,False,False
43.241285,500,4799.859634,False,1,True,True,True,False,False,False,False,False
38.211411,500,4802.721632,False,1,True,True,True,False,False,False,False,False
28.76739,500,4803.83825,False,1,True,True,True,False,False,False,False,False
30.371428,500,4805.058283,False,1,True,True,True,False,False,False,False,False
42.275719,500,4806.214407,False,1,True,True,True,False,False,False,False,False
37.261189,500,4808.605716,False,1,True,True,True,False,False,False,False,False
46.987964,500,4809.982974,False,1,True,True,True,False,False,False,False,False
45.744204,500,4811.351457,False,1,True,True,True,False,False,False,False,False
29.690105,500,4812.62725,False,1,True,True,True,False,False,False,False,False
42.357474,500,4815.710483,False,1,True,True,True,False,False,False,False,False
36.843092,500,4816.898902,False,1,True,True,True,False,False,False,False,False
39.671713,500,4818.074307,False,1,True,True,True,False,False,False,False,False
30.004486,500,4819.221281,False,1,True,True,True,False,False,False,False,False
29.346186,500,4821.730432,False,1,True,True,True,False,False,False,False,False
27.443774,500,4822.858607,False,1,True,True,True,False,False,False,False,False
33.071957,500,4824.127626,False,1,True,True,True,False,False,False,False,False
25.273037,500,4825.246359,False,1,False,True,True,False,False,False,False,False
38.394224,500,4827.698616,False,1,True,True,True,False,False,False,False,False
43.160429,500,4828.83881,False,1,True,True,True,False,False,False,False,False
28.706077,500,4829.980399,False,1,True,True,True,False,False,False,False,False
-2.859998,500,4831.336544,False,1,True,False,False,False,False,False,False,False
34.98424,500,4834.234684,False,1,True,True,True,False,False,False,False,False
41.009572,500,4835.416266,False,1,True,True,True,False,False,False,False,False
39.469542,500,4836.58377,False,1,True,True,True,False,False,False,False,False
42.055196,500,4837.749288,False,1,True,True,True,False,False,False,False,False
37.946892,500,4840.874108,False,1,True,True,True,False,False,False,False,False
36.851674,500,4842.067578,False,1,True,True,True,False,False,False,False,False
-1.934435,500,4843.375668,False,1,True,False,False,False,False,False,False,False
22.36636,500,4844.633714,False,1,True,True,True,False,False,False,False,False
40.449029,500,4845.78788,False,1,True,True,True,False,False,False,False,False
43.1766,500,4848.316637,False,1,True,True,True,False,False,False,False,False
38.35467,500,4849.442756,False,1,True,True,True,False,False,False,False,False
28.102899,500,4850.591635,False,1,False,True,True,False,False,False,False,False
37.783252,500,4851.747406,False,1,False,True,True,False,False,False,False,False
37.700812,500,4854.182366,False,1,True,True,True,False,False,False,False,False
46.783055,500,4855.509347,False,1,True,True,True,False,False,False,False,False
37.936905,500,4913.900424,False,1,True,True,True,False,False,False,False,False
43.04813,500,4915.256624,False,1,True,True,True,False,False,False,False,False
28.305908,500,4918.069348,False,1,True,True,True,False,False,False,False,False
29.66468,500,4919.205248,False,1,False,True,True,False,False,False,False,False
-0.322846,500,4920.513268,False,1,True,False,False,False,False,False,False,False
42.082949,500,4921.65208,False,1,True,True,True,False,False,False,False,False
33.649094,500,4924.152494,False,1,True,True,True,False,False,False,False,False
41.154669,500,4925.297792,False,1,True,True,True,False,False,False,False,False
37.062323,500,4926.431824,False,1,True,True,True,False,False,False,False,False
38.870775,500,4927.626004,False,1,True,True,True,False,False,False,False,False
35.124951,500,4930.266737,False,1,True,True,True,False,False,False,False,False
10.003733,500,4931.549527,False,1,True,True,True,False,False,False,False,False
45.071261,500,4932.987892,False,1,True,True,True,False,False,False,False,False
31.190302,500,4934.147575,False,1,True,True,True,False,False,False,False,False
43.138016,500,4937.164952,False,1,True,True,True,False,False,False,False,False
38.811706,500,4938.334487,False,1,True,True,True,False,False,False,False,False
39.928264,500,4939.460328,False,1,True,True,True,False,False,False,False,False
28.060244,500,4940.710302,False,1,True,True,True,False,False,False,False,False
38.669868,500,4943.220205,False,1,True,True,True,False,False,False,False,False
41.232036,500,4944.532865,False,1,True,True,True,False,False,False,False,False
30.772469,500,4945.681166,False,1,True,True,True,False,False,False,False,False
40.180882,500,4947.05746,False,1,True,True,True,False,False,False,False,False
44.237644,500,4950.081517,False,1,True,True,True,False,False,False,False,False
37.745822,500,4951.472218,False,1,False,True,True,False,False,False,False,False
16.096941,500,4952.796462,False,1,True,True,True,False,False,False,False,False
-1.583353,500,4954.170552,False,1,True,False,False,False,False,False,False,False
34.76738,500,4957.051174,False,1,True,True,True,False,False,False,False,False
41.974781,500,4958.425739,False,1,True,True,True,False,False,False,False,False
20.404102,500,4959.614583,False,1,False,True,True,False,False,False,False,False
37.796605,500,4960.766408,False,1,True,True,True,False,False,False,False,False
42.891006,500,4963.341545,False,1,True,True,True,False,False,False,False,False
35.960506,500,4964.492337,False,1,True,True,True,False,False,False,False,False
37.370845,500,4965.664032,False,1,True,True,True,False,False,False,False,False
32.154629,500,4966.798416,False,1,True,True,True,False,False,False,False,False
29.211403,500,4967.945801,False,1,True,True,True,False,False,False,False,False
38.440413,500,4970.473807,False,1,True,True,True,False,False,False,False,False
48.324376,500,4971.874411,False,1,True,True,True,False,False,False,False,False
34.157257,500,4973.014216,False,1,True,True,True,False,False,False,False,False
25.550835,500,4974.147007,False,1,False,True,True,False,False,False,False,False
33.70264,500,4976.878053,False,1,True,True,True,False,False,False,False,False
34.720066,500,4978.011315,False,1,True,True,True,False,False,False,False,False
18.639514,500,4979.243286,False,1,True,True,False,False,False,False,False,False
43.048176,500,4980.440397,False,1,True,True,True,False,False,False,False,False
34.478841,500,4983.30388,False,1,True,True,True,False,False,False,False,False
51.206157,500,4984.59075,False,1,True,True,True,False,False,False,False,False
29.185466,500,4985.861413,False,1,True,True,True,False,False,False,False,False
40.922179,500,4987.012452,False,1,True,True,True,False,False,False,False,False
44.276502,500,4989.807317,False,1,True,True,True,False,False,False,False,False
-2.493963,500,4991.077809,False,1,True,False,False,False,False,False,False,False
14.99936,500,4992.395093,False,1,True,True,True,False,False,False,False,False
31.823415,500,5055.941387,False,1,True,True,True,False,False,False,False,False
-1.146016,500,5058.94973,False,1,True,False,False,False,False,False,False,False
-1.850623,500,5060.256833,False,1,True,False,False,False,False,False,False,False
-0.401779,500,5061.607967,False,1,True,False,False,False,False,False,False,False
28.118214,500,5062.866641,False,1,True,True,True,False,False,False,False,False
18.475695,500,5065.782187,False,1,True,True,False,False,False,False,False,False
18.203986,500,5067.14079,False,1,True,True,True,False,False,False,False,False
-0.923384,500,5068.475566,False,1,True,False,False,False,False,False,False,False
36.932814,500,5069.593432,False,1,True,True,True,False,False,False,False,False
50.275028,500,5072.664139,False,1,True,True,True,False,False,False,False,False
-2.824349,500,5074.11654,False,1,True,False,False,False,False,False,False,False
29.061269,500,5075.281239,False,1,True,True,True,False,False,False,False,False
14.332063,500,5076.603672,False,1,True,True,True,False,False,False,False,False
26.641929,500,5079.389523,False,1,True,True,True,False,False,False,False,False
-2.809281,500,5080.831484,False,1,True,False,False,False,False,False,False,False
35.14599,500,5081.95589,False,1,True,True,True,False,False,False,False,False
30.678343,500,5083.18408,False,1,True,True,True,False,False,False,False,False
43.569606,500,5085.930419,False,1,True,True,True,False,False,False,False,False
24.4662,500,5087.095523,False,1,True,True,True,False,False,False,False,False
34.447438,500,5088.299861,False,1,True,True,True,False,False,False,False,False
28.426986,500,5089.466427,False,1,True,True,True,False,False,False,False,False
37.821909,500,5091.88103,False,1,True,True,True,False,False,False,False,False
43.932717,500,5093.173598,False,1,True,True,True,False,False,False,False,False
21.010131,500,5094.471151,False,1,True,True,False,False,False,False,False,False
32.208902,500,5095.623377,False,1,False,True,True,False,False,False,False,False
50.863288,500,5098.865253,False,1,True,True,True,False,False,False,False,False
41.184501,500,5100.100742,False,1,True,True,True,False,False,False,False,False
44.79675,500,5101.448768,False,1,True,True,True,False,False,False,False,False
27.444768,500,5102.747085,False,1,True,True,True,False,False,False,False,False
49.117026,500,5104.108577,False,1,True,True,True,False,False,False,False,False
47.006828,500,5107.215121,False,1,True,True,True,False,False,False,False,False
37.314839,500,5108.364018,False,1,True,True,True,False,False,False,False,False
35.518833,500,5109.702486,False,1,True,True,True,False,False,False,False,False
43.879312,500,5110.881665,False,1,True,True,True,False,False,False,False,False
42.925018,500,5113.650319,False,1,True,True,True,False,False,False,False,False
31.64298,500,5114.821637,False,1,True,True,True,False,False,False,False,False
33.837177,500,5115.970024,False,1,True,True,True,False,False,False,False,False
33.851433,500,5117.279396,False,1,True,True,True,False,False,False,False,False
41.890864,500,5120.504905,False,1,True,True,True,False,False,False,False,False
46.435792,500,5121.917032,False,1,True,True,True,False,False,False,False,False
26.837014,500,5123.18293,False,1,True,True,True,False,False,False,False,False
47.529299,500,5124.570253,False,1,True,True,True,False,False,False,False,False
23.958652,500,5127.06146,False,1,True,True,True,False,False,False,False,False
47.188231,500,5128.697896,False,1,True,True,True,False,False,False,False,False
40.706127,500,5129.913725,False,1,True,True,True,False,False,False,False,False
32.125762,500,5131.07134,False,1,True,True,True,False,False,False,False,False
-1.186853,500,5133.671763,False,1,True,False,False,False,False,False,False,False
40.745608,500,5134.904149,False,1,True,True,True,False,False,False,False,False
4.881626,500,5136.231357,False,1,True,True,True,False,False,False,False,False
35.532323,500,5137.403556,False,1,True,True,True,False,False,False,False,False
34.463017,500,5200.9691,False,1,True,True,True,False,False,False,False,False
25.73208,500,5202.236255,False,1,False,True,True,False,False,False,False,False
34.838447,500,5203.451071,False,1,True,True,True,False,False,False,False,False
32.661291,500,5204.761763,False,1,True,True,True,False,False,False,False,False
14.520351,500,5207.473846,False,1,False,True,False,False,False,False,False,False
43.549185,500,5208.711699,False,1,True,True,True,False,False,False,False,False
-1.012173,500,5210.028113,False,1,True,False,False,False,False,False,False,False
40.348389,500,5211.255523,False,1,True,True,True,False,False,False,False,False
27.969088,500,5214.14073,False,1,True,True,True,False,False,False,False,False
41.090049,500,5215.395673,False,1,True,True,True,False,False,False,False,False
49.257052,500,5216.772139,False,1,True,True,True,False,False,False,False,False
35.54731,500,5218.015636,False,1,True,True,True,False,False,False,False,False
44.805767,500,5220.978859,False,1,True,True,True,False,False,False,False,False
25.25983,500,5222.299242,False,1,True,True,True,False,False,False,False,False
-1.802717,500,5223.645815,False,1,True,False,False,False,False,False,False,False
25.417619,500,5224.783538,False,1,False,True,True,False,False,False,False,False
42.858871,500,5227.217389,False,1,True,True,True,False,False,False,False,False
-4.757112,500,5228.521055,False,1,True,True,True,False,False,False,False,False
33.296849,500,5229.647069,False,1,True,True,True,False,False,False,False,False
24.696551,500,5230.757784,False,1,True,True,False,False,False,False,False,False
40.904567,500,5231.981039,False,1,True,True,True,False,False,False,False,False
40.419318,500,5234.650074,False,1,True,True,True,False,False,False,False,False
33.383052,500,5236.039183,False,1,True,True,True,False,False,False,False,False
21.794059,500,5237.35813,False,1,True,True,True,False,False,False,False,False
39.46488,500,5238.510079,False,1,True,True,True,False,False,False,False,False
29.751408,500,5240.987202,False,1,True,True,True,False,False,False,False,False
18.964453,500,5242.327193,False,1,True,True,True,False,False,False,False,False
25.227347,500,5243.568403,False,1,True,True,True,False,False,False,False,False
32.154828,500,5244.719707,False,1,True,True,True,False,False,False,False,False
31.761865,500,5247.489848,False,1,True,True,True,False,False,False,False,False
43.004862,500,5248.813372,False,1,True,True,True,False,False,False,False,False
40.297234,500,5250.060566,False,1,True,True,True,False,False,False,False,False
13.092853,500,5251.313574,False,1,True,True,False,False,False,False,False,False
29.2591,500,5254.050908,False,1,True,True,True,False,False,False,False,False
41.099878,500,5255.205945,False,1,True,True,True,False,False,False,False,False
37.981538,500,5256.337559,False,1,True,True,True,False,False,False,False,False
19.388137,500,5257.654626,False,1,True,True,True,False,False,False,False,False
30.161624,500,5260.552172,False,1,False,True,True,False,False,False,False,False
41.712536,500,5261.748408,False,1,True,True,True,False,False,False,False,False
41.631937,500,5263.077502,False,1,True,True,True,False,False,False,False,False
37.604912,500,5264.340481,False,1,True,True,True,False,False,False,False,False
44.532425,500,5266.891405,False,1,True,True,True,False,False,False,False,False
24.17456,500,5268.030247,False,1,True,True,True,False,False,False,False,False
35.563411,500,5269.16166,False,1,True,True,True,False,False,False,False,False
42.597853,500,5270.520452,False,1,True,True,True,False,False,False,False,False
31.333446,500,5272.97404,False,1,True,True,True,False,False,False,False,False
30.328574,500,5274.119647,False,1,True,True,True,False,False,False,False,False
23.988576,500,5275.384649,False,1,False,True,True,False,False,False,False,False
40.553173,500,5276.608296,False,1,True,True,True,False,False,False,False,False
44.140203,500,5279.526023,False,1,True,True,True,False,False,False,False,False
11.678126,500,5329.334316,False,1,False,True,True,False,False,False,False,False
38.360066,500,5330.457384,False,1,True,True,True,False,False,False,False,False
41.576731,500,5331.809428,False,1,True,True,True,False,False,False,False,False
39.066656,500,5334.794566,False,1,True,True,True,False,False,False,False,False
31.852607,500,5335.962798,False,1,True,True,True,False,False,False,False,False
26.08611,500,5337.180807,False,1,False,True,True,False,False,False,False,False
27.124412,500,5338.439512,False,1,False,True,True,False,False,False,False,False
42.762907,500,5341.355835,False,1,True,True,True,False,False,False,False,False
26.464843,500,5342.556066,False,1,True,True,True,False,False,False,False,False
47.689302,500,5343.896055,False,1,True,True,True,False,False,False,False,False
40.461558,500,5345.048773,False,1,True,True,True,False,False,False,False,False
27.55957,500,5347.655919,False,1,True,True,True,False,False,False,False,False
29.194182,500,5348.857279,False,1,True,True,True,False,False,False,False,False
20.421261,500,5350.057323,False,1,False,True,True,False,False,False,False,False
30.109561,500,5351.200359,False,1,True,True,True,False,False,False,False,False
27.662291,500,5352.36817,False,1,False,True,True,False,False,False,False,False
29.266839,500,5355.159641,False,1,True,True,True,False,False,False,False,False
9.620617,500,5356.464625,False,1,True,True,True,False,False,False,False,False
41.712395,500,5357.61395,False,1,True,True,True,False,False,False,False,False
29.69947,500,5358.857687,False,1,True,True,True,False,False,False,False,False
30.701175,500,5361.770375,False,1,True,True,True,False,False,False,False,False
28.869258,500,5363.040052,False,1,True,True,True,False,False,False,False,False
30.257881,500,5364.179525,False,1,True,True,True,False,False,False,False,False
-4.314603,500,5365.481337,False,1,True,False,False,False,False,False,False,False
31.699979,500,5368.093593,False,1,True,True,True,False,False,False,False,False
43.384181,500,5369.233327,False,1,True,True,True,False,False,False,False,False
38.987872,500,5370.368635,False,1,True,True,True,False,False,False,False,False
34.853065,500,5371.553906,False,1,True,True,True,False,False,False,False,False
28.588979,500,5374.172107,False,1,True,True,True,False,False,False,False,False
40.890279,500,5375.321951,False,1,True,True,True,False,False,False,False,False
41.984862,500,5376.600318,False,1,True,True,True,False,False,False,False,False
-4.45473,500,5377.962327,False,1,True,False,False,False,False,False,False,False
-6.563619,500,5381.116273,False,1,True,False,False,False,False,False,False,False
36.717172,500,5382.425994,False,1,True,True,True,False,False,False,False,False
27.507478,500,5383.682428,False,1,True,True,True,False,False,False,False,False
45.665577,500,5385.111207,False,1,True,True,True,False,False,False,False,False
39.883776,500,5387.864847,False,1,True,True,True,False,False,False,False,False
33.430047,500,5389.017369,False,1,True,True,True,False,False,False,False,False
32.97008,500,5390.213471,False,1,True,True,True,False,False,False,False,False
42.603527,500,5391.460919,False,1,True,True,True,False,False,False,False,False
-1.660751,500,5394.527578,False,1,True,False,False,False,False,False,False,False
29.686144,500,5395.743962,False,1,True,True,True,False,False,False,False,False
25.424014,500,5397.013294,False,1,False,True,True,False,False,False,False,False
39.314992,500,5398.159318,False,1,True,True,True,False,False,False,False,False
35.270358,500,5401.147891,False,1,True,True,True,False,False,False,False,False
36.452101,500,5402.407516,False,1,True,True,True,False,False,False,False,False
18.459226,500,5403.566831,False,1,True,True,False,False,False,False,False,False
42.338619,500,5404.849457,False,1,True,True,True,False,False,False,False,False
30.981899,500,5407.421041,False,1,True,True,True,False,False,False,False,False
27.749258,500,5408.657665,False,1,True,True,True,False,False,False,False,False
