rollout/ep_len_mean,time/time_elapsed,time/fps,time/iterations,rollout/ep_rew_mean,time/total_timesteps,rollout/success_rate,train/entropy_loss,train/approx_kl,train/policy_gradient_loss,train/explained_variance,train/loss,train/value_loss,train/learning_rate,train/clip_range,train/clip_fraction,train/n_updates,train/std
500.0,4,473,1,-3.04174375,2048,0.0,,,,,,,,,,,
500.0,9,409,2,-3.343507625,4096,0.0,-0.20037706792354584,0.022269797,-0.023047545552253725,0.0693090558052063,0.09465668350458145,0.2830009423196316,0.0001,0.2,0.23974609375,5,0.25036731362342834
500.0,15,393,3,-2.0581523333333336,6144,0.0,-0.20890437364578246,0.01619133,-0.017126341263065115,-0.04966402053833008,0.06436832249164581,0.2312276441603899,0.0001,0.2,0.1775390625,10,0.2507582902908325
500.0,21,383,4,-1.2673419999999997,8192,0.0,-0.21638567745685577,0.01985703,-0.01603268152102828,0.6731476783752441,0.08800667524337769,0.25213177539408205,0.0001,0.2,0.18203125,15,0.25091552734375
500.0,27,378,5,-0.7763203999999997,10240,0.0,-0.21866148412227632,0.01366923,-0.012580256070941686,0.38644134998321533,0.11483684927225113,0.3700600415468216,0.0001,0.2,0.13876953125,20,0.25099724531173706
500.0,32,373,6,-0.29266374999999994,12288,0.0,-0.22102104723453522,0.015363922,-0.01402676203288138,0.7076508402824402,0.13628393411636353,0.3949625350534916,0.0001,0.2,0.1810546875,25,0.2511026859283447
500.0,38,368,7,0.5015480714285715,14336,0.0,-0.22398615181446074,0.014986818,-0.012462507945019751,0.5489012002944946,0.3618937134742737,0.8852667942643165,0.0001,0.2,0.12568359375,30,0.25124266743659973
500.0,44,365,8,1.0386386250000001,16384,0.0,-0.22735577821731567,0.016224198,-0.014923847292084246,0.7926740050315857,0.14623494446277618,0.5827299788594246,0.0001,0.2,0.1650390625,35,0.2513924539089203
500.0,50,362,9,1.4881816944444448,18432,0.0,-0.23095569908618926,0.016239107,-0.017768076807260513,0.7773295640945435,0.26151299476623535,0.5217005901038647,0.0001,0.2,0.18173828125,40,0.25153693556785583
500.0,56,360,10,1.79498925,20480,0.0,-0.23263566493988036,0.012082003,-0.007855425926391036,0.7531609535217285,0.17599163949489594,0.5978277355432511,0.0001,0.2,0.11728515625,45,0.2515195906162262
500.0,62,358,11,2.0949617999999997,22528,0.0,-0.23286486566066741,0.015810624,-0.011553387821186334,0.8819879293441772,0.22766432166099548,0.6564434066414833,0.0001,0.2,0.1544921875,50,0.25157222151756287
500.0,68,356,12,2.197782673469388,24576,0.0,-0.23494403958320617,0.013769381,-0.012298544007353484,0.914638876914978,0.16935227811336517,0.5748121701180935,0.0001,0.2,0.14375,55,0.2516961991786957
500.0,74,355,13,2.3224896226415095,26624,0.0,-0.23754380345344545,0.013597922,-0.01432892121374607,0.944732666015625,0.1208898201584816,0.4448003936558962,0.0001,0.2,0.13212890625,60,0.2517911493778229
500.0,80,353,14,2.5475673684210527,28672,0.0,-0.23980544209480287,0.013573205,-0.012049687060061843,0.9780000448226929,0.11293743550777435,0.40840486362576484,0.0001,0.2,0.144140625,65,0.25186774134635925
500.0,87,352,15,2.8539180327868854,30720,0.0,-0.24017854630947114,0.012650503,-0.012300553382374346,0.9845271110534668,0.08733759075403214,0.23416768014431,0.0001,0.2,0.13916015625,70,0.2518588602542877
500.0,93,351,16,3.1060484923076928,32768,0.0,-0.24185749292373657,0.012089489,-0.011279435362666845,0.9777913093566895,0.09463338553905487,0.29783974550664427,0.0001,0.2,0.14384765625,75,0.25201356410980225
500.0,99,351,17,3.2189054782608695,34816,0.0,-0.2446885883808136,0.013518313,-0.01498253580648452,0.9851496815681458,0.0795515775680542,0.2051140408962965,0.0001,0.2,0.12626953125,80,0.25204041600227356
500.0,105,350,18,3.3416425479452054,36864,0.0,-0.24526839554309846,0.017283801,-0.018049970793072134,0.9692550301551819,0.09600549936294556,0.36357058510184287,0.0001,0.2,0.13740234375,85,0.25209686160087585
500.0,111,350,19,3.3466534675324677,38912,0.0,-0.24581249058246613,0.014152512,-0.011944279307499528,0.9645792841911316,0.08462550491094589,0.23440846167504786,0.0001,0.2,0.1314453125,90,0.25207892060279846
500.0,116,350,20,3.4085727777777772,40960,0.0,-0.2452991008758545,0.017096795,-0.0142552200879436,0.9483671188354492,0.13507600128650665,0.3857046410441399,0.0001,0.2,0.13486328125,95,0.25204911828041077
500.0,122,350,21,3.5001213720930227,43008,0.0,-0.2449757158756256,0.016768664,-0.013039350311737507,0.9588662981987,0.11876985430717468,0.36848945654928683,0.0001,0.2,0.1767578125,100,0.2520734965801239
500.0,128,350,22,3.5918990111111104,45056,0.0,-0.24618897140026091,0.019445967,-0.013355623313691467,0.972432017326355,0.08026348054409027,0.21285410933196544,0.0001,0.2,0.15751953125,105,0.2521369159221649
500.0,134,349,23,3.6333949468085103,47104,0.0,-0.2485029250383377,0.014927737,-0.014681568741798401,0.9685183167457581,0.07756474614143372,0.28353529535233973,0.0001,0.2,0.117578125,110,0.2522798776626587
500.0,140,349,24,3.593439897959184,49152,0.0,-0.25205613374710084,0.01739679,-0.014470530382823199,0.9700950384140015,0.06667130440473557,0.28672452084720135,0.0001,0.2,0.200390625,115,0.25242409110069275
500.0,146,349,25,3.78274245,51200,0.0,-0.2573129653930664,0.012185119,-0.011289742356166244,0.959381103515625,0.06618430465459824,0.21569897029548885,0.0001,0.2,0.13359375,120,0.2527664005756378
500.0,152,348,26,4.19213856,53248,0.0,-0.2642486602067947,0.021099731,-0.012814790074480697,0.9575002193450928,0.08858030289411545,0.26580385230481623,0.0001,0.2,0.1501953125,125,0.2529495060443878
500.0,158,348,27,4.55050566,55296,0.0,-0.26770505011081697,0.01974712,-0.015375296864658595,0.9676015973091125,0.10726816952228546,0.2565472524613142,0.0001,0.2,0.1646484375,130,0.25306063890457153
500.0,164,348,28,4.79099644,57344,0.0,-0.2700490176677704,0.017447557,-0.012413539364933968,0.9769002199172974,0.06747615337371826,0.1774401433765888,0.0001,0.2,0.14814453125,135,0.2531481981277466
500.0,170,348,29,5.077027790000001,59392,0.0,-0.27194745242595675,0.014390208,-0.01083487799623981,0.9767093658447266,0.0511871799826622,0.1531898969784379,0.0001,0.2,0.1462890625,140,0.25326403975486755
500.0,176,347,30,5.368173860000001,61440,0.0,-0.2738017439842224,0.018619262,-0.01534608940128237,0.9752334356307983,0.030216805636882782,0.16696698032319546,0.0001,0.2,0.18701171875,145,0.25327321887016296
500.0,182,347,31,5.532650639999999,63488,0.0,-0.27357184886932373,0.01754564,-0.013466590421739966,0.9757596254348755,0.06677744537591934,0.17894375175237656,0.0001,0.2,0.1822265625,150,0.2532218098640442
500.0,188,347,32,5.56503964,65536,0.0,-0.27385709881782533,0.01799862,-0.01357607200043276,0.9679927229881287,0.0624447762966156,0.23743718042969703,0.0001,0.2,0.17412109375,155,0.2533426582813263
500.0,194,347,33,5.6623463,67584,0.0,-0.2752139210700989,0.015121132,-0.011169638927094638,0.9722690582275391,0.06012631952762604,0.20053462758660318,0.0001,0.2,0.15810546875,160,0.2532700002193451
500.0,200,347,34,5.7569506200000005,69632,0.0,-0.2721924662590027,0.017795885,-0.014458105043740944,0.9817909598350525,0.03326227515935898,0.13964537139981986,0.0001,0.2,0.18134765625,165,0.2531281113624573
500.0,206,346,35,5.875290609999999,71680,0.0,-0.26785669922828675,0.018065074,-0.014009854185860603,0.9831745028495789,0.04557698592543602,0.1270733132958412,0.0001,0.2,0.17373046875,170,0.2528782784938812
500.0,212,346,36,5.931884789999998,73728,0.0,-0.2629421830177307,0.015527407,-0.013524518033955246,0.961863100528717,0.07232963293790817,0.2500694192945957,0.0001,0.2,0.14541015625,175,0.2527447044849396
500.0,218,346,37,5.9733326999999985,75776,0.0,-0.2604047626256943,0.019294702,-0.016545781324384733,0.9285411834716797,0.1593209058046341,0.5201239854097366,0.0001,0.2,0.16123046875,180,0.25266405940055847
500.0,224,346,38,5.957238080000001,77824,0.0,-0.2584525555372238,0.017567191,-0.01198130963020958,0.9695366621017456,0.07758870720863342,0.207575049623847,0.0001,0.2,0.16884765625,185,0.2525888979434967
500.0,230,346,39,5.99771194,79872,0.0,-0.25890767872333526,0.017260768,-0.014706707876757718,0.960745632648468,0.05813191831111908,0.2426565494388342,0.0001,0.2,0.16513671875,190,0.2527185380458832
500.0,236,346,40,5.98733639,81920,0.0,-0.26112944185733794,0.015254703,-0.011415204068180173,0.982921302318573,0.05938868597149849,0.13977858368307353,0.0001,0.2,0.15732421875,195,0.2527090013027191
500.0,242,345,41,6.075162120000001,83968,0.0,-0.261272469162941,0.016806299,-0.01241133521834854,0.9786736965179443,0.0350082591176033,0.17006932217627763,0.0001,0.2,0.1501953125,200,0.25279441475868225
500.0,248,346,42,6.21650363,86016,0.0,-0.26431154310703275,0.015535604,-0.011806004721438512,0.988867461681366,0.018644332885742188,0.07984047681093216,0.0001,0.2,0.17373046875,205,0.25297921895980835
500.0,254,346,43,6.39077922,88064,0.0,-0.2687555134296417,0.017720023,-0.011578299326356501,0.983030378818512,0.026478584855794907,0.134176885150373,0.0001,0.2,0.1623046875,210,0.25311776995658875
500.0,260,346,44,6.561335090000001,90112,0.0,-0.27236950397491455,0.018587548,-0.014807910763192923,0.9843510389328003,0.05547640472650528,0.12684856113046408,0.0001,0.2,0.16162109375,215,0.2532815933227539
500.0,265,346,45,6.78972336,92160,0.0,-0.2748801648616791,0.012676068,-0.010738689929712563,0.9865211248397827,0.027078665792942047,0.0857342902570963,0.0001,0.2,0.1345703125,220,0.25332701206207275
500.0,271,346,46,6.788590509999999,94208,0.0,-0.27563031017780304,0.01816752,-0.016673195094335826,0.978026807308197,0.026686927303671837,0.15801478046923875,0.0001,0.2,0.19306640625,225,0.2533687651157379
500.0,277,346,47,6.957256410000001,96256,0.0,-0.27684948444366453,0.021154147,-0.01544808568432927,0.9672817587852478,0.14231246709823608,0.23880296666175127,0.0001,0.2,0.1681640625,230,0.2534129321575165
500.0,283,346,48,7.147571700000001,98304,0.0,-0.27973271906375885,0.01359872,-0.008939489792101084,0.9842002391815186,0.03948720917105675,0.09820294007658958,0.0001,0.2,0.1546875,235,0.253682941198349
500.0,340,294,49,7.24810471,100352,0.0,-0.28325746953487396,0.016761135,-0.01177677548257634,0.9807178378105164,0.027861932292580605,0.09323440520092845,0.0001,0.2,0.1734375,240,0.25357088446617126
500.0,346,295,50,7.357402060000002,102400,0.0,-0.2816428393125534,0.014721511,-0.010263883415609599,0.9566028118133545,0.05695701763033867,0.2676121860742569,0.0001,0.2,0.13115234375,245,0.2536681890487671
500.0,353,295,51,7.413574120000001,104448,0.0,-0.2849234133958817,0.019689737,-0.014435191941447555,0.954371988773346,0.11376003921031952,0.3355620034039021,0.0001,0.2,0.17607421875,250,0.2538618743419647
500.0,359,296,52,7.4088717299999995,106496,0.0,-0.28816882967948915,0.01431454,-0.012901380297262222,0.9627077579498291,0.036086566746234894,0.14347019623965024,0.0001,0.2,0.15419921875,255,0.25385797023773193
500.0,365,296,53,7.347375479999999,108544,0.0,-0.2886448085308075,0.020161439,-0.014462417911272497,0.9485599994659424,0.08845492452383041,0.23824624679982662,0.0001,0.2,0.19140625,260,0.25395017862319946
500.0,372,296,54,7.360834800000001,110592,0.0,-0.29170657992362975,0.012847951,-0.010490699380170554,0.9699565768241882,0.04111725836992264,0.13145870305597782,0.0001,0.2,0.141796875,265,0.25411057472229004
500.0,379,296,55,7.380444720000001,112640,0.0,-0.2947057843208313,0.020973548,-0.012675111868884415,0.8923851251602173,0.1582355946302414,0.4198662206530571,0.0001,0.2,0.2078125,270,0.2541864812374115
500.0,386,296,56,7.4178865,114688,0.0,-0.29565943479537965,0.019743748,-0.01098385649966076,0.9533390402793884,0.0795503705739975,0.25581456143409015,0.0001,0.2,0.1962890625,275,0.25420886278152466
500.0,392,297,57,7.36218646,116736,0.0,-0.2957295686006546,0.017688368,-0.008749356877524405,0.9568971395492554,0.07049480080604553,0.263162562251091,0.0001,0.2,0.1724609375,280,0.25417420268058777
500.0,399,297,58,7.464138639999999,118784,0.0,-0.29404765367507935,0.020153139,-0.011578948865644634,0.9364148378372192,0.13540969789028168,0.39592408686876296,0.0001,0.2,0.159765625,285,0.25404852628707886
500.0,405,297,59,7.313163509999999,120832,0.0,-0.29262976050376893,0.015053917,-0.012451753823552281,0.9833682179450989,0.030412621796131134,0.08230709182098508,0.0001,0.2,0.1443359375,290,0.254128634929657
500.0,411,298,60,7.382350740000001,122880,0.0,-0.295990976691246,0.01909995,-0.009754631295800209,0.9282335042953491,0.09913469851016998,0.37182230949401857,0.0001,0.2,0.1478515625,295,0.25430235266685486
500.0,418,298,61,7.412032389999999,124928,0.0,-0.30038033723831176,0.020767724,-0.014206989866215736,0.972834587097168,0.04307869076728821,0.143099713511765,0.0001,0.2,0.17431640625,300,0.25449827313423157
500.0,482,263,62,7.5109866,126976,0.0,-0.3037954121828079,0.017061248,-0.013325196481309831,0.9691494703292847,0.04969777911901474,0.15832581967115403,0.0001,0.2,0.17861328125,305,0.25455692410469055
500.0,489,263,63,7.636992280000002,129024,0.0,-0.3044035643339157,0.016486214,-0.009493485873099417,0.9494060277938843,0.05675822123885155,0.1423942232504487,0.0001,0.2,0.1642578125,310,0.25458016991615295
500.0,495,264,64,7.61838167,131072,0.0,-0.3046113163232803,0.022611562,-0.01383375097066164,0.9214813113212585,0.07767139375209808,0.3206931483000517,0.0001,0.2,0.18603515625,315,0.2545382082462311
500.0,502,265,65,7.467726279999999,133120,0.0,-0.3036548554897308,0.015484711,-0.008853128214832395,0.9486384987831116,0.15541252493858337,0.2781847592443228,0.0001,0.2,0.1345703125,320,0.25456976890563965
500.0,508,265,66,7.361714899999999,135168,0.0,-0.3054791629314423,0.018794905,-0.016690224932972342,0.9660648703575134,0.07086395472288132,0.23234285600483418,0.0001,0.2,0.1744140625,325,0.2546379268169403
500.0,515,266,67,7.41525707,137216,0.0,-0.30662753283977506,0.016363032,-0.010861734044738114,0.9386283755302429,0.11524809151887894,0.2681911334395409,0.0001,0.2,0.15087890625,330,0.25470152497291565
500.0,522,266,68,7.4684689,139264,0.0,-0.30793787240982057,0.017206911,-0.013091653736773878,0.9691677689552307,0.06426595151424408,0.1520662046968937,0.0001,0.2,0.18759765625,335,0.25471216440200806
500.0,529,267,69,7.442425350000001,141312,0.0,-0.3084480553865433,0.013372034,-0.012357219716068357,0.9792445302009583,0.022377999499440193,0.08773849876597524,0.0001,0.2,0.15625,340,0.25478455424308777
499.12,535,267,70,7.3950382700000015,143360,0.0,-0.3110695660114288,0.021398878,-0.016411884769331662,0.9616661071777344,0.008323188871145248,0.17574680540710688,0.0001,0.2,0.18466796875,345,0.25495898723602295
499.12,542,267,71,7.334958479999998,145408,0.0,-0.31503318548202514,0.02144891,-0.013009686063742264,0.9039977192878723,0.2444162219762802,0.572279167920351,0.0001,0.2,0.15673828125,350,0.2550491988658905
499.12,549,268,72,7.331972830000001,147456,0.0,-0.3163706034421921,0.016507111,-0.013043288292828947,0.9607090950012207,0.02043731138110161,0.16743255499750376,0.0001,0.2,0.1455078125,355,0.25510743260383606
499.12,556,268,73,7.392997240000001,149504,0.0,-0.317884573340416,0.016392985,-0.01353185207117349,0.9602205157279968,0.05236883461475372,0.19383833669126033,0.0001,0.2,0.1505859375,360,0.25518718361854553
499.12,615,246,74,7.4599499300000005,151552,0.0,-0.31792864501476287,0.013725081,-0.013891603972297162,0.9738770723342896,0.022967752069234848,0.07322000507265329,0.0001,0.2,0.14326171875,365,0.25504571199417114
499.12,622,246,75,7.53637052,153600,0.0,-0.3152665853500366,0.015625294,-0.012603683985071256,0.9838480353355408,0.008479596115648746,0.05508478041738272,0.0001,0.2,0.15537109375,370,0.2550371587276459
499.12,629,247,76,7.520119129999999,155648,0.0,-0.31611046493053435,0.014616693,-0.0120254609384574,0.9732556343078613,0.0138259157538414,0.07558137523010373,0.0001,0.2,0.166796875,375,0.2551177442073822
499.12,636,247,77,7.602532530000001,157696,0.0,-0.3165409445762634,0.01394506,-0.01242850829148665,0.975830614566803,0.010924838483333588,0.08855846840888262,0.0001,0.2,0.15859375,380,0.2550007402896881
499.12,643,248,78,7.741484119999999,159744,0.0,-0.31361347138881684,0.018309347,-0.007155857584439218,0.9603143334388733,0.06431615352630615,0.1521941578015685,0.0001,0.2,0.15283203125,385,0.2549683451652527
499.12,650,248,79,7.763762859999999,161792,0.0,-0.3154342085123062,0.018542424,-0.009173784323502332,0.9578523635864258,0.053575336933135986,0.1613742781803012,0.0001,0.2,0.1498046875,390,0.25511008501052856
499.12,657,249,80,7.89570027,163840,0.0,-0.3157180458307266,0.01370384,-0.009957873047096655,0.9764120578765869,0.010923031717538834,0.0786589751020074,0.0001,0.2,0.13916015625,395,0.2549409568309784
499.12,664,249,81,7.941298990000002,165888,0.0,-0.3113580524921417,0.019254887,-0.010993102740030736,0.9649748802185059,0.03937014937400818,0.1436159683391452,0.0001,0.2,0.17412109375,400,0.25481879711151123
499.12,672,249,82,7.950740509999999,167936,0.0,-0.3106587052345276,0.019743994,-0.013592620857525616,0.8821864128112793,0.24966156482696533,0.5196649871766568,0.0001,0.2,0.174609375,405,0.2548505961894989
499.12,679,250,83,8.0897039,169984,0.0,-0.31218603551387786,0.017202567,-0.011326322855893523,0.9418774843215942,0.08557470142841339,0.2609509933739901,0.0001,0.2,0.18642578125,410,0.25496891140937805
499.12,686,250,84,8.196254190000001,172032,0.0,-0.3154976963996887,0.021613577,-0.010916321532567963,0.9276023507118225,0.16091002523899078,0.36187817379832266,0.0001,0.2,0.1603515625,415,0.25509536266326904
499.12,693,250,85,8.275908900000001,174080,0.0,-0.3199236035346985,0.016869292,-0.009437616274226457,0.8770121932029724,0.34647613763809204,0.7628467626869678,0.0001,0.2,0.15048828125,420,0.25541040301322937
499.12,774,227,86,8.517526559999999,176128,0.0,-0.32553393244743345,0.0156102795,-0.00821695790218655,0.9506175518035889,0.09180829674005508,0.20818136669695378,0.0001,0.2,0.1439453125,425,0.25547653436660767
499.12,781,227,87,8.49727338,178176,0.0,-0.3251858204603195,0.019921988,-0.011748313502175733,0.9194350838661194,0.1486392617225647,0.44913622103631495,0.0001,0.2,0.167578125,430,0.255413681268692
499.12,788,228,88,8.553917029999997,180224,0.0,-0.32466929256916044,0.014564813,-0.006403576256707311,0.9191070795059204,0.1813562661409378,0.3927758365869522,0.0001,0.2,0.1634765625,435,0.2554982602596283
499.12,796,228,89,8.664211389999998,182272,0.0,-0.3260726362466812,0.021224286,-0.011231064994353801,0.9049822092056274,0.20345081388950348,0.47578608691692353,0.0001,0.2,0.1701171875,440,0.25547686219215393
499.12,803,229,90,8.80687674,184320,0.0,-0.3249419152736664,0.018784186,-0.007836451096227392,0.9373866319656372,0.12943735718727112,0.3312034193426371,0.0001,0.2,0.18349609375,445,0.25542792677879333
499.12,810,229,91,9.011509199999999,186368,0.0,-0.32241263389587405,0.019250471,-0.013614461309043691,0.9714030623435974,0.009834162890911102,0.13426272738724948,0.0001,0.2,0.1814453125,450,0.2552264928817749
499.12,817,230,92,8.77998588,188416,0.0,-0.3161794185638428,0.018223278,-0.011261453549377621,0.9366875886917114,0.22509339451789856,0.3198799893260002,0.0001,0.2,0.18828125,455,0.2549470067024231
499.12,824,231,93,8.89202957,190464,0.0,-0.3121902525424957,0.01436494,-0.007914565491955728,0.8491617441177368,0.08963091671466827,0.42517954371869565,0.0001,0.2,0.130078125,460,0.2548837959766388
500.0,830,231,94,8.992427010000002,192512,0.0,-0.31204167008399963,0.012588295,-0.007978640077635647,0.967751681804657,0.052920371294021606,0.14284467957913877,0.0001,0.2,0.13427734375,465,0.2549252510070801
500.0,837,232,95,9.152263569999999,194560,0.0,-0.31193205416202546,0.021391371,-0.009642366113257594,0.9532303214073181,0.15292580425739288,0.23196197003126146,0.0001,0.2,0.1953125,470,0.2548726797103882
500.0,844,232,96,9.149798969999999,196608,0.0,-0.3104504019021988,0.020975001,-0.008820249652490019,0.9448664784431458,0.1421559900045395,0.28854785971343516,0.0001,0.2,0.17587890625,475,0.2547694444656372
500.0,851,233,97,8.94005541,198656,0.0,-0.3082316339015961,0.013898779,-0.008704602543730289,0.9246475696563721,0.12451685220003128,0.41360279619693757,0.0001,0.2,0.15947265625,480,0.25469157099723816
500.0,932,215,98,8.88840437,200704,0.0,-0.305667981505394,0.017012598,-0.011909324175212533,0.9015164375305176,0.1930222064256668,0.44509877935051917,0.0001,0.2,0.156640625,485,0.2546027898788452
500.0,939,215,99,8.88809209,202752,0.0,-0.30381805300712583,0.018779935,-0.010777820635121315,0.919575572013855,0.22488363087177277,0.4640968881547451,0.0001,0.2,0.16044921875,490,0.25450167059898376
500.0,946,216,100,8.997961109999999,204800,0.0,-0.30248900055885314,0.018674731,-0.009773705154657364,0.9647232294082642,0.038935817778110504,0.20761813670396806,0.0001,0.2,0.19443359375,495,0.25450095534324646
500.0,952,217,101,9.08819393,206848,0.0,-0.3022549420595169,0.02551614,-0.012997099716449157,0.9460128545761108,0.09824192523956299,0.2501454822719097,0.0001,0.2,0.19375,500,0.2544882297515869
500.0,959,217,102,9.04356583,208896,0.0,-0.3012410134077072,0.023384817,-0.010147485317429528,0.9093241095542908,0.12373185157775879,0.43318957947194575,0.0001,0.2,0.169921875,505,0.25439000129699707
500.0,965,218,103,9.14609784,210944,0.0,-0.2987875252962112,0.018455194,-0.013176265556830912,0.9175353050231934,0.10562116652727127,0.3671551324427128,0.0001,0.2,0.20732421875,510,0.2542974650859833
500.0,972,218,104,9.19768812,212992,0.0,-0.29873499274253845,0.01909698,-0.012105301418341697,0.949709951877594,0.06829328835010529,0.26079581379890443,0.0001,0.2,0.16533203125,515,0.2544141709804535
500.0,979,219,105,9.291912360000001,215040,0.0,-0.2991203159093857,0.017025588,-0.011032553587574512,0.9332404136657715,0.09350629150867462,0.3110356081277132,0.0001,0.2,0.14208984375,520,0.254266619682312
500.0,986,220,106,9.42507107,217088,0.0,-0.29622978866100313,0.017349947,-0.007811776862945407,0.9372072219848633,0.08802031725645065,0.2216257903724909,0.0001,0.2,0.14873046875,525,0.2542557418346405
500.0,993,220,107,9.61932357,219136,0.0,-0.2950004696846008,0.01905224,-0.008562769752461463,0.9283534288406372,0.1395053118467331,0.33475447334349157,0.0001,0.2,0.17236328125,530,0.2540784776210785
500.0,999,221,108,9.74157397,221184,0.0,-0.29071484208106996,0.0147325285,-0.00813514341134578,0.9336033463478088,0.14121493697166443,0.3036124248057604,0.0001,0.2,0.1693359375,535,0.2539195418357849
500.0,1006,221,109,9.79457887,223232,0.0,-0.28773912489414216,0.01888496,-0.012948943697847427,0.9360541701316833,0.16037125885486603,0.3141199145466089,0.0001,0.2,0.194140625,540,0.25384679436683655
500.0,1093,205,110,9.867909540000001,225280,0.0,-0.2875546753406525,0.017329004,-0.005469492147676646,0.9373883605003357,0.13587456941604614,0.31433730348944666,0.0001,0.2,0.1443359375,545,0.2539207935333252
500.0,1100,206,111,9.82276754,227328,0.0,-0.2867156654596329,0.02000098,-0.0030799504602327943,0.9010794758796692,0.1988399177789688,0.5311089396476746,0.0001,0.2,0.1671875,550,0.25369560718536377
500.0,1107,207,112,9.851880469999998,229376,0.0,-0.2821701854467392,0.018468166,-0.010807422548532486,0.9279708862304688,0.1065395399928093,0.3519823759794235,0.0001,0.2,0.18232421875,555,0.253628134727478
500.0,1114,207,113,9.99708179,231424,0.0,-0.2782577365636826,0.014184376,-0.01210860984865576,0.9513447880744934,0.1329297125339508,0.3426668234169483,0.0001,0.2,0.16396484375,560,0.25327029824256897
500.0,1120,208,114,10.15109559,233472,0.0,-0.27192155718803407,0.012843542,-0.006938950717449188,0.9406358003616333,0.22472374141216278,0.387232755869627,0.0001,0.2,0.14619140625,565,0.25321272015571594
500.0,1127,208,115,10.22156485,235520,0.0,-0.2729813575744629,0.022238277,-0.010278418357484043,0.9504267573356628,0.11944647878408432,0.3367105580866337,0.0001,0.2,0.1689453125,570,0.25328508019447327
500.0,1134,209,116,10.50846734,237568,0.0,-0.2754338920116425,0.021023799,-0.010451413958799094,0.9235147833824158,0.23289035260677338,0.5696382373571396,0.0001,0.2,0.16650390625,575,0.2534607946872711
500.0,1141,209,117,10.446881470000001,239616,0.0,-0.27924014925956725,0.015970502,-0.009431184432469309,0.946866512298584,0.1004413366317749,0.3104804936796427,0.0001,0.2,0.17421875,580,0.25352826714515686
500.0,1147,210,118,10.530816190000001,241664,0.0,-0.2800088763237,0.0185005,-0.013088860499556177,0.96529620885849,0.10083600878715515,0.2381670292466879,0.0001,0.2,0.1705078125,585,0.2535914182662964
500.0,1154,211,119,10.548287539999999,243712,0.0,-0.28200321793556216,0.021872725,-0.013851245498517527,0.9434394836425781,0.13357537984848022,0.31361237093806266,0.0001,0.2,0.18515625,590,0.2536845803260803
500.0,1160,211,120,10.526766270000001,245760,0.0,-0.28278965651988985,0.020699404,-0.01327663028787356,0.9383689761161804,0.10080970078706741,0.3347237542271614,0.0001,0.2,0.2060546875,595,0.2536851465702057
500.0,1167,212,121,10.83703104,247808,0.0,-0.28325207233428956,0.019556906,-0.009424255753401667,0.9448364973068237,0.13428367674350739,0.3354456972330809,0.0001,0.2,0.163671875,600,0.25369903445243835
500.0,1174,212,122,11.07738779,249856,0.0,-0.2822295516729355,0.01746038,-0.0075226286542601885,0.9450810551643372,0.12780435383319855,0.292238961532712,0.0001,0.2,0.185546875,605,0.2536090314388275
500.0,1248,201,123,11.07799744,251904,0.0,-0.28231281042099,0.025690408,-0.00941868823429104,0.9213144779205322,0.33460143208503723,0.4514873005449772,0.0001,0.2,0.20849609375,610,0.25373175740242004
500.0,1254,202,124,11.082642060000003,253952,0.0,-0.2860745429992676,0.015968768,-0.009538122464437037,0.9096927642822266,0.20435097813606262,0.48715463280677795,0.0001,0.2,0.16767578125,615,0.2539239823818207
500.0,1261,202,125,11.130436000000001,256000,0.0,-0.28980772495269774,0.013406832,-0.00961154507822357,0.971941351890564,0.08266012370586395,0.20456337109208106,0.0001,0.2,0.14765625,620,0.25399893522262573
500.0,1267,203,126,11.22681198,258048,0.0,-0.2893853485584259,0.017628357,-0.010449189587961882,0.9210909605026245,0.195753276348114,0.38375198245048525,0.0001,0.2,0.19091796875,625,0.2538951635360718
500.0,1274,204,127,11.201651449999996,260096,0.0,-0.2879279524087906,0.025952296,-0.012189206876792013,0.9048446416854858,0.21930986642837524,0.4746257930994034,0.0001,0.2,0.19248046875,630,0.2539145350456238
500.0,1280,204,128,11.16028382,262144,0.0,-0.28952327072620393,0.016661618,-0.009682661399710923,0.8907086253166199,0.14198437333106995,0.39587175771594046,0.0001,0.2,0.17666015625,635,0.25407037138938904
500.0,1287,205,129,11.221220939999998,264192,0.0,-0.2921971082687378,0.01864847,-0.008521756343543529,0.9494462013244629,0.06546929478645325,0.2074856761842966,0.0001,0.2,0.15185546875,640,0.2540431320667267
500.0,1293,205,130,11.262524959999997,266240,0.0,-0.29208943247795105,0.016050052,-0.009198455279693008,0.9448941946029663,0.05577182024717331,0.21654964685440065,0.0001,0.2,0.13642578125,645,0.25413432717323303
500.0,1300,206,131,11.246181269999997,268288,0.0,-0.29398577809333803,0.017962443,-0.013601138803642243,0.8685007691383362,0.22879940271377563,0.5232387945055962,0.0001,0.2,0.16123046875,650,0.2541500926017761
500.0,1306,206,132,11.158589079999999,270336,0.0,-0.29422197937965394,0.018112866,-0.012325129401870073,0.9250504374504089,0.13955378532409668,0.3975277166813612,0.0001,0.2,0.1708984375,655,0.25418367981910706
500.0,1313,207,133,11.2118641,272384,0.0,-0.297402086853981,0.015682627,-0.010394133906811476,0.9345313310623169,0.09919270873069763,0.2749342743307352,0.0001,0.2,0.1888671875,660,0.25445112586021423
500.0,1319,207,134,11.137039190000001,274432,0.0,-0.3043122053146362,0.018992878,-0.01038171254331246,0.9389826655387878,0.1016252338886261,0.29740450493991377,0.0001,0.2,0.18642578125,665,0.2546933591365814
500.0,1393,198,135,11.21352088,276480,0.0,-0.3069321632385254,0.024524754,-0.014715045690536499,0.9554204344749451,0.10308383405208588,0.2872095130383968,0.0001,0.2,0.21611328125,670,0.2546783685684204
500.0,1399,198,136,11.35222638,278528,0.0,-0.3058225750923157,0.017093148,-0.010903438372770325,0.8994275331497192,0.22189730405807495,0.4285355918109417,0.0001,0.2,0.16708984375,675,0.2546330690383911
500.0,1406,199,137,11.405630539999999,280576,0.0,-0.3057529956102371,0.028964933,-0.014384783257264644,0.9473784565925598,0.09921623766422272,0.22547773830592632,0.0001,0.2,0.21259765625,680,0.25468388199806213
500.0,1413,199,138,11.41274444,282624,0.0,-0.3104426175355911,0.017133506,-0.007871199771761895,0.9220244288444519,0.1190430298447609,0.3198903169482946,0.0001,0.2,0.16904296875,685,0.2550455927848816
500.0,1421,200,139,11.442936320000001,284672,0.0,-0.3161243498325348,0.019334791,-0.00902714958647266,0.9460528492927551,0.08881862461566925,0.21749764084815978,0.0001,0.2,0.17275390625,690,0.25507789850234985
500.0,1428,200,140,11.57338048,286720,0.0,-0.31605538427829744,0.019102886,-0.009241361974272878,0.9308640956878662,0.1744309812784195,0.3079746652394533,0.0001,0.2,0.17265625,695,0.2551063001155853
500.0,1435,201,141,11.648473750000003,288768,0.0,-0.3154458343982697,0.02026228,-0.003218201152049005,0.9195005297660828,0.21844486892223358,0.48969767093658445,0.0001,0.2,0.1791015625,700,0.2550126612186432
500.0,1442,201,142,11.63795237,290816,0.0,-0.3144837826490402,0.0156118665,-0.008054347269353456,0.9306102395057678,0.17010638117790222,0.32778476513922217,0.0001,0.2,0.15576171875,705,0.255016565322876
500.0,1449,202,143,11.723635359999998,292864,0.0,-0.3154962152242661,0.016484732,-0.008292272384278477,0.938611626625061,0.10840781778097153,0.24437096528708935,0.0001,0.2,0.1548828125,710,0.2551119923591614
500.0,1455,202,144,11.83518189,294912,0.0,-0.317327556014061,0.0141610075,-0.005700772046111524,0.9422653913497925,0.0717938020825386,0.192034487426281,0.0001,0.2,0.13740234375,715,0.2551628053188324
500.0,1462,202,145,11.80539182,296960,0.0,-0.3192918598651886,0.026073178,-0.012383766559651121,0.947067379951477,0.024832135066390038,0.21401869375258684,0.0001,0.2,0.23486328125,720,0.25526928901672363
500.0,1469,203,146,11.777546530000002,299008,0.0,-0.3207770049571991,0.01970669,-0.00757572673028335,0.9056561589241028,0.21675677597522736,0.46432294845581057,0.0001,0.2,0.15927734375,725,0.25528576970100403
500.0,1546,194,147,11.742897600000003,301056,0.0,-0.31996236741542816,0.023471218,-0.016693810778087938,0.9158305525779724,0.1502845585346222,0.4753966435790062,0.0001,0.2,0.17744140625,730,0.2552289366722107
500.0,1554,195,148,11.796068580000002,303104,0.0,-0.31906323730945585,0.020664336,-0.014931516989599913,0.8879648447036743,0.23749251663684845,0.5167389810085297,0.0001,0.2,0.2048828125,735,0.2552231252193451
500.0,1561,195,149,11.80365401,305152,0.0,-0.32051920890808105,0.01834255,-0.010121306998189538,0.919273853302002,0.1434084177017212,0.2788632705807686,0.0001,0.2,0.1904296875,740,0.25537723302841187
500.0,1568,195,150,11.655049699999998,307200,0.0,-0.32415143549442293,0.018461622,-0.008223944529891013,0.8740537166595459,0.2351609468460083,0.4654849383980036,0.0001,0.2,0.212890625,745,0.255474716424942
500.0,1575,196,151,11.757186619999997,309248,0.0,-0.32664418816566465,0.015858278,-0.011295327206607909,0.9062904119491577,0.1725572794675827,0.3739515792578459,0.0001,0.2,0.1505859375,750,0.25562557578086853
500.0,1583,196,152,11.79299253,311296,0.0,-0.3298316776752472,0.017374398,-0.01077042737742886,0.9546574354171753,0.05371926352381706,0.1349211663007736,0.0001,0.2,0.14716796875,755,0.2557474374771118
500.0,1590,197,153,11.85546474,313344,0.0,-0.3334120035171509,0.021827545,-0.008434660040074959,0.875906229019165,0.16073419153690338,0.41321917809545994,0.0001,0.2,0.2044921875,760,0.2559088170528412
500.0,1597,197,154,11.73226816,315392,0.0,-0.33530273735523225,0.017398432,-0.008448848442640156,0.773730456829071,0.31428128480911255,0.8894524447619915,0.0001,0.2,0.1716796875,765,0.25588464736938477
500.0,1604,197,155,11.700740920000001,317440,0.0,-0.33588906526565554,0.020665389,-0.013439266651403159,0.9190024733543396,0.13652251660823822,0.30748843029141426,0.0001,0.2,0.20048828125,770,0.2560477554798126
500.0,1611,198,156,11.77485383,319488,0.0,-0.33830291628837583,0.017068818,-0.008472539146896451,0.8797425627708435,0.22910119593143463,0.46029446423053744,0.0001,0.2,0.146875,775,0.25601926445961
500.0,1618,198,157,11.73137796,321536,0.0,-0.3375301778316498,0.01493747,-0.00867412838852033,0.8865420818328857,0.22311235964298248,0.4297367695719004,0.0001,0.2,0.151171875,780,0.2559889256954193
500.0,1625,199,158,11.804898389999998,323584,0.0,-0.3383156150579453,0.015806403,-0.010396235738880932,0.9139915704727173,0.1911269575357437,0.3150048770010471,0.0001,0.2,0.18115234375,785,0.2561317980289459
500.0,1698,191,159,11.82134247,325632,0.0,-0.34273624420166016,0.02310431,-0.009009351301938296,0.8304518461227417,0.2997998595237732,0.6743402473628521,0.0001,0.2,0.208203125,790,0.25635862350463867
500.0,1705,192,160,11.726178970000001,327680,0.0,-0.3462990909814835,0.022413705,-0.009242973395157606,0.8622225522994995,0.36375993490219116,0.6157659329473972,0.0001,0.2,0.19755859375,795,0.2563624978065491
500.0,1712,192,161,11.679198319999998,329728,0.0,-0.3476874977350235,0.021789555,-0.015319758519763128,0.8954548835754395,0.16890402138233185,0.40698665790259836,0.0001,0.2,0.21337890625,800,0.2565872371196747
500.0,1719,192,162,11.57137527,331776,0.0,-0.3512108147144318,0.017469784,-0.007700392161495984,0.873728334903717,0.27674341201782227,0.5724369511008263,0.0001,0.2,0.1560546875,805,0.25655072927474976
500.0,1725,193,163,11.492410869999999,333824,0.0,-0.3500162959098816,0.01679263,-0.009649418806657196,0.8907078504562378,0.2680133581161499,0.4719030663371086,0.0001,0.2,0.14619140625,810,0.25653496384620667
500.0,1733,193,164,11.420061720000001,335872,0.0,-0.34966381788253786,0.019856062,-0.007252835831604898,0.9011030793190002,0.30211547017097473,0.4323841966688633,0.0001,0.2,0.17080078125,815,0.2565326392650604
500.0,1739,194,165,11.27094773,337920,0.0,-0.34929590225219725,0.01629509,-0.007765444568940438,0.8835963010787964,0.18783244490623474,0.5166042618453502,0.0001,0.2,0.1490234375,820,0.2564832270145416
500.0,1746,194,166,11.32818981,339968,0.0,-0.34830922484397886,0.019545168,-0.012569724675267934,0.9297259449958801,0.15071342885494232,0.368455633148551,0.0001,0.2,0.20029296875,825,0.25644585490226746
500.0,1753,195,167,11.27565194,342016,0.0,-0.3484264999628067,0.018260438,-0.012026842072373256,0.8285427093505859,0.28965967893600464,0.6655434891581535,0.0001,0.2,0.21123046875,830,0.2565244138240814
500.0,1760,195,168,11.10753082,344064,0.0,-0.35013492703437804,0.02402744,-0.007670201663859189,0.871361255645752,0.16556772589683533,0.5386786166578531,0.0001,0.2,0.20126953125,835,0.2565426528453827
500.0,1767,195,169,11.085224990000002,346112,0.0,-0.3502112299203873,0.017203884,-0.009460086224135012,0.8718635439872742,0.11642678827047348,0.33576818741858006,0.0001,0.2,0.17919921875,840,0.2565605938434601
500.0,1774,196,170,11.06146846,348160,0.0,-0.3526973932981491,0.017631754,-0.010693173157051206,0.8438104391098022,0.253647118806839,0.6866208516061306,0.0001,0.2,0.1884765625,845,0.25680357217788696
500.0,1851,189,171,11.070923780000001,350208,0.0,-0.3562095433473587,0.01663239,-0.008965881634503603,0.9183194041252136,0.13738998770713806,0.293552953004837,0.0001,0.2,0.187890625,850,0.25677943229675293
500.0,1859,189,172,11.191209679999996,352256,0.0,-0.3577380031347275,0.014814248,-0.008770445419941097,0.8749204277992249,0.1980525255203247,0.5563535675406456,0.0001,0.2,0.16416015625,855,0.25702789425849915
500.0,1865,189,173,11.17113799,354304,0.0,-0.36310681998729705,0.021053625,-0.009467266005231068,0.8174200654029846,0.3521673083305359,0.7398873768746853,0.0001,0.2,0.17138671875,860,0.25716960430145264
500.0,1872,190,174,11.275787110000001,356352,0.0,-0.3643611252307892,0.024631198,-0.010297464288305492,0.7766842842102051,0.2960132658481598,0.9303407043218612,0.0001,0.2,0.169140625,865,0.25710150599479675
500.0,1879,190,175,11.32140896,358400,0.0,-0.3627797782421112,0.022724595,-0.01219357328955084,0.895028829574585,0.15043433010578156,0.3938087698072195,0.0001,0.2,0.18857421875,870,0.257072776556015
500.0,1886,191,176,11.37858066,360448,0.0,-0.36224425137043,0.016520943,-0.006066472141537815,0.9061223864555359,0.12536883354187012,0.3952045738697052,0.0001,0.2,0.151171875,875,0.25708428025245667
500.0,1893,191,177,11.23933328,362496,0.0,-0.3638090521097183,0.01923642,-0.008678428764687851,0.8973761796951294,0.20860949158668518,0.5415371060371399,0.0001,0.2,0.204296875,880,0.25721970200538635
500.0,1900,191,178,11.26742733,364544,0.0,-0.3669492870569229,0.02004382,-0.012415081402286888,0.9410216808319092,0.09625598788261414,0.22727552950382232,0.0001,0.2,0.20146484375,885,0.2573012113571167
500.0,1907,192,179,11.298863149999999,366592,0.0,-0.3687376379966736,0.02378654,-0.014061038626823574,0.8508474230766296,0.14623293280601501,0.5726994164288044,0.0001,0.2,0.19755859375,890,0.2573782801628113
500.0,1914,192,180,11.400450579999998,368640,0.0,-0.36721166372299197,0.021408968,-0.009317342308349907,0.8078197240829468,0.3768194317817688,0.7376332528889179,0.0001,0.2,0.160546875,895,0.25711962580680847
500.0,1921,192,181,11.494032249999998,370688,0.0,-0.3641747832298279,0.024035234,-0.01066563343629241,0.7579537630081177,0.26567476987838745,0.819249016046524,0.0001,0.2,0.1642578125,900,0.2572464346885681
500.0,1927,193,182,11.507404269999997,372736,0.0,-0.3672914355993271,0.016833963,-0.013790713076014071,0.7806569337844849,0.4540312588214874,1.034141220152378,0.0001,0.2,0.16962890625,905,0.2573007643222809
500.0,1934,193,183,11.5386471,374784,0.0,-0.36968301236629486,0.019043121,-0.011279995780205354,0.8178660869598389,0.29805538058280945,0.6498849168419838,0.0001,0.2,0.1638671875,910,0.25749671459198
500.0,2011,187,184,11.48356762,376832,0.0,-0.37243017852306365,0.019827038,-0.011494437220972032,0.8558164238929749,0.35440516471862793,0.8632773190736771,0.0001,0.2,0.1828125,915,0.2574939727783203
500.0,2018,187,185,11.452172489999999,378880,0.0,-0.3709380954504013,0.015972268,-0.011520920414477586,0.8998751640319824,0.22430096566677094,0.5191281855106353,0.0001,0.2,0.16171875,920,0.25738176703453064
500.0,2024,188,186,11.449714510000002,380928,0.0,-0.3703157067298889,0.022816053,-0.01639408301562071,0.8570683002471924,0.35809189081192017,0.874724167585373,0.0001,0.2,0.190625,925,0.25747808814048767
500.0,2031,188,187,11.4312225,382976,0.0,-0.37210880517959594,0.0188962,-0.013161637575831265,0.7994284629821777,0.406116247177124,0.9078052654862404,0.0001,0.2,0.1791015625,930,0.25748211145401
500.0,2038,188,188,11.388979639999997,385024,0.0,-0.37159440815448763,0.023800278,-0.015703845000825823,0.9116740822792053,0.14069192111492157,0.4496889255940914,0.0001,0.2,0.20146484375,935,0.25744977593421936
500.0,2045,189,189,11.36937877,387072,0.0,-0.37100760340690614,0.01603964,-0.010924240201711654,0.8915516138076782,0.2081812173128128,0.4719920039176941,0.0001,0.2,0.17373046875,940,0.2574481964111328
500.0,2052,189,190,11.32746902,389120,0.0,-0.3737108618021011,0.015649185,-0.011962123541161418,0.9221851825714111,0.11379589140415192,0.3504999116063118,0.0001,0.2,0.17177734375,945,0.2576786279678345
500.0,2059,189,191,11.159362910000002,391168,0.0,-0.3772184044122696,0.021071102,-0.01136770552257076,0.8906916975975037,0.06413589417934418,0.2886065121740103,0.0001,0.2,0.1775390625,950,0.2577025294303894
500.0,2065,190,192,11.205538059999997,393216,0.0,-0.3780926465988159,0.017034683,-0.009799703070893884,0.8718162178993225,0.20936666429042816,0.46512302607297895,0.0001,0.2,0.186328125,955,0.2578076124191284
500.0,2072,190,193,11.346796099999999,395264,0.0,-0.37980639934539795,0.016780246,-0.010390634124632925,0.9168857932090759,0.12946513295173645,0.28506728522479535,0.0001,0.2,0.1666015625,960,0.25780871510505676
500.0,2079,191,194,11.44334507,397312,0.0,-0.3791270136833191,0.025211893,-0.009969250787980855,0.8460748195648193,0.3601658344268799,0.6586374804377556,0.0001,0.2,0.21904296875,965,0.25776031613349915
500.0,2086,191,195,11.4584609,399360,0.0,-0.379082065820694,0.022845486,-0.009612419118639082,0.7220544815063477,0.4668428599834442,1.1219098687171936,0.0001,0.2,0.2259765625,970,0.2577982246875763
500.0,2163,185,196,11.391393279999997,401408,0.0,-0.3798616886138916,0.011452306,-0.008554184495005756,0.8803735971450806,0.154214546084404,0.3362727701663971,0.0001,0.2,0.1201171875,975,0.25783735513687134
500.0,2170,185,197,11.43569674,403456,0.0,-0.3797194451093674,0.021162469,-0.009095027489820495,0.8923707008361816,0.22299300134181976,0.42029211968183516,0.0001,0.2,0.153515625,980,0.2577320635318756
500.0,2177,186,198,11.45869776,405504,0.0,-0.37784938514232635,0.019737978,-0.009658577386289835,0.887352705001831,0.2668685019016266,0.4870250400155783,0.0001,0.2,0.18544921875,985,0.2577298879623413
500.0,2184,186,199,11.42946784,407552,0.0,-0.37719227373600006,0.028250078,-0.014022075932007282,0.801548421382904,0.31310608983039856,0.9187413871288299,0.0001,0.2,0.17587890625,990,0.2576628625392914
500.0,2191,186,200,11.344565,409600,0.0,-0.3781641095876694,0.02315138,-0.013474771182518452,0.7529718279838562,0.4826616644859314,1.0547400996088983,0.0001,0.2,0.202734375,995,0.2578658163547516
500.0,2198,187,201,11.36843252,411648,0.0,-0.3820184588432312,0.015143025,-0.008645554177928717,0.9098349809646606,0.13455159962177277,0.332477980107069,0.0001,0.2,0.1802734375,1000,0.2579262852668762
500.0,2205,187,202,11.2802339,413696,0.0,-0.3829761266708374,0.016071513,-0.007918543851701543,0.8686240315437317,0.10206790268421173,0.471044148132205,0.0001,0.2,0.17626953125,1005,0.25798511505126953
500.0,2212,187,203,11.40333365,415744,0.0,-0.38260473012924195,0.017618028,-0.011232239427044988,0.9536163210868835,0.0828535258769989,0.18346563279628753,0.0001,0.2,0.18115234375,1010,0.25784969329833984
500.0,2219,188,204,11.27283378,417792,0.0,-0.38069319128990176,0.016916603,-0.010921702906489372,0.8114340305328369,0.23071454465389252,0.7697146654129028,0.0001,0.2,0.1546875,1015,0.25787296891212463
500.0,2226,188,205,11.181932729999998,419840,0.0,-0.38052326142787934,0.02206283,-0.012925426592119038,0.7214574813842773,0.2874009311199188,1.0046332329511642,0.0001,0.2,0.16591796875,1020,0.25778651237487793
500.0,2233,188,206,11.211909790000002,421888,0.0,-0.38008918762207033,0.019101009,-0.014702327805571258,0.8448623418807983,0.27827486395835876,0.6900508239865303,0.0001,0.2,0.1822265625,1025,0.2579181492328644
500.0,2240,189,207,11.183841789999999,423936,0.0,-0.38347078263759615,0.0150137395,-0.010294131829869001,0.8719300031661987,0.10571416467428207,0.39793695993721484,0.0001,0.2,0.1275390625,1030,0.25801554322242737
500.0,2313,184,208,11.01649373,425984,0.0,-0.3850618749856949,0.023174845,-0.01576835971791297,0.8777265548706055,0.17086033523082733,0.6001909054815769,0.0001,0.2,0.2470703125,1035,0.2580862045288086
500.0,2320,184,209,11.192586089999999,428032,0.0,-0.3866036385297775,0.014552641,-0.009093993657734245,0.9035248756408691,0.06793985515832901,0.2554511813446879,0.0001,0.2,0.1419921875,1040,0.25810882449150085
500.0,2327,184,210,11.146893350000001,430080,0.0,-0.38877676129341127,0.026329525,-0.015127858880441636,0.7564648389816284,0.30114278197288513,0.7831669688224793,0.0001,0.2,0.20107421875,1045,0.258320152759552
500.0,2334,185,211,11.106417019999999,432128,0.0,-0.3927574545145035,0.017415449,-0.010840744886081666,0.9230338335037231,0.07986215502023697,0.25735390968620775,0.0001,0.2,0.16279296875,1050,0.2583989202976227
500.0,2341,185,212,11.132442769999997,434176,0.0,-0.39179177284240724,0.016113002,-0.012447995773982257,0.8168686032295227,0.1502685397863388,0.4696882367134094,0.0001,0.2,0.166796875,1055,0.25823476910591125
500.0,2347,185,213,11.07940597,436224,0.0,-0.38992770910263064,0.017263094,-0.014142821845598518,0.8875380754470825,0.12856227159500122,0.37781024649739264,0.0001,0.2,0.1755859375,1060,0.25830599665641785
500.0,2354,186,214,11.07591768,438272,0.0,-0.3926506727933884,0.015583221,-0.010991943930275739,0.9248639941215515,0.1788998544216156,0.30950241424143315,0.0001,0.2,0.17353515625,1065,0.25844553112983704
500.0,2361,186,215,11.13974262,440320,0.0,-0.3948859810829163,0.017550692,-0.01792576825246215,0.864471435546875,0.16921107470989227,0.5613395236432552,0.0001,0.2,0.16259765625,1070,0.2584522068500519
500.0,2368,186,216,11.342377820000001,442368,0.0,-0.3951829940080643,0.0163644,-0.010379440261749551,0.949826180934906,0.05862537771463394,0.21027482636272907,0.0001,0.2,0.16240234375,1075,0.2585350573062897
500.0,2375,187,217,11.35600608,444416,0.0,-0.3987206511199474,0.026895158,-0.012799298367463052,0.8688750267028809,0.25992679595947266,0.6683510191738605,0.0001,0.2,0.1921875,1080,0.2587219774723053
500.0,2382,187,218,11.293913069999999,446464,0.0,-0.40208122208714486,0.018079843,-0.009224937373073772,0.8343620300292969,0.21467337012290955,0.5307642430067062,0.0001,0.2,0.1650390625,1085,0.25883856415748596
500.0,2389,187,219,11.48383466,448512,0.0,-0.4062103733420372,0.02077885,-0.009322387166321278,0.8093898296356201,0.6998230218887329,0.9562049023807049,0.0001,0.2,0.18154296875,1090,0.25908538699150085
500.0,2459,183,220,11.328927129999997,450560,0.0,-0.40933013558387754,0.019649532,-0.01125977934570983,0.7979119420051575,0.4010389447212219,1.1030706107616424,0.0001,0.2,0.1662109375,1095,0.25906506180763245
500.0,2466,183,221,11.418746630000001,452608,0.0,-0.4067390725016594,0.011459295,-0.007724580634385347,0.8095122575759888,0.21487097442150116,0.6782187290489674,0.0001,0.2,0.1302734375,1100,0.25887399911880493
500.0,2473,183,222,11.55090502,454656,0.0,-0.4036518640816212,0.030838266,-0.013891051022801549,0.8469855189323425,0.25692087411880493,0.7393364794552326,0.0001,0.2,0.19033203125,1105,0.2588094174861908
500.0,2480,184,223,11.642364960000002,456704,0.0,-0.40254061818122866,0.021525413,-0.01071230525849387,0.7395111322402954,0.6866320371627808,1.5314088806509971,0.0001,0.2,0.18515625,1110,0.25877130031585693
500.0,2487,184,224,11.570813880000003,458752,0.0,-0.4022849775850773,0.017683938,-0.008839264587732033,0.8922293186187744,0.20278386771678925,0.48024302497506144,0.0001,0.2,0.15283203125,1115,0.2587856352329254
500.0,2494,184,225,11.724786819999998,460800,0.0,-0.4028925858438015,0.020088056,-0.009559097234159708,0.9285957217216492,0.1445785015821457,0.34110700339078903,0.0001,0.2,0.172265625,1120,0.25885096192359924
500.0,2501,185,226,11.7680445,462848,0.0,-0.4042899042367935,0.018981695,-0.010003101080656052,0.8691014647483826,0.3412204384803772,0.7013753965497017,0.0001,0.2,0.1849609375,1125,0.25885388255119324
500.0,2508,185,227,11.929436109999997,464896,0.0,-0.4050014019012451,0.0150244525,-0.0086000437149778,0.8428089022636414,0.32953235507011414,0.8792908445000649,0.0001,0.2,0.16513671875,1130,0.2589930593967438
500.0,2514,185,228,12.098735180000004,466944,0.0,-0.40834583789110185,0.023535404,-0.011381114344112575,0.8756580948829651,0.2563401162624359,0.7584379747509956,0.0001,0.2,0.180859375,1135,0.25904783606529236
500.0,2521,185,229,12.375072600000001,468992,0.0,-0.4076423741877079,0.031187402,-0.015352318994700909,0.7724853754043579,0.6040666699409485,1.509120874106884,0.0001,0.2,0.1822265625,1140,0.25894781947135925
500.0,2528,186,230,12.5283255,471040,0.0,-0.40554289519786835,0.017392717,-0.009709949034731834,0.8721079230308533,0.4244762361049652,1.0351976662874223,0.0001,0.2,0.17197265625,1145,0.2589164078235626
500.0,2535,186,231,12.490090039999995,473088,0.0,-0.40594342052936555,0.021217605,-0.010998566023044987,0.9106940031051636,0.24693158268928528,0.6034883387386799,0.0001,0.2,0.18603515625,1150,0.2589743137359619
500.0,2611,181,232,12.71398215,475136,0.0,-0.4062927387654781,0.019873176,-0.011919974186457693,0.8741939663887024,0.3484131395816803,0.8727194532752037,0.0001,0.2,0.17333984375,1155,0.2589045763015747
500.0,2618,182,233,12.907843050000002,477184,0.0,-0.40474231317639353,0.023617,-0.011243518482660874,0.7836990356445312,0.5021654367446899,1.4713717192411422,0.0001,0.2,0.21796875,1160,0.25888264179229736
500.0,2624,182,234,13.02823074,479232,0.0,-0.40470060929656027,0.033927232,-0.014006405230611562,0.8920134902000427,0.33960115909576416,1.1136270418763161,0.0001,0.2,0.20380859375,1165,0.2588704526424408
500.0,2631,182,235,13.348427530000002,481280,0.0,-0.4042136549949646,0.021957533,-0.017887656699167566,0.9152472019195557,0.1777460128068924,0.5600335016846657,0.0001,0.2,0.18837890625,1170,0.25887614488601685
500.0,2638,183,236,13.468364629999998,483328,0.0,-0.405317610502243,0.023478562,-0.012014439888298511,0.8557789325714111,0.4693513512611389,1.0052284613251685,0.0001,0.2,0.1837890625,1175,0.2589588463306427
500.0,2645,183,237,13.749679089999999,485376,0.0,-0.4075987748801708,0.020507704,-0.01212458717636764,0.8164643049240112,0.5449055433273315,1.4607378095388412,0.0001,0.2,0.1693359375,1180,0.2590717077255249
500.0,2652,183,238,14.032697249999998,487424,0.0,-0.40904911160469054,0.020181006,-0.01206938459072262,0.7968968749046326,0.5514197945594788,1.2904019355773926,0.0001,0.2,0.15439453125,1185,0.25902655720710754
500.0,2659,184,239,14.288961050000001,489472,0.0,-0.40903602316975596,0.01539606,-0.011917822028044612,0.8307401537895203,0.6963534355163574,1.352315191924572,0.0001,0.2,0.14794921875,1190,0.2591693103313446
500.0,2666,184,240,14.46672577,491520,0.0,-0.41073197722434995,0.030475695,-0.015937676874455065,0.8732607960700989,0.46747714281082153,1.000924390554428,0.0001,0.2,0.2359375,1195,0.2590765655040741
500.0,2673,184,241,14.75974841,493568,0.0,-0.4090494431555271,0.025834342,-0.01089007268892601,0.846504271030426,0.7429524064064026,1.3041226267814636,0.0001,0.2,0.2376953125,1200,0.25909653306007385
500.0,2680,184,242,15.044453600000002,495616,0.0,-0.4115045450627804,0.023225183,-0.014479513105470687,0.9107944965362549,0.29067692160606384,0.8118922054767609,0.0001,0.2,0.2275390625,1205,0.2592671811580658
500.0,2687,185,243,15.04267671,497664,0.0,-0.41521762162446973,0.017728552,-0.011023859831038863,0.912785530090332,0.3845883011817932,0.7832674488425255,0.0001,0.2,0.131640625,1210,0.25944069027900696
500.0,2694,185,244,15.132516449999999,499712,0.0,-0.41850744783878324,0.016002651,-0.01084295604377985,0.725029706954956,0.5867619514465332,1.909201318025589,0.0001,0.2,0.1798828125,1215,0.2594905197620392
500.0,2774,180,245,15.118986660000003,501760,0.0,-0.41856053099036217,0.013520205,-0.007827542535960675,0.8298893570899963,0.4351082742214203,1.084561364352703,0.0001,0.2,0.12080078125,1220,0.2594793736934662
500.0,2781,181,246,15.194058089999999,503808,0.0,-0.4191717244684696,0.014755787,-0.007519102038349957,0.7979942560195923,0.46268510818481445,0.9741628043353557,0.0001,0.2,0.16103515625,1225,0.2595474421977997
500.0,2788,181,247,15.431026789999997,505856,0.0,-0.4198679618537426,0.01801565,-0.013134096655994654,0.7158963680267334,0.8364083170890808,2.032812175154686,0.0001,0.2,0.21142578125,1230,0.25952592492103577
500.0,2794,181,248,15.715966960000003,507904,0.0,-0.420390909910202,0.018431678,-0.011841217696201056,0.8384142518043518,0.37030231952667236,1.260223637521267,0.0001,0.2,0.175,1235,0.2596116364002228
500.0,2801,182,249,15.868239039999997,509952,0.0,-0.42230245694518087,0.0184552,-0.0173912163823843,0.8652940988540649,0.45523861050605774,1.043401612341404,0.0001,0.2,0.1720703125,1240,0.2597196102142334
500.0,2808,182,250,16.02002974,512000,0.0,-0.42395634576678276,0.02015267,-0.013425697304774076,0.8283179402351379,0.7807890176773071,1.4941338181495667,0.0001,0.2,0.23408203125,1245,0.25969329476356506
500.0,2815,182,251,16.13991926,514048,0.0,-0.4237772114574909,0.025079023,-0.012961356190498919,0.9050724506378174,0.24905134737491608,0.8668683290481567,0.0001,0.2,0.19970703125,1250,0.2597537338733673
500.0,2823,182,252,16.418392100000002,516096,0.0,-0.4255684271454811,0.022426825,-0.013089329862850718,0.8710076808929443,0.33645233511924744,0.9360600665211678,0.0001,0.2,0.2189453125,1255,0.25981447100639343
500.0,2829,183,253,16.379487249999997,518144,0.0,-0.42580813616514207,0.01881465,-0.012486283341422677,0.9010573625564575,0.4199381172657013,1.2112067446112633,0.0001,0.2,0.1712890625,1260,0.25975993275642395
500.0,2836,183,254,16.23881474,520192,0.0,-0.42448162063956263,0.016994573,-0.011202884372323751,0.8742302656173706,0.4794485867023468,1.1129866302013398,0.0001,0.2,0.16025390625,1265,0.2597065269947052
500.0,2843,183,255,16.33227133,522240,0.0,-0.4250956982374191,0.017777972,-0.01123989827465266,0.8782997727394104,0.3197988271713257,1.0367075316607952,0.0001,0.2,0.1486328125,1270,0.25987058877944946
500.0,2849,183,256,16.26495445,524288,0.0,-0.42836425006389617,0.025765521,-0.013018068607198074,0.9230628609657288,0.3996855914592743,0.8392073638737202,0.0001,0.2,0.22333984375,1275,0.25989940762519836
500.0,2923,180,257,16.47923225,526336,0.0,-0.42945036441087725,0.024928514,-0.01355196740187239,0.7612749934196472,0.6844021677970886,1.9027640163898467,0.0001,0.2,0.19833984375,1280,0.2600606381893158
500.0,2930,180,258,16.601005169999997,528384,0.0,-0.43187865391373637,0.027428634,-0.012267868383787572,0.8471311330795288,0.7844194173812866,1.1633961141109466,0.0001,0.2,0.21728515625,1285,0.25999805331230164
500.0,2937,180,259,16.694109830000002,530432,0.0,-0.42946888878941536,0.024739124,-0.015321344579569995,0.8001363277435303,0.9487483501434326,2.0578621730208395,0.0001,0.2,0.22216796875,1290,0.2599029541015625
500.0,2944,180,260,16.676787909999998,532480,0.0,-0.42777964696288107,0.022947073,-0.012792509573046118,0.9046001434326172,0.3285912275314331,0.8317423895001411,0.0001,0.2,0.20537109375,1295,0.259892076253891
500.0,2951,181,261,16.783973149999998,534528,0.0,-0.42830195277929306,0.02173618,-0.014203605067450553,0.8731089234352112,0.49127626419067383,1.1514299616217614,0.0001,0.2,0.2099609375,1300,0.25990089774131775
500.0,2958,181,262,16.75194894,536576,0.0,-0.4281621627509594,0.023037773,-0.016135175037197767,0.8847222924232483,0.349078506231308,0.8834177821874618,0.0001,0.2,0.161328125,1305,0.25989335775375366
500.0,2965,181,263,16.60190369,538624,0.0,-0.42749950736761094,0.024161406,-0.012184308504220098,0.8879435062408447,0.5637727379798889,1.1340547621250152,0.0001,0.2,0.18896484375,1310,0.25984981656074524
500.0,2972,181,264,16.762375140000003,540672,0.0,-0.42654150873422625,0.025292136,-0.014219819591380656,0.8604426980018616,0.5069372057914734,1.2311675071716308,0.0001,0.2,0.17421875,1315,0.2597663104534149
500.0,2979,182,265,16.689599219999998,542720,0.0,-0.42579333409667014,0.021541543,-0.013574479322414845,0.8520622849464417,0.5794243812561035,1.2494963884353638,0.0001,0.2,0.1984375,1320,0.2598734200000763
500.0,2986,182,266,16.56894929,544768,0.0,-0.4287865236401558,0.02750609,-0.015026243741158397,0.8775655627250671,0.3202255666255951,1.0053594663739205,0.0001,0.2,0.191015625,1325,0.2599341571331024
500.0,2993,182,267,16.504306449999998,546816,0.0,-0.42976644039154055,0.01716124,-0.011959539202507585,0.9077847599983215,0.4050053656101227,0.7748418241739273,0.0001,0.2,0.15341796875,1330,0.26001080870628357
500.0,3000,182,268,16.48907811,548864,0.0,-0.43119947612285614,0.023373064,-0.013247052335646003,0.8455174565315247,0.442923367023468,1.2014794245362281,0.0001,0.2,0.173828125,1335,0.26005101203918457
500.0,3085,178,269,16.860052600000003,550912,0.0,-0.4314265243709087,0.021840502,-0.01703367183217779,0.8923478722572327,0.4724448621273041,0.9173315033316612,0.0001,0.2,0.17802734375,1340,0.2600215971469879
500.0,3092,178,270,17.04246983,552960,0.0,-0.43041613772511483,0.021264186,-0.013020901451818645,0.8172429800033569,0.6823182702064514,1.6994663923978806,0.0001,0.2,0.19482421875,1345,0.259954571723938
500.0,3099,179,271,16.929079799999997,555008,0.0,-0.42846074849367144,0.021820314,-0.013234149513300509,0.8230388760566711,0.5612568855285645,1.3476221084594726,0.0001,0.2,0.1998046875,1350,0.25984013080596924
500.0,3106,179,272,16.87381242,557056,0.0,-0.42669867426157,0.031049967,-0.016402380634099246,0.847275972366333,1.1952229738235474,1.8085393071174622,0.0001,0.2,0.2490234375,1355,0.2598150074481964
500.0,3114,179,273,16.850278139999997,559104,0.0,-0.42671279460191724,0.022114255,-0.010755609977059067,0.8699203133583069,0.4789394736289978,1.4517206043004989,0.0001,0.2,0.2111328125,1360,0.2598424255847931
500.0,3121,179,274,16.88178523,561152,0.0,-0.42670464888215065,0.0215968,-0.013237987633328886,0.9093230962753296,0.4518434703350067,0.9405761353671551,0.0001,0.2,0.173828125,1365,0.25977766513824463
500.0,3128,179,275,16.6713435,563200,0.0,-0.42538307011127474,0.014875136,-0.00975788151845336,0.8979204893112183,0.31965452432632446,1.0347670778632163,0.0001,0.2,0.13203125,1370,0.2597467005252838
500.0,3136,180,276,16.58294343,565248,0.0,-0.42583458945155145,0.022299327,-0.015520140447188168,0.9037781953811646,0.49518492817878723,1.0171389415860177,0.0001,0.2,0.22119140625,1375,0.25988051295280457
500.0,3144,180,277,16.53358141,567296,0.0,-0.4287739686667919,0.025364444,-0.013975496299099176,0.8834958076477051,0.691501259803772,1.452124945819378,0.0001,0.2,0.1935546875,1380,0.25991806387901306
500.0,3151,180,278,16.277691450000003,569344,0.0,-0.4289292745292187,0.021449018,-0.011342201346997172,0.897504448890686,0.4895089566707611,1.2383147478103638,0.0001,0.2,0.19814453125,1385,0.25994545221328735
500.0,3159,180,279,16.21844878,571392,0.0,-0.4294511258602142,0.019399576,-0.010065536585170776,0.893458902835846,0.17125867307186127,0.8995048023760319,0.0001,0.2,0.1521484375,1390,0.25992944836616516
500.0,3166,181,280,16.01234639,573440,0.0,-0.4306319937109947,0.02643865,-0.013493349216878415,0.9159483909606934,0.4170870780944824,0.900315772742033,0.0001,0.2,0.2556640625,1395,0.26009055972099304
500.0,3246,177,281,15.67000358,575488,0.0,-0.4343495354056358,0.024972333,-0.01529543857614044,0.9472305774688721,0.1239575669169426,0.5953681923449039,0.0001,0.2,0.23515625,1400,0.26023128628730774
500.0,3254,177,282,15.547352790000001,577536,0.0,-0.4387167364358902,0.01849429,-0.011527098342776298,0.9141640663146973,0.4857337772846222,0.9033134177327156,0.0001,0.2,0.1650390625,1405,0.26049360632896423
500.0,3261,177,283,15.133006940000003,579584,0.0,-0.44364715218544004,0.019344125,-0.011591132829198613,0.8911173343658447,0.4731447398662567,1.3868780106306076,0.0001,0.2,0.1873046875,1410,0.2606043219566345
500.0,3268,177,284,14.836950710000002,581632,0.0,-0.44439058750867844,0.021121306,-0.012585269787814468,0.8908984661102295,0.3844166100025177,1.182559433579445,0.0001,0.2,0.176953125,1415,0.2606033384799957
500.0,3275,178,285,14.844279460000003,583680,0.0,-0.44594780504703524,0.023483332,-0.01747952071018517,0.9098652601242065,0.2736298441886902,0.8349796384572983,0.0001,0.2,0.1939453125,1420,0.2607279419898987
500.0,3282,178,286,14.55242704,585728,0.0,-0.44754370376467706,0.022976404,-0.011803478840738535,0.8756818771362305,0.3583177328109741,1.0008807480335236,0.0001,0.2,0.1876953125,1425,0.26070162653923035
500.0,3290,178,287,14.774313189999997,587776,0.0,-0.4477363139390945,0.016182035,-0.01104024883825332,0.9368143081665039,0.2367396205663681,0.5750397838652134,0.0001,0.2,0.1634765625,1430,0.2608121335506439
500.0,3297,178,288,14.675200339999996,589824,0.0,-0.4487502761185169,0.017054385,-0.01070325702894479,0.7663071751594543,1.2020410299301147,1.8585204243659974,0.0001,0.2,0.1736328125,1435,0.2607066333293915
500.0,3304,179,289,14.668233070000001,591872,0.0,-0.4469741076231003,0.026517913,-0.010580236813984812,0.9057049751281738,0.4541918933391571,1.0045191086828709,0.0001,0.2,0.22236328125,1440,0.2607378363609314
500.0,3312,179,290,14.45400616,593920,0.0,-0.4483196631073952,0.019715585,-0.014763340866193176,0.9042690396308899,0.47730979323387146,1.1977672189474107,0.0001,0.2,0.1943359375,1445,0.2608002722263336
500.0,3319,179,291,14.627959629999998,595968,0.0,-0.44840055257081984,0.02027911,-0.013671628385782241,0.9286438226699829,0.22290141880512238,0.6762570522725582,0.0001,0.2,0.18046875,1450,0.2607058584690094
500.0,3326,179,292,14.88939795,598016,0.0,-0.4467884711921215,0.016001308,-0.013433631544467061,0.9164919257164001,0.4085901081562042,0.9928673967719078,0.0001,0.2,0.19287109375,1455,0.26072439551353455
500.0,3383,177,293,14.982062630000003,600064,0.0,-0.4475832872092724,0.03038896,-0.017628127214265987,0.8864853382110596,0.5979483723640442,1.3865523427724837,0.0001,0.2,0.2115234375,1460,0.2607532739639282
500.0,3390,177,294,14.86530384,602112,0.0,-0.4491229198873043,0.022683771,-0.012027337169274687,0.9363904595375061,0.5232170224189758,1.0204150065779687,0.0001,0.2,0.216796875,1465,0.26086971163749695
500.0,3397,177,295,14.95158923,604160,0.0,-0.45274307280778886,0.027497463,-0.014936276059597731,0.9597722291946411,0.21720099449157715,0.6009941607713699,0.0001,0.2,0.2568359375,1470,0.2610915005207062
500.0,3404,178,296,15.035352429999998,606208,0.0,-0.4576968654990196,0.023323305,-0.016649523214437068,0.9580154418945312,0.32321593165397644,0.5982561364769936,0.0001,0.2,0.2390625,1475,0.26124200224876404
500.0,3412,178,297,14.840991670000001,608256,0.0,-0.45957876443862916,0.021713996,-0.012922872451599687,0.9438998103141785,0.4303745627403259,0.9274989992380143,0.0001,0.2,0.2314453125,1480,0.26124975085258484
500.0,3419,178,298,14.76560456,610304,0.0,-0.45888291746377946,0.021467987,-0.015672993869520722,0.8876597881317139,0.15076199173927307,0.7903220362961292,0.0001,0.2,0.17822265625,1485,0.26122966408729553
500.0,3426,178,299,14.745586189999997,612352,0.0,-0.45829452723264696,0.019767866,-0.014403668232262135,0.8856464624404907,0.4169542193412781,1.0912133738398553,0.0001,0.2,0.18154296875,1490,0.26114505529403687
500.0,3433,178,300,14.769240709999998,614400,0.0,-0.4570514462888241,0.019076731,-0.011809958750382066,0.9081442952156067,0.1544165313243866,0.7224256068468093,0.0001,0.2,0.1671875,1495,0.261150985956192
500.0,3440,179,301,14.752385130000002,616448,0.0,-0.4577521257102489,0.025655515,-0.011896987305954098,0.8580558896064758,0.49267128109931946,1.229936234652996,0.0001,0.2,0.21083984375,1500,0.261205792427063
500.0,3447,179,302,14.93042635,618496,0.0,-0.45853167250752447,0.026697896,-0.015263844199944287,0.7367967367172241,0.9998145699501038,2.6378832340240477,0.0001,0.2,0.2365234375,1505,0.26119181513786316
500.0,3454,179,303,15.173290569999999,620544,0.0,-0.4581147231161594,0.0202385,-0.013139120454434305,0.9139763116836548,0.21254581212997437,0.7206792183220386,0.0001,0.2,0.1888671875,1510,0.26121023297309875
500.0,3461,179,304,15.412970090000002,622592,0.0,-0.45786533430218695,0.021032896,-0.014382075052708387,0.7928522825241089,0.8321738243103027,2.196223485469818,0.0001,0.2,0.1939453125,1515,0.26110169291496277
500.0,3468,180,305,15.514111039999998,624640,0.0,-0.4563579671084881,0.020568464,-0.010393321776064113,0.8292954564094543,0.5774391293525696,1.5805230483412742,0.0001,0.2,0.15703125,1520,0.2611679434776306
500.0,3552,176,306,15.71436638,626688,0.0,-0.4586160764098167,0.020456387,-0.013160949212033302,0.8635755777359009,0.4379052221775055,1.0516304209828378,0.0001,0.2,0.20859375,1525,0.26128700375556946
500.0,3559,176,307,15.855621319999997,628736,0.0,-0.4616402342915535,0.030879457,-0.01628591842018068,0.9013875126838684,0.3044394850730896,0.9927411213517189,0.0001,0.2,0.2037109375,1530,0.26141801476478577
500.0,3566,176,308,16.170646149999996,630784,0.0,-0.46480172127485275,0.018622657,-0.013067149790003896,0.8597477674484253,0.4238932728767395,1.0260309502482414,0.0001,0.2,0.16796875,1535,0.2615507245063782
500.0,3573,177,309,16.150539069999997,632832,0.0,-0.4654137842357159,0.016732745,-0.012085352488793433,0.9079883098602295,0.3363918960094452,0.6997913405299186,0.0001,0.2,0.16630859375,1540,0.26142221689224243
500.0,3580,177,310,16.196024949999998,634880,0.0,-0.4617981404066086,0.016683508,-0.009680065617430955,0.8620797991752625,0.4639677107334137,1.3370398238301278,0.0001,0.2,0.15087890625,1545,0.26129162311553955
500.0,3587,177,311,16.071887399999998,636928,0.0,-0.45917303040623664,0.021711253,-0.013255844410741702,0.8806601762771606,0.40975427627563477,0.8470718048512935,0.0001,0.2,0.19140625,1550,0.26118433475494385
500.0,3594,177,312,16.04851878,638976,0.0,-0.45684468522667887,0.017781917,-0.01232233444461599,0.869503915309906,0.2193964570760727,0.8001080185174942,0.0001,0.2,0.15517578125,1555,0.26108717918395996
500.0,3601,177,313,15.806589079999998,641024,0.0,-0.4550735168159008,0.021891313,-0.010260787711013108,0.781575083732605,0.3569506108760834,0.9116901084780693,0.0001,0.2,0.18154296875,1560,0.26102760434150696
500.0,3608,178,314,15.87207034,643072,0.0,-0.4544063240289688,0.023253074,-0.012430167981074191,0.8173249363899231,0.6692137122154236,1.3361998543143272,0.0001,0.2,0.1900390625,1565,0.2610572874546051
500.0,3615,178,315,15.795657040000004,645120,0.0,-0.4571842275559902,0.01917101,-0.011992093781009317,0.7751814723014832,0.5592830181121826,1.4609100714325904,0.0001,0.2,0.18330078125,1570,0.2612604796886444
500.0,3621,178,316,15.34641352,647168,0.0,-0.4604079231619835,0.02095865,-0.009172233601566404,0.7622683644294739,0.5536618232727051,1.4147150591015816,0.0001,0.2,0.16318359375,1575,0.2613030672073364
500.0,3629,178,317,15.140707819999998,649216,0.0,-0.4612728446722031,0.019239593,-0.011625418020412327,0.7782401442527771,0.4549126923084259,1.1179699718952179,0.0001,0.2,0.159375,1580,0.261389821767807
500.0,3708,175,318,15.10878901,651264,0.0,-0.46409690007567406,0.020270767,-0.016356813558377325,0.9006945490837097,0.15284797549247742,0.39458369836211205,0.0001,0.2,0.1830078125,1585,0.26151296496391296
500.0,3714,175,319,14.83904437,653312,0.0,-0.4648306079208851,0.020109497,-0.010893698618747293,0.7676555514335632,0.7355107665061951,1.4728719264268875,0.0001,0.2,0.1642578125,1590,0.2614538371562958
500.0,3721,176,320,14.711729390000002,655360,0.0,-0.46432226076722144,0.024762742,-0.016700441075954586,0.872439980506897,0.24011248350143433,0.739696203917265,0.0001,0.2,0.2185546875,1595,0.2615228593349457
500.0,3728,176,321,14.39266617,657408,0.0,-0.4663830488920212,0.023407172,-0.013415207271464169,0.880497932434082,0.19572627544403076,0.7030897282063961,0.0001,0.2,0.190234375,1600,0.2615499198436737
500.0,3735,176,322,14.62953632,659456,0.0,-0.4654668070375919,0.026389066,-0.013963016995694489,0.8730729818344116,0.2797757685184479,0.6979248873889446,0.0001,0.2,0.2158203125,1605,0.26149019598960876
500.0,3742,176,323,14.634549799999997,661504,0.0,-0.4652938283979893,0.021110114,-0.01251198899699375,0.8428622484207153,0.47732147574424744,1.3695488065481185,0.0001,0.2,0.2103515625,1610,0.26152756810188293
500.0,3749,176,324,14.371084829999997,663552,0.0,-0.46646327897906303,0.019176383,-0.012598188291303814,0.8653767704963684,0.15275193750858307,0.5958224467933178,0.0001,0.2,0.16171875,1615,0.26161742210388184
500.0,3756,177,325,14.075684139999996,665600,0.0,-0.46894594430923464,0.024753857,-0.010737792373402045,0.8446738719940186,0.4700957238674164,1.1542683273553849,0.0001,0.2,0.19833984375,1620,0.26171550154685974
500.0,3763,177,326,13.840547089999998,667648,0.0,-0.471270165592432,0.019993095,-0.013089558656793088,0.8500760793685913,0.2498290240764618,0.5659856021404266,0.0001,0.2,0.16396484375,1625,0.2618284821510315
500.0,3771,177,327,13.964820920000001,669696,0.0,-0.4730140633881092,0.024539452,-0.013514211191795767,0.8505046367645264,0.3798057436943054,0.819612504541874,0.0001,0.2,0.1955078125,1630,0.26184168457984924
500.0,3778,177,328,13.708080100000004,671744,0.0,-0.4736324608325958,0.019332716,-0.010219996026717127,0.7833662033081055,0.37627550959587097,1.087966899573803,0.0001,0.2,0.19677734375,1635,0.26194363832473755
500.0,3786,177,329,13.7159653,673792,0.0,-0.47500137984752655,0.022947712,-0.016980465687811374,0.8931199908256531,0.240554541349411,0.5451405085623264,0.0001,0.2,0.20400390625,1640,0.2618778347969055
500.0,3863,174,330,13.67940337,675840,0.0,-0.4741224028170109,0.019312799,-0.010072318144375458,0.8913954496383667,0.23025116324424744,0.5977098375558854,0.0001,0.2,0.21904296875,1645,0.26191869378089905
500.0,3870,175,331,13.460284339999998,677888,0.0,-0.4755263917148113,0.024028763,-0.009880202857311815,0.827852189540863,0.4545656740665436,0.9309855565428734,0.0001,0.2,0.23818359375,1650,0.26200106739997864
500.0,3878,175,332,13.36055217,679936,0.0,-0.47675722017884253,0.022888621,-0.013468545791693032,0.7968881130218506,0.21592704951763153,0.8030998803675174,0.0001,0.2,0.2064453125,1655,0.26201799511909485
500.0,3885,175,333,13.292829720000002,681984,0.0,-0.47919793128967286,0.023848223,-0.01140603658859618,0.8612868785858154,0.4273656904697418,0.7854876682162285,0.0001,0.2,0.181640625,1660,0.2622518241405487
500.0,3893,175,334,13.157403480000003,684032,0.0,-0.4834567315876484,0.02371464,-0.013976950891083107,0.7855215668678284,0.47172480821609497,0.9141296572983265,0.0001,0.2,0.20908203125,1665,0.26229327917099
500.0,3900,175,335,13.33622481,686080,0.0,-0.48416448310017585,0.021771591,-0.014339454245055094,0.8373064398765564,0.29217350482940674,0.7325094386935234,0.0001,0.2,0.20126953125,1670,0.2624111473560333
500.0,3907,176,336,13.177426809999996,688128,0.0,-0.48622006103396415,0.021008372,-0.01266934177838266,0.8236817121505737,0.33410295844078064,0.8732171192765236,0.0001,0.2,0.19814453125,1675,0.26242294907569885
500.0,3915,176,337,13.27355247,690176,0.0,-0.486285687237978,0.01812471,-0.009801779093686491,0.8472689390182495,0.3308235704898834,0.7417274408042431,0.0001,0.2,0.16279296875,1680,0.2624233067035675
500.0,3922,176,338,13.187287079999999,692224,0.0,-0.48652250990271567,0.024813928,-0.01040054993936792,0.86574387550354,0.43463051319122314,0.7503572016954422,0.0001,0.2,0.21787109375,1685,0.26247575879096985
500.0,3929,176,339,12.982002769999998,694272,0.0,-0.4869634822010994,0.016831174,-0.009970349952345714,0.8009178042411804,0.2390064150094986,0.9450017392635346,0.0001,0.2,0.1640625,1690,0.26240915060043335
500.0,3937,176,340,12.848029069999995,696320,0.0,-0.4854264289140701,0.021568209,-0.012007822270970792,0.8026040196418762,0.3438372313976288,0.9344801977276802,0.0001,0.2,0.18154296875,1695,0.26238396763801575
500.0,3944,177,341,12.82978013,698368,0.0,-0.48491385653615,0.01735849,-0.010386045661289246,0.8705893754959106,0.18976560235023499,0.5560806773602962,0.0001,0.2,0.158984375,1700,0.2623629570007324
500.0,4022,174,342,12.723069250000002,700416,0.0,-0.48545883074402807,0.026417872,-0.014465043763630092,0.8403199911117554,0.39522501826286316,0.8524170808494091,0.0001,0.2,0.19404296875,1705,0.26242780685424805
500.0,4029,174,343,12.790200250000003,702464,0.0,-0.4869140423834324,0.028212443,-0.01511300762067549,0.8747203350067139,0.2290644347667694,0.7100253507494927,0.0001,0.2,0.21865234375,1710,0.26248911023139954
500.0,4037,174,344,12.450036920000002,704512,0.0,-0.4877937488257885,0.018324926,-0.013763817376457155,0.821808934211731,0.3756140172481537,0.9389323025941849,0.0001,0.2,0.14951171875,1715,0.26247626543045044
500.0,4044,174,345,12.514122449999997,706560,0.0,-0.4874765709042549,0.018355275,-0.012303983396850526,0.7792705297470093,0.14494891464710236,0.5150141462683677,0.0001,0.2,0.17978515625,1720,0.262546181678772
500.0,4051,174,346,12.576279250000002,708608,0.0,-0.48947406709194186,0.017065044,-0.01017128158127889,0.7018193006515503,0.5356115102767944,1.1377302989363671,0.0001,0.2,0.160546875,1725,0.26252010464668274
500.0,4059,175,347,12.575951209999998,710656,0.0,-0.4892253614962101,0.02496321,-0.011789358698297291,0.7897180914878845,0.2735087275505066,0.8974821008741856,0.0001,0.2,0.20439453125,1730,0.262612521648407
500.0,4066,175,348,12.746923809999998,712704,0.0,-0.49091780111193656,0.01872051,-0.009260491793975234,0.7879852056503296,0.4556247591972351,1.0398291483521462,0.0001,0.2,0.14931640625,1735,0.2626711130142212
500.0,4074,175,349,12.723821450000003,714752,0.0,-0.4920829705893993,0.022191608,-0.01046089770970866,0.7378588318824768,0.9347598552703857,1.8430565536022185,0.0001,0.2,0.1998046875,1740,0.2626931369304657
500.0,4081,175,350,12.94220432,716800,0.0,-0.4923227973282337,0.022800919,-0.01079871238907799,0.874223530292511,0.3309854567050934,0.7675885401666165,0.0001,0.2,0.23681640625,1745,0.2627030313014984
500.0,4088,175,351,13.15934407,718848,0.0,-0.4912277296185493,0.021000642,-0.016143606035620907,0.9001588821411133,0.30252358317375183,0.6858608111739158,0.0001,0.2,0.1984375,1750,0.2625568211078644
500.0,4096,175,352,13.16104765,720896,0.0,-0.48809655383229256,0.026421154,-0.012971863272832706,0.8688102960586548,0.3161967992782593,0.928374832868576,0.0001,0.2,0.19326171875,1755,0.26248228549957275
500.0,4103,176,353,13.399082909999999,722944,0.0,-0.4873071268200874,0.019183537,-0.012799745856318623,0.9357273578643799,0.1517876535654068,0.5143312700092793,0.0001,0.2,0.18466796875,1760,0.26247885823249817
500.0,4110,176,354,13.308255420000002,724992,0.0,-0.4868832342326641,0.01678105,-0.0097294912324287,0.9074862003326416,0.4378673732280731,0.8540978826582432,0.0001,0.2,0.1751953125,1765,0.2624126672744751
500.0,4190,173,355,13.548990990000002,727040,0.0,-0.48636957034468653,0.018623486,-0.010512687498703599,0.8726433515548706,0.4813091456890106,1.1176526442170143,0.0001,0.2,0.18232421875,1770,0.2624838054180145
500.0,4198,173,356,13.860279530000003,729088,0.0,-0.48884063959121704,0.020353615,-0.015464784379582852,0.8827782273292542,0.3381894528865814,0.7890416495501995,0.0001,0.2,0.20263671875,1775,0.26263442635536194
500.0,4205,173,357,13.939326030000002,731136,0.0,-0.49183704555034635,0.025108129,-0.012260809063445777,0.784148097038269,0.4681476056575775,1.8887019127607345,0.0001,0.2,0.2087890625,1780,0.26266971230506897
500.0,4212,174,358,14.129894619999998,733184,0.0,-0.493361634016037,0.019207772,-0.011660349712474271,0.8821792602539062,0.2820891737937927,0.7103268362581729,0.0001,0.2,0.173046875,1785,0.2628645896911621
500.0,4219,174,359,14.154763910000002,735232,0.0,-0.4984019063413143,0.017836714,-0.013006547780241818,0.9118249416351318,0.2064310759305954,0.7865217909216881,0.0001,0.2,0.1802734375,1790,0.26306697726249695
500.0,4227,174,360,14.11213292,737280,0.0,-0.5014305099844932,0.021693982,-0.01280961133306846,0.8640267252922058,0.32655757665634155,1.0664180606603622,0.0001,0.2,0.20078125,1795,0.2630949914455414
500.0,4234,174,361,14.43928156,739328,0.0,-0.5010581508278846,0.017235655,-0.009494674752932041,0.8410955667495728,0.5816819071769714,1.6069548919796943,0.0001,0.2,0.2056640625,1800,0.26304998993873596
500.0,4241,174,362,14.570601400000001,741376,0.0,-0.49983061850070953,0.020180214,-0.010359887161757796,0.8923425674438477,0.4450356960296631,0.9486867636442184,0.0001,0.2,0.18984375,1805,0.26298150420188904
500.0,4249,174,363,14.692185779999997,743424,0.0,-0.4999182917177677,0.015668087,-0.008780596277210862,0.9325639009475708,0.2821333408355713,0.6740059316158294,0.0001,0.2,0.1388671875,1810,0.2631104290485382
500.0,4256,175,364,14.95951514,745472,0.0,-0.5014723300933838,0.027248334,-0.015344904304947704,0.875237226486206,0.6988653540611267,1.1665335282683373,0.0001,0.2,0.2322265625,1815,0.26304957270622253
500.0,4263,175,365,15.22038904,747520,0.0,-0.5006267264485359,0.018719185,-0.013315548084210604,0.9179018139839172,0.1716386377811432,0.6543468490242959,0.0001,0.2,0.175,1820,0.263130784034729
500.0,4270,175,366,15.280208679999998,749568,0.0,-0.5017207197844982,0.02240185,-0.013171285844873638,0.8842112421989441,0.730366587638855,1.2200527131557464,0.0001,0.2,0.1767578125,1825,0.26302027702331543
500.0,4347,172,367,15.359079339999996,751616,0.0,-0.49926730468869207,0.01792971,-0.009452929592225701,0.9282999038696289,0.2811565697193146,0.6588997825980186,0.0001,0.2,0.1880859375,1830,0.2630191743373871
500.0,4354,173,368,15.546785559999998,753664,0.0,-0.4991617612540722,0.021999512,-0.014428873523138463,0.921741783618927,0.2861802279949188,0.7374367550015449,0.0001,0.2,0.2029296875,1835,0.2629516124725342
500.0,4361,173,369,15.730735159999996,755712,0.0,-0.49960561841726303,0.021920241,-0.012512814812362194,0.9087342023849487,0.3830278813838959,0.9334653079509735,0.0001,0.2,0.19970703125,1840,0.26309481263160706
500.0,4368,173,370,15.43345214,757760,0.0,-0.5027645468711853,0.023698838,-0.0161136215319857,0.848952054977417,0.3309028148651123,0.8761417858302594,0.0001,0.2,0.20380859375,1845,0.26320403814315796
500.0,4375,173,371,15.61337766,759808,0.0,-0.503972028195858,0.020954441,-0.014022984256735071,0.8503742814064026,0.2915382385253906,0.8219447314739228,0.0001,0.2,0.2130859375,1850,0.2632184326648712
500.0,4383,173,372,15.52307017,761856,0.0,-0.5058659076690674,0.029581953,-0.01555045903660357,0.7587671279907227,1.069974422454834,2.01690559387207,0.0001,0.2,0.21826171875,1855,0.2633928060531616
500.0,4390,174,373,15.37855775,763904,0.0,-0.5103851407766342,0.01833577,-0.010677192138973623,0.8193844556808472,0.5916951298713684,1.1734802022576332,0.0001,0.2,0.1876953125,1860,0.2636115849018097
500.0,4397,174,374,15.300029359999998,765952,0.0,-0.5142956480383873,0.020421555,-0.013258109986782073,0.8443959355354309,0.36068934202194214,1.0992660224437714,0.0001,0.2,0.18173828125,1865,0.2636985778808594
500.0,4404,174,375,15.272081960000003,768000,0.0,-0.5140987873077393,0.023987822,-0.014192118274513632,0.8683168292045593,0.6669546961784363,1.2322388306260108,0.0001,0.2,0.2015625,1870,0.2636149525642395
500.0,4411,174,376,15.23941769,770048,0.0,-0.513299809396267,0.027532946,-0.015962928137741982,0.8579996824264526,0.40170708298683167,1.1442534312605859,0.0001,0.2,0.2033203125,1875,0.2636665403842926
500.0,4418,174,377,15.277227080000003,772096,0.0,-0.5143075257539749,0.02278994,-0.012041685252916068,0.8742875456809998,0.5780568718910217,1.2372577995061875,0.0001,0.2,0.22294921875,1880,0.2636580169200897
500.0,4425,174,378,14.918577,774144,0.0,-0.5134331926703453,0.025267333,-0.017348664137534796,0.8913630843162537,0.41772541403770447,1.1744027048349381,0.0001,0.2,0.21103515625,1885,0.26365208625793457
500.0,4489,172,379,15.03909099,776192,0.0,-0.5151722818613053,0.015849683,-0.010969885642407463,0.8380348682403564,0.5680015683174133,1.379451447725296,0.0001,0.2,0.1634765625,1890,0.26378950476646423
500.0,4496,173,380,14.932535080000003,778240,0.0,-0.5176975086331368,0.019772884,-0.01196579470706638,0.9022804498672485,0.39230576157569885,0.7412622906267643,0.0001,0.2,0.19521484375,1895,0.2638435363769531
500.0,4503,173,381,15.070869010000001,780288,0.0,-0.5194773241877556,0.022256617,-0.014067352481652052,0.9339308738708496,0.40085700154304504,0.7267700478434562,0.0001,0.2,0.23359375,1900,0.26399102807044983
500.0,4510,173,382,15.10829492,782336,0.0,-0.5228206232190132,0.024454672,-0.012844994908664375,0.8916641473770142,0.46894657611846924,1.178900696337223,0.0001,0.2,0.23115234375,1905,0.26413866877555847
500.0,4517,173,383,15.238444840000001,784384,0.0,-0.5253656387329102,0.01975957,-0.011395862174686045,0.8515653610229492,0.667763888835907,1.1885640040040015,0.0001,0.2,0.19755859375,1910,0.2641710937023163
500.0,4524,173,384,14.93845996,786432,0.0,-0.5242450132966041,0.020053944,-0.011152957123704255,0.8861743211746216,0.3234758675098419,0.7762716382741928,0.0001,0.2,0.18427734375,1915,0.264027863740921
500.0,4531,174,385,14.802410709999998,788480,0.0,-0.5222637012600899,0.020584315,-0.009133534622378647,0.8818260431289673,0.6265799403190613,1.1880625575780868,0.0001,0.2,0.18974609375,1920,0.26403912901878357
500.0,4538,174,386,14.67012085,790528,0.0,-0.5227008000016212,0.022649318,-0.012894738430622965,0.8825908303260803,0.3683127462863922,0.7610315084457397,0.0001,0.2,0.2208984375,1925,0.2640191316604614
500.0,4545,174,387,14.401508000000002,792576,0.0,-0.5227916181087494,0.026810285,-0.01336435521952808,0.7977978587150574,0.446463018655777,1.2768455997109414,0.0001,0.2,0.22275390625,1930,0.26409512758255005
500.0,4552,174,388,14.364220990000002,794624,0.0,-0.5254865407943725,0.023205757,-0.01281767375767231,0.8468016386032104,0.4723643660545349,0.9888580068945885,0.0001,0.2,0.21025390625,1935,0.26424652338027954
500.0,4559,174,389,14.313273600000002,796672,0.0,-0.5278802067041397,0.024984814,-0.011764305102406069,0.7736327648162842,0.5500386357307434,1.219480012357235,0.0001,0.2,0.223046875,1940,0.26426658034324646
500.0,4566,174,390,14.246944110000001,798720,0.0,-0.5274147838354111,0.025256453,-0.012891599081922323,0.8232022523880005,0.40831372141838074,0.9764594748616219,0.0001,0.2,0.20595703125,1945,0.2642327845096588
500.0,4655,172,391,14.119732669999996,800768,0.0,-0.5257241204380989,0.030931128,-0.013695729104802013,0.8470008373260498,0.49723178148269653,1.1454438984394073,0.0001,0.2,0.2208984375,1950,0.26414600014686584
500.0,4662,172,392,14.11369242,802816,0.0,-0.5244417145848275,0.018338654,-0.008479245950002223,0.8283734321594238,0.17608880996704102,0.6556082591414452,0.0001,0.2,0.14658203125,1955,0.2641376554965973
500.0,4669,172,393,13.99130074,804864,0.0,-0.5237277820706367,0.021237133,-0.009451210382394493,0.8416788578033447,0.5046780705451965,1.1223929300904274,0.0001,0.2,0.19052734375,1960,0.2640492618083954
500.0,4677,172,394,14.173607960000002,806912,0.0,-0.5216331407427788,0.0199129,-0.01380832230206579,0.8140522241592407,0.5496501922607422,1.2664130002260208,0.0001,0.2,0.1736328125,1965,0.2639419138431549
500.0,4684,172,395,14.2361336,808960,0.0,-0.5192256569862366,0.023899073,-0.01112862909794785,0.5817926526069641,0.7086678743362427,2.2299512684345246,0.0001,0.2,0.19658203125,1970,0.263865202665329
500.0,4691,172,396,14.15631492,811008,0.0,-0.5173513144254684,0.020570353,-0.014604997029528022,0.7477891445159912,0.6692657470703125,1.6663628727197648,0.0001,0.2,0.18662109375,1975,0.2637479603290558
500.0,4699,173,397,14.60367751,813056,0.0,-0.5173138469457627,0.02289472,-0.013160549663007259,0.8359245657920837,0.30378812551498413,1.002701610326767,0.0001,0.2,0.1796875,1980,0.2639025151729584
500.0,4706,173,398,14.80044231,815104,0.0,-0.5207578063011169,0.021079669,-0.012720224843360484,0.8426154851913452,0.563572108745575,1.014291600883007,0.0001,0.2,0.18544921875,1985,0.2640046775341034
500.0,4714,173,399,14.98003485,817152,0.0,-0.5224172368645668,0.024027253,-0.009497032745275646,0.8277838826179504,0.49440544843673706,1.1312907442450524,0.0001,0.2,0.21748046875,1990,0.26406511664390564
500.0,4721,173,400,14.89515347,819200,0.0,-0.5249298945069313,0.017412763,-0.011575680610258132,0.7961336374282837,0.47270146012306213,1.3623995274305343,0.0001,0.2,0.19775390625,1995,0.26420295238494873
500.0,4728,173,401,14.727550580000003,821248,0.0,-0.5259589463472366,0.02417964,-0.015515569830313325,0.6999868750572205,0.2337515652179718,1.2914978668093682,0.0001,0.2,0.18759765625,2000,0.26416561007499695
500.0,4736,173,402,15.07866245,823296,0.0,-0.5267057776451111,0.02260233,-0.008060450153425335,0.8653566837310791,0.4095968008041382,0.91530417278409,0.0001,0.2,0.19501953125,2005,0.26431623101234436
500.0,4818,171,403,15.034493059999997,825344,0.0,-0.5307335764169693,0.021550918,-0.012443322851322592,0.8394773602485657,0.7855072021484375,1.1872181683778762,0.0001,0.2,0.20458984375,2010,0.26445552706718445
500.0,4826,171,404,15.310203229999999,827392,0.0,-0.5325321793556214,0.020702336,-0.01321777147531975,0.9187495708465576,0.2555374205112457,0.6124738767743111,0.0001,0.2,0.2046875,2015,0.264475554227829
500.0,4832,171,405,15.08510865,829440,0.0,-0.5326758027076721,0.019177467,-0.013770563749130816,0.7854992151260376,0.677070140838623,1.643153364956379,0.0001,0.2,0.19521484375,2020,0.26450085639953613
500.0,4840,171,406,15.038271349999997,831488,0.0,-0.5320899352431298,0.016060155,-0.0071747469482943416,0.8733709454536438,0.37486791610717773,0.8332779631018639,0.0001,0.2,0.14345703125,2025,0.2643926441669464
500.0,4846,171,407,14.95436261,833536,0.0,-0.5308058321475982,0.015930638,-0.008243892854079605,0.8677990436553955,0.4511696994304657,1.0120667457580566,0.0001,0.2,0.1654296875,2030,0.2644355595111847
500.0,4854,172,408,15.05042062,835584,0.0,-0.5333515375852584,0.020272247,-0.01104077537311241,0.7366886138916016,0.5354758501052856,1.2133245795965195,0.0001,0.2,0.19072265625,2035,0.2646045386791229
500.0,4861,172,409,15.173109530000003,837632,0.0,-0.5368551075458526,0.027051294,-0.019117343658581375,0.7231864929199219,0.8558104038238525,1.7440006583929062,0.0001,0.2,0.2484375,2040,0.2646748125553131
500.0,4868,172,410,15.326809169999999,839680,0.0,-0.5361437350511551,0.025592959,-0.012427003099583089,0.8133940100669861,0.3676883280277252,1.1165998414158822,0.0001,0.2,0.1984375,2045,0.2645510733127594
500.0,4875,172,411,15.50797192,841728,0.0,-0.5323048919439316,0.016404873,-0.010053706215694546,0.8908450603485107,0.6271366477012634,1.127182774245739,0.0001,0.2,0.16357421875,2050,0.26436153054237366
500.0,4883,172,412,15.847372029999999,843776,0.0,-0.5289907857775689,0.018122284,-0.010925397370010614,0.8483684062957764,0.3697541654109955,1.3498690634965897,0.0001,0.2,0.17255859375,2055,0.26425114274024963
500.0,4890,172,413,15.972216759999998,845824,0.0,-0.5252406895160675,0.022517428,-0.01492878048302373,0.8909897208213806,0.6469837427139282,1.1897990927100182,0.0001,0.2,0.16943359375,2060,0.2640250325202942
500.0,4897,173,414,16.10105678,847872,0.0,-0.5219002604484558,0.018110976,-0.010677238239441066,0.8092983961105347,0.44224607944488525,1.5672810912132262,0.0001,0.2,0.180078125,2065,0.26403388381004333
500.0,4904,173,415,16.270578450000002,849920,0.0,-0.5243894308805466,0.022516416,-0.009342711220961064,0.8522322177886963,0.5235769748687744,1.260445663332939,0.0001,0.2,0.21142578125,2070,0.26418745517730713
500.0,4980,171,416,16.42295505,851968,0.0,-0.525188259780407,0.02193049,-0.009707120986422523,0.8397895097732544,0.7373487949371338,1.5979163140058517,0.0001,0.2,0.1794921875,2075,0.2640538513660431
500.0,4987,171,417,16.637984009999997,854016,0.0,-0.5216750338673591,0.03394769,-0.016137248568702488,0.8961520791053772,0.4376964271068573,1.150158603489399,0.0001,0.2,0.2669921875,2080,0.2639610469341278
500.0,4995,171,418,16.74984183,856064,0.0,-0.521120972931385,0.020397455,-0.010456365771824494,0.9251165986061096,0.42641115188598633,0.8007368087768555,0.0001,0.2,0.193359375,2085,0.26398399472236633
500.0,5001,171,419,16.544211779999998,858112,0.0,-0.5189008668065072,0.026702551,-0.009779037872795016,0.8653901815414429,0.662521243095398,1.0939629271626472,0.0001,0.2,0.1943359375,2090,0.2636840343475342
500.0,5009,171,420,16.618954000000002,860160,0.0,-0.5138107970356941,0.019569797,-0.01487205534358509,0.7485561370849609,0.3330777883529663,1.1340611442923545,0.0001,0.2,0.180859375,2095,0.26364919543266296
500.0,5016,171,421,16.50808297,862208,0.0,-0.5134209468960762,0.02415584,-0.013669948827009648,0.7970102429389954,0.5847406983375549,1.6878573596477509,0.0001,0.2,0.14853515625,2100,0.2636179029941559
500.0,5023,172,422,16.4451288,864256,0.0,-0.512483760714531,0.019136637,-0.00736929636914283,0.7909897565841675,0.4286211431026459,1.3694038152694703,0.0001,0.2,0.161328125,2105,0.2635268270969391
500.0,5031,172,423,16.62260884,866304,0.0,-0.5109503507614136,0.022664413,-0.010354785883100704,0.8496968746185303,0.39092040061950684,1.2479618325829507,0.0001,0.2,0.16171875,2110,0.26351138949394226
500.0,5038,172,424,16.63574281,868352,0.0,-0.511279733479023,0.026504554,-0.01598961961863097,0.919001579284668,0.252096027135849,0.8682010367512702,0.0001,0.2,0.21123046875,2115,0.26352882385253906
500.0,5045,172,425,16.73465113,870400,0.0,-0.5132438614964485,0.019505918,-0.01172641433076933,0.8186845183372498,0.7058942317962646,1.7803044587373733,0.0001,0.2,0.1685546875,2120,0.26373255252838135
500.0,5051,172,426,16.677420090000005,872448,0.0,-0.5163837522268295,0.030171596,-0.007799920812249184,0.8854672908782959,0.2988119125366211,1.097061738371849,0.0001,0.2,0.1306640625,2123,0.2637464702129364
500.0,5058,172,427,16.39648262,874496,0.0,-0.5165907591581345,0.027996898,-0.015019518812187016,0.860692024230957,0.5329505801200867,1.3554912462830544,0.0001,0.2,0.22041015625,2128,0.26379409432411194
500.0,5116,171,428,16.52837209,876544,0.0,-0.5179331913590431,0.022010393,-0.010247516597155481,0.7549943327903748,0.34314826130867004,1.2280388578772545,0.0001,0.2,0.1837890625,2133,0.26384273171424866
500.0,5123,171,429,16.30960665,878592,0.0,-0.518249724805355,0.02119246,-0.011768696998478845,0.6744935512542725,1.0358613729476929,2.752475744485855,0.0001,0.2,0.213671875,2138,0.26379886269569397
500.0,5130,171,430,15.988442209999999,880640,0.0,-0.5167121574282646,0.02405072,-0.011416666046716272,0.8458627462387085,0.33525919914245605,1.106721118092537,0.0001,0.2,0.185546875,2143,0.26371538639068604
500.0,5138,171,431,15.865675879999996,882688,0.0,-0.5164988875389099,0.017113395,-0.008250178117305041,0.8578346371650696,0.5250300765037537,1.4915961191058158,0.0001,0.2,0.1681640625,2148,0.2638351321220398
500.0,5145,171,432,15.91875813,884736,0.0,-0.5203865081071853,0.019671187,-0.01302538646850735,0.8431127071380615,0.35937178134918213,1.0079817071557045,0.0001,0.2,0.19833984375,2153,0.2640269994735718
500.0,5152,172,433,15.97030574,886784,0.0,-0.5232038244605064,0.020897528,-0.011878299026284367,0.781049370765686,0.5676230788230896,1.4018493384122848,0.0001,0.2,0.1615234375,2158,0.26404932141304016
500.0,5160,172,434,15.76531033,888832,0.0,-0.5243433892726899,0.014512228,-0.007666726899333298,0.9129988551139832,0.08949021995067596,0.5351158618927002,0.0001,0.2,0.1607421875,2163,0.2642136514186859
500.0,5167,172,435,15.49767199,890880,0.0,-0.5284725025296211,0.022650376,-0.012689996638800948,0.8433407545089722,0.2562435269355774,0.8372392423450947,0.0001,0.2,0.19384765625,2168,0.26434096693992615
500.0,5174,172,436,15.418713180000005,892928,0.0,-0.5310414656996727,0.031707957,-0.015071784803876654,0.8534181118011475,0.27007022500038147,0.7781318508088588,0.0001,0.2,0.248046875,2173,0.2644810974597931
500.0,5182,172,437,15.348893619999998,894976,0.0,-0.5334663793444634,0.026629673,-0.014555327617563308,0.8712949156761169,0.3276199698448181,0.7822524204850196,0.0001,0.2,0.22958984375,2178,0.26452764868736267
500.0,5189,172,438,14.944779169999999,897024,0.0,-0.5315830275416374,0.01574308,-0.011030720849521457,0.7971110939979553,0.5987217426300049,1.5455540508031844,0.0001,0.2,0.18935546875,2183,0.2642597258090973
500.0,5197,172,439,14.993144429999997,899072,0.0,-0.5269679620862007,0.0141887795,-0.006360908981878311,0.8175667524337769,0.8353378176689148,2.1200325191020966,0.0001,0.2,0.13857421875,2188,0.2642099857330322
500.0,5274,170,440,14.890192500000001,901120,0.0,-0.5252102047204972,0.020794537,-0.013258024677634239,0.9154543280601501,0.25720953941345215,0.8787983633577824,0.0001,0.2,0.1896484375,2193,0.2640422582626343
500.0,5281,171,441,14.542471540000003,903168,0.0,-0.521319904923439,0.016559394,-0.011017910699592903,0.824624240398407,0.42785266041755676,1.0809214517474175,0.0001,0.2,0.14736328125,2198,0.2639089822769165
496.34,5288,171,442,14.699239500000001,905216,0.01,-0.5189868286252022,0.014875344,-0.006825328955892473,0.8393663167953491,0.17186281085014343,0.779493473470211,0.0001,0.2,0.15791015625,2203,0.2638186514377594
496.34,5295,171,443,14.356995450000001,907264,0.01,-0.517533877491951,0.013922151,-0.012500358966644854,0.16943705081939697,19.18709373474121,34.23888158798218,0.0001,0.2,0.158203125,2208,0.2637876868247986
496.34,5303,171,444,14.540631979999999,909312,0.01,-0.5165497452020645,0.022395458,-0.016420311736874284,0.8185333609580994,0.5523726344108582,1.428402951359749,0.0001,0.2,0.19404296875,2213,0.2637077867984772
496.34,5310,171,445,14.45631023,911360,0.01,-0.51488678753376,0.013878923,-0.009279133914969862,0.5426727533340454,0.9320668578147888,3.027281254529953,0.0001,0.2,0.11181640625,2218,0.2636979818344116
496.34,5318,171,446,14.4769075,913408,0.01,-0.5155975595116615,0.021946449,-0.014067002336378209,0.8543649911880493,0.6191925406455994,1.6517655089497567,0.0001,0.2,0.1974609375,2223,0.2637244462966919
496.34,5326,171,447,14.31663198,915456,0.01,-0.5148347705602646,0.023628892,-0.01627420310396701,0.875437319278717,0.485909640789032,1.3939631506800652,0.0001,0.2,0.17490234375,2228,0.26361992955207825
496.34,5334,171,448,14.075903720000001,917504,0.01,-0.5136466696858406,0.017913748,-0.011145561351440847,0.8244562149047852,0.3622889518737793,1.232960119843483,0.0001,0.2,0.1470703125,2233,0.26371094584465027
496.34,5342,172,449,14.056551710000003,919552,0.01,-0.517763452231884,0.026192557,-0.01420447080163285,0.8106560111045837,0.8132755160331726,2.473815882205963,0.0001,0.2,0.244921875,2238,0.26389262080192566
492.62,5349,172,450,14.751090070000005,921600,0.02,-0.5197459891438484,0.017948903,-0.009572580852545799,0.8984395265579224,0.5169571042060852,1.2391135677695275,0.0001,0.2,0.16552734375,2243,0.26390084624290466
492.62,5357,172,451,15.01111954,923648,0.02,-0.5192553520202636,0.014188682,-0.009102623770013451,0.2976096272468567,18.620513916015625,29.218319249153136,0.0001,0.2,0.13916015625,2248,0.26383963227272034
492.62,5432,170,452,14.79813766,925696,0.02,-0.5184339731931686,0.021155471,-0.018296043016016485,0.8077731728553772,0.7133185863494873,3.030284249782562,0.0001,0.2,0.1326171875,2253,0.2638557255268097
492.62,5439,170,453,14.57583894,927744,0.02,-0.5186435863375664,0.023863502,-0.016708822059445082,0.8792036771774292,0.38807442784309387,1.4824713483452796,0.0001,0.2,0.18017578125,2258,0.2638379633426666
492.62,5446,170,454,14.97763472,929792,0.02,-0.5179763823747635,0.017215494,-0.00493255709297955,0.8924063444137573,0.5801143050193787,1.676182796061039,0.0001,0.2,0.16416015625,2263,0.263801246881485
492.62,5452,170,455,14.20026349,931840,0.02,-0.5175619438290596,0.024572637,-0.016972009162418544,0.9311859011650085,0.27600470185279846,0.6518942452967167,0.0001,0.2,0.24189453125,2268,0.2637745440006256
492.62,5459,171,456,14.122093599999996,933888,0.02,-0.5164944171905518,0.016299112,-0.005991222395095974,0.9009945392608643,0.6074206829071045,2.360634884238243,0.0001,0.2,0.16298828125,2273,0.2637293040752411
492.62,5467,171,457,14.18753686,935936,0.02,-0.5161591455340385,0.023356821,-0.016095379064790905,0.87370365858078,0.15858261287212372,0.801278755068779,0.0001,0.2,0.1876953125,2278,0.26378193497657776
492.62,5474,171,458,14.022059569999996,937984,0.02,-0.516836105287075,0.023630815,-0.014206632145214827,0.850184440612793,0.4090873897075653,1.3275290414690972,0.0001,0.2,0.18642578125,2283,0.26372790336608887
489.02,5481,171,459,14.57235028,940032,0.03,-0.51636843085289,0.019919835,-0.00817867914447561,0.9403345584869385,0.47813013195991516,1.4095678597688674,0.0001,0.2,0.17353515625,2288,0.26379427313804626
489.02,5488,171,460,14.49927785,942080,0.03,-0.517883537709713,0.018300176,-0.008585025323554873,0.46548259258270264,12.363700866699219,37.829538631439206,0.0001,0.2,0.1869140625,2293,0.26381954550743103
489.02,5495,171,461,14.441054219999998,944128,0.03,-0.5174352899193764,0.019569874,-0.013076940691098571,0.9148838520050049,0.1860779970884323,0.8971673030406236,0.0001,0.2,0.18662109375,2298,0.263786643743515
489.02,5501,171,462,14.785393150000003,946176,0.03,-0.51605554074049,0.022985876,-0.016328360978513957,0.926770806312561,0.17180463671684265,0.8201765477657318,0.0001,0.2,0.19169921875,2303,0.26368120312690735
485.33,5508,172,463,15.09585947,948224,0.04,-0.5157247349619866,0.023432663,-0.01639964054338634,0.9410789608955383,0.737453043460846,1.8170078933238982,0.0001,0.2,0.22734375,2308,0.2638362944126129
477.98,5566,170,464,16.745233789999997,950272,0.06,-0.5188697099685669,0.017808227,-0.010943198332097382,0.4274011254310608,16.41928482055664,34.522554540634154,0.0001,0.2,0.1482421875,2313,0.2638684809207916
477.98,5573,170,465,17.12920201,952320,0.06,-0.5189137548208237,0.010293666,-0.01139272126602009,0.2913491129875183,31.86275291442871,52.78190670013428,0.0001,0.2,0.0716796875,2318,0.2638668715953827
481.64,5579,171,466,16.63952746,954368,0.05,-0.5205832481384277,0.020450171,-0.018467386171687396,0.8584277629852295,0.5771725177764893,2.1939730450510977,0.0001,0.2,0.1361328125,2323,0.26408329606056213
481.64,5586,171,467,16.82749484,956416,0.05,-0.5257765054702759,0.02122134,-0.013562101917341352,0.8647909164428711,0.5069518685340881,1.264587178826332,0.0001,0.2,0.16396484375,2328,0.26421108841896057
478.25,5592,171,468,17.39565684,958464,0.06,-0.5278603926301002,0.023833077,-0.01272879117168486,0.8459802269935608,0.7450395226478577,1.6734478935599326,0.0001,0.2,0.19560546875,2333,0.2643169164657593
478.25,5599,171,469,17.556571050000002,960512,0.06,-0.5298477828502655,0.0157498,-0.008917022822424769,0.4354139566421509,11.002285957336426,25.310992908477782,0.0001,0.2,0.148046875,2338,0.26438286900520325
478.25,5606,171,470,17.608141690000004,962560,0.06,-0.5309842154383659,0.030231237,-0.017873398901429027,0.8472138047218323,0.9235581159591675,2.559439605474472,0.0001,0.2,0.17783203125,2343,0.2643981873989105
478.25,5613,171,471,17.38001165,964608,0.06,-0.5323370575904847,0.025656348,-0.020392265729606153,0.8626057505607605,0.5588313341140747,1.9713586151599884,0.0001,0.2,0.19482421875,2348,0.26457080245018005
478.25,5620,171,472,16.94981242,966656,0.06,-0.5348913729190826,0.016623136,-0.004509567300556227,0.8645139932632446,0.5404627323150635,2.4126439943909643,0.0001,0.2,0.1462890625,2353,0.26452744007110596
481.97,5628,172,473,16.46505455,968704,0.05,-0.5352974265813828,0.019103631,-0.004393773595802486,0.9249165058135986,0.6442896127700806,2.493320532143116,0.0001,0.2,0.14208984375,2358,0.2647227942943573
481.97,5634,172,474,16.37789527,970752,0.05,-0.5395660012960434,0.021692045,-0.010111258365213871,0.8625887632369995,0.7306771278381348,1.629341983795166,0.0001,0.2,0.16484375,2363,0.2648144066333771
478.44,5641,172,475,17.078207680000002,972800,0.06,-0.539435225725174,0.022155069,-0.01314230157295242,0.8847015500068665,0.28700655698776245,0.912056839466095,0.0001,0.2,0.2048828125,2368,0.2647045850753784
478.44,5649,172,476,17.573655679999998,974848,0.06,-0.53733741492033,0.016749095,-0.012746239674743264,0.26404523849487305,15.104878425598145,34.69006609916687,0.0001,0.2,0.15263671875,2373,0.2646792232990265
478.44,5722,170,477,17.11649918,976896,0.06,-0.5377894178032875,0.025628157,-0.018263147864490747,0.8384177088737488,0.736923336982727,2.1604760944843293,0.0001,0.2,0.196484375,2378,0.26473429799079895
478.44,5729,170,478,17.53771286,978944,0.06,-0.5395084157586097,0.025067657,-0.002795671473722905,0.891135573387146,0.686736524105072,2.833753152191639,0.0001,0.2,0.1453125,2383,0.26487627625465393
478.44,5735,171,479,17.94262027,980992,0.06,-0.5418629752738136,0.034461908,-0.009525620262138546,0.8435574173927307,0.5570840239524841,1.6864233378853117,0.0001,0.2,0.15569196428571427,2387,0.26487019658088684
478.44,5741,171,480,17.94195361,983040,0.06,-0.54336097240448,0.02990872,-0.0173127866582945,0.8998252153396606,0.3412512242794037,1.077224224060774,0.0001,0.2,0.23974609375,2392,0.2650547921657562
478.44,5748,171,481,18.17493879,985088,0.06,-0.5498636439442635,0.028949894,-0.017706887307576837,0.9050780534744263,0.32455042004585266,1.168762142956257,0.0001,0.2,0.23154296875,2397,0.26551371812820435
478.44,5754,171,482,18.67634606,987136,0.06,-0.5575247302651405,0.024029586,-0.010660045812255704,0.9101924300193787,0.49565887451171875,1.0833595022559166,0.0001,0.2,0.2234375,2402,0.26557838916778564
482.04,5761,171,483,17.54254908,989184,0.05,-0.5594210579991341,0.030750673,-0.016294437902979554,0.8893668055534363,0.31071192026138306,0.9537641778588295,0.0001,0.2,0.27236328125,2407,0.2658114731311798
482.04,5767,171,484,17.53920922,991232,0.05,-0.5647286862134934,0.014344994,-0.0051947104162536565,0.9388585090637207,0.7723618745803833,2.1577786952257156,0.0001,0.2,0.142578125,2412,0.26599088311195374
482.04,5774,172,485,17.67824824,993280,0.05,-0.5682177901268005,0.021422151,-0.00995963227469474,0.9250508546829224,0.39863044023513794,0.9745764933526516,0.0001,0.2,0.20322265625,2417,0.2661323845386505
478.43,5781,172,486,18.397409779999997,995328,0.06,-0.5718595236539841,0.026828196,-0.010864475555717946,0.9052689075469971,0.22444796562194824,0.7752099454402923,0.0001,0.2,0.21787109375,2422,0.2663210332393646
485.71,5787,172,487,16.786461829999997,997376,0.04,-0.5737456232309341,0.017813258,-0.013556950958445668,0.19238466024398804,13.96750545501709,34.033753061294554,0.0001,0.2,0.1400390625,2427,0.26626041531562805
486.12,5794,172,488,16.898326869999998,999424,0.04,-0.5734315738081932,0.023574218,-0.01207935506827198,0.8883267641067505,0.4213213324546814,1.094735972583294,0.0001,0.2,0.215625,2432,0.266397088766098
