time/fps,time/time_elapsed,time/iterations,rollout/success_rate,time/total_timesteps,rollout/ep_rew_mean,rollout/ep_len_mean,train/loss,train/value_loss,train/explained_variance,train/clip_fraction,train/clip_range,train/policy_gradient_loss,train/n_updates,train/std,train/learning_rate,train/entropy_loss,train/approx_kl
72,28,1,0.0,2048,-1.0640025,500.0,,,,,,,,,,,
71,57,2,0.0,4096,0.30561962500000006,500.0,2.1436891555786133,5.4540836095809935,-0.057245731353759766,0.055859375,0.2,-0.015231744013726711,5,0.2498084306716919,0.0001,-12.573875331878662,0.013134681
69,88,3,0.0,6144,-0.83131625,500.0,1.7773159742355347,4.666532254219055,0.16335231065750122,0.0185546875,0.2,-0.010671251849271358,10,0.24964626133441925,0.0001,-12.47322986125946,0.0059008934
69,118,4,0.0,8192,-2.7247431250000003,500.0,0.9760827422142029,2.6751708924770354,0.6216902732849121,0.090625,0.2,-0.00977869359194301,15,0.2495797723531723,0.0001,-12.02523648738861,0.02302239
69,147,5,0.0,10240,-3.1926639000000003,500.0,1.5674717426300049,3.8710621118545534,0.6514773368835449,0.0578125,0.2,-0.009482805745210498,20,0.24949587881565094,0.0001,-13.07623918056488,0.012868073
69,177,6,0.0,12288,-2.5594093333333334,500.0,0.6735082864761353,1.7925881922245026,0.7701250314712524,0.1166015625,0.2,-0.013278141617774963,25,0.24931161105632782,0.0001,-12.522481083869934,0.02445785
69,207,7,0.0,14336,-2.3779676785714288,500.0,0.6563340425491333,1.8937178671360015,0.8108057975769043,0.0830078125,0.2,-0.012018684449139982,30,0.24907171726226807,0.0001,-12.065067148208618,0.01780906
68,237,8,0.0,16384,-2.1146099375,500.0,0.6772065162658691,1.7299486368894577,0.8586680889129639,0.13076171875,0.2,-0.01923834568588063,35,0.24908636510372162,0.0001,-13.060999226570129,0.022042392
69,266,9,0.0,18432,-1.9549712500000003,500.0,0.6029189825057983,1.4789397418498993,0.8621460199356079,0.10029296875,0.2,-0.015030423243297264,40,0.24905215203762054,0.0001,-13.1243647813797,0.018423123
68,297,10,0.0,20480,-1.8473684750000001,500.0,0.5671764612197876,1.8298170298337937,0.782040536403656,0.0658203125,0.2,-0.013920517696533352,45,0.2491639405488968,0.0001,-12.61935555934906,0.014548178
68,327,11,0.0,22528,-1.6806198444444445,500.0,0.4951334595680237,1.3645623743534088,0.8044195175170898,0.07001953125,0.2,-0.014647694712039083,50,0.24921353161334991,0.0001,-12.960359239578247,0.012994855
69,354,12,0.0,24576,-1.7460290816326531,500.0,0.5120241045951843,1.4473263710737228,0.8892089128494263,0.10888671875,0.2,-0.015952439565444364,55,0.2492043524980545,0.0001,-12.904120945930481,0.019623715
69,383,13,0.0,26624,-1.5915883018867922,500.0,0.5493966341018677,1.6481542527675628,0.8357175588607788,0.0904296875,0.2,-0.019194869452621787,60,0.24917244911193848,0.0001,-12.523972272872925,0.017119948
68,415,14,0.0,28672,-1.4452763333333334,500.0,0.4248443841934204,1.07872072160244,0.8567303419113159,0.1203125,0.2,-0.011741882970090956,65,0.24910090863704681,0.0001,-12.438848090171813,0.0198774
69,444,15,0.0,30720,-1.0871106065573772,500.0,0.27065226435661316,0.8206051096320153,0.9080876708030701,0.17109375,0.2,-0.022349270031554624,70,0.24908332526683807,0.0001,-12.40751404762268,0.028608888
68,475,16,0.0,32768,-1.0896276000000003,500.0,0.16327577829360962,0.6309605546295642,0.9019168019294739,0.1646484375,0.2,-0.017685593280475587,75,0.24891482293605804,0.0001,-12.835255193710328,0.023834717
68,504,17,0.0,34816,-0.8662128985507249,500.0,0.3251141309738159,1.080653651058674,0.860998272895813,0.10029296875,0.2,-0.012889147107489406,80,0.24896349012851715,0.0001,-12.896947646141053,0.015818333
68,535,18,0.0,36864,-0.6095197397260277,500.0,0.2773549556732178,0.8117149084806442,0.9138932824134827,0.152734375,0.2,-0.014698850142303854,85,0.24873000383377075,0.0001,-13.264343023300171,0.028450469
68,563,19,0.0,38912,-0.3204258051948054,500.0,0.23226861655712128,0.7140286922454834,0.867680549621582,0.1814453125,0.2,-0.019106848421506582,90,0.2484126091003418,0.0001,-12.903655171394348,0.024464035
69,593,20,0.0,40960,-0.15251750617283968,500.0,0.44976305961608887,0.9653548985719681,0.8475273847579956,0.10830078125,0.2,-0.012754105677595362,95,0.24825988709926605,0.0001,-13.3046870470047,0.017956425
69,621,21,0.0,43008,-0.1604557674418606,495.4186046511628,0.151365727186203,0.5724475584924221,0.9123400449752808,0.18857421875,0.2,-0.0205556201050058,100,0.24830837547779083,0.0001,-12.845052933692932,0.024863228
69,649,22,0.0,45056,-0.10798607777777788,495.6222222222222,0.6493561863899231,2.6131090044975283,0.7484112977981567,0.02548828125,0.2,-0.011444501799996943,105,0.24824441969394684,0.0001,-13.569591164588928,0.0073300824
69,679,23,0.0,47104,-0.1617909894736843,492.9789473684211,0.3477396070957184,0.9863644450902939,0.8646501302719116,0.09951171875,0.2,-0.016419963457155972,110,0.24814848601818085,0.0001,-13.30057156085968,0.016701927
69,707,24,0.0,49152,-0.03604155555555566,493.26262626262627,0.6023480892181396,1.5258401125669478,0.8000758290290833,0.0873046875,0.2,-0.012143604760058224,115,0.24820393323898315,0.0001,-13.348862338066102,0.01591501
69,736,25,0.0,51200,0.2024482499999999,493.33,0.35614001750946045,1.437987107038498,0.7655456066131592,0.12880859375,0.2,-0.021338772447779774,120,0.2482495903968811,0.0001,-14.125731897354125,0.016359996
69,765,26,0.0,53248,0.3605006799999999,486.95,0.1624002456665039,0.586153119057417,0.8853895664215088,0.134375,0.2,-0.018105958017986267,125,0.2482067346572876,0.0001,-13.526849722862243,0.016968938
69,795,27,0.0,55296,0.5108489800000001,486.95,0.6671955585479736,1.565671218931675,0.7867949604988098,0.05546875,0.2,-0.01617012151982635,130,0.24824626743793488,0.0001,-13.377375674247741,0.010730583
69,824,28,0.0,57344,0.8035349299999999,486.95,0.2282911092042923,0.8580754220485687,0.8515641689300537,0.14619140625,0.2,-0.02376200701110065,135,0.24837945401668549,0.0001,-13.013677167892457,0.01942521
69,854,29,0.0,59392,1.00176559,486.95,0.21846291422843933,0.6937612034380436,0.8732495307922363,0.14892578125,0.2,-0.01801432827487588,140,0.24843840301036835,0.0001,-13.296203541755677,0.02006848
69,884,30,0.0,61440,0.9558579500000001,485.22,0.15186026692390442,0.4831784062087536,0.9327096939086914,0.16259765625,0.2,-0.025493189523695038,145,0.2483677864074707,0.0001,-13.294948053359985,0.025165921
69,914,31,0.0,63488,1.1771927299999998,484.16,0.6650875806808472,1.7870934203267097,0.7632670402526855,0.06787109375,0.2,-0.011843077733647078,150,0.24829648435115814,0.0001,-13.384539890289307,0.013413064
69,941,32,0.0,65536,1.32292187,484.16,0.584047794342041,1.9451402202248573,0.8272659778594971,0.0884765625,0.2,-0.013424874155316503,155,0.24818897247314453,0.0001,-13.761899018287659,0.0124666365
69,973,33,0.0,67584,1.6072769299999998,484.16,0.17712855339050293,0.749906399846077,0.8479492664337158,0.146875,0.2,-0.019381305540446193,160,0.248175248503685,0.0001,-13.421351957321168,0.019748485
69,1003,34,0.0,69632,1.70689818,484.16,0.0269014835357666,0.3223561495542526,0.924782395362854,0.143359375,0.2,-0.013859849574510008,165,0.24804550409317017,0.0001,-13.28724308013916,0.021812215
69,1035,35,0.0,71680,2.0325054700000003,484.16,0.07352875173091888,0.3464159365743399,0.9328536987304688,0.175,0.2,-0.01939586119260639,170,0.24811048805713654,0.0001,-13.319594383239746,0.024312362
69,1065,36,0.0,73728,2.10180261,484.16,0.016263306140899658,0.25759649015963076,0.9368351697921753,0.14443359375,0.2,-0.016992940520867705,175,0.2479339838027954,0.0001,-13.312726068496705,0.019621527
69,1097,37,0.0,75776,2.2742830499999998,484.06,0.07701452076435089,0.34578385166823866,0.9338515996932983,0.148046875,0.2,-0.01885469800326973,180,0.24786220490932465,0.0001,-13.033583426475525,0.017863967
68,1129,38,0.0,77824,2.48207067,484.06,0.04479987919330597,0.6205486305058002,0.8641051650047302,0.17939453125,0.2,-0.01845908600371331,185,0.24781619012355804,0.0001,-13.210204815864563,0.020109357
68,1160,39,0.0,79872,2.6095336600000008,484.06,0.00237293541431427,0.20787346120923758,0.946578860282898,0.15908203125,0.2,-0.015832044137641787,190,0.24762247502803802,0.0001,-13.312459135055542,0.02209377
68,1193,40,0.0,81920,2.91853042,484.06,0.06041109561920166,0.33982532620429995,0.9292727112770081,0.2193359375,0.2,-0.02324805255047977,195,0.24719534814357758,0.0001,-13.260716772079467,0.027654331
68,1224,41,0.0,83968,2.97474582,484.06,-0.007736794650554657,0.20755717232823373,0.9535572528839111,0.13818359375,0.2,-0.018140027183108032,200,0.24693362414836884,0.0001,-13.127540397644044,0.015514875
68,1258,42,0.0,86016,2.99732397,484.06,-0.004529237747192383,0.23915900588035582,0.9381909966468811,0.175,0.2,-0.013577373011503368,205,0.2467629760503769,0.0001,-13.407445096969605,0.02693772
68,1290,43,0.0,88064,2.989036070000001,482.86,0.022893257439136505,0.343369909375906,0.9257133603096008,0.17705078125,0.2,-0.020115175237879156,210,0.24661751091480255,0.0001,-13.464646863937379,0.01991043
68,1323,44,0.0,90112,3.1354574000000004,481.44,0.0778740867972374,0.5753415662795305,0.8649702072143555,0.0986328125,0.2,-0.009634916792856529,215,0.246420755982399,0.0001,-13.483399796485902,0.014240602
67,1355,45,0.0,92160,3.31745637,484.39,0.5269261598587036,1.620597056299448,0.569116473197937,0.08583984375,0.2,-0.012540342018473894,220,0.24629713594913483,0.0001,-13.630032920837403,0.011334457
67,1387,46,0.0,94208,3.5791643600000005,484.1,0.8625633716583252,1.3487624570727348,0.7181215286254883,0.1083984375,0.2,-0.021744394791312516,225,0.24619527161121368,0.0001,-13.299864363670348,0.016722228
67,1420,47,0.0,96256,3.9222788500000005,484.1,0.36558619141578674,0.7708870425820351,0.8993907570838928,0.14462890625,0.2,-0.02004788232734427,230,0.24613626301288605,0.0001,-13.459870767593383,0.021874782
67,1455,48,0.0,98304,3.9012171799999997,484.1,-0.0012797191739082336,0.25227549448609354,0.9495654702186584,0.12822265625,0.2,-0.016927364410366862,235,0.24616354703903198,0.0001,-13.21218523979187,0.016574332
53,1858,49,0.0,100352,3.97403808,486.72,0.05926232784986496,0.39968895316123965,0.9175934791564941,0.1587890625,0.2,-0.017310603964142503,240,0.24626712501049042,0.0001,-14.044029498100281,0.021284455
54,1893,50,0.0,102400,4.26280736,490.48,0.009122155606746674,0.2633553732186556,0.9475928544998169,0.1552734375,0.2,-0.01796588081633672,245,0.24617166817188263,0.0001,-13.715926957130431,0.020362547
54,1926,51,0.0,104448,4.496235410000001,490.48,-0.043948642909526825,0.1334676466882229,0.9535050988197327,0.15830078125,0.2,-0.0210166699369438,250,0.24644936621189117,0.0001,-13.52174334526062,0.021037385
54,1957,52,0.0,106496,4.75276176,490.48,-0.021252784878015518,0.1510740477591753,0.9517127871513367,0.15654296875,0.2,-0.01378713158192113,255,0.2462964504957199,0.0001,-13.71993248462677,0.017032277
54,1992,53,0.0,108544,4.70646509,490.48,0.06172959506511688,0.44054367728531363,0.8495084047317505,0.1166015625,0.2,-0.011586247250670567,260,0.24613861739635468,0.0001,-14.10703365802765,0.016930034
54,2026,54,0.0,110592,4.98031409,492.21,0.3490655720233917,1.6281622871756554,0.4451068043708801,0.0724609375,0.2,-0.017049307492561637,265,0.2461244910955429,0.0001,-13.720478820800782,0.014932992
54,2059,55,0.0,112640,5.1273035600000005,492.21,-0.05641423910856247,0.16171918250620365,0.9535884261131287,0.18740234375,0.2,-0.02034340847749263,270,0.24619726836681366,0.0001,-13.488739275932312,0.019634845
54,2093,56,0.0,114688,5.3859926300000005,493.27,0.017411530017852783,0.2201976552605629,0.9479318857192993,0.178125,0.2,-0.018115834615309724,275,0.24614495038986206,0.0001,-13.263557887077331,0.02094076
54,2124,57,0.0,116736,5.3322598900000004,493.27,-0.036106109619140625,0.12773585151880978,0.9635279178619385,0.1888671875,0.2,-0.01739805453689769,280,0.2459549456834793,0.0001,-13.69860942363739,0.016479205
55,2156,58,0.0,118784,5.592585579999999,493.27,0.30380672216415405,1.9214779257774353,0.6757690906524658,0.051953125,0.2,-0.012004273815546185,285,0.24594897031784058,0.0001,-13.552735424041748,0.008360073
55,2189,59,0.0,120832,5.50623978,493.27,-0.04531380534172058,0.14086192473769188,0.9659733772277832,0.19443359375,0.2,-0.02303378424840048,290,0.24580703675746918,0.0001,-13.429760622978211,0.024497733
55,2222,60,0.0,122880,5.40354288,493.27,0.361189603805542,1.643198625743389,0.67824786901474,0.0904296875,0.2,-0.010934138833545149,295,0.24581019580364227,0.0001,-13.348448610305786,0.011232927
55,2253,61,0.0,124928,5.567245090000001,493.37,0.25755566358566284,1.3201726466417312,0.737080454826355,0.0560546875,0.2,-0.015253362839575856,300,0.2458684891462326,0.0001,-13.886892938613892,0.009077586
48,2637,62,0.0,126976,5.585520020000001,493.37,0.0004089623689651489,0.24171192198991776,0.9505522847175598,0.17333984375,0.2,-0.01764011774212122,305,0.2457030564546585,0.0001,-13.4636305809021,0.025975846
48,2670,63,0.0,129024,5.677999650000003,493.37,-0.007680065929889679,0.24744382873177528,0.9432149529457092,0.15185546875,0.2,-0.016798467969056218,310,0.24561506509780884,0.0001,-13.301773953437806,0.017452385
48,2703,64,0.0,131072,5.719481730000001,493.37,-0.02137868106365204,0.18559229746460915,0.9595426321029663,0.160546875,0.2,-0.01812570811016485,315,0.24545691907405853,0.0001,-13.314137816429138,0.018693158
48,2742,65,0.0,133120,5.653874609999999,491.7,-0.011156588792800903,0.34750528782606127,0.8443658351898193,0.1173828125,0.2,-0.022012337669730188,320,0.24543684720993042,0.0001,-13.653664016723633,0.013152862
48,2775,66,0.0,135168,5.741442590000002,491.7,0.31013256311416626,0.7716521188616753,0.8215811848640442,0.120703125,0.2,-0.011967548681423069,325,0.24533195793628693,0.0001,-13.232432651519776,0.012633555
48,2811,67,0.0,137216,5.954622140000001,492.9,-0.0329548642039299,0.19412353150546552,0.9228725433349609,0.1423828125,0.2,-0.019184687035158278,330,0.2451729029417038,0.0001,-13.245518517494201,0.021320375
48,2843,68,0.0,139264,6.077205449999999,494.32,-0.04056563973426819,0.13997930176556111,0.9587140679359436,0.1525390625,0.2,-0.021789188333787023,335,0.2449575811624527,0.0001,-13.577353310585021,0.019876093
49,2876,69,0.0,141312,6.30554847,495.31,-0.040037497878074646,0.1254247097298503,0.968626081943512,0.14794921875,0.2,-0.019927991763688625,340,0.2449147254228592,0.0001,-13.771441984176636,0.017262332
49,2908,70,0.0,143360,6.22569332,495.31,-0.05053633451461792,0.09191686082631349,0.9770406484603882,0.21875,0.2,-0.022610643517691643,345,0.24480080604553223,0.0001,-13.411431980133056,0.02166265
49,2942,71,0.0,145408,6.2876807800000005,494.88,-0.014405682682991028,0.2451751684769988,0.9315915703773499,0.06552734375,0.2,-0.014215821790276095,350,0.24480049312114716,0.0001,-14.032752275466919,0.010359161
49,2974,72,0.0,147456,6.35179501,494.88,0.5179862976074219,1.4745656803250313,0.7294538021087646,0.0759765625,0.2,-0.009978106629569083,355,0.24482114613056183,0.0001,-13.75751860141754,0.014058774
49,3007,73,0.0,149504,6.3697369,494.88,-0.014115497469902039,0.2562924664467573,0.9042522311210632,0.1392578125,0.2,-0.016766671813093124,360,0.24475789070129395,0.0001,-13.331266403198242,0.017595593
44,3392,74,0.0,151552,6.38200921,494.88,-0.04055953770875931,0.14269027076661586,0.9506002068519592,0.16044921875,0.2,-0.020545912068337203,365,0.24479538202285767,0.0001,-13.419482970237732,0.017946545
44,3424,75,0.0,153600,6.47447991,494.88,-0.03995769843459129,0.138327032700181,0.9458327293395996,0.1541015625,0.2,-0.02332239064271562,370,0.24482597410678864,0.0001,-13.739560866355896,0.017810512
45,3456,76,0.0,155648,6.5082274600000005,494.88,-0.045528169721364975,0.10513145718723535,0.9592635631561279,0.16650390625,0.2,-0.022143031726591288,375,0.2448594570159912,0.0001,-13.433797907829284,0.02022943
45,3490,77,0.0,157696,6.608362639999999,490.98,-0.05767756700515747,0.09150759112089872,0.9652319550514221,0.13447265625,0.2,-0.015719135804101825,380,0.24472682178020477,0.0001,-14.126418423652648,0.015261192
45,3524,78,0.0,159744,6.59595998,490.98,1.5079975128173828,2.2811015129089354,0.5632874369621277,0.0970703125,0.2,-0.01279100744286552,385,0.24473269283771515,0.0001,-13.822772789001466,0.009985422
45,3557,79,0.0,161792,6.576264559999999,490.98,-0.008448176085948944,0.3083253312855959,0.8957886099815369,0.1330078125,0.2,-0.022245403728447855,390,0.24477966129779816,0.0001,-13.739168930053712,0.020429611
45,3591,80,0.0,163840,6.594529390000002,490.98,-0.07568537443876266,0.11681790463626385,0.9408059120178223,0.13779296875,0.2,-0.020753461471758782,395,0.24479810893535614,0.0001,-13.560519337654114,0.020348836
45,3624,81,0.0,165888,6.837173740000001,490.98,-0.04005778580904007,0.14895471893250942,0.9553605914115906,0.1658203125,0.2,-0.021459815313573927,400,0.24487660825252533,0.0001,-13.694302701950074,0.019448303
45,3660,82,0.0,167936,6.887415959999999,490.98,-0.03864845633506775,0.16042487770318986,0.9493831396102905,0.130859375,0.2,-0.017394508759025484,405,0.24488066136837006,0.0001,-13.89401638507843,0.015624957
46,3694,83,0.0,169984,7.070712490000001,490.98,-0.07666567713022232,0.06311193304136395,0.9760207533836365,0.1578125,0.2,-0.01903052064590156,410,0.2446308583021164,0.0001,-13.473353362083435,0.015575621
46,3729,84,0.0,172032,7.5006968800000005,490.98,-0.026789315044879913,0.17274599708616734,0.9432037472724915,0.13662109375,0.2,-0.01703905686736107,415,0.24440018832683563,0.0001,-13.605593967437745,0.015154404
46,3762,85,0.0,174080,7.61537073,490.98,-0.0831189826130867,0.0757314465008676,0.9619735479354858,0.20107421875,0.2,-0.01992496931925416,420,0.24428607523441315,0.0001,-13.78189435005188,0.021223135
42,4185,86,0.0,176128,7.67632191,490.98,-0.0246976837515831,0.16645286846905946,0.9462112188339233,0.19375,0.2,-0.0180102800601162,425,0.24408505856990814,0.0001,-13.45460877418518,0.021551063
42,4218,87,0.0,178176,7.676326379999999,490.98,0.014904133975505829,0.24086650945246219,0.9161120057106018,0.126953125,0.2,-0.018779778270982206,430,0.24411411583423615,0.0001,-14.072029042243958,0.017573211
42,4253,88,0.0,180224,7.78329026,490.98,-0.036544881761074066,0.18904741145670415,0.9349501132965088,0.15263671875,0.2,-0.022919724811799824,435,0.24416619539260864,0.0001,-13.829561257362366,0.017199494
42,4287,89,0.0,182272,7.7884649999999995,491.12,-0.00980861485004425,0.2174218237400055,0.9354315996170044,0.161328125,0.2,-0.015427117806393654,440,0.24389903247356415,0.0001,-13.582056975364685,0.016926851
42,4320,90,0.0,184320,7.827273669999999,491.12,0.5874518752098083,1.9866557724773883,0.6814967393875122,0.055078125,0.2,-0.0121041736099869,445,0.2438550740480423,0.0001,-13.483023095130921,0.010061985
42,4352,91,0.0,186368,7.7699817399999995,491.12,-0.013777367770671844,0.22628926038742064,0.9429002404212952,0.119140625,0.2,-0.015427808061940596,450,0.24373425543308258,0.0001,-13.376566863059997,0.017158426
42,4386,92,0.0,188416,7.7729558999999995,491.12,-0.030107520520687103,0.15065534189343452,0.9599889516830444,0.120703125,0.2,-0.015765505633316933,455,0.24374063313007355,0.0001,-14.052429103851319,0.014693626
43,4419,93,0.0,190464,7.507763280000001,491.12,-0.06844991445541382,0.09213024266064167,0.9668501019477844,0.19462890625,0.2,-0.019665614643599838,460,0.24367301166057587,0.0001,-13.752925038337708,0.01999183
43,4451,94,0.0,192512,7.629089850000001,491.12,0.4418430030345917,1.8025668933987617,0.6948226690292358,0.070703125,0.2,-0.014304534660186618,465,0.24367423355579376,0.0001,-14.539607715606689,0.009408783
43,4483,95,0.0,194560,7.767308010000001,494.57,-0.07623358815908432,0.08478249059990048,0.96192866563797,0.17294921875,0.2,-0.024404333182610573,470,0.24366842210292816,0.0001,-13.567782974243164,0.019904438
43,4516,96,0.0,196608,7.839886889999999,494.57,-0.04085938632488251,0.12944712694734334,0.9569970965385437,0.1400390625,0.2,-0.019357540807686747,475,0.24357537925243378,0.0001,-13.682574486732483,0.016938947
43,4549,97,0.0,198656,7.948391700000001,494.57,-0.0381525456905365,0.1875466000288725,0.951587975025177,0.1240234375,0.2,-0.013022059900686144,480,0.24366994202136993,0.0001,-13.844852495193482,0.014048242
40,4962,98,0.0,200704,8.06502551,494.57,0.006367817521095276,0.23059397824108602,0.8812586665153503,0.1484375,0.2,-0.020455591019708664,485,0.24370795488357544,0.0001,-14.053421807289123,0.01482853
40,4996,99,0.0,202752,8.1593149,494.57,-0.07780087739229202,0.09106283094733954,0.9653431177139282,0.18330078125,0.2,-0.018847755674505605,490,0.24371962249279022,0.0001,-13.91582727432251,0.019554142
40,5031,100,0.0,204800,8.180483619999999,494.57,-0.005789734423160553,0.21508169695734977,0.9078783392906189,0.14423828125,0.2,-0.020112198800779878,495,0.24346047639846802,0.0001,-14.059359431266785,0.01991329
40,5064,101,0.0,206848,8.462634159999999,498.47,-0.05317795276641846,0.1447879910469055,0.9484761953353882,0.2087890625,0.2,-0.02397906524129212,500,0.2433491200208664,0.0001,-14.096969890594483,0.022289043
40,5096,102,0.0,208896,8.60131703,498.47,0.03201457858085632,0.2820222694426775,0.8949352502822876,0.125,0.2,-0.016928227653261275,505,0.2432977557182312,0.0001,-13.821250772476196,0.012877078
41,5130,103,0.0,210944,8.08691297,495.58,0.03347410261631012,0.2467927008867264,0.9014848470687866,0.108984375,0.2,-0.016764246474485843,510,0.24318654835224152,0.0001,-13.781070137023926,0.013780624
41,5163,104,0.0,212992,8.20686197,495.58,2.297966718673706,4.115738616883755,0.7803004384040833,0.01953125,0.2,-0.00887744541396387,515,0.24314363300800323,0.0001,-14.540777254104615,0.005976085
41,5196,105,0.0,215040,8.15585603,495.58,-0.02017275243997574,0.25584603324532507,0.8726863861083984,0.1046875,0.2,-0.017125656909774988,520,0.2431126981973648,0.0001,-13.924009108543396,0.013005546
41,5229,106,0.0,217088,8.143725299999998,495.58,-0.02224045991897583,0.22542449198663234,0.9296919703483582,0.121484375,0.2,-0.01591205668519251,525,0.24321097135543823,0.0001,-13.796841168403626,0.016881749
41,5262,107,0.0,219136,8.18163188,495.58,-0.03227972984313965,0.1438642844557762,0.9458532333374023,0.17734375,0.2,-0.018539110431447625,530,0.24324460327625275,0.0001,-13.653755283355713,0.017930523
41,5295,108,0.0,221184,8.19226356,495.58,0.08015166223049164,0.4172483041882515,0.8997389078140259,0.1228515625,0.2,-0.019998215255327523,535,0.2432389110326767,0.0001,-14.120033621788025,0.018382499
41,5329,109,0.0,223232,8.01977046,495.58,0.02474137395620346,0.25104530453681945,0.9055699110031128,0.1203125,0.2,-0.014783422951586545,540,0.2432798147201538,0.0001,-14.32086260318756,0.014824643
39,5745,110,0.0,225280,8.012667319999998,495.58,-0.0013298839330673218,0.29139942713081834,0.9207863807678223,0.1619140625,0.2,-0.022256994526833294,545,0.2431279867887497,0.0001,-14.017889428138734,0.021139465
39,5777,111,0.0,227328,8.146128890000002,495.58,0.004414960741996765,0.2625960983335972,0.9207301735877991,0.11240234375,0.2,-0.01677990461466834,550,0.24302802979946136,0.0001,-14.159949398040771,0.014870789
39,5811,112,0.0,229376,8.05286894,495.26,-0.0059592872858047485,0.2246472302824259,0.9270006418228149,0.128125,0.2,-0.014654950308613478,555,0.24301724135875702,0.0001,-13.92280330657959,0.01546185
39,5845,113,0.0,231424,8.064222269999998,495.26,0.03658898174762726,0.4276244696229696,0.905579149723053,0.1052734375,0.2,-0.0176787021686323,560,0.24303705990314484,0.0001,-14.181529903411866,0.012019519
39,5879,114,0.0,233472,8.17027957,493.42,0.013880029320716858,0.29085733704268935,0.9412134289741516,0.16015625,0.2,-0.021267921093385666,565,0.2431737184524536,0.0001,-13.433083748817443,0.01908796
39,5913,115,0.0,235520,8.20174617,493.42,1.6081838607788086,2.8177976951003076,0.6207929849624634,0.036328125,0.2,-0.009189980034716428,570,0.24322940409183502,0.0001,-13.814693689346313,0.008465916
39,5945,116,0.0,237568,8.306884819999999,493.42,0.05707387626171112,0.29083811342716215,0.9121541976928711,0.14189453125,0.2,-0.0179748140508309,575,0.24322398006916046,0.0001,-13.445701479911804,0.019986823
40,5978,117,0.0,239616,8.675313,493.42,0.07898783683776855,0.3141088541597128,0.9333080053329468,0.146875,0.2,-0.014834741951199248,580,0.24316078424453735,0.0001,-13.573856306076049,0.016605856
40,6010,118,0.0,241664,8.723459900000002,493.42,0.09737545251846313,0.47377002239227295,0.8709150552749634,0.11806640625,0.2,-0.018056900415103883,585,0.2431902438402176,0.0001,-13.754907369613647,0.013625385
40,6044,119,0.0,243712,8.87301093,493.42,0.006372511386871338,0.2870622806251049,0.907274603843689,0.16328125,0.2,-0.019931794062722476,590,0.24306558072566986,0.0001,-13.69290475845337,0.020258542
40,6076,120,0.0,245760,8.92219185,493.42,0.04158557206392288,0.2887239705771208,0.933319628238678,0.1603515625,0.2,-0.01637211673660204,595,0.2430366426706314,0.0001,-13.395512008666993,0.017723542
40,6110,121,0.0,247808,8.93024589,493.42,0.06695793569087982,0.3673302672803402,0.9111071825027466,0.19228515625,0.2,-0.022839897032827138,600,0.24300126731395721,0.0001,-13.523511934280396,0.022711443
40,6142,122,0.0,249856,8.957552709999998,493.42,0.20297737419605255,0.4928562447428703,0.8838505148887634,0.21357421875,0.2,-0.021281560277566315,605,0.2430691123008728,0.0001,-14.268674778938294,0.017908156
40,6279,123,0.0,251904,8.99940283,493.42,0.024109333753585815,0.37961222790181637,0.8990026712417603,0.1361328125,0.2,-0.017523948091547937,610,0.24314691126346588,0.0001,-14.043465662002564,0.017086694
40,6312,124,0.0,253952,9.021279029999999,493.42,-0.03308671712875366,0.20014944579452276,0.9429168701171875,0.12138671875,0.2,-0.01956466121482663,615,0.2430010437965393,0.0001,-14.290445256233216,0.020314123
40,6345,125,0.0,256000,8.99019497,493.42,-0.03489488363265991,0.1644481284543872,0.936335563659668,0.1056640625,0.2,-0.01717961417743936,620,0.24295955896377563,0.0001,-13.903787875175476,0.015330857
40,6380,126,0.0,258048,9.02968421,493.42,0.10076092183589935,0.3783827409148216,0.8847813606262207,0.1353515625,0.2,-0.015830144472420215,625,0.2429029941558838,0.0001,-14.017034935951234,0.014819764
40,6414,127,0.0,260096,9.59870769,496.31,0.020441919565200806,0.2555776912719011,0.9278953075408936,0.168359375,0.2,-0.01646598590305075,630,0.24291406571865082,0.0001,-13.605031847953796,0.020905394
40,6448,128,0.0,262144,9.615619469999999,496.31,0.023336902260780334,0.1939304990693927,0.9470759034156799,0.13701171875,0.2,-0.016599325952120124,635,0.24274152517318726,0.0001,-13.720808482170105,0.02041497
40,6480,129,0.0,264192,9.624204659999998,496.31,0.014702856540679932,0.30707820132374763,0.9265844821929932,0.1408203125,0.2,-0.016602629539556803,640,0.2428661733865738,0.0001,-13.55476188659668,0.017410696
40,6515,130,0.0,266240,9.780386340000002,496.31,-0.008170560002326965,0.21799530759453772,0.9426174163818359,0.12763671875,0.2,-0.01982430969364941,645,0.2427421659231186,0.0001,-13.795899987220764,0.01666008
40,6548,131,0.0,268288,9.89772689,496.31,0.01421724259853363,0.20609172470867634,0.9416967034339905,0.1265625,0.2,-0.01474243039265275,650,0.24272243678569794,0.0001,-13.38356809616089,0.014874108
41,6580,132,0.0,270336,9.85009745,494.5,0.15108147263526917,0.524929579347372,0.8899753093719482,0.22890625,0.2,-0.020938864932395516,655,0.24267816543579102,0.0001,-14.086429500579834,0.023369588
41,6612,133,0.0,272384,10.1642779,494.5,0.08755213022232056,0.5938631452620029,0.8676078915596008,0.10908203125,0.2,-0.019388078467454762,660,0.2426292449235916,0.0001,-13.649725580215454,0.013543962
41,6647,134,0.0,274432,10.23638925,494.5,0.05037012696266174,0.33011492863297465,0.9393935203552246,0.164453125,0.2,-0.019599062693305313,665,0.24273480474948883,0.0001,-14.127391839027405,0.018077075
39,7083,135,0.0,276480,10.29192097,494.5,0.055424220860004425,0.290217212587595,0.9389988780021667,0.20263671875,0.2,-0.016010678926249966,670,0.24244947731494904,0.0001,-13.40863869190216,0.02970034
39,7117,136,0.0,278528,10.24862689,493.66,0.009694598615169525,0.2385216485708952,0.9411770701408386,0.14541015625,0.2,-0.01710474822903052,675,0.24233607947826385,0.0001,-13.406009078025818,0.018601786
39,7153,137,0.0,280576,10.29055341,493.66,1.01763117313385,3.0831754356622696,0.6071028113365173,0.0556640625,0.2,-0.008495356666389852,680,0.242326021194458,0.0001,-13.355262327194215,0.009282539
39,7189,138,0.0,282624,10.55139517,497.03,0.057671524584293365,0.43511729687452316,0.9434455037117004,0.08544921875,0.2,-0.015256548789329827,685,0.2421928495168686,0.0001,-13.771074676513672,0.012023972
39,7224,139,0.0,284672,10.593417789999998,497.03,0.07826414704322815,0.42309232950210574,0.9279748797416687,0.13251953125,0.2,-0.016549063101410865,690,0.2420942783355713,0.0001,-13.672786092758178,0.016096834
39,7257,140,0.0,286720,10.47682049,493.57,0.06276722252368927,0.3607069581747055,0.9328954815864563,0.14814453125,0.2,-0.017477768170647324,695,0.2420162707567215,0.0001,-13.708524703979492,0.018611083
39,7292,141,0.0,288768,10.48692642,493.57,0.5527708530426025,2.705795204639435,0.7256890535354614,0.0728515625,0.2,-0.01151363158132881,700,0.24197401106357574,0.0001,-14.298934888839721,0.009507986
39,7325,142,0.0,290816,10.58004101,493.57,0.02381293475627899,0.40741150826215744,0.8350029587745667,0.075390625,0.2,-0.011077805719105526,705,0.24192029237747192,0.0001,-13.456218481063843,0.011515228
39,7359,143,0.0,292864,10.585617100000002,493.57,0.12266990542411804,0.5069478482007981,0.8665076494216919,0.13193359375,0.2,-0.017986607999773696,710,0.24192006886005402,0.0001,-13.573571395874023,0.016027544
39,7394,144,0.0,294912,10.674509610000003,493.57,0.007852606475353241,0.2770380049943924,0.9217931032180786,0.13662109375,0.2,-0.01438736540148966,715,0.241932675242424,0.0001,-13.643820023536682,0.015808217
39,7428,145,0.0,296960,10.66658351,493.57,0.09993364661931992,0.3553514461964369,0.9200388789176941,0.1630859375,0.2,-0.01851397755090147,720,0.24191851913928986,0.0001,-13.452497220039367,0.015734373
40,7463,146,0.0,299008,10.710560819999998,493.57,-0.020508185029029846,0.23306237291544676,0.939272940158844,0.16005859375,0.2,-0.02034570804098621,725,0.2418532371520996,0.0001,-13.759242916107178,0.020487871
38,7893,147,0.0,301056,10.66326194,493.57,-0.022093653678894043,0.19348844401538373,0.9582948684692383,0.1287109375,0.2,-0.013809802231844515,730,0.24180765450000763,0.0001,-13.502011013031005,0.014071269
38,7928,148,0.0,303104,10.83759044,493.57,-0.01760321855545044,0.17464101109653712,0.9623849987983704,0.1517578125,0.2,-0.014078312402125448,735,0.24194307625293732,0.0001,-13.402504825592041,0.016035888
38,7961,149,0.0,305152,10.909488160000002,493.57,0.1743185818195343,0.45965019464492796,0.9112380743026733,0.1431640625,0.2,-0.01976939204032533,740,0.24202142655849457,0.0001,-14.065287017822266,0.017090317
38,7996,150,0.0,307200,10.834126700000002,493.57,-0.036165133118629456,0.17955693174153567,0.9480562806129456,0.15576171875,0.2,-0.01839061761274934,745,0.24209658801555634,0.0001,-13.63666501045227,0.021284861
38,8033,151,0.0,309248,10.880881949999997,493.57,0.05896128714084625,0.27457288056612017,0.9345957636833191,0.14716796875,0.2,-0.016648561449255795,750,0.24202470481395721,0.0001,-13.73777985572815,0.020804973
38,8067,152,0.0,311296,10.97465558,493.57,-0.01866590976715088,0.2626122824847698,0.9361288547515869,0.13212890625,0.2,-0.019356565608177334,755,0.24182985723018646,0.0001,-13.803766822814941,0.01702034
38,8102,153,0.0,313344,11.0945444,493.57,0.38391298055648804,1.4021543920040132,0.7554427981376648,0.11962890625,0.2,-0.019947251479607075,760,0.24178367853164673,0.0001,-14.533187699317931,0.013761215
38,8135,154,0.0,315392,11.061506529999999,493.57,0.013988003134727478,0.2961714409291744,0.9303068518638611,0.15712890625,0.2,-0.022000735718756916,765,0.24167001247406006,0.0001,-13.540435981750488,0.019169025
38,8169,155,0.0,317440,11.016504750000001,493.57,0.007350705564022064,0.35358520336449145,0.9235534071922302,0.18447265625,0.2,-0.023560123541392385,770,0.24164265394210815,0.0001,-14.419293403625488,0.023695488
38,8204,156,0.0,319488,11.054446879999999,495.38,-0.043306127190589905,0.15641025621443988,0.9530965089797974,0.1404296875,0.2,-0.01995029519312084,775,0.24181193113327026,0.0001,-13.64201753139496,0.016028676
39,8238,157,0.0,321536,10.95431537,495.38,0.1087547317147255,0.3544410467147827,0.9201846122741699,0.13837890625,0.2,-0.018553097592666747,780,0.24181747436523438,0.0001,-14.212335109710693,0.015216133
39,8274,158,0.0,323584,10.994649870000003,495.38,-0.016145512461662292,0.23158736564218999,0.9390257000923157,0.17353515625,0.2,-0.01902350151212886,785,0.24189460277557373,0.0001,-13.856579113006593,0.020564407
37,8712,159,0.0,325632,11.046310829999996,495.38,0.002368047833442688,0.23315216191112995,0.9456554651260376,0.1421875,0.2,-0.01714429071871564,790,0.24187909066677094,0.0001,-13.579395055770874,0.016377125
37,8746,160,0.0,327680,11.022888320000002,495.38,0.02022763341665268,0.2832183506339788,0.9333367943763733,0.16845703125,0.2,-0.022647465046611616,795,0.2417665272951126,0.0001,-13.76211051940918,0.018226583
37,8780,161,0.0,329728,11.285855009999999,496.54,-0.020201079547405243,0.30019242130219936,0.9393952488899231,0.16728515625,0.2,-0.022921889077406377,800,0.2418721467256546,0.0001,-14.47316792011261,0.01920945
37,8814,162,0.0,331776,11.211551069999999,496.54,-0.0018319562077522278,0.2073925819247961,0.9503133893013,0.18544921875,0.2,-0.019870526366867126,805,0.2419602870941162,0.0001,-14.013378977775574,0.022346145
37,8849,163,0.0,333824,11.289577750000001,496.54,-0.0017185360193252563,0.24598175808787345,0.9446053504943848,0.15322265625,0.2,-0.016697151388507338,810,0.24197328090667725,0.0001,-14.139223337173462,0.014084831
37,8883,164,0.0,335872,11.52628603,496.54,0.005916677415370941,0.21474994197487832,0.9500157237052917,0.1654296875,0.2,-0.01774719951208681,815,0.2419094443321228,0.0001,-13.48798689842224,0.018523406
37,8918,165,0.0,337920,11.72031729,500.0,0.24005739390850067,0.8481564670801163,0.8182030320167542,0.086328125,0.2,-0.017060019890777767,820,0.24175751209259033,0.0001,-13.770936322212219,0.012552351
37,8953,166,0.0,339968,11.744553340000003,500.0,-0.017920970916748047,0.1768768521025777,0.959083080291748,0.18330078125,0.2,-0.0242136191111058,825,0.241771399974823,0.0001,-13.840156269073486,0.022196269
38,8987,167,0.0,342016,11.755410229999997,500.0,0.09714454412460327,0.29135548807680606,0.9288729429244995,0.15927734375,0.2,-0.01805686710868031,830,0.24168191850185394,0.0001,-13.689495968818665,0.022082381
38,9020,168,0.0,344064,11.870725969999999,500.0,-0.015850700438022614,0.1737306447699666,0.9629509449005127,0.2205078125,0.2,-0.01486550880363211,835,0.24190880358219147,0.0001,-13.461697363853455,0.030940372
38,9055,169,0.0,346112,11.917654,500.0,0.12364469468593597,0.6255565367639064,0.8803731799125671,0.17578125,0.2,-0.020471043237193953,840,0.2419576644897461,0.0001,-13.912692141532897,0.026831087
38,9090,170,0.0,348160,11.96792478,500.0,0.043494924902915955,0.33205666169524195,0.9296442270278931,0.16611328125,0.2,-0.021425916242878883,845,0.24192821979522705,0.0001,-13.553636407852172,0.019426612
36,9503,171,0.0,350208,12.07487041,500.0,0.057950668036937714,0.3535189345479012,0.9244893193244934,0.1482421875,0.2,-0.019180365453939884,850,0.24198473989963531,0.0001,-14.014850234985351,0.01945874
36,9537,172,0.0,352256,12.113204500000002,500.0,0.07232709228992462,0.35058446452021597,0.9286817908287048,0.14580078125,0.2,-0.02075943604577333,855,0.24209560453891754,0.0001,-14.138185000419616,0.014684023
37,9571,173,0.0,354304,12.213639449999999,500.0,0.021938063204288483,0.2625691372901201,0.9431851506233215,0.18095703125,0.2,-0.01953426426043734,860,0.2423129677772522,0.0001,-13.61324303150177,0.018135017
37,9603,174,0.0,356352,12.38239145,500.0,0.013440795242786407,0.29814848974347113,0.933063805103302,0.13798828125,0.2,-0.01852581137791276,865,0.24230973422527313,0.0001,-13.544852781295777,0.01387787
37,9636,175,0.0,358400,12.450650239999998,500.0,0.01956312358379364,0.21416339166462423,0.9548652768135071,0.16259765625,0.2,-0.01662936544744298,870,0.24230174720287323,0.0001,-13.569319415092469,0.015577195
37,9668,176,0.0,360448,12.100226819999998,497.51,0.006140783429145813,0.20588192008435727,0.9617903828620911,0.18603515625,0.2,-0.01832621821667999,875,0.24219460785388947,0.0001,-13.352811694145203,0.0223738
37,9702,177,0.0,362496,12.146461039999998,497.51,0.6016823053359985,2.3562629863619806,0.5842227339744568,0.0783203125,0.2,-0.01197878239909187,880,0.24215517938137054,0.0001,-13.534818863868713,0.011465247
37,9737,178,0.0,364544,12.225771280000002,497.51,0.09425994008779526,0.5461692757904529,0.923717200756073,0.1375,0.2,-0.02345030369469896,885,0.24219638109207153,0.0001,-14.010433983802795,0.0151828565
37,9771,179,0.0,366592,12.32814263,497.51,0.06368621438741684,0.40363814458251,0.9138315916061401,0.11826171875,0.2,-0.017090742965228854,890,0.24223321676254272,0.0001,-13.786023783683778,0.016857745
37,9804,180,0.0,368640,12.278853810000001,495.2,0.012650661170482635,0.2740811467170715,0.9355491995811462,0.12099609375,0.2,-0.022176977526396514,895,0.2423902302980423,0.0001,-13.754598355293274,0.0148405
37,9840,181,0.0,370688,12.208087870000002,491.58,0.6270275115966797,1.8032342493534088,0.7833129167556763,0.11494140625,0.2,-0.013849160468089395,900,0.24238337576389313,0.0001,-13.945518350601196,0.011340522
37,9873,182,0.0,372736,12.217586489999999,491.58,0.9945452809333801,3.175222024321556,0.7211889028549194,0.06005859375,0.2,-0.010984908638056368,905,0.24239949882030487,0.0001,-13.51656370162964,0.007951183
37,9905,183,0.0,374784,12.174540819999999,491.58,-0.004709206521511078,0.28297150656580927,0.9355108141899109,0.19892578125,0.2,-0.02471758397296071,910,0.24244324862957,0.0001,-13.345314383506775,0.022004701
36,10325,184,0.0,376832,12.177958519999999,491.58,0.07844617962837219,0.3597258672118187,0.9416133165359497,0.18203125,0.2,-0.022317229863256217,915,0.24254488945007324,0.0001,-13.622073936462403,0.020529814
36,10360,185,0.0,378880,12.187200899999995,491.58,0.0287092924118042,0.28630766496062277,0.9231124520301819,0.2068359375,0.2,-0.02285491917282343,920,0.242543026804924,0.0001,-13.749001741409302,0.025630103
36,10395,186,0.0,380928,12.343805289999999,491.58,-0.019547171890735626,0.19612260945141316,0.9612205624580383,0.23701171875,0.2,-0.027784422985860147,925,0.24257273972034454,0.0001,-13.76549060344696,0.024255361
36,10428,187,0.0,382976,12.26005876,491.58,0.3980053961277008,0.9167989045381546,0.7973278164863586,0.12314453125,0.2,-0.019778814911842347,930,0.24250249564647675,0.0001,-13.918127918243409,0.018203171
36,10462,188,0.0,385024,12.158656299999997,491.58,0.015059642493724823,0.257011191919446,0.9348573684692383,0.12666015625,0.2,-0.019301456795074046,935,0.24255679547786713,0.0001,-13.7123384475708,0.017263215
36,10494,189,0.0,387072,12.13347094,491.58,0.005927085876464844,0.2306062275543809,0.9273636341094971,0.08251953125,0.2,-0.012535397312603891,940,0.2426995038986206,0.0001,-13.251211476325988,0.012064149
36,10530,190,0.0,389120,12.14388011,491.58,-0.015748344361782074,0.2974516037851572,0.9294373989105225,0.20029296875,0.2,-0.025630753076984546,945,0.2427198737859726,0.0001,-14.660854363441468,0.024045177
37,10565,191,0.0,391168,12.209687079999998,491.58,0.018476031720638275,0.257952943071723,0.9409118294715881,0.1482421875,0.2,-0.017641323246061803,950,0.2426382452249527,0.0001,-13.970395874977111,0.01734809
37,10600,192,0.0,393216,12.123207619999995,491.58,0.12236616015434265,0.5185248538851738,0.8774924278259277,0.16005859375,0.2,-0.019323207589332016,955,0.242609903216362,0.0001,-13.938975858688355,0.018529108
37,10634,193,0.0,395264,12.163373619999998,491.58,-0.0036598294973373413,0.2188977286219597,0.9366323947906494,0.191796875,0.2,-0.024711125617614016,960,0.24242548644542694,0.0001,-13.30583589076996,0.02013227
37,10667,194,0.0,397312,12.211380010000001,491.58,-0.028314344584941864,0.15064268391579388,0.966535210609436,0.21474609375,0.2,-0.01907375515438616,965,0.2424878627061844,0.0001,-13.289513897895812,0.026060881
37,10706,195,0.0,399360,12.19630298,491.58,0.012855090200901031,0.1915323304012418,0.9550402760505676,0.14921875,0.2,-0.0169492679531686,970,0.24232470989227295,0.0001,-13.283827567100525,0.017784288
36,11123,196,0.0,401408,12.146188819999999,491.58,-0.014287769794464111,0.16192037370055914,0.960193395614624,0.12939453125,0.2,-0.013442194141680375,975,0.24209988117218018,0.0001,-13.649178194999696,0.016757317
36,11156,197,0.0,403456,12.12638208,491.58,-0.029357627034187317,0.17192162089049817,0.9568589925765991,0.15927734375,0.2,-0.018141352827660738,980,0.2420567125082016,0.0001,-13.60078580379486,0.020643126
36,11191,198,0.0,405504,11.959586230000003,488.34,-0.013104438781738281,0.17159861735999585,0.9610364437103271,0.1619140625,0.2,-0.019263410451821984,985,0.2420579195022583,0.0001,-13.515049171447753,0.01787298
36,11225,199,0.0,407552,11.9326191,488.34,0.9876366257667542,3.351167169213295,0.5878387093544006,0.0296875,0.2,-0.01114665021887049,990,0.24202804267406464,0.0001,-13.56203646659851,0.006874456
36,11262,200,0.0,409600,12.260474130000002,490.83,0.12398955225944519,0.5005039595067501,0.8993974328041077,0.144921875,0.2,-0.022360486257821322,995,0.24200499057769775,0.0001,-13.910821461677552,0.015254773
36,11296,201,0.0,411648,12.290903180000003,490.83,-0.03225206211209297,0.1648893967270851,0.9651637077331543,0.13193359375,0.2,-0.016350453021004796,1000,0.24222223460674286,0.0001,-13.546212124824525,0.01709112
36,11330,202,0.0,413696,12.26320607,490.83,0.016131743788719177,0.1684405393898487,0.9642350673675537,0.1681640625,0.2,-0.020529948186594992,1005,0.24227599799633026,0.0001,-13.520675349235535,0.015923534
36,11366,203,0.0,415744,12.27114503,490.83,0.017867453396320343,0.285729817673564,0.9493253827095032,0.1865234375,0.2,-0.02015207759104669,1010,0.24212734401226044,0.0001,-14.116474318504334,0.02012361
36,11400,204,0.0,417792,12.4692111,493.14,-0.01157386600971222,0.21417989879846572,0.9622425436973572,0.15986328125,0.2,-0.01759244194254279,1015,0.24204778671264648,0.0001,-13.98237235546112,0.02214108
36,11434,205,0.0,419840,12.62594812,496.76,-0.042058639228343964,0.16663706563413144,0.9635268449783325,0.15625,0.2,-0.020959230710286648,1020,0.24201615154743195,0.0001,-13.59790575504303,0.017995004
36,11469,206,0.0,421888,12.657340189999998,496.76,-0.003537997603416443,0.284700683504343,0.9386494159698486,0.142578125,0.2,-0.01825542680453509,1025,0.24192245304584503,0.0001,-14.089555954933166,0.013909174
36,11504,207,0.0,423936,12.703073539999998,496.76,0.004286579787731171,0.199167987331748,0.9539593458175659,0.16064453125,0.2,-0.018957899510860445,1030,0.24193163216114044,0.0001,-13.73846788406372,0.021996565
35,11910,208,0.0,425984,12.7289646,496.76,-0.022269204258918762,0.12842022273689507,0.9742329120635986,0.15244140625,0.2,-0.015650816482957453,1035,0.24188561737537384,0.0001,-13.697045588493348,0.01757356
35,11944,209,0.0,428032,12.768582489999998,496.76,-0.045745301991701126,0.15214877407997845,0.9708660840988159,0.1794921875,0.2,-0.024543157196603715,1040,0.2418726533651352,0.0001,-13.653896188735962,0.020096377
35,11978,210,0.0,430080,12.844541189999997,496.76,-0.0416678786277771,0.13963742777705193,0.9737648963928223,0.13701171875,0.2,-0.019633106258697807,1045,0.2418343871831894,0.0001,-13.847743129730224,0.018784188
35,12012,211,0.0,432128,12.729880170000001,496.76,-0.014718927443027496,0.14988248199224471,0.9703078269958496,0.14736328125,0.2,-0.015311471332097426,1050,0.24185454845428467,0.0001,-13.77238326072693,0.015538776
36,12047,212,0.0,434176,12.78699466,496.76,-0.02376827597618103,0.30017679296433925,0.9271973967552185,0.13955078125,0.2,-0.02164535925257951,1055,0.24189715087413788,0.0001,-14.309087753295898,0.017104527
36,12080,213,0.0,436224,12.629121110000002,496.46,0.2783724367618561,0.8374371826648712,0.7815667390823364,0.08662109375,0.2,-0.02077849765191786,1060,0.24201329052448273,0.0001,-13.784591698646546,0.015818305
36,12113,214,0.0,438272,12.496479279999999,493.32,1.3981715440750122,2.678044970333576,0.6619547605514526,0.10673828125,0.2,-0.015357429697178304,1065,0.2420765608549118,0.0001,-13.775632309913636,0.017134748
36,12147,215,0.0,440320,12.497556150000001,493.32,1.0608530044555664,2.88901701271534,0.6695481538772583,0.05791015625,0.2,-0.012406446858949493,1070,0.24209266901016235,0.0001,-13.676702523231507,0.010617102
36,12181,216,0.0,442368,12.487350309999997,493.32,-0.007485628128051758,0.2914560563862324,0.9385562539100647,0.15185546875,0.2,-0.021558107575401664,1075,0.2420952469110489,0.0001,-13.502287530899048,0.01598829
36,12214,217,0.0,444416,12.49063071,493.32,-0.03849039226770401,0.19064809028059243,0.9594469666481018,0.1138671875,0.2,-0.017947296460624783,1080,0.24204421043395996,0.0001,-14.102915954589843,0.01393123
36,12246,218,0.0,446464,12.4884353,493.32,-0.01436777412891388,0.2453270185738802,0.9441702365875244,0.1484375,0.2,-0.02047199251828715,1085,0.24204222857952118,0.0001,-13.727462434768677,0.018593254
36,12281,219,0.0,448512,12.493481150000001,493.32,0.0032802894711494446,0.2586502943187952,0.9545845985412598,0.1310546875,0.2,-0.017283303709700704,1090,0.24180977046489716,0.0001,-13.849798464775086,0.014571821
35,12693,220,0.0,450560,12.40840128,493.32,-0.040453583002090454,0.15977033618837594,0.9682322144508362,0.16416015625,0.2,-0.017788164026569575,1095,0.24197788536548615,0.0001,-13.61729462146759,0.018579941
35,12726,221,0.0,452608,12.435867220000002,493.32,0.01871124655008316,0.3285795122385025,0.9367386102676392,0.14384765625,0.2,-0.02173817721195519,1100,0.2420191913843155,0.0001,-13.981081080436706,0.015629796
35,12761,222,0.0,454656,12.022046060000001,487.31,0.023137569427490234,0.40783273316919805,0.9332912564277649,0.12998046875,0.2,-0.01779754360904917,1105,0.24200372397899628,0.0001,-14.02410340309143,0.015730197
35,12795,223,0.0,456704,12.041149759999998,487.31,2.4181694984436035,5.559694069623947,0.5410272479057312,0.02490234375,0.2,-0.008685290324501693,1110,0.24198828637599945,0.0001,-14.101974964141846,0.0071218447
35,12830,224,0.0,458752,11.878688470000002,483.95,0.06313884258270264,0.5670955084264279,0.8597356677055359,0.138671875,0.2,-0.02257625631755218,1115,0.24184592068195343,0.0001,-14.0009113073349,0.019310702
35,12864,225,0.0,460800,11.889880650000002,483.95,0.6058453917503357,1.4930412888526916,0.8312495946884155,0.09208984375,0.2,-0.015560907358303667,1120,0.2417972832918167,0.0001,-13.788477349281312,0.012792628
35,12898,226,0.0,462848,11.91847278,483.95,-0.005932755768299103,0.29245980866253374,0.9439360499382019,0.14287109375,0.2,-0.019428893597796558,1125,0.2417924851179123,0.0001,-13.79718005657196,0.016584236
35,12933,227,0.0,464896,11.911624770000001,483.95,-0.009212024509906769,0.19163549803197383,0.9482017755508423,0.1599609375,0.2,-0.01818142147967592,1130,0.24179203808307648,0.0001,-13.423072862625123,0.018337969
36,12967,228,0.0,466944,11.88947692,483.95,-0.011861324310302734,0.24169894941151143,0.9557509422302246,0.20322265625,0.2,-0.021245416125748307,1135,0.24185138940811157,0.0001,-13.98923101425171,0.022124287
36,13003,229,0.0,468992,11.905097719999999,483.95,-0.04205295071005821,0.16332580484449863,0.9499785900115967,0.14453125,0.2,-0.019805714348331095,1140,0.24169780313968658,0.0001,-13.369689559936523,0.01755588
36,13037,230,0.0,471040,11.899886360000004,483.95,-0.006997033953666687,0.16920888908207415,0.9666703939437866,0.1427734375,0.2,-0.016773188160732387,1145,0.2416849136352539,0.0001,-13.561130166053772,0.013776654
36,13072,231,0.0,473088,11.889863250000001,483.95,-0.00573478639125824,0.19765312895178794,0.9575827121734619,0.1763671875,0.2,-0.020846555777825414,1150,0.24172620475292206,0.0001,-13.676372480392455,0.017615292
35,13484,232,0.0,475136,11.863511669999998,483.95,-0.005648724734783173,0.16353152208030225,0.9694770574569702,0.164453125,0.2,-0.018475283053703606,1155,0.2417231798171997,0.0001,-13.752240586280823,0.02032724
35,13518,233,0.0,477184,11.882745139999999,483.95,-0.00840788334608078,0.1784920610487461,0.9693392515182495,0.141015625,0.2,-0.01929002908291295,1160,0.24187858402729034,0.0001,-13.678950119018555,0.014514193
35,13554,234,0.0,479232,11.854584909999998,483.95,-0.01421055942773819,0.1801040407270193,0.9642766118049622,0.18330078125,0.2,-0.019609787384979427,1165,0.24211908876895905,0.0001,-13.684824562072754,0.0212945
35,13587,235,0.0,481280,11.921597119999996,483.95,-0.050522394478321075,0.19480087235569954,0.9591097235679626,0.1736328125,0.2,-0.018821510224370286,1170,0.2422943264245987,0.0001,-14.172138166427612,0.018629018
35,13622,236,0.0,483328,12.13361463,484.25,-0.03559796139597893,0.14916162583976983,0.9629485607147217,0.1498046875,0.2,-0.014071755483746529,1175,0.24223774671554565,0.0001,-13.659780359268188,0.018065063
35,13656,237,0.0,485376,12.124527770000002,484.25,-0.03177794814109802,0.10201468933373689,0.9806768894195557,0.21162109375,0.2,-0.021173427219036967,1180,0.2422543317079544,0.0001,-13.618830037117004,0.02473969
35,13692,238,0.0,487424,12.314513,487.39,-0.05163143202662468,0.07618968486785889,0.9857616424560547,0.13955078125,0.2,-0.017123900196747855,1185,0.24230937659740448,0.0001,-13.435569524765015,0.017230961
35,13727,239,0.0,489472,12.284619900000003,487.39,-0.06215287744998932,0.12629638537764548,0.978670597076416,0.1880859375,0.2,-0.023875384638085962,1190,0.24218271672725677,0.0001,-13.907424378395081,0.018779973
35,13762,240,0.0,491520,12.3215193,487.39,-0.03886299580335617,0.10117737064138055,0.9813039898872375,0.2025390625,0.2,-0.022542055137455462,1195,0.2421368509531021,0.0001,-13.75537600517273,0.024980346
35,13795,241,0.0,493568,12.33361666,487.39,-0.03633767366409302,0.15634077955037357,0.9664884209632874,0.1564453125,0.2,-0.017684563947841524,1200,0.24221116304397583,0.0001,-13.553326106071472,0.017362878
35,13827,242,0.0,495616,12.426378710000002,487.39,0.18923255801200867,0.7675964727997779,0.8519079685211182,0.10849609375,0.2,-0.016452015237882735,1205,0.24222032725811005,0.0001,-14.221173691749573,0.014312856
35,13862,243,0.0,497664,12.42281413,487.39,-0.02443964034318924,0.16063642278313636,0.9682202339172363,0.137890625,0.2,-0.021581038524163886,1210,0.2422000765800476,0.0001,-14.076775431632996,0.016587041
35,13897,244,0.0,499712,12.49710685,487.39,-0.016080342233181,0.14813360292464495,0.9781451225280762,0.1556640625,0.2,-0.01856523069436662,1215,0.24219359457492828,0.0001,-13.890440416336059,0.014662728
35,14325,245,0.0,501760,12.6970713,487.97,-0.04042300581932068,0.13596844412386416,0.9750082492828369,0.122265625,0.2,-0.012905448774108663,1220,0.24211901426315308,0.0001,-13.83977451324463,0.012603146
35,14362,246,0.0,503808,13.1133149,496.64,-0.03162497282028198,0.12673452347517014,0.9727402925491333,0.148828125,0.2,-0.017093905893852936,1225,0.24204890429973602,0.0001,-14.113417434692384,0.019516964
35,14398,247,0.0,505856,13.111509439999999,496.64,-0.07471612095832825,0.10370082212612033,0.9794638752937317,0.2033203125,0.2,-0.0237082879524678,1230,0.24206703901290894,0.0001,-13.824334692955016,0.022681907
35,14434,248,0.0,507904,13.25448177,500.0,0.0048811063170433044,0.18324024379253387,0.9610817432403564,0.17265625,0.2,-0.01991674118908122,1235,0.2422068864107132,0.0001,-13.93308048248291,0.020792581
35,14470,249,0.0,509952,13.254619479999999,500.0,-0.055994968861341476,0.10948772979900241,0.9742863774299622,0.1357421875,0.2,-0.01691581242484972,1240,0.24216850101947784,0.0001,-14.343772220611573,0.014233561
35,14507,250,0.0,512000,13.315953769999998,500.0,-0.031650930643081665,0.13042732598260046,0.9741795063018799,0.14111328125,0.2,-0.016171212121844292,1245,0.2421232908964157,0.0001,-14.2605482339859,0.017044673
35,14542,251,0.0,514048,13.296843529999997,500.0,0.13723714649677277,0.7258171685039997,0.8667489290237427,0.12919921875,0.2,-0.017325952230021358,1250,0.2420843094587326,0.0001,-14.244184613227844,0.015443571
35,14578,252,0.0,516096,13.331760589999998,500.0,-0.03142055869102478,0.17073667719960212,0.9528931975364685,0.14052734375,0.2,-0.019245956279337405,1255,0.24192993342876434,0.0001,-14.095733475685119,0.014415482
35,14613,253,0.0,518144,13.34771428,500.0,-0.05516821891069412,0.09458704423159361,0.9824405908584595,0.11943359375,0.2,-0.018404859400470742,1260,0.2419474869966507,0.0001,-13.988230729103089,0.0138870245
35,14646,254,0.0,520192,13.360247980000002,500.0,-0.059982795268297195,0.09778148839250207,0.9840540885925293,0.13173828125,0.2,-0.015903491177596152,1265,0.2419552057981491,0.0001,-13.99494035243988,0.01434882
35,14682,255,0.0,522240,13.36706059,500.0,-0.04004397615790367,0.1446465041488409,0.9740515351295471,0.13349609375,0.2,-0.01791640658630058,1270,0.24192436039447784,0.0001,-13.923236799240112,0.013809549
35,14716,256,0.0,524288,13.409370180000003,500.0,0.0371742770075798,0.28288556151092054,0.9451349973678589,0.1873046875,0.2,-0.024065465363673866,1275,0.2418808937072754,0.0001,-13.971831130981446,0.024633244
34,15125,257,0.0,526336,13.406682140000001,500.0,-0.06000542640686035,0.09856536583974958,0.9825122356414795,0.1234375,0.2,-0.015328274114290252,1280,0.24198472499847412,0.0001,-14.025756311416625,0.015351262
34,15159,258,0.0,528384,13.394735860000003,500.0,-0.05452902242541313,0.09203641209751368,0.9827409386634827,0.1609375,0.2,-0.02033872784813866,1285,0.2421831637620926,0.0001,-13.904816937446594,0.021050746
34,15194,259,0.0,530432,13.442750960000001,500.0,-0.045229073613882065,0.10702766319736838,0.9804723262786865,0.1630859375,0.2,-0.016879296960541978,1290,0.24209584295749664,0.0001,-14.048913884162904,0.01786232
34,15232,260,0.0,532480,13.432321360000001,500.0,-0.062211815267801285,0.08393078641965986,0.9846993684768677,0.1458984375,0.2,-0.015870629635173827,1295,0.24207162857055664,0.0001,-14.01419448852539,0.013780528
35,15267,261,0.0,534528,13.456476859999999,500.0,-0.040664419531822205,0.06916870079003275,0.9873974919319153,0.17890625,0.2,-0.016926385095575824,1300,0.24195294082164764,0.0001,-13.927186489105225,0.01959061
35,15302,262,0.0,536576,13.439775479999998,500.0,-0.07250113785266876,0.06820075958967209,0.9875556826591492,0.1576171875,0.2,-0.018905875261407346,1305,0.24192942678928375,0.0001,-14.114278173446655,0.019200085
35,15339,263,0.0,538624,13.442710060000001,500.0,-0.019454505294561386,0.13095566062256694,0.9737393856048584,0.16123046875,0.2,-0.016763405315577982,1310,0.2417374849319458,0.0001,-14.016859769821167,0.015694425
35,15374,264,0.0,540672,13.417698080000001,500.0,-0.06836068630218506,0.08584809191524982,0.98136967420578,0.14677734375,0.2,-0.020221853023394944,1315,0.24175409972667694,0.0001,-14.394012570381165,0.016985357
35,15407,265,0.0,542720,13.365042370000001,500.0,-0.055188484489917755,0.13371426612138748,0.9746309518814087,0.1783203125,0.2,-0.02109573888592422,1320,0.2417205572128296,0.0001,-14.176079583168029,0.019099655
35,15440,266,0.0,544768,13.282497090000001,500.0,0.030592888593673706,0.28264152854681013,0.9473479390144348,0.146484375,0.2,-0.01881232167361304,1325,0.24161197245121002,0.0001,-14.154118824005128,0.016275836
35,15475,267,0.0,546816,13.272293499999998,500.0,-0.012952074408531189,0.2014391478151083,0.9474057555198669,0.13525390625,0.2,-0.01907473636092618,1330,0.2415742725133896,0.0001,-13.908288192749023,0.016913407
35,15509,268,0.0,548864,13.25709537,500.0,-0.05974763631820679,0.11394095569849014,0.9700796008110046,0.13447265625,0.2,-0.018993884802330285,1335,0.2415274828672409,0.0001,-14.004076552391052,0.015005255
34,15902,269,0.0,550912,13.2724158,500.0,-0.043418992310762405,0.11864145863801241,0.9777582883834839,0.13974609375,0.2,-0.014499668870121241,1340,0.24157635867595673,0.0001,-13.982271337509156,0.013962572
34,15936,270,0.0,552960,13.299847490000001,500.0,-0.05013381689786911,0.08420520322397351,0.9824942946434021,0.14111328125,0.2,-0.018585672124754638,1345,0.24147163331508636,0.0001,-13.725539469718933,0.016104532
34,15969,271,0.0,555008,13.289028220000002,500.0,0.02181258052587509,0.26570230051875116,0.9420043230056763,0.16552734375,0.2,-0.021293027949286624,1350,0.2414228767156601,0.0001,-13.925292325019836,0.01840681
34,16003,272,0.0,557056,13.300939900000001,500.0,-0.07030336558818817,0.08837947957217693,0.9777870774269104,0.1552734375,0.2,-0.021607243991456925,1355,0.2412794679403305,0.0001,-14.11971206665039,0.017857216
34,16039,273,0.0,559104,13.343290409999998,500.0,-0.06433314085006714,0.07644904507324099,0.98387211561203,0.18388671875,0.2,-0.01872525701764971,1360,0.2413213700056076,0.0001,-13.828618907928467,0.019977659
34,16075,274,0.0,561152,13.372460219999999,500.0,-0.0032914504408836365,0.25443761721253394,0.9293718338012695,0.11904296875,0.2,-0.016954664152581244,1365,0.24127979576587677,0.0001,-13.843157696723939,0.015879052
34,16111,275,0.0,563200,13.33638134,500.0,-0.07202209532260895,0.10852594887837767,0.9807425737380981,0.1828125,0.2,-0.017390274559147656,1370,0.2411457747220993,0.0001,-13.971886920928956,0.019272394
35,16148,276,0.0,565248,13.256755790000001,500.0,-0.03738122060894966,0.0717267225496471,0.985530436038971,0.151171875,0.2,-0.016319092316552996,1375,0.24120523035526276,0.0001,-13.764063692092895,0.01471719
35,16184,277,0.0,567296,13.187567519999998,500.0,-0.05880303680896759,0.18529733046889305,0.9322963356971741,0.0931640625,0.2,-0.031337765546049924,1380,0.24130891263484955,0.0001,-14.079905247688293,0.02931121
35,16220,278,0.0,569344,13.17649345,500.0,-0.06297333538532257,0.13278264738619328,0.9684033989906311,0.1369140625,0.2,-0.018953815812710672,1385,0.24120156466960907,0.0001,-14.192102885246277,0.01740162
35,16254,279,0.0,571392,13.206622789999999,500.0,-0.06102896109223366,0.06078956127166748,0.9853656888008118,0.1380859375,0.2,-0.01767141717718914,1390,0.24107587337493896,0.0001,-13.822056150436401,0.014405156
35,16289,280,0.0,573440,13.224398830000002,500.0,-0.06209206581115723,0.07920174393802881,0.982097864151001,0.15703125,0.2,-0.016875337052624673,1395,0.24097470939159393,0.0001,-13.842562222480774,0.016432688
34,16686,281,0.0,575488,13.21516801,500.0,-0.05950246378779411,0.06724864905700087,0.9869250059127808,0.14931640625,0.2,-0.015430864586960524,1400,0.24082322418689728,0.0001,-13.684596300125122,0.015330676
34,16719,282,0.0,577536,13.234042969999997,500.0,-0.05973085016012192,0.07697036005556583,0.9854813814163208,0.2123046875,0.2,-0.024217940308153628,1405,0.24063639342784882,0.0001,-13.680804300308228,0.020936206
34,16752,283,0.0,579584,13.24325908,500.0,-0.07759352773427963,0.06171143408864736,0.9862560033798218,0.1787109375,0.2,-0.02103283437900245,1410,0.2406441569328308,0.0001,-13.887110328674316,0.016163442
34,16785,284,0.0,581632,13.252062570000003,500.0,-0.05703641101717949,0.06866357000544668,0.9870383143424988,0.18212890625,0.2,-0.01671015116153285,1415,0.24077342450618744,0.0001,-14.06960711479187,0.020380259
34,16818,285,0.0,583680,13.27333458,500.0,-0.057028353214263916,0.07794278496876358,0.9863308668136597,0.20517578125,0.2,-0.01816710769198835,1420,0.24078823626041412,0.0001,-14.006039476394653,0.021252878
34,16853,286,0.0,585728,13.332939260000003,500.0,-0.046904053539037704,0.09846687037497759,0.9810510277748108,0.184375,0.2,-0.018705491474247538,1425,0.24086926877498627,0.0001,-14.01930205821991,0.019719273
34,16886,287,0.0,587776,13.295130739999998,500.0,-0.018811523914337158,0.16739133540540935,0.9648385047912598,0.174609375,0.2,-0.020583529854775406,1430,0.2409501075744629,0.0001,-13.924660205841064,0.018935418
34,16919,288,0.0,589824,13.31550246,500.0,-0.06562554091215134,0.10287794219329953,0.9772185683250427,0.13486328125,0.2,-0.019976675772340968,1435,0.24093198776245117,0.0001,-14.35354950428009,0.014448208
34,16954,289,0.0,591872,13.349926360000001,500.0,-0.05376875400543213,0.08665388887748122,0.9837477803230286,0.21201171875,0.2,-0.018932722648605703,1440,0.24088972806930542,0.0001,-14.116975617408752,0.026354013
34,16987,290,0.0,593920,13.39320295,500.0,-0.07359633594751358,0.06774346698075533,0.9866288900375366,0.16064453125,0.2,-0.01723249419592321,1445,0.24078993499279022,0.0001,-13.754932260513305,0.016905997
35,17021,291,0.0,595968,13.427037660000002,500.0,-0.06738505512475967,0.06786911059170961,0.9857514500617981,0.1626953125,0.2,-0.01727132712258026,1450,0.24070899188518524,0.0001,-13.603951835632325,0.017409865
35,17055,292,0.0,598016,13.444668199999999,500.0,-0.05511248856782913,0.058082225266844034,0.988358199596405,0.13232421875,0.2,-0.015427181485574693,1455,0.2406110316514969,0.0001,-14.050206184387207,0.016296431
34,17448,293,0.0,600064,13.480618909999999,500.0,-0.04048875346779823,0.06695771431550383,0.9860890507698059,0.130859375,0.2,-0.016846656112466007,1460,0.24054192006587982,0.0001,-13.674951696395874,0.018750131
34,17483,294,0.0,602112,13.48649136,500.0,-0.05137525126338005,0.09902519173920155,0.9768826365470886,0.11826171875,0.2,-0.015062418027082459,1465,0.24050050973892212,0.0001,-14.175433540344239,0.014050442
34,17516,295,0.0,604160,13.463731749999997,500.0,-0.08402027189731598,0.057562504336237906,0.9889336228370667,0.2123046875,0.2,-0.02183021977543831,1470,0.24052028357982635,0.0001,-14.232233953475951,0.021579305
34,17550,296,0.0,606208,13.50459955,500.0,-0.08020350337028503,0.06065726024098694,0.9895755052566528,0.19716796875,0.2,-0.01767189692473039,1475,0.24038958549499512,0.0001,-14.157301330566407,0.020712864
34,17583,297,0.0,608256,13.49914058,500.0,-0.07142240554094315,0.08043547947891057,0.9832922220230103,0.132421875,0.2,-0.017351059918291868,1480,0.24034203588962555,0.0001,-13.885822319984436,0.015502966
34,17615,298,0.0,610304,13.466384630000002,500.0,-0.068552166223526,0.053779278742149474,0.9902468323707581,0.155859375,0.2,-0.01282746159704402,1485,0.2402823567390442,0.0001,-13.982558012008667,0.014419366
34,17649,299,0.0,612352,13.48281849,500.0,-0.05866146832704544,0.10412481026723981,0.9759421944618225,0.13388671875,0.2,-0.01979189874837175,1490,0.24007900059223175,0.0001,-14.138831114768982,0.017040025
34,17682,300,0.0,614400,13.550529289999997,500.0,-0.07863529026508331,0.0669177420437336,0.9848382472991943,0.16796875,0.2,-0.015815312002087013,1495,0.2400447279214859,0.0001,-14.092899012565614,0.016448218
34,17714,301,0.0,616448,13.535192980000001,500.0,-0.06572449207305908,0.05238877777010202,0.9902647733688354,0.15693359375,0.2,-0.015615696995519101,1500,0.23996394872665405,0.0001,-13.967736864089966,0.01639796
34,17746,302,0.0,618496,13.54616405,500.0,-0.07446901500225067,0.12990297377109528,0.9691908955574036,0.1265625,0.2,-0.020181833616516088,1505,0.23996229469776154,0.0001,-14.155353808403015,0.014113603
34,17780,303,0.0,620544,13.559405829999998,500.0,-0.010256722569465637,0.19761921595782042,0.9556933045387268,0.10556640625,0.2,-0.015620443399529903,1510,0.23994453251361847,0.0001,-14.192663717269898,0.014083023
34,17813,304,0.0,622592,13.564286089999998,500.0,-0.07146674394607544,0.06132576800882816,0.9872785806655884,0.15966796875,0.2,-0.0160506249172613,1515,0.2399960160255432,0.0001,-13.85720055103302,0.021004533
34,17847,305,0.0,624640,13.58614239,500.0,-0.06095259264111519,0.10068565476685762,0.9784936308860779,0.15771484375,0.2,-0.021253089141100644,1520,0.2398890256881714,0.0001,-14.205298590660096,0.018235635
34,18257,306,0.0,626688,13.595478,500.0,-0.06895081698894501,0.046550027141347525,0.9914489388465881,0.15986328125,0.2,-0.01738740205182694,1525,0.2399437576532364,0.0001,-13.91925892829895,0.019513268
34,18291,307,0.0,628736,13.561112600000001,500.0,-0.04974024370312691,0.08797595500946045,0.9830265641212463,0.15166015625,0.2,-0.017696845601312815,1530,0.2399335503578186,0.0001,-14.102042484283448,0.017390553
34,18325,308,0.0,630784,13.578205199999998,500.0,-0.08107244968414307,0.0570631539914757,0.9871727228164673,0.15908203125,0.2,-0.017215135146398098,1535,0.2398027926683426,0.0001,-13.665476655960083,0.016198974
34,18359,309,0.0,632832,13.565741379999999,500.0,-0.06807726621627808,0.07502123140729963,0.9851851463317871,0.15537109375,0.2,-0.01947829455602914,1540,0.23968364298343658,0.0001,-13.934813404083252,0.01814603
34,18394,310,0.0,634880,13.58744279,500.0,-0.08096659183502197,0.06485480428673326,0.9878511428833008,0.16806640625,0.2,-0.01856492302613333,1545,0.23961664736270905,0.0001,-13.931371760368346,0.022504495
34,18427,311,0.0,636928,13.53985811,500.0,-0.054850585758686066,0.03785148705355823,0.9927441477775574,0.11396484375,0.2,-0.013268377189524472,1550,0.23950029909610748,0.0001,-13.843611025810242,0.01530265
34,18461,312,0.0,638976,13.61033226,500.0,-0.04964485391974449,0.05694464915432036,0.9897058010101318,0.1380859375,0.2,-0.013963032211177052,1555,0.23960448801517487,0.0001,-13.758791875839233,0.018915582
34,18495,313,0.0,641024,13.62561631,500.0,-0.07453502714633942,0.06024884865619242,0.9856329560279846,0.18017578125,0.2,-0.022294458327814938,1560,0.23976002633571625,0.0001,-14.037985134124757,0.020777622
34,18530,314,0.0,643072,13.65600739,500.0,-0.07310605049133301,0.049787207832559945,0.9908181428909302,0.12900390625,0.2,-0.01578342739958316,1565,0.23987315595149994,0.0001,-13.913182997703553,0.013438616
34,18565,315,0.0,645120,13.66674406,500.0,-0.06201097369194031,0.07126277685165405,0.9865673780441284,0.1423828125,0.2,-0.014274701953399926,1570,0.23978489637374878,0.0001,-13.794807863235473,0.016221154
34,18600,316,0.0,647168,13.674800959999997,500.0,-0.07641936838626862,0.04979582661762834,0.9923222661018372,0.16611328125,0.2,-0.01756711781490594,1575,0.23998413980007172,0.0001,-13.86940577030182,0.017666966
34,18635,317,0.0,649216,13.670306459999999,500.0,-0.07095501571893692,0.04198729833588004,0.9926840662956238,0.162109375,0.2,-0.014793566858861596,1580,0.23996643722057343,0.0001,-13.723662972450256,0.018956345
34,19039,318,0.0,651264,13.49671941,496.21,-0.0756092518568039,0.05934732649475336,0.9895098805427551,0.1521484375,0.2,-0.016583426401484757,1585,0.2398337572813034,0.0001,-13.808694529533387,0.016566074
34,19074,319,0.0,653312,13.524709670000002,496.21,0.23117229342460632,1.252723978459835,0.6853733062744141,0.068359375,0.2,-0.016126181569416077,1590,0.23981726169586182,0.0001,-14.12629301548004,0.011611409
34,19109,320,0.0,655360,13.54543191,496.21,-0.0678805485367775,0.11346871359273791,0.9726470112800598,0.1421875,0.2,-0.0183588866784703,1595,0.2398262768983841,0.0001,-13.963068675994872,0.016408453
34,19143,321,0.0,657408,13.44448114,495.83,-0.030912160873413086,0.08063751449808479,0.9830148220062256,0.1458984375,0.2,-0.016438795323483645,1600,0.23979152739048004,0.0001,-13.909454679489135,0.0140643995
34,19177,322,0.0,659456,13.480703759999999,495.83,-0.005516558885574341,0.3384087193757296,0.9076936841011047,0.11865234375,0.2,-0.02714793336344883,1605,0.23974160850048065,0.0001,-14.136778545379638,0.020410564
34,19211,323,0.0,661504,13.470321999999996,495.83,-0.049830157309770584,0.10074681704863905,0.9745473861694336,0.12783203125,0.2,-0.017341338249389084,1610,0.2396179884672165,0.0001,-13.833574390411377,0.013374554
34,19245,324,0.0,663552,13.474354349999999,495.83,-0.08717889338731766,0.052878088783472776,0.9866727590560913,0.12255859375,0.2,-0.01623240563785657,1615,0.2396765500307083,0.0001,-13.822942614555359,0.014422033
34,19278,325,0.0,665600,13.508360939999998,495.83,-0.05996858328580856,0.04814681066200137,0.99085533618927,0.167578125,0.2,-0.013906172738643363,1620,0.23949551582336426,0.0001,-13.905261588096618,0.018715335
34,19312,326,0.0,667648,13.521966079999995,495.83,-0.07254424691200256,0.07361538703553379,0.981643557548523,0.1728515625,0.2,-0.01692445684457198,1625,0.23957420885562897,0.0001,-13.74621136188507,0.02051863
34,19347,327,0.0,669696,13.624786369999999,495.83,-0.06587453186511993,0.03841694812290371,0.9919174909591675,0.17236328125,0.2,-0.0156846662517637,1630,0.23966084420681,0.0001,-13.942089009284974,0.019129116
34,19381,328,0.0,671744,13.622204700000003,495.83,-0.07476062327623367,0.050002986844629047,0.99123215675354,0.12998046875,0.2,-0.014447408466367051,1635,0.23950903117656708,0.0001,-13.917141437530518,0.013788914
34,19415,329,0.0,673792,13.463205079999998,495.37,-0.060817256569862366,0.05192346787080169,0.9920316338539124,0.14208984375,0.2,-0.01568682014476508,1640,0.23958218097686768,0.0001,-14.028272080421448,0.012986529
34,19801,330,0.0,675840,13.327608279999998,495.37,0.2156197875738144,1.1105154737830163,0.8209702372550964,0.16474609375,0.2,-0.01907829459523782,1645,0.23959745466709137,0.0001,-14.29078974723816,0.012385801
34,19835,331,0.0,677888,13.32630983,495.37,-0.026810694485902786,0.1493990344926715,0.9467104077339172,0.14521484375,0.2,-0.015206255239900202,1650,0.2397516369819641,0.0001,-14.024965381622314,0.019494548
34,19869,332,0.0,679936,13.321004179999997,495.37,-0.08768673986196518,0.06788936727680266,0.9852907657623291,0.17998046875,0.2,-0.01906025072094053,1655,0.23986057937145233,0.0001,-14.261511301994323,0.024966003
34,19903,333,0.0,681984,13.321027549999998,495.37,-0.07264477014541626,0.07052718177437782,0.9875398278236389,0.14453125,0.2,-0.017927037813933566,1660,0.2397450953722,0.0001,-14.276876044273376,0.015320086
34,19937,334,0.0,684032,13.30821812,495.37,-0.07443511486053467,0.04329807441681623,0.9909597635269165,0.19169921875,0.2,-0.021127475379034876,1665,0.23980551958084106,0.0001,-13.811180830001831,0.02072538
34,19971,335,0.0,686080,13.30717753,495.37,-0.0660073533654213,0.03782547265291214,0.9920641183853149,0.169921875,0.2,-0.016549952735658735,1670,0.2397947907447815,0.0001,-13.934087824821471,0.02151694
34,20005,336,0.0,688128,13.26797946,495.37,-0.07363174855709076,0.0405939840245992,0.9918913245201111,0.12158203125,0.2,-0.014007266063708812,1675,0.23975282907485962,0.0001,-13.860825204849244,0.015465903
34,20039,337,0.0,690176,13.26162591,495.37,-0.07418029010295868,0.10940649835392832,0.9623169302940369,0.14033203125,0.2,-0.018470359756611286,1680,0.23958390951156616,0.0001,-14.336806845664977,0.017185878
34,20073,338,0.0,692224,13.235155709999999,495.37,-0.06055069714784622,0.05571087151765823,0.9893659949302673,0.15859375,0.2,-0.016234874175279402,1685,0.23941707611083984,0.0001,-14.057960271835327,0.01937153
34,20106,339,0.0,694272,13.23217726,495.37,-0.0697004497051239,0.05161126530729234,0.9904840588569641,0.09208984375,0.2,-0.015466387185733765,1690,0.23947398364543915,0.0001,-14.051694560050965,0.012024585
34,20139,340,0.0,696320,13.228947850000003,495.37,-0.07525431364774704,0.04514216766692698,0.9914587736129761,0.15185546875,0.2,-0.016984395473264156,1695,0.23949001729488373,0.0001,-13.998246002197266,0.016488519
34,20173,341,0.0,698368,13.23476803,495.37,-0.06536182761192322,0.04180419878102839,0.9920430183410645,0.15888671875,0.2,-0.014172482877620496,1700,0.2394527792930603,0.0001,-13.878746604919433,0.017147418
34,20557,342,0.0,700416,13.425137060000003,499.16,-0.07143130153417587,0.03651492337230593,0.9934160113334656,0.19140625,0.2,-0.016457822546362876,1705,0.23936176300048828,0.0001,-14.063774609565735,0.021830674
34,20589,343,0.0,702464,13.429830219999996,499.16,-0.08877576142549515,0.03340676655061543,0.9938929677009583,0.10517578125,0.2,-0.0127675759838894,1710,0.23928964138031006,0.0001,-14.109699535369874,0.014280418
34,20622,344,0.0,704512,13.43068153,499.16,-0.09127186238765717,0.04495040699839592,0.991325318813324,0.13759765625,0.2,-0.015342676633736119,1715,0.23933665454387665,0.0001,-13.999868726730346,0.015551462
34,20654,345,0.0,706560,13.543755299999997,499.54,-0.08576463162899017,0.034843602869659665,0.9930132031440735,0.13232421875,0.2,-0.01602076927665621,1720,0.23923815786838531,0.0001,-14.079443454742432,0.0153792575
34,20689,346,0.0,708608,13.519691190000003,499.54,-0.08688145875930786,0.024731094879098237,0.9954739212989807,0.132421875,0.2,-0.015384643466677516,1725,0.23912465572357178,0.0001,-14.18211214542389,0.015936472
34,20722,347,0.0,710656,13.5219053,499.54,-0.07372767478227615,0.07734899986535311,0.9816893935203552,0.1587890625,0.2,-0.019358514272607864,1730,0.23910655081272125,0.0001,-13.999690103530884,0.020372802
34,20754,348,0.0,712704,13.52338803,499.54,-0.07260610163211823,0.06325107370503247,0.9877075552940369,0.17373046875,0.2,-0.01798150789691135,1735,0.23910097777843475,0.0001,-14.387576293945312,0.017780341
34,20787,349,0.0,714752,13.52545626,499.54,-0.09025245904922485,0.032415992789901794,0.9938650131225586,0.18154296875,0.2,-0.020256433333270252,1740,0.2391398400068283,0.0001,-14.103362560272217,0.022325654
34,20820,350,0.0,716800,13.49399122,499.54,-0.08272537589073181,0.034557565581053495,0.9939038157463074,0.12333984375,0.2,-0.011257957277121023,1745,0.23907451331615448,0.0001,-14.086105704307556,0.0147007415
34,20853,351,0.0,718848,13.486003600000002,499.54,-0.08354399353265762,0.08608615826815366,0.9718723297119141,0.15986328125,0.2,-0.023181465396191925,1750,0.23919634521007538,0.0001,-14.222916316986083,0.02008722
34,20887,352,0.0,720896,13.49010853,499.54,-0.07725400477647781,0.04738389630801976,0.9873889684677124,0.1912109375,0.2,-0.021209831128362566,1755,0.23928296566009521,0.0001,-14.122030854225159,0.0208483
34,20919,353,0.0,722944,13.67095024,500.0,-0.073248952627182,0.0764295098837465,0.9862313866615295,0.19365234375,0.2,-0.0198737463564612,1760,0.23917894065380096,0.0001,-14.293429136276245,0.02184916
34,20952,354,0.0,724992,13.811313770000002,500.0,-0.07190684229135513,0.032189157069660725,0.9942654967308044,0.11083984375,0.2,-0.010982884874101729,1765,0.23909012973308563,0.0001,-14.049433588981628,0.013842728
34,21346,355,0.0,727040,13.82131049,500.0,-0.06619690358638763,0.02952769724652171,0.9939059615135193,0.17421875,0.2,-0.01862678168108687,1770,0.23909570276737213,0.0001,-14.029094767570495,0.020629775
34,21381,356,0.0,729088,13.845446550000004,500.0,-0.08747698366641998,0.02959305082913488,0.9945419430732727,0.1716796875,0.2,-0.016477671463508158,1775,0.23911719024181366,0.0001,-14.030869698524475,0.018095069
34,21414,357,0.0,731136,13.869520419999999,500.0,-0.07890170067548752,0.02923004752956331,0.9944873452186584,0.15244140625,0.2,-0.015076605090871453,1780,0.23881037533283234,0.0001,-14.05172905921936,0.017219475
34,21448,358,0.0,733184,13.888010759999995,500.0,-0.060854896903038025,0.03424858406651765,0.9935641884803772,0.18291015625,0.2,-0.014555661263875664,1785,0.23870022594928741,0.0001,-14.071666193008422,0.020599224
34,21481,359,0.0,735232,13.89458724,500.0,-0.08504370599985123,0.02965801281388849,0.9952420592308044,0.14892578125,0.2,-0.015341500681824983,1790,0.23870854079723358,0.0001,-13.945509672164917,0.0137657
34,21514,360,0.0,737280,13.95772321,500.0,-0.06693127751350403,0.04113997588865459,0.99308842420578,0.1474609375,0.2,-0.011922872433206066,1795,0.23872099816799164,0.0001,-14.005022501945495,0.016457904
34,21547,361,0.0,739328,13.957973130000001,500.0,-0.07958824932575226,0.03520462987944484,0.9932695031166077,0.1818359375,0.2,-0.01573091726459097,1800,0.23866860568523407,0.0001,-14.317204999923707,0.020669166
34,21582,362,0.0,741376,13.97400899,500.0,-0.0731198862195015,0.041453432152047755,0.9919284582138062,0.1458984375,0.2,-0.016538609453709795,1805,0.23867784440517426,0.0001,-14.065107083320617,0.01640775
34,21616,363,0.0,743424,14.000797290000001,500.0,-0.08139605075120926,0.035127667151391505,0.9932156801223755,0.147265625,0.2,-0.013452042685821652,1810,0.2385944277048111,0.0001,-14.144180297851562,0.015967542
34,21652,364,0.0,745472,14.011057540000001,500.0,-0.07552510499954224,0.019720796239562334,0.99654221534729,0.1189453125,0.2,-0.012019235745538027,1815,0.2385079711675644,0.0001,-14.053732013702392,0.015173526
34,21684,365,0.0,747520,14.003214610000002,500.0,-0.08256135880947113,0.047764519974589345,0.9906265735626221,0.20244140625,0.2,-0.01895495436619967,1820,0.23842544853687286,0.0001,-14.155618667602539,0.019568508
34,21716,366,0.0,749568,13.997365830000001,500.0,-0.051911260932683945,0.09481944483704866,0.97894686460495,0.2025390625,0.2,-0.020069940167013557,1825,0.2383742332458496,0.0001,-14.098071646690368,0.024584848
33,22116,367,0.0,751616,13.98144685,500.0,-0.07667449861764908,0.03671522899530828,0.9917922616004944,0.18486328125,0.2,-0.01930802590213716,1830,0.23832149803638458,0.0001,-14.035584211349487,0.018197268
34,22151,368,0.0,753664,13.977276139999999,500.0,-0.06694352626800537,0.039482259191572666,0.9923415184020996,0.1671875,0.2,-0.01737258511129767,1835,0.23827825486660004,0.0001,-14.056854510307312,0.018450726
34,22184,369,0.0,755712,13.931199750000003,500.0,-0.08267790079116821,0.027802829048596323,0.9950080513954163,0.14677734375,0.2,-0.015408641041722149,1840,0.2381083220243454,0.0001,-14.273286080360412,0.017124549
34,22219,370,0.0,757760,13.925728049999998,500.0,-0.0455520860850811,0.12063809782266617,0.9727932214736938,0.16416015625,0.2,-0.02291181607870385,1845,0.23802097141742706,0.0001,-14.616812062263488,0.020009615
34,22255,371,0.0,759808,13.924856089999999,500.0,-0.06334133446216583,0.11401235368102788,0.9681689143180847,0.13759765625,0.2,-0.02029833005508408,1850,0.23795251548290253,0.0001,-14.35358464717865,0.014093894
34,22290,372,0.0,761856,13.921839279999999,500.0,-0.09082808345556259,0.051577012380585076,0.9908327460289001,0.17041015625,0.2,-0.018630916211986915,1855,0.2379554659128189,0.0001,-14.209769606590271,0.020816542
34,22325,373,0.0,763904,13.9146454,500.0,-0.057098932564258575,0.037751833396032455,0.992668092250824,0.16708984375,0.2,-0.0144652413087897,1860,0.23785680532455444,0.0001,-14.254454636573792,0.020845994
34,22359,374,0.0,765952,13.913356510000003,500.0,-0.0669168084859848,0.036038530175574124,0.9939473271369934,0.17080078125,0.2,-0.01574437342933379,1865,0.23769360780715942,0.0001,-14.125579714775085,0.01733934
34,22393,375,0.0,768000,13.95123378,500.0,-0.06507573276758194,0.03554653145838529,0.9934076070785522,0.17529296875,0.2,-0.01644802204682492,1870,0.23762553930282593,0.0001,-14.128566217422485,0.017000899
34,22428,376,0.0,770048,13.95208817,500.0,-0.08682233095169067,0.031758708460256455,0.9934259057044983,0.1400390625,0.2,-0.013180186704266817,1875,0.23752635717391968,0.0001,-14.394978356361388,0.012661138
34,22462,377,0.0,772096,13.960370699999999,500.0,-0.06193428114056587,0.03528397639747709,0.9934176206588745,0.122265625,0.2,-0.014498207147698849,1880,0.23739223182201385,0.0001,-14.301920866966247,0.013846899
34,22496,378,0.0,774144,13.95702462,500.0,-0.07798983156681061,0.025181560940109194,0.9953252077102661,0.15869140625,0.2,-0.017069757077842952,1885,0.2374163419008255,0.0001,-14.342811942100525,0.01695799
33,22886,379,0.0,776192,13.94297529,500.0,-0.05871713161468506,0.0660316217225045,0.9880865812301636,0.12021484375,0.2,-0.01161707385617774,1890,0.23739318549633026,0.0001,-14.159929132461547,0.014673616
33,22919,380,0.0,778240,13.92797731,500.0,-0.0718989297747612,0.04102526563219726,0.9933239221572876,0.17373046875,0.2,-0.01945453033549711,1895,0.23720204830169678,0.0001,-14.468211579322816,0.01888477
33,22952,381,0.0,780288,13.938340599999998,500.0,-0.06336969137191772,0.05740014654584229,0.9891319274902344,0.12158203125,0.2,-0.0127781600196613,1900,0.23727019131183624,0.0001,-14.270549178123474,0.019314397
34,22987,382,0.0,782336,13.943424260000002,500.0,-0.08122768998146057,0.026219179341569542,0.9950212836265564,0.1966796875,0.2,-0.01667913651326671,1905,0.23736386001110077,0.0001,-14.019078040122986,0.021138873
34,23022,383,0.0,784384,13.957038800000005,500.0,-0.06503179669380188,0.05153342967387289,0.9908584952354431,0.1384765625,0.2,-0.01254533824394457,1910,0.2373470813035965,0.0001,-14.341081881523133,0.01521918
34,23058,384,0.0,786432,13.96317568,500.0,-0.07459421455860138,0.04154082774184644,0.9920275211334229,0.13603515625,0.2,-0.016145501236314884,1915,0.23737908899784088,0.0001,-14.412533855438232,0.016075987
34,23093,385,0.0,788480,13.97351207,500.0,-0.07677702605724335,0.041378619708120824,0.9931360483169556,0.16494140625,0.2,-0.014937450434081257,1920,0.23721271753311157,0.0001,-14.432910919189453,0.019083416
34,23128,386,0.0,790528,13.970504889999999,500.0,-0.08195820450782776,0.03348000678233802,0.9935908317565918,0.12861328125,0.2,-0.01428731067571789,1925,0.2371411919593811,0.0001,-14.44297697544098,0.013840763
34,23162,387,0.0,792576,13.967113040000001,500.0,-0.07837629318237305,0.038507009064778684,0.99201500415802,0.19765625,0.2,-0.019292604675865733,1930,0.2369447946548462,0.0001,-14.254279446601867,0.02244345
34,23198,388,0.0,794624,13.96576583,500.0,-0.08797114342451096,0.024759113672189415,0.9956196546554565,0.16337890625,0.2,-0.016344082372961567,1935,0.2368113249540329,0.0001,-14.347998547554017,0.014824051
34,23230,389,0.0,796672,13.99085481,500.0,-0.079983651638031,0.043687440594658254,0.9918891787528992,0.12607421875,0.2,-0.014445717306807637,1940,0.2368072122335434,0.0001,-14.31917872428894,0.014225194
34,23262,390,0.0,798720,13.991850159999998,500.0,-0.056492555886507034,0.04796406025998294,0.9932416677474976,0.1720703125,0.2,-0.01545651804190129,1945,0.23691006004810333,0.0001,-14.169740271568298,0.018532835
33,23643,391,0.0,800768,14.017221999999999,500.0,-0.0694296658039093,0.031110957218334078,0.9949142932891846,0.11416015625,0.2,-0.01214257616084069,1950,0.23677419126033783,0.0001,-14.364024591445922,0.016348032
33,23677,392,0.0,802816,14.01750898,500.0,-0.0810791626572609,0.031381189334206284,0.9939218163490295,0.1625,0.2,-0.014343416286283172,1955,0.23670466244220734,0.0001,-14.27156572341919,0.018044464
33,23712,393,0.0,804864,14.063560439999998,500.0,-0.07249725610017776,0.018985174410045148,0.9965798258781433,0.1740234375,0.2,-0.01575079121394083,1960,0.23648770153522491,0.0001,-14.161401176452637,0.0185241
33,23746,394,0.0,806912,14.068430319999996,500.0,-0.08682312071323395,0.022401150059886278,0.9962629079818726,0.15703125,0.2,-0.016232265229336917,1965,0.2363719493150711,0.0001,-14.43445656299591,0.016765948
34,23780,395,0.0,808960,14.112990709999996,500.0,-0.10188620537519455,0.02311914643505588,0.9958130121231079,0.1609375,0.2,-0.01403096686117351,1970,0.23627500236034393,0.0001,-14.3734787940979,0.01613675
34,23813,396,0.0,811008,14.138277480000001,500.0,-0.09835948050022125,0.023206510115414858,0.9962294101715088,0.1794921875,0.2,-0.012992714549181984,1975,0.23624907433986664,0.0001,-14.416212844848634,0.021138364
34,23846,397,0.0,813056,14.136212700000002,500.0,-0.09457816183567047,0.021306780516169965,0.9964265823364258,0.1541015625,0.2,-0.018971798196434974,1980,0.2361505776643753,0.0001,-14.428902792930604,0.019778673
34,23881,398,0.0,815104,14.00831398,499.36,-0.07937584072351456,0.022412121342495085,0.9962226152420044,0.121875,0.2,-0.009466816007625311,1985,0.23621118068695068,0.0001,-14.521828198432923,0.017605972
34,23912,399,0.0,817152,14.011497379999998,499.36,0.10839077830314636,0.7421126618981362,0.8301785588264465,0.10888671875,0.2,-0.016985201044008136,1990,0.2362092286348343,0.0001,-14.634993815422058,0.01397406
34,23944,400,0.0,819200,13.981519789999995,499.36,-0.10653123259544373,0.061530388053506614,0.9818845987319946,0.18330078125,0.2,-0.024919128720648588,1995,0.23609597980976105,0.0001,-14.471644377708435,0.022908594
34,23977,401,0.0,821248,13.98578569,499.36,-0.07723262906074524,0.1140378313139081,0.96746826171875,0.2072265625,0.2,-0.021985283750109375,2000,0.23598916828632355,0.0001,-14.801262044906617,0.023784716
34,24011,402,0.0,823296,13.986218630000002,499.36,-0.07507425546646118,0.03288276770617813,0.9924724102020264,0.16572265625,0.2,-0.017591487686149775,2005,0.23587079346179962,0.0001,-14.277303552627563,0.016969781
33,24389,403,0.0,825344,13.986129929999999,499.36,-0.09598540514707565,0.031250255764462054,0.9917898178100586,0.16669921875,0.2,-0.02160444939509034,2010,0.2358865588903427,0.0001,-14.355353522300721,0.02057301
33,24422,404,0.0,827392,14.010336689999999,499.36,-0.09389733523130417,0.030811606743372976,0.9939452409744263,0.1953125,0.2,-0.023202182963723318,2015,0.23583191633224487,0.0001,-14.285410499572754,0.022861814
33,24456,405,0.0,829440,13.958309360000001,499.36,-0.021321311593055725,0.24106612168252467,0.9381772875785828,0.1857421875,0.2,-0.01842767185298726,2020,0.23581242561340332,0.0001,-14.747806477546693,0.019857109
33,24490,406,0.0,831488,13.912396719999998,499.36,-0.04396069049835205,0.28995269574224947,0.9407798051834106,0.15830078125,0.2,-0.01956146653101314,2025,0.23576851189136505,0.0001,-15.024238991737366,0.016182462
33,24523,407,0.0,833536,13.92013631,499.36,-0.06936592608690262,0.04638891168870032,0.9860078692436218,0.22529296875,0.2,-0.022312836663331836,2030,0.2356158047914505,0.0001,-14.634297347068786,0.030020485
34,24555,408,0.0,835584,13.914385320000001,499.36,-0.10109627991914749,0.0405188046162948,0.9907318353652954,0.161328125,0.2,-0.022657167387660593,2035,0.23555146157741547,0.0001,-14.422423386573792,0.018819302
34,24588,409,0.0,837632,13.90825826,499.36,-0.06979703903198242,0.03145666187629104,0.9930478930473328,0.15517578125,0.2,-0.015729577373713256,2040,0.23546479642391205,0.0001,-14.376757311820985,0.01801349
34,24621,410,0.0,839680,13.918581569999999,499.36,-0.08854295313358307,0.03787116096355021,0.992559015750885,0.16591796875,0.2,-0.02188818621216342,2045,0.23534071445465088,0.0001,-14.424758791923523,0.017333727
34,24656,411,0.0,841728,13.907343739999998,499.36,-0.07802664488554001,0.04466858657542616,0.9912322163581848,0.163671875,0.2,-0.010456902091391385,2050,0.2351980060338974,0.0001,-14.506625819206239,0.02093134
34,24689,412,0.0,843776,13.91521836,499.36,-0.0728873461484909,0.03300423356704414,0.9937867522239685,0.18447265625,0.2,-0.01743522678152658,2055,0.23519933223724365,0.0001,-14.396641039848328,0.01859898
34,24723,413,0.0,845824,13.92508429,499.36,-0.08796004205942154,0.023127626907080413,0.9956982135772705,0.1583984375,0.2,-0.014702144172042608,2060,0.2351774424314499,0.0001,-14.288628363609314,0.020171765
34,24758,414,0.0,847872,13.776136000000003,498.28,-0.07364007830619812,0.030933687556535007,0.9946965575218201,0.14580078125,0.2,-0.015622515475843101,2065,0.2351505607366562,0.0001,-14.165487575531007,0.02012729
34,24792,415,0.0,849920,13.769926520000002,498.28,0.08364572376012802,0.48180999122560025,0.8744028806686401,0.09013671875,0.2,-0.01241223212564364,2070,0.23521806299686432,0.0001,-14.60788016319275,0.015345178
33,25203,416,0.0,851968,13.747915579999999,498.28,-0.09255583584308624,0.048221252113580707,0.9890862703323364,0.1701171875,0.2,-0.020246514747850598,2075,0.2353542596101761,0.0001,-14.328386878967285,0.018394189
33,25236,417,0.0,854016,13.759476130000001,498.28,0.030126817524433136,0.31880725752562283,0.9405657052993774,0.16611328125,0.2,-0.018716733437031507,2080,0.2354152947664261,0.0001,-14.183968925476075,0.01909824
33,25271,418,0.0,856064,13.758827089999997,498.28,-0.0715259313583374,0.07017563479021191,0.9876019358634949,0.1404296875,0.2,-0.01766914144391194,2085,0.23543262481689453,0.0001,-14.533609199523926,0.014094074
33,25304,419,0.0,858112,13.75370586,498.28,-0.07010029256343842,0.04990626578219235,0.990394651889801,0.19755859375,0.2,-0.01908025093143806,2090,0.2352934032678604,0.0001,-14.449096775054931,0.017844766
33,25339,420,0.0,860160,13.75342475,498.28,-0.09605013579130173,0.03415138740092516,0.9933570623397827,0.138671875,0.2,-0.014234139258041978,2095,0.23530076444149017,0.0001,-14.255672764778136,0.01669662
33,25374,421,0.0,862208,13.74462193,498.28,-0.078127920627594,0.022086511412635446,0.9960768222808838,0.1779296875,0.2,-0.01779426655266434,2100,0.23525936901569366,0.0001,-14.262875413894653,0.01538072
34,25408,422,0.0,864256,13.74207805,498.28,-0.07955115288496017,0.02638784733135253,0.9951850175857544,0.14208984375,0.2,-0.0138255137600936,2105,0.23513023555278778,0.0001,-14.201236295700074,0.013495179
34,25441,423,0.0,866304,13.89873985,498.92,-0.07914021611213684,0.021178367407992484,0.9959613680839539,0.13916015625,0.2,-0.01167894215323031,2110,0.2351096272468567,0.0001,-14.118879556655884,0.012792325
34,25476,424,0.0,868352,13.8867076,498.92,-0.09062866866588593,0.06828493149951101,0.9852424263954163,0.1486328125,0.2,-0.01738462994253496,2115,0.23510761559009552,0.0001,-14.509531354904174,0.016707007
34,25512,425,0.0,870400,13.917174359999999,498.92,-0.0634990930557251,0.11847159238532186,0.978719174861908,0.14931640625,0.2,-0.02201130099128932,2120,0.2351285219192505,0.0001,-14.727985739707947,0.017752184
34,25548,426,0.0,872448,13.912400120000004,498.92,-0.08338036388158798,0.027076588827185333,0.9932594299316406,0.16318359375,0.2,-0.01791373761370778,2125,0.2350308746099472,0.0001,-14.32933075428009,0.016382799
34,25583,427,0.0,874496,13.923084900000001,498.92,-0.06300055980682373,0.02385748571250588,0.9940073490142822,0.1587890625,0.2,-0.01658059572800994,2130,0.23499678075313568,0.0001,-14.165608143806457,0.020693198
33,25977,428,0.0,876544,13.93009169,498.92,-0.06714140623807907,0.030794301303103566,0.9950041770935059,0.1505859375,0.2,-0.018308125459589063,2135,0.2348012775182724,0.0001,-14.575762248039245,0.014108549
33,26012,429,0.0,878592,13.995576749999998,498.92,-0.08063903450965881,0.04964785100892186,0.9904256463050842,0.12080078125,0.2,-0.01651174807921052,2140,0.23486171662807465,0.0001,-14.275988054275512,0.015010519
33,26048,430,0.0,880640,14.033413970000002,498.92,-0.07951076328754425,0.028425112669356167,0.9936536550521851,0.17724609375,0.2,-0.01630533890565857,2145,0.23485703766345978,0.0001,-14.245384073257446,0.020738587
33,26083,431,0.0,882688,14.03260974,498.92,-0.08453303575515747,0.022419457184150816,0.9960381984710693,0.14169921875,0.2,-0.014635629492113366,2150,0.23484265804290771,0.0001,-14.458950352668761,0.019619467
33,26118,432,0.0,884736,14.040821130000001,498.92,-0.07729420065879822,0.03305806089192629,0.9937666058540344,0.18271484375,0.2,-0.014567196741700173,2155,0.23487289249897003,0.0001,-14.352988600730896,0.022259917
33,26153,433,0.0,886784,14.036940589999999,498.92,-0.0858534500002861,0.020083585835527627,0.9958395957946777,0.16767578125,0.2,-0.014740273338975384,2160,0.2346910685300827,0.0001,-14.394226598739625,0.020915316
33,26186,434,0.0,888832,14.02250209,498.92,-0.0814266949892044,0.03473764508962631,0.9930993318557739,0.12099609375,0.2,-0.014275117113720625,2165,0.23472781479358673,0.0001,-14.324079632759094,0.016144145
33,26219,435,0.0,890880,14.010073470000002,498.92,-0.08236562460660934,0.01956533156335354,0.9964280724525452,0.15673828125,0.2,-0.014985541091300547,2170,0.23486192524433136,0.0001,-14.490065050125121,0.017188434
34,26256,436,0.0,892928,14.024892450000003,498.92,-0.09998816251754761,0.0336861414834857,0.9920130372047424,0.1654296875,0.2,-0.0174012889561709,2175,0.2349136918783188,0.0001,-14.663102889060974,0.021151487
34,26290,437,0.0,894976,14.01705294,498.92,-0.0785389319062233,0.016775076650083064,0.9963607788085938,0.13408203125,0.2,-0.01417669685324654,2180,0.23488222062587738,0.0001,-14.61623215675354,0.014874219
34,26326,438,0.0,897024,13.99939678,499.0,-0.09116528183221817,0.021547532780095933,0.9955352544784546,0.2025390625,0.2,-0.02029062870424241,2185,0.23487980663776398,0.0001,-14.654665303230285,0.027422631
34,26361,439,0.0,899072,14.01031677,499.0,0.06565655767917633,0.6420071355998516,0.8383631110191345,0.0724609375,0.2,-0.017196746123954654,2190,0.23491577804088593,0.0001,-14.743547415733337,0.013184601
33,26767,440,0.0,901120,14.02868871,499.0,-0.10015636682510376,0.05176192251965404,0.9864983558654785,0.2404296875,0.2,-0.02548164364416152,2195,0.23474633693695068,0.0001,-14.94918713569641,0.024048306
33,26801,441,0.0,903168,14.01630297,499.0,-0.08825729787349701,0.026039872504770755,0.9950754046440125,0.11220703125,0.2,-0.017368799704127014,2200,0.23467803001403809,0.0001,-14.714106154441833,0.012814933
33,26836,442,0.0,905216,14.01243667,499.0,-0.0843483954668045,0.025104113505221903,0.9947455525398254,0.130078125,0.2,-0.013032046239823103,2205,0.23455338180065155,0.0001,-14.382517552375793,0.011968949
33,26868,443,0.0,907264,14.011297030000001,499.0,-0.08371856808662415,0.02506784936413169,0.995579183101654,0.12392578125,0.2,-0.014740404341137037,2210,0.23445145785808563,0.0001,-14.406862926483154,0.015948756
33,26903,444,0.0,909312,14.021113230000001,499.0,-0.08376726508140564,0.05608005118556321,0.9892916679382324,0.14443359375,0.2,-0.01898299832828343,2215,0.23441870510578156,0.0001,-14.692987632751464,0.02195863
33,26938,445,0.0,911360,14.026836130000001,499.0,-0.08670222759246826,0.041200002934783694,0.9903644323348999,0.17080078125,0.2,-0.017475105356425047,2220,0.2344156950712204,0.0001,-14.324151825904845,0.022068001
33,26973,446,0.0,913408,14.02275486,499.0,-0.10139847546815872,0.025331193278543652,0.9950839877128601,0.19951171875,0.2,-0.0219353272812441,2225,0.2342899590730667,0.0001,-14.365869760513306,0.021526165
33,27006,447,0.0,915456,13.919348970000001,497.83,-0.09435957670211792,0.019923170923721045,0.9961531758308411,0.18125,0.2,-0.018683178746141494,2230,0.2343142032623291,0.0001,-14.40375063419342,0.021280022
33,27039,448,0.0,917504,13.92362843,497.83,-0.05164746940135956,0.18607844840735197,0.944970428943634,0.12099609375,0.2,-0.025134316238109022,2235,0.23440825939178467,0.0001,-14.650152683258057,0.026363198
33,27073,449,0.0,919552,13.927996200000003,497.83,-0.11386984586715698,0.027336610923521222,0.9931397438049316,0.1671875,0.2,-0.02192048088181764,2240,0.23443566262722015,0.0001,-14.48700292110443,0.01827618
33,27108,450,0.0,921600,13.920703589999999,497.83,-0.04530009254813194,0.11887064697220921,0.9684330821037292,0.162109375,0.2,-0.01660479764104821,2245,0.23440279066562653,0.0001,-14.713595700263976,0.020602457
34,27141,451,0.0,923648,13.779435920000001,494.1,-0.09853041172027588,0.030764802126213908,0.9911200404167175,0.16875,0.2,-0.020628062618197874,2250,0.23433555662631989,0.0001,-14.3476331949234,0.02113005
33,27538,452,0.0,925696,13.61076885,493.25,-0.015202820301055908,0.5987924225628376,0.7515566349029541,0.0630859375,0.2,-0.01898356731981039,2255,0.23433774709701538,0.0001,-14.63022758960724,0.010959607
33,27572,453,0.0,927744,13.587568139999998,493.25,-0.010701388120651245,0.2810545425862074,0.9426385164260864,0.10517578125,0.2,-0.014812390552833676,2260,0.2342347949743271,0.0001,-14.875499415397645,0.012435389
33,27607,454,0.0,929792,13.405895060000002,492.91,-0.0679638683795929,0.06491542183794081,0.9822845458984375,0.168359375,0.2,-0.020046048398944548,2265,0.23413346707820892,0.0001,-14.750633907318115,0.0192878
33,27640,455,0.0,931840,13.404794550000002,492.91,0.02302950620651245,0.4939146742224693,0.9166353344917297,0.13701171875,0.2,-0.018443139805458485,2270,0.2340603470802307,0.0001,-14.607248377799987,0.015007349
33,27674,456,0.0,933888,13.405550059999998,492.91,-0.08481776714324951,0.07447241516783834,0.9833225011825562,0.16884765625,0.2,-0.020703490951564162,2275,0.23401939868927002,0.0001,-14.400488257408142,0.019733647
33,27707,457,0.0,935936,13.40372169,492.91,-0.07024601846933365,0.077523844409734,0.9761063456535339,0.14580078125,0.2,-0.02044475657166913,2280,0.23387670516967773,0.0001,-14.62939112186432,0.019859707
33,27740,458,0.0,937984,13.410235660000001,492.91,-0.05077597498893738,0.08498271526768804,0.9832919239997864,0.14990234375,0.2,-0.016996606695465745,2285,0.23375971615314484,0.0001,-14.552917742729187,0.018984113
33,27775,459,0.0,940032,13.245454379999998,490.51,0.006644323468208313,0.4237695012241602,0.9069480895996094,0.13251953125,0.2,-0.022404649469535798,2290,0.23381155729293823,0.0001,-14.626186609268188,0.018636458
33,27810,460,0.0,942080,13.22780995,490.51,-0.08188586682081223,0.15162862688302994,0.9479857683181763,0.16220703125,0.2,-0.02207679480779916,2295,0.23374207317829132,0.0001,-14.4081561088562,0.03006762
33,27843,461,0.0,944128,13.22946783,490.51,-0.07556460052728653,0.04608386727049947,0.9857674837112427,0.18095703125,0.2,-0.02261797566898167,2300,0.233795166015625,0.0001,-14.355886363983155,0.019498914
33,27877,462,0.0,946176,13.387085480000001,491.51,-0.02670179307460785,0.19466037377715112,0.9444441795349121,0.100390625,0.2,-0.01795569098321721,2305,0.23371870815753937,0.0001,-14.708099174499512,0.012283346
33,27909,463,0.0,948224,13.386074619999999,491.51,-0.10769430547952652,0.03808551947586238,0.9892009496688843,0.176953125,0.2,-0.021744071831926705,2310,0.23376065492630005,0.0001,-14.822563242912292,0.015463624
33,28302,464,0.0,950272,13.39023291,491.51,-0.07674367725849152,0.04733811281621456,0.9899950623512268,0.1720703125,0.2,-0.020219230855582283,2315,0.23366987705230713,0.0001,-14.535168409347534,0.018415347
33,28337,465,0.0,952320,13.36398616,491.51,-0.07744345813989639,0.03245823767501861,0.9933172464370728,0.1259765625,0.2,-0.016598977625835686,2320,0.2335817813873291,0.0001,-14.736493110656738,0.015666189
33,28372,466,0.0,954368,13.35791007,491.51,0.07322368770837784,0.34807031936943533,0.9451369643211365,0.093359375,0.2,-0.017012255016015842,2325,0.23341281712055206,0.0001,-14.756666445732117,0.012411861
33,28405,467,0.0,956416,13.359653540000002,491.51,-0.08764024078845978,0.03501674733124673,0.9922335743904114,0.13876953125,0.2,-0.019400879007298498,2330,0.2333209365606308,0.0001,-14.417152762413025,0.015558871
33,28439,468,0.0,958464,13.350282400000001,491.51,-0.09138062596321106,0.02537694713100791,0.9940731525421143,0.17587890625,0.2,-0.0174662783741951,2335,0.23340201377868652,0.0001,-14.330487966537476,0.023141097
33,28473,469,0.0,960512,13.346398019999999,491.51,-0.08622857928276062,0.032434807950630785,0.9930781126022339,0.16064453125,0.2,-0.015943843091372402,2340,0.233411967754364,0.0001,-14.503803277015686,0.016091708
33,28507,470,0.0,962560,13.356452600000003,491.51,-0.10401953011751175,0.02130178748629987,0.9953200221061707,0.15537109375,0.2,-0.01662312322296202,2345,0.23334361612796783,0.0001,-14.506632709503174,0.016529232
33,28540,471,0.0,964608,13.446905349999998,492.68,-0.06785352528095245,0.04841088973917067,0.9898538589477539,0.15546875,0.2,-0.015809035359416156,2350,0.2333391159772873,0.0001,-14.642444181442261,0.019000256
33,28573,472,0.0,966656,13.45867421,492.68,-0.08088599145412445,0.051298912987113,0.9895818829536438,0.178515625,0.2,-0.017302710795775056,2355,0.23334623873233795,0.0001,-14.27454388141632,0.02194034
33,28607,473,0.0,968704,13.45721678,492.68,-0.08090680092573166,0.05160424350760877,0.9889823794364929,0.15390625,0.2,-0.020122090307995676,2360,0.23319397866725922,0.0001,-14.72721438407898,0.017190166
33,28640,474,0.0,970752,13.27470404,491.07,-0.10191591084003448,0.03713139784522355,0.9917961359024048,0.190234375,0.2,-0.020814217254519464,2365,0.23321516811847687,0.0001,-14.869897508621216,0.017350852
33,28674,475,0.0,972800,13.39770127,494.8,0.045221492648124695,0.5936490347608924,0.8566702604293823,0.0955078125,0.2,-0.016029627219540998,2370,0.23323564231395721,0.0001,-14.791732788085938,0.012962308
33,28707,476,0.0,974848,13.557835729999999,495.65,-0.08353341370820999,0.04408579412847757,0.9899503588676453,0.17939453125,0.2,-0.023328016971936448,2375,0.2330436110496521,0.0001,-14.693426036834717,0.01817582
33,29094,477,0.0,976896,13.57700774,495.65,-0.07140733301639557,0.08145995726808905,0.9800131916999817,0.1357421875,0.2,-0.013489443180151283,2380,0.2329823225736618,0.0001,-14.603970432281494,0.020006143
33,29127,478,0.0,978944,13.550486990000001,495.65,-0.07702118158340454,0.04459330481477082,0.9915570020675659,0.20732421875,0.2,-0.020904401631560175,2385,0.2329908162355423,0.0001,-14.830460214614869,0.021998825
33,29161,479,0.0,980992,13.715818239999999,495.99,-0.053523652255535126,0.16432169508188962,0.9387032985687256,0.17353515625,0.2,-0.022777808416867627,2390,0.23293721675872803,0.0001,-15.005170464515686,0.021495
33,29197,480,0.0,983040,13.702474610000001,495.99,-0.06960324943065643,0.1285156436264515,0.9653717875480652,0.22021484375,0.2,-0.020937394956126808,2395,0.23286040127277374,0.0001,-14.745917820930481,0.023541741
33,29230,481,0.0,985088,13.70678138,495.99,-0.07327398657798767,0.04781423779204488,0.9903900623321533,0.1681640625,0.2,-0.018235924630425872,2400,0.23295623064041138,0.0001,-14.342968845367432,0.019745972
33,29263,482,0.0,987136,13.70342669,495.99,-0.08723849058151245,0.03290450992062688,0.9928292036056519,0.16728515625,0.2,-0.016169401246588676,2405,0.23294782638549805,0.0001,-14.43324863910675,0.019902019
33,29296,483,0.0,989184,13.87465189,498.39,-0.0743875801563263,0.03421425153501332,0.9923369288444519,0.1833984375,0.2,-0.018199579417705537,2410,0.23282122611999512,0.0001,-14.443174481391907,0.020653881
33,29329,484,0.0,991232,13.875327470000002,498.39,-0.08863922953605652,0.021578769851475953,0.9957871437072754,0.16025390625,0.2,-0.016546366101829336,2415,0.2327544242143631,0.0001,-14.286708641052247,0.017772092
33,29362,485,0.0,993280,13.717057079999996,497.67,-0.06587369740009308,0.07752571618184448,0.9839038252830505,0.15517578125,0.2,-0.016514649149030447,2420,0.23289239406585693,0.0001,-14.721156573295593,0.01699468
33,29396,486,0.0,995328,13.712453720000003,497.67,-0.072789266705513,0.16015957724303007,0.949949324131012,0.113671875,0.2,-0.019645093550207094,2425,0.23305273056030273,0.0001,-14.539138555526733,0.015678626
33,29430,487,0.0,997376,13.705896029999998,497.67,-0.08718222379684448,0.03639873748179525,0.9927183985710144,0.16708984375,0.2,-0.020423577213659883,2430,0.23305194079875946,0.0001,-14.565695691108704,0.01892995
33,29463,488,0.0,999424,13.71504677,497.67,-0.07494855672121048,0.08602708401158451,0.9820135831832886,0.1681640625,0.2,-0.0210003041458549,2435,0.2330884486436844,0.0001,-14.609028649330138,0.019612595
