#{"t_start": 1791394957.507587, "env_id": "None"}
r,l,t,is_success,curriculum_stage,reach_success,grasp_success,lift_success,transport_success,above_cup_success,released_over_cup,correct_release,placement_success
-4.700978,500,8.323978,False,1,False,False,False,False,False,False,False,False
3.337003,500,15.011312,False,1,False,False,False,False,False,False,False,False
0.396827,500,22.01333,False,1,False,False,False,False,False,False,False,False
-3.288862,500,28.818524,False,1,False,False,False,False,False,False,False,False
0.593328,500,36.619659,False,1,False,False,False,False,False,False,False,False
0.506114,500,43.613213,False,1,False,False,False,False,False,False,False,False
3.675733,500,50.416342,False,1,False,False,False,False,False,False,False,False
1.925792,500,57.312077,False,1,False,False,False,False,False,False,False,False
-12.820112,500,67.321333,False,1,False,False,False,False,False,False,False,False
3.432005,500,73.622825,False,1,False,False,False,False,False,False,False,False
-1.095131,500,80.518928,False,1,False,False,False,False,False,False,False,False
-1.937514,500,87.818554,False,1,False,False,False,False,False,False,False,False
-13.28145,500,95.912572,False,1,False,False,False,False,False,False,False,False
-1.487358,500,102.80718,False,1,False,False,False,False,False,False,False,False
-2.68351,500,110.023577,False,1,False,False,False,False,False,False,False,False
-16.167777,500,116.908959,False,1,False,False,False,False,False,False,False,False
-11.418257,500,125.62334,False,1,False,False,False,False,False,False,False,False
-2.253827,500,132.322538,False,1,False,False,False,False,False,False,False,False
-3.295614,500,139.209865,False,1,False,False,False,False,False,False,False,False
-3.28969,500,145.712678,False,1,False,False,False,False,False,False,False,False
0.923224,500,154.80971,False,1,False,False,False,False,False,False,False,False
0.536247,500,161.416493,False,1,False,False,False,False,False,False,False,False
-5.539629,500,167.82514,False,1,False,False,False,False,False,False,False,False
6.507612,500,175.013033,False,1,False,False,False,False,False,False,False,False
7.378199,500,183.521828,False,1,False,False,False,False,False,False,False,False
-1.248317,500,190.514326,False,1,False,False,False,False,False,False,False,False
-6.651928,500,197.908895,False,1,False,False,False,False,False,False,False,False
-4.635225,500,204.910784,False,1,False,False,False,False,False,False,False,False
-0.652192,500,213.309423,False,1,False,False,False,False,False,False,False,False
-0.174833,500,220.013465,False,1,False,False,False,False,False,False,False,False
2.204971,500,226.413182,False,1,False,False,False,False,False,False,False,False
-2.462369,500,233.120512,False,1,False,False,False,False,False,False,False,False
3.103842,500,241.910873,False,1,False,False,False,False,False,False,False,False
-2.178284,500,248.722883,False,1,False,False,False,False,False,False,False,False
0.264591,500,255.608203,False,1,False,False,False,False,False,False,False,False
-3.901596,500,262.521775,False,1,False,False,False,False,False,False,False,False
-9.481759,500,270.917971,False,1,False,False,False,False,False,False,False,False
-1.150972,500,277.916135,False,1,False,False,False,False,False,False,False,False
3.555603,500,285.511704,False,1,False,False,False,False,False,False,False,False
3.561354,500,292.013825,False,1,False,False,False,False,False,False,False,False
6.266164,500,302.411696,False,1,False,False,False,False,False,False,False,False
-2.920925,500,308.620151,False,1,False,False,False,False,False,False,False,False
5.625158,500,314.917722,False,1,False,False,False,False,False,False,False,False
2.070407,500,321.209751,False,1,False,False,False,False,False,False,False,False
-12.773958,500,328.024576,False,1,False,False,False,False,False,False,False,False
-4.997827,500,336.112925,False,1,False,False,False,False,False,False,False,False
2.299741,500,342.212288,False,1,False,False,False,False,False,False,False,False
-5.691805,500,348.716837,False,1,False,False,False,False,False,False,False,False
-1.537641,500,355.016669,False,1,False,False,False,False,False,False,False,False
3.354243,500,363.51959,False,1,False,False,False,False,False,False,False,False
-4.737333,500,370.308134,False,1,False,False,False,False,False,False,False,False
5.791818,500,376.32076,False,1,False,False,False,False,False,False,False,False
-3.207483,500,382.809956,False,1,False,False,False,False,False,False,False,False
0.769026,500,392.21896,False,1,False,False,False,False,False,False,False,False
2.932091,500,399.718226,False,1,False,False,False,False,False,False,False,False
2.76605,500,407.513836,False,1,False,False,False,False,False,False,False,False
-4.493738,500,414.626583,False,1,False,False,False,False,False,False,False,False
4.644992,500,423.219977,False,1,False,False,False,False,False,False,False,False
5.164563,500,429.817735,False,1,False,False,False,False,False,False,False,False
0.664981,500,436.42065,False,1,False,False,False,False,False,False,False,False
5.592468,500,443.019287,False,1,False,False,False,False,False,False,False,False
-1.760709,500,451.623891,False,1,False,False,False,False,False,False,False,False
-1.225474,500,459.414861,False,1,False,False,False,False,False,False,False,False
-6.232021,500,465.915534,False,1,False,False,False,False,False,False,False,False
4.706157,500,472.916788,False,1,False,False,False,False,False,False,False,False
6.695236,500,482.023905,False,1,False,False,False,False,False,False,False,False
-8.439475,500,488.613578,False,1,False,False,False,False,False,False,False,False
6.937257,500,495.210943,False,1,False,False,False,False,False,False,False,False
5.864086,500,501.425465,False,1,False,False,False,False,False,False,False,False
7.593927,500,510.410268,False,1,False,False,False,False,False,False,False,False
2.016215,500,517.80889,False,1,False,False,False,False,False,False,False,False
-0.310255,500,525.015632,False,1,False,False,False,False,False,False,False,False
5.973862,500,531.624135,False,1,False,False,False,False,False,False,False,False
8.998207,500,540.42382,False,1,False,False,False,False,False,False,False,False
3.476191,500,547.109613,False,1,False,False,False,False,False,False,False,False
6.127759,500,553.616156,False,1,False,False,False,False,False,False,False,False
1.219997,500,560.31233,False,1,False,False,False,False,False,False,False,False
6.461383,500,568.224083,False,1,True,False,False,False,False,False,False,False
0.518682,500,574.210432,False,1,False,False,False,False,False,False,False,False
4.167417,500,580.815747,False,1,False,False,False,False,False,False,False,False
1.171387,500,587.217892,False,1,False,False,False,False,False,False,False,False
6.411981,500,596.807261,False,1,False,False,False,False,False,False,False,False
-5.614812,500,603.713443,False,1,False,False,False,False,False,False,False,False
5.370695,500,609.626665,False,1,False,False,False,False,False,False,False,False
-0.984831,500,616.414198,False,1,False,False,False,False,False,False,False,False
-6.628311,106,617.713562,False,1,False,False,False,False,False,False,False,False
5.066843,500,625.415915,False,1,False,False,False,False,False,False,False,False
-3.21708,500,631.524011,False,1,False,False,False,False,False,False,False,False
-1.225902,500,637.915953,False,1,False,False,False,False,False,False,False,False
3.456588,500,644.824695,False,1,False,False,False,False,False,False,False,False
0.504133,500,653.308675,False,1,False,False,False,False,False,False,False,False
-4.715811,227,656.709172,False,1,False,False,False,False,False,False,False,False
3.779893,500,663.915823,False,1,False,False,False,False,False,False,False,False
-4.107151,500,670.811189,False,1,False,False,False,False,False,False,False,False
-1.112461,500,677.523967,False,1,False,False,False,False,False,False,False,False
4.4142,500,685.114146,False,1,False,False,False,False,False,False,False,False
-4.133709,500,691.421916,False,1,False,False,False,False,False,False,False,False
5.559369,500,697.725099,False,1,False,True,False,False,False,False,False,False
5.96217,500,704.306996,False,1,False,True,True,False,False,False,False,False
4.674493,500,712.308859,False,1,False,False,False,False,False,False,False,False
4.117451,500,719.109994,False,1,False,False,False,False,False,False,False,False
6.508723,500,726.611945,False,1,False,False,False,False,False,False,False,False
7.545124,500,733.21543,False,1,False,False,False,False,False,False,False,False
8.052691,500,741.609284,False,1,False,False,False,False,False,False,False,False
-0.797123,238,745.020788,False,1,False,False,False,False,False,False,False,False
6.089704,500,751.615295,False,1,False,False,False,False,False,False,False,False
-2.837085,124,753.210755,False,1,False,False,False,False,False,False,False,False
-9.168561,500,759.922039,False,1,False,False,False,False,False,False,False,False
5.05761,500,766.310673,False,1,False,False,False,False,False,False,False,False
3.734225,500,775.613056,False,1,False,False,False,False,False,False,False,False
1.428918,500,782.425786,False,1,False,False,False,False,False,False,False,False
-9.158212,500,788.426162,False,1,False,False,False,False,False,False,False,False
6.147809,500,794.824816,False,1,False,False,False,False,False,False,False,False
-11.716434,500,803.209296,False,1,False,False,False,False,False,False,False,False
5.240178,500,809.51351,False,1,False,False,False,False,False,False,False,False
1.618229,500,816.709455,False,1,False,False,False,False,False,False,False,False
2.36972,500,823.920999,False,1,False,False,False,False,False,False,False,False
4.608929,500,832.215527,False,1,False,False,False,False,False,False,False,False
2.150552,500,839.31995,False,1,False,False,False,False,False,False,False,False
0.418756,500,845.913453,False,1,False,False,False,False,False,False,False,False
4.728922,500,852.609091,False,1,False,False,False,False,False,False,False,False
6.255548,500,861.718063,False,1,False,False,False,False,False,False,False,False
3.260698,500,869.119789,False,1,False,False,False,False,False,False,False,False
4.618266,500,876.020115,False,1,False,False,False,False,False,False,False,False
-9.842847,327,880.414362,False,1,False,False,False,False,False,False,False,False
4.4024,500,888.514721,False,1,False,False,False,False,False,False,False,False
3.143812,500,895.622897,False,1,False,False,False,False,False,False,False,False
7.361115,500,902.013666,False,1,False,False,False,False,False,False,False,False
4.33342,500,908.425102,False,1,False,False,False,False,False,False,False,False
-10.469764,394,914.510656,False,1,False,False,False,False,False,False,False,False
4.865203,500,922.614451,False,1,False,False,False,False,False,False,False,False
7.648771,500,928.817606,False,1,False,False,False,False,False,False,False,False
3.955261,500,935.412227,False,1,False,False,False,False,False,False,False,False
-1.228161,500,941.718282,False,1,False,False,False,False,False,False,False,False
5.282949,500,950.609414,False,1,False,False,False,False,False,False,False,False
7.752468,500,957.821667,False,1,False,False,False,False,False,False,False,False
6.200325,500,964.911967,False,1,False,False,False,False,False,False,False,False
-5.069972,500,972.111786,False,1,False,False,False,False,False,False,False,False
5.488081,500,980.42279,False,1,False,False,False,False,False,False,False,False
7.867773,500,987.222201,False,1,False,False,False,False,False,False,False,False
3.335673,500,994.108633,False,1,False,False,False,False,False,False,False,False
3.732794,500,1001.917871,False,1,False,False,False,False,False,False,False,False
4.74472,500,1011.426813,False,1,False,False,False,False,False,False,False,False
5.905396,500,1018.609835,False,1,False,False,False,False,False,False,False,False
4.445278,500,1025.210809,False,1,False,False,False,False,False,False,False,False
7.389115,500,1032.224163,False,1,False,False,False,False,False,False,False,False
3.912569,500,1041.509479,False,1,False,False,False,False,False,False,False,False
2.668637,500,1048.419629,False,1,False,False,False,False,False,False,False,False
5.927533,500,1055.418077,False,1,False,False,False,False,False,False,False,False
-7.154487,500,1062.619068,False,1,False,False,False,False,False,False,False,False
7.59731,500,1071.511109,False,1,False,False,False,False,False,False,False,False
6.128105,500,1078.42028,False,1,False,False,False,False,False,False,False,False
-6.238089,490,1085.512194,False,1,False,False,False,False,False,False,False,False
8.376746,500,1093.51627,False,1,False,False,False,False,False,False,False,False
7.442712,500,1102.410108,False,1,False,False,False,False,False,False,False,False
10.594021,500,1109.423977,False,1,False,False,False,False,False,False,False,False
3.577697,500,1117.31221,False,1,False,False,False,False,False,False,False,False
5.013727,500,1124.412405,False,1,False,False,False,False,False,False,False,False
5.882408,500,1133.422486,False,1,False,False,False,False,False,False,False,False
6.909637,500,1141.512347,False,1,False,False,False,False,False,False,False,False
5.162397,500,1148.416429,False,1,False,False,False,False,False,False,False,False
4.45316,500,1155.419863,False,1,False,False,False,False,False,False,False,False
4.588952,500,1164.126738,False,1,False,False,False,False,False,False,False,False
4.318904,500,1171.920771,False,1,False,False,False,False,False,False,False,False
3.749386,500,1179.322097,False,1,False,False,False,False,False,False,False,False
7.428861,500,1187.016833,False,1,False,False,False,False,False,False,False,False
6.317996,500,1194.61568,False,1,False,False,False,False,False,False,False,False
5.543217,500,1203.619775,False,1,False,False,False,False,False,False,False,False
8.321051,500,1210.207543,False,1,False,False,False,False,False,False,False,False
7.604941,500,1217.416039,False,1,False,False,False,False,False,False,False,False
6.563816,500,1224.923216,False,1,False,False,False,False,False,False,False,False
4.169516,500,1234.222897,False,1,False,False,False,False,False,False,False,False
6.408079,500,1242.222701,False,1,False,False,False,False,False,False,False,False
5.700891,500,1250.817138,False,1,False,False,False,False,False,False,False,False
4.117334,500,1258.416743,False,1,True,False,False,False,False,False,False,False
8.549055,500,1268.221991,False,1,False,False,False,False,False,False,False,False
-4.431969,380,1274.41734,False,1,False,False,False,False,False,False,False,False
6.907756,500,1281.222686,False,1,False,False,False,False,False,False,False,False
2.474189,500,1287.815216,False,1,False,False,False,False,False,False,False,False
15.448508,500,1297.412619,False,1,False,True,True,False,False,False,False,False
4.219805,500,1304.122027,False,1,False,False,False,False,False,False,False,False
6.318531,500,1311.315777,False,1,False,False,False,False,False,False,False,False
-5.208738,358,1316.413772,False,1,False,False,False,False,False,False,False,False
4.685992,500,1326.309379,False,1,False,False,False,False,False,False,False,False
-8.087546,401,1332.217594,False,1,False,False,False,False,False,False,False,False
9.724109,500,1339.810746,False,1,False,False,False,False,False,False,False,False
5.707318,500,1348.314521,False,1,False,False,False,False,False,False,False,False
5.77734,500,1355.408439,False,1,False,False,False,False,False,False,False,False
9.322263,500,1364.215715,False,1,False,False,False,False,False,False,False,False
9.047575,500,1371.212933,False,1,False,False,False,False,False,False,False,False
8.514422,500,1379.809681,False,1,False,False,False,False,False,False,False,False
-2.694453,198,1382.514549,False,1,False,False,False,False,False,False,False,False
5.53113,500,1390.620205,False,1,False,False,False,False,False,False,False,False
7.261993,500,1399.709412,False,1,False,False,False,False,False,False,False,False
2.269204,500,1406.414204,False,1,False,False,False,False,False,False,False,False
9.529379,500,1413.709273,False,1,False,False,False,False,False,False,False,False
8.560515,500,1421.623774,False,1,False,False,False,False,False,False,False,False
4.177525,500,1431.821625,False,1,False,False,False,False,False,False,False,False
4.020292,500,1439.917844,False,1,False,False,False,False,False,False,False,False
6.275496,500,1448.42461,False,1,False,False,False,False,False,False,False,False
3.734003,500,1455.615053,False,1,False,False,False,False,False,False,False,False
10.31334,500,1464.317902,False,1,False,False,False,False,False,False,False,False
6.404236,500,1472.520518,False,1,False,False,False,False,False,False,False,False
7.804011,500,1480.315908,False,1,False,False,False,False,False,False,False,False
4.069918,500,1858.21117,False,1,False,False,False,False,False,False,False,False
7.029938,500,1869.720175,False,1,False,False,False,False,False,False,False,False
6.729476,500,1876.912371,False,1,False,False,False,False,False,False,False,False
8.265393,500,1884.114609,False,1,False,False,False,False,False,False,False,False
5.993789,500,1892.713531,False,1,False,False,False,False,False,False,False,False
0.057859,500,1901.222656,False,1,False,False,False,False,False,False,False,False
9.310143,500,1908.220228,False,1,False,False,False,False,False,False,False,False
6.130405,500,1916.026635,False,1,False,False,False,False,False,False,False,False
9.997138,500,1924.509524,False,1,False,False,False,False,False,False,False,False
5.363188,500,1932.921061,False,1,False,False,False,False,False,False,False,False
5.202964,500,1940.025866,False,1,False,False,False,False,False,False,False,False
6.051615,500,1949.009521,False,1,False,False,False,False,False,False,False,False
6.546561,500,1955.615441,False,1,False,True,False,False,False,False,False,False
10.473346,500,1964.620353,False,1,False,False,False,False,False,False,False,False
8.152224,500,1973.509048,False,1,False,False,False,False,False,False,False,False
7.929523,500,1981.224212,False,1,False,False,False,False,False,False,False,False
-19.277601,500,1988.726341,False,1,False,False,False,False,False,False,False,False
8.141354,500,1999.111884,False,1,False,False,False,False,False,False,False,False
8.209666,500,2006.71113,False,1,False,False,False,False,False,False,False,False
8.734141,500,2014.317582,False,1,False,False,False,False,False,False,False,False
6.591404,500,2022.711394,False,1,False,False,False,False,False,False,False,False
7.577243,500,2031.710303,False,1,False,False,False,False,False,False,False,False
10.2926,500,2040.412148,False,1,False,False,False,False,False,False,False,False
6.05617,500,2047.521022,False,1,False,False,False,False,False,False,False,False
10.013681,500,2054.509138,False,1,False,False,False,False,False,False,False,False
7.919633,500,2064.419747,False,1,False,False,False,False,False,False,False,False
5.571702,500,2072.822001,False,1,False,False,False,False,False,False,False,False
8.474643,500,2080.318169,False,1,False,False,False,False,False,False,False,False
9.9024,500,2088.122947,False,1,False,False,False,False,False,False,False,False
6.946691,500,2096.615602,False,1,False,False,False,False,False,False,False,False
9.344074,500,2103.717897,False,1,False,False,False,False,False,False,False,False
-12.176301,500,2110.919436,False,1,False,False,False,False,False,False,False,False
8.519843,500,2118.620793,False,1,False,False,False,False,False,False,False,False
8.713689,500,2127.215542,False,1,False,False,False,False,False,False,False,False
9.703007,500,2135.422441,False,1,False,False,False,False,False,False,False,False
8.756586,500,2142.60917,False,1,False,False,False,False,False,False,False,False
9.458175,500,2150.016041,False,1,False,False,False,False,False,False,False,False
4.755461,500,2157.51368,False,1,False,False,False,False,False,False,False,False
9.583605,500,2165.811503,False,1,False,False,False,False,False,False,False,False
9.495271,500,2173.819719,False,1,False,False,False,False,False,False,False,False
9.016127,500,2182.622491,False,1,False,False,False,False,False,False,False,False
-14.245074,500,2189.517621,False,1,False,False,False,False,False,False,False,False
7.44983,500,2198.512509,False,1,False,False,False,False,False,False,False,False
4.476606,500,2205.924715,False,1,False,False,False,False,False,False,False,False
9.657772,500,2213.515156,False,1,False,False,False,False,False,False,False,False
-26.499646,500,2221.715647,False,1,False,True,True,False,False,False,False,False
5.980091,500,2230.212123,False,1,False,False,False,False,False,False,False,False
8.029135,500,2236.610803,False,1,False,False,False,False,False,False,False,False
9.663537,500,2244.817852,False,1,False,False,False,False,False,False,False,False
8.56153,500,2251.914992,False,1,False,False,False,False,False,False,False,False
7.027344,500,2613.308716,False,1,False,False,False,False,False,False,False,False
2.805493,500,2621.019321,False,1,False,False,False,False,False,False,False,False
8.874532,500,2628.922977,False,1,False,False,False,False,False,False,False,False
9.748281,500,2635.815252,False,1,False,False,False,False,False,False,False,False
9.933713,500,2644.708873,False,1,False,False,False,False,False,False,False,False
5.144479,500,2652.415393,False,1,False,False,False,False,False,False,False,False
10.408266,500,2660.422301,False,1,False,False,False,False,False,False,False,False
6.169107,500,2668.216194,False,1,False,False,False,False,False,False,False,False
6.985006,500,2677.323867,False,1,False,False,False,False,False,False,False,False
9.468709,500,2685.411811,False,1,False,False,False,False,False,False,False,False
7.268855,500,2693.226039,False,1,False,False,False,False,False,False,False,False
0.511741,500,2700.218167,False,1,False,True,True,False,False,False,False,False
7.698893,500,2712.020348,False,1,False,False,False,False,False,False,False,False
8.823686,500,2721.215237,False,1,False,False,False,False,False,False,False,False
7.720791,500,2729.220649,False,1,False,False,False,False,False,False,False,False
7.655843,500,2736.308173,False,1,False,False,False,False,False,False,False,False
-4.108904,333,2742.820295,False,1,False,False,False,False,False,False,False,False
7.1928,500,2751.915236,False,1,False,False,False,False,False,False,False,False
9.869241,500,2759.816936,False,1,False,False,False,False,False,False,False,False
8.342579,500,2767.712033,False,1,False,False,False,False,False,False,False,False
3.747998,500,2776.016734,False,1,False,False,False,False,False,False,False,False
7.001266,500,2785.615132,False,1,False,False,False,False,False,False,False,False
8.847993,500,2793.217496,False,1,False,False,False,False,False,False,False,False
8.274332,500,2802.212976,False,1,False,False,False,False,False,False,False,False
10.693395,500,2810.210443,False,1,False,False,False,False,False,False,False,False
8.37846,500,2819.32481,False,1,False,False,False,False,False,False,False,False
8.550924,500,2826.90987,False,1,False,False,False,False,False,False,False,False
7.362986,500,2834.721082,False,1,False,False,False,False,False,False,False,False
8.744067,500,2842.112754,False,1,False,False,False,False,False,False,False,False
9.455136,500,2851.525123,False,1,False,False,False,False,False,False,False,False
9.503094,500,2859.913724,False,1,False,False,False,False,False,False,False,False
8.63663,500,2866.815572,False,1,False,False,False,False,False,False,False,False
7.269315,500,2874.312557,False,1,False,False,False,False,False,False,False,False
7.582761,500,2883.113418,False,1,False,False,False,False,False,False,False,False
6.996384,500,2890.916907,False,1,False,False,False,False,False,False,False,False
8.65763,500,2898.515137,False,1,False,False,False,False,False,False,False,False
1.43931,500,2905.726793,False,1,False,True,True,False,False,False,False,False
5.686824,500,2914.920823,False,1,False,False,False,False,False,False,False,False
-5.499102,155,2917.915782,False,1,False,False,False,False,False,False,False,False
10.481721,500,2925.509314,False,1,False,False,False,False,False,False,False,False
9.182185,500,2933.9202,False,1,False,False,False,False,False,False,False,False
8.244371,500,2940.807329,False,1,False,False,False,False,False,False,False,False
7.037917,500,2949.708716,False,1,False,False,False,False,False,False,False,False
5.410522,500,2956.822033,False,1,False,False,False,False,False,False,False,False
8.788789,500,2964.407638,False,1,False,False,False,False,False,False,False,False
8.208023,500,2971.409451,False,1,False,False,False,False,False,False,False,False
5.906978,500,2981.721239,False,1,False,False,False,False,False,False,False,False
7.925981,500,2989.21707,False,1,False,False,False,False,False,False,False,False
7.879715,500,2996.215335,False,1,False,False,False,False,False,False,False,False
8.337105,500,3004.819684,False,1,False,False,False,False,False,False,False,False
5.683855,500,3014.009323,False,1,False,False,False,False,False,False,False,False
6.48981,500,3374.312793,False,1,False,False,False,False,False,False,False,False
9.943227,500,3381.91745,False,1,False,False,False,False,False,False,False,False
5.205064,500,3388.910828,False,1,False,False,False,False,False,False,False,False
6.82253,500,3399.114146,False,1,False,False,False,False,False,False,False,False
9.218956,500,3406.209341,False,1,False,False,False,False,False,False,False,False
7.872203,500,3412.923695,False,1,False,False,False,False,False,False,False,False
6.825577,500,3420.809536,False,1,False,False,False,False,False,False,False,False
6.236563,500,3429.123977,False,1,False,False,False,False,False,False,False,False
7.009671,500,3436.227326,False,1,False,False,False,False,False,False,False,False
7.313272,500,3445.325828,False,1,False,False,False,False,False,False,False,False
9.430154,500,3452.225349,False,1,False,False,False,False,False,False,False,False
9.601505,500,3462.215311,False,1,False,False,False,False,False,False,False,False
-7.414253,110,3463.80891,False,1,False,False,False,False,False,False,False,False
8.320348,500,3471.011893,False,1,False,False,False,False,False,False,False,False
7.962739,500,3478.61531,False,1,False,False,False,False,False,False,False,False
5.367232,500,3486.327064,False,1,False,False,False,False,False,False,False,False
9.970417,500,3495.808991,False,1,False,False,False,False,False,False,False,False
6.328144,500,3504.107403,False,1,False,False,False,False,False,False,False,False
4.9656,500,3511.818379,False,1,False,False,False,False,False,False,False,False
9.172138,500,3519.118831,False,1,False,False,False,False,False,False,False,False
8.395237,500,3528.922716,False,1,False,False,False,False,False,False,False,False
7.73787,500,3537.012246,False,1,False,False,False,False,False,False,False,False
8.352223,500,3544.616444,False,1,False,False,False,False,False,False,False,False
7.484822,500,3552.809818,False,1,False,False,False,False,False,False,False,False
6.934446,500,3561.526437,False,1,False,False,False,False,False,False,False,False
10.597739,500,3569.911529,False,1,False,False,False,False,False,False,False,False
10.615008,500,3577.619679,False,1,False,False,False,False,False,False,False,False
5.547668,500,3585.210884,False,1,False,False,False,False,False,False,False,False
3.224613,500,3594.818927,False,1,False,False,False,False,False,False,False,False
10.567354,500,3602.519446,False,1,False,False,False,False,False,False,False,False
12.550432,500,3610.619689,False,1,True,False,False,False,False,False,False,False
9.751734,500,3618.312072,False,1,False,False,False,False,False,False,False,False
9.518298,500,3625.615343,False,1,False,False,False,False,False,False,False,False
8.639354,500,3636.414431,False,1,False,False,False,False,False,False,False,False
9.61822,500,3645.115315,False,1,False,False,False,False,False,False,False,False
9.523806,500,3653.216756,False,1,False,False,False,False,False,False,False,False
9.916071,500,3660.419537,False,1,False,False,False,False,False,False,False,False
6.781249,500,3669.524472,False,1,False,False,False,False,False,False,False,False
8.762819,500,3677.41231,False,1,False,False,False,False,False,False,False,False
7.554744,500,3685.527138,False,1,False,False,False,False,False,False,False,False
9.08077,500,3693.418724,False,1,False,False,False,False,False,False,False,False
10.292168,500,3703.310644,False,1,False,False,False,False,False,False,False,False
8.962454,500,3711.01223,False,1,False,False,False,False,False,False,False,False
8.232779,500,3719.41884,False,1,False,False,False,False,False,False,False,False
10.5956,500,3728.025691,False,1,False,False,False,False,False,False,False,False
13.838377,500,3737.624988,False,1,True,False,False,False,False,False,False,False
10.111047,500,3744.821015,False,1,False,False,False,False,False,False,False,False
8.781257,500,3752.614377,False,1,False,False,False,False,False,False,False,False
10.970997,500,3760.423624,False,1,False,False,False,False,False,False,False,False
7.722563,500,3770.224543,False,1,False,False,False,False,False,False,False,False
7.407375,500,3778.318312,False,1,False,False,False,False,False,False,False,False
13.85666,500,4174.72587,False,1,False,True,True,False,False,False,False,False
5.56417,500,4182.121445,False,1,False,False,False,False,False,False,False,False
5.202402,500,4191.412168,False,1,False,False,False,False,False,False,False,False
9.658055,500,4199.119714,False,1,False,False,False,False,False,False,False,False
6.08471,500,4206.418211,False,1,False,False,False,False,False,False,False,False
10.710845,500,4214.41688,False,1,False,False,False,False,False,False,False,False
5.417281,500,4223.719367,False,1,False,False,False,False,False,False,False,False
9.512211,500,4231.816259,False,1,False,False,False,False,False,False,False,False
8.763391,500,4239.609737,False,1,False,False,False,False,False,False,False,False
11.237816,500,4247.525363,False,1,False,False,False,False,False,False,False,False
11.192873,500,4258.222615,False,1,True,False,False,False,False,False,False,False
7.85365,500,4266.810261,False,1,False,False,False,False,False,False,False,False
11.304213,500,4275.107134,False,1,False,False,False,False,False,False,False,False
6.751024,500,4282.508698,False,1,False,False,False,False,False,False,False,False
-8.793977,347,4288.022125,False,1,False,False,False,False,False,False,False,False
6.45121,500,4297.714284,False,1,False,False,False,False,False,False,False,False
10.584778,500,4305.223481,False,1,False,False,False,False,False,False,False,False
8.227147,500,4313.015049,False,1,False,False,False,False,False,False,False,False
7.77035,500,4320.116431,False,1,False,False,False,False,False,False,False,False
7.617203,500,4328.709932,False,1,False,False,False,False,False,False,False,False
7.873804,500,4336.024549,False,1,False,False,False,False,False,False,False,False
8.883269,500,4344.024807,False,1,False,False,False,False,False,False,False,False
4.713517,500,4351.017626,False,1,False,False,False,False,False,False,False,False
6.667386,500,4360.219239,False,1,False,False,False,False,False,False,False,False
8.909517,500,4367.72029,False,1,False,False,False,False,False,False,False,False
9.870312,500,4376.411993,False,1,False,False,False,False,False,False,False,False
7.886638,500,4384.220206,False,1,False,False,False,False,False,False,False,False
10.010617,500,4394.128129,False,1,False,False,False,False,False,False,False,False
18.503057,500,4401.416538,False,1,False,True,True,False,False,False,False,False
6.795668,500,4408.824037,False,1,False,False,False,False,False,False,False,False
-26.964429,500,4416.125988,False,1,False,True,True,False,False,False,False,False
8.479691,500,4426.022571,False,1,False,False,False,False,False,False,False,False
8.73867,500,4433.216394,False,1,False,False,False,False,False,False,False,False
10.40728,500,4440.521189,False,1,False,False,False,False,False,False,False,False
9.183101,500,4448.015442,False,1,False,False,False,False,False,False,False,False
9.188896,500,4456.918776,False,1,False,False,False,False,False,False,False,False
6.33513,500,4463.524002,False,1,False,False,False,False,False,False,False,False
10.04521,500,4471.218057,False,1,False,False,False,False,False,False,False,False
8.104208,500,4478.924102,False,1,False,False,False,False,False,False,False,False
8.420065,500,4487.807825,False,1,False,False,False,False,False,False,False,False
7.475414,500,4494.925103,False,1,False,False,False,False,False,False,False,False
10.572104,500,4503.324693,False,1,False,False,False,False,False,False,False,False
10.271904,500,4511.012017,False,1,False,False,False,False,False,False,False,False
12.853332,500,4520.411359,False,1,True,False,False,False,False,False,False,False
13.326892,500,4528.324119,False,1,True,False,False,False,False,False,False,False
10.923088,500,4536.20969,False,1,False,False,False,False,False,False,False,False
3.667866,500,4543.517557,False,1,False,False,False,False,False,False,False,False
11.376056,500,4552.81764,False,1,False,False,False,False,False,False,False,False
10.01643,500,4560.42303,False,1,False,False,False,False,False,False,False,False
8.98007,500,4567.913235,False,1,False,False,False,False,False,False,False,False
6.536919,500,4955.921623,False,1,False,False,False,False,False,False,False,False
10.412967,500,4963.91246,False,1,False,False,False,False,False,False,False,False
6.330739,500,4973.725915,False,1,False,False,False,False,False,False,False,False
14.323882,500,4982.322915,False,1,True,False,False,False,False,False,False,False
14.23679,500,4990.421098,False,1,True,False,False,False,False,False,False,False
5.276794,500,4997.420197,False,1,False,False,False,False,False,False,False,False
6.022489,500,5007.118419,False,1,False,False,False,False,False,False,False,False
11.312817,500,5015.023526,False,1,False,False,False,False,False,False,False,False
10.039942,500,5023.325217,False,1,False,False,False,False,False,False,False,False
4.731284,500,5031.217711,False,1,False,False,False,False,False,False,False,False
13.990019,500,5040.420572,False,1,True,False,False,False,False,False,False,False
7.280794,500,5047.623715,False,1,False,False,False,False,False,False,False,False
12.948644,500,5055.318377,False,1,True,False,False,False,False,False,False,False
12.465936,500,5063.119562,False,1,True,False,False,False,False,False,False,False
9.47807,500,5071.723385,False,1,False,False,False,False,False,False,False,False
9.762535,500,5078.917429,False,1,True,False,False,False,False,False,False,False
8.764525,500,5087.012725,False,1,False,False,False,False,False,False,False,False
12.49455,500,5094.222559,False,1,True,False,False,False,False,False,False,False
8.374615,500,5104.016413,False,1,False,False,False,False,False,False,False,False
-5.716941,211,5107.118467,False,1,True,False,False,False,False,False,False,False
-30.178053,500,5115.219552,False,1,False,True,True,False,False,False,False,False
9.188743,500,5122.422276,False,1,False,False,False,False,False,False,False,False
8.03352,500,5130.728544,False,1,False,False,False,False,False,False,False,False
10.171059,500,5140.320449,False,1,False,False,False,False,False,False,False,False
13.269773,500,5147.620578,False,1,True,False,False,False,False,False,False,False
13.176723,500,5155.724046,False,1,True,False,False,False,False,False,False,False
9.072206,500,5163.323552,False,1,True,False,False,False,False,False,False,False
7.633143,500,5173.311755,False,1,False,False,False,False,False,False,False,False
7.689867,500,5180.322887,False,1,False,False,False,False,False,False,False,False
9.558471,500,5187.514559,False,1,False,False,False,False,False,False,False,False
6.112058,500,5195.216344,False,1,False,False,False,False,False,False,False,False
8.730321,500,5204.923869,False,1,True,False,False,False,False,False,False,False
7.117136,500,5213.022441,False,1,False,False,False,False,False,False,False,False
9.444859,500,5220.009665,False,1,False,False,False,False,False,False,False,False
10.794289,500,5228.211076,False,1,True,False,False,False,False,False,False,False
7.26998,500,5237.817178,False,1,False,False,False,False,False,False,False,False
7.019579,500,5245.008696,False,1,False,False,False,False,False,False,False,False
10.579539,500,5252.51921,False,1,True,True,False,False,False,False,False,False
11.936443,500,5260.523397,False,1,True,False,False,False,False,False,False,False
7.477498,500,5270.415797,False,1,False,False,False,False,False,False,False,False
11.893396,500,5277.714257,False,1,True,False,False,False,False,False,False,False
11.35785,500,5285.625443,False,1,True,False,False,False,False,False,False,False
6.902595,500,5292.724603,False,1,False,False,False,False,False,False,False,False
10.916232,500,5301.714408,False,1,True,False,False,False,False,False,False,False
9.396231,500,5309.522272,False,1,True,False,False,False,False,False,False,False
0.813589,500,5318.012366,False,1,False,False,False,False,False,False,False,False
4.950919,500,5325.426485,False,1,False,False,False,False,False,False,False,False
8.603729,500,5334.409671,False,1,False,False,False,False,False,False,False,False
7.84507,500,5342.627415,False,1,True,False,False,False,False,False,False,False
11.235466,500,5350.014708,False,1,True,True,True,False,False,False,False,False
11.563016,500,5357.909998,False,1,True,False,False,False,False,False,False,False
8.779705,500,5750.909797,False,1,False,False,False,False,False,False,False,False
12.861351,500,5758.615655,False,1,True,False,False,False,False,False,False,False
10.950198,500,5765.708751,False,1,False,False,False,False,False,False,False,False
7.26424,500,5772.818477,False,1,False,False,False,False,False,False,False,False
5.409191,500,5781.720049,False,1,False,False,False,False,False,False,False,False
0.628609,468,5788.509098,False,1,False,True,True,False,False,False,False,False
10.921385,500,5796.825829,False,1,True,False,False,False,False,False,False,False
10.222908,500,5804.830711,False,1,True,False,False,False,False,False,False,False
9.133456,500,5812.611529,False,1,True,False,False,False,False,False,False,False
6.421567,500,5821.922249,False,1,False,False,False,False,False,False,False,False
10.498234,500,5830.117078,False,1,True,False,False,False,False,False,False,False
12.398653,500,5838.315104,False,1,True,False,False,False,False,False,False,False
8.918639,500,5846.026164,False,1,True,False,False,False,False,False,False,False
10.866943,500,5855.621683,False,1,True,False,False,False,False,False,False,False
-5.049033,163,5858.320706,False,1,True,False,False,False,False,False,False,False
11.160601,500,5866.322286,False,1,True,False,False,False,False,False,False,False
10.096377,500,5873.914315,False,1,True,False,False,False,False,False,False,False
3.424544,500,5883.007489,False,1,False,False,False,False,False,False,False,False
10.268797,500,5891.713928,False,1,True,False,False,False,False,False,False,False
12.697277,500,5899.513867,False,1,True,False,False,False,False,False,False,False
8.900668,500,5907.316388,False,1,True,False,False,False,False,False,False,False
9.08843,500,5916.121422,False,1,True,False,False,False,False,False,False,False
12.121302,500,5924.109113,False,1,True,False,False,False,False,False,False,False
6.062461,500,5931.524668,False,1,True,False,False,False,False,False,False,False
12.129247,500,5938.916561,False,1,True,False,False,False,False,False,False,False
9.159795,500,5946.423906,False,1,True,False,False,False,False,False,False,False
7.650899,500,5956.617002,False,1,False,False,False,False,False,False,False,False
18.966249,500,5963.523262,False,1,True,True,True,False,False,False,False,False
11.182521,500,5971.124823,False,1,True,False,False,False,False,False,False,False
7.388062,500,5978.523479,False,1,False,False,False,False,False,False,False,False
8.340626,500,5987.720835,False,1,True,False,False,False,False,False,False,False
11.416226,500,5994.521574,False,1,True,False,False,False,False,False,False,False
11.940941,500,6002.218061,False,1,True,False,False,False,False,False,False,False
9.925639,500,6009.51823,False,1,True,False,False,False,False,False,False,False
14.740156,500,6019.12042,False,1,True,True,True,False,False,False,False,False
11.051695,500,6026.709508,False,1,True,False,False,False,False,False,False,False
12.028348,500,6034.820073,False,1,True,False,False,False,False,False,False,False
10.808348,500,6043.028943,False,1,True,False,False,False,False,False,False,False
12.011195,500,6052.007297,False,1,True,False,False,False,False,False,False,False
5.682304,500,6059.317047,False,1,False,False,False,False,False,False,False,False
12.207261,500,6066.925304,False,1,True,False,False,False,False,False,False,False
11.756819,500,6074.108713,False,1,True,False,False,False,False,False,False,False
8.743935,500,6084.509942,False,1,True,False,False,False,False,False,False,False
6.14574,500,6092.411203,False,1,False,False,False,False,False,False,False,False
16.204071,500,6098.81164,False,1,True,True,True,False,False,False,False,False
10.482836,500,6107.122335,False,1,True,False,False,False,False,False,False,False
8.899201,500,6116.412746,False,1,False,False,False,False,False,False,False,False
12.304012,500,6123.515852,False,1,True,False,False,False,False,False,False,False
10.057205,500,6132.524618,False,1,False,False,False,False,False,False,False,False
8.379739,500,6139.509479,False,1,False,False,False,False,False,False,False,False
18.425697,500,6251.912354,False,1,True,True,True,False,False,False,False,False
12.357672,500,6258.927363,False,1,False,True,True,False,False,False,False,False
10.404152,500,6265.7138,False,1,False,False,False,False,False,False,False,False
8.301869,500,6275.219895,False,1,False,False,False,False,False,False,False,False
11.565056,500,6284.823901,False,1,True,False,False,False,False,False,False,False
7.494642,500,6292.208959,False,1,False,False,False,False,False,False,False,False
8.149334,500,6299.724313,False,1,False,False,False,False,False,False,False,False
7.63063,500,6308.222113,False,1,False,False,False,False,False,False,False,False
6.897555,500,6317.226104,False,1,False,False,False,False,False,False,False,False
10.731785,500,6324.012862,False,1,True,False,False,False,False,False,False,False
5.031189,500,6330.817395,False,1,False,False,False,False,False,False,False,False
13.181806,500,6339.925526,False,1,True,False,False,False,False,False,False,False
12.992789,500,6349.012173,False,1,True,False,False,False,False,False,False,False
8.364933,500,6355.915836,False,1,False,False,False,False,False,False,False,False
12.57361,500,6364.22713,False,1,True,False,False,False,False,False,False,False
10.463285,500,6372.607074,False,1,True,False,False,False,False,False,False,False
12.519923,500,6381.109764,False,1,True,False,False,False,False,False,False,False
9.84142,500,6391.211819,False,1,True,False,False,False,False,False,False,False
10.450644,500,6398.517587,False,1,True,False,False,False,False,False,False,False
7.914419,500,6406.518275,False,1,True,False,False,False,False,False,False,False
10.364229,500,6413.909693,False,1,False,False,False,False,False,False,False,False
12.777623,500,6423.926844,False,1,True,False,False,False,False,False,False,False
13.448506,500,6431.909204,False,1,True,False,False,False,False,False,False,False
10.280182,500,6439.618419,False,1,True,False,False,False,False,False,False,False
9.835942,500,6447.81513,False,1,True,False,False,False,False,False,False,False
8.588051,500,6456.815291,False,1,True,False,False,False,False,False,False,False
8.791708,500,6464.213022,False,1,False,False,False,False,False,False,False,False
7.488408,500,6472.619929,False,1,False,False,False,False,False,False,False,False
9.944039,500,6479.719066,False,1,False,False,False,False,False,False,False,False
12.711437,500,6489.32506,False,1,True,False,False,False,False,False,False,False
11.481872,500,6496.912816,False,1,True,False,False,False,False,False,False,False
12.391875,500,6505.313249,False,1,True,False,False,False,False,False,False,False
10.437358,500,6513.91667,False,1,True,False,False,False,False,False,False,False
10.167261,500,6522.909438,False,1,True,False,False,False,False,False,False,False
11.809575,500,6529.713753,False,1,True,False,False,False,False,False,False,False
7.627433,500,6538.221161,False,1,False,False,False,False,False,False,False,False
17.793173,500,6545.417779,False,1,True,True,True,False,False,False,False,False
11.741453,500,6555.01177,False,1,True,False,False,False,False,False,False,False
14.048903,500,6563.018747,False,1,True,False,False,False,False,False,False,False
2.233194,319,6567.609453,False,1,False,True,True,False,False,False,False,False
9.878693,500,6575.323775,False,1,True,False,False,False,False,False,False,False
13.266068,500,6583.814317,False,1,True,False,False,False,False,False,False,False
16.547439,500,6591.810174,False,1,True,True,True,False,False,False,False,False
12.383039,500,6599.11164,False,1,True,False,False,False,False,False,False,False
10.844078,500,6606.009015,False,1,True,False,False,False,False,False,False,False
11.356987,500,6613.716197,False,1,True,False,False,False,False,False,False,False
12.807441,500,6623.72248,False,1,True,False,False,False,False,False,False,False
11.876834,500,6631.91828,False,1,True,False,False,False,False,False,False,False
9.197246,500,6639.323544,False,1,False,False,False,False,False,False,False,False
12.576895,500,6647.510275,False,1,True,False,False,False,False,False,False,False
10.821808,500,6657.209876,False,1,True,False,False,False,False,False,False,False
9.800731,500,7067.425967,False,1,False,False,False,False,False,False,False,False
12.762225,500,7074.721726,False,1,True,False,False,False,False,False,False,False
12.023902,500,7082.820319,False,1,True,False,False,False,False,False,False,False
13.606154,500,7092.819265,False,1,True,False,False,False,False,False,False,False
11.876556,500,7100.816721,False,1,True,False,False,False,False,False,False,False
11.442016,500,7108.122018,False,1,True,False,False,False,False,False,False,False
-14.072041,384,7114.609668,False,1,False,False,False,False,False,False,False,False
13.319288,500,7124.010045,False,1,True,False,False,False,False,False,False,False
9.429634,500,7131.516275,False,1,False,False,False,False,False,False,False,False
9.572285,500,7140.311799,False,1,True,False,False,False,False,False,False,False
10.323355,500,7148.81142,False,1,True,False,False,False,False,False,False,False
12.391721,500,7159.813308,False,1,True,False,False,False,False,False,False,False
16.723688,500,7168.008773,False,1,True,True,True,False,False,False,False,False
11.382455,500,7175.52238,False,1,True,False,False,False,False,False,False,False
11.483462,500,7183.923865,False,1,True,False,False,False,False,False,False,False
12.963175,500,7193.910133,False,1,True,False,False,False,False,False,False,False
11.130118,500,7203.023209,False,1,True,False,False,False,False,False,False,False
10.171408,500,7210.512332,False,1,True,False,False,False,False,False,False,False
6.424556,500,7218.315216,False,1,True,False,False,False,False,False,False,False
13.778755,500,7227.911835,False,1,True,False,False,False,False,False,False,False
9.681392,500,7236.411772,False,1,True,False,False,False,False,False,False,False
10.628441,500,7244.310937,False,1,True,False,False,False,False,False,False,False
6.783471,500,7251.309827,False,1,False,False,False,False,False,False,False,False
-4.229681,154,7253.811715,False,1,True,False,False,False,False,False,False,False
12.248127,500,7262.909779,False,1,True,False,False,False,False,False,False,False
10.417981,500,7271.422544,False,1,False,False,False,False,False,False,False,False
11.942704,500,7279.314415,False,1,True,False,False,False,False,False,False,False
13.361245,500,7287.318658,False,1,True,False,False,False,False,False,False,False
8.323898,500,7297.21709,False,1,False,False,False,False,False,False,False,False
8.583269,500,7304.920925,False,1,False,False,False,False,False,False,False,False
18.144519,500,7313.111938,False,1,True,True,True,False,False,False,False,False
13.345628,500,7320.308703,False,1,True,False,False,False,False,False,False,False
12.428976,500,7329.82603,False,1,True,False,False,False,False,False,False,False
11.662487,500,7338.022913,False,1,True,False,False,False,False,False,False,False
10.756818,500,7345.9145,False,1,True,False,False,False,False,False,False,False
13.455166,500,7354.219545,False,1,True,False,False,False,False,False,False,False
11.47303,500,7363.415415,False,1,True,False,False,False,False,False,False,False
13.144428,500,7372.109857,False,1,True,False,False,False,False,False,False,False
12.253533,500,7379.722353,False,1,True,False,False,False,False,False,False,False
12.79875,500,7387.917419,False,1,True,False,False,False,False,False,False,False
11.685437,500,7395.912066,False,1,True,False,False,False,False,False,False,False
10.441445,500,7404.821453,False,1,True,False,False,False,False,False,False,False
9.939756,500,7413.110439,False,1,False,False,False,False,False,False,False,False
8.988329,500,7421.212677,False,1,True,False,False,False,False,False,False,False
11.414442,500,7428.518509,False,1,True,False,False,False,False,False,False,False
9.699432,500,7439.10934,False,1,True,False,False,False,False,False,False,False
11.299792,500,7446.920193,False,1,True,False,False,False,False,False,False,False
11.890521,500,7454.323132,False,1,True,False,False,False,False,False,False,False
11.148143,500,7462.907976,False,1,True,False,False,False,False,False,False,False
9.488564,500,7471.727034,False,1,True,False,False,False,False,False,False,False
11.16591,500,7480.112703,False,1,True,False,False,False,False,False,False,False
11.672537,500,7883.425204,False,1,True,False,False,False,False,False,False,False
12.432491,500,7891.822629,False,1,True,False,False,False,False,False,False,False
11.852363,500,7901.809819,False,1,True,False,False,False,False,False,False,False
19.714185,500,7909.720835,False,1,True,True,True,False,False,False,False,False
7.618073,500,7917.522364,False,1,False,False,False,False,False,False,False,False
13.087891,500,7926.124867,False,1,True,False,False,False,False,False,False,False
11.65513,500,7935.716926,False,1,True,False,False,False,False,False,False,False
10.29804,500,7943.411123,False,1,True,False,False,False,False,False,False,False
12.094156,500,7950.922498,False,1,True,False,False,False,False,False,False,False
8.984781,500,7958.614375,False,1,False,False,False,False,False,False,False,False
7.201678,500,7968.208668,False,1,False,False,False,False,False,False,False,False
5.114863,500,7976.111321,False,1,False,False,False,False,False,False,False,False
11.6137,500,7984.712597,False,1,True,False,False,False,False,False,False,False
12.92823,500,7992.512137,False,1,True,False,False,False,False,False,False,False
12.025657,500,8002.712114,False,1,True,False,False,False,False,False,False,False
10.660373,500,8011.022909,False,1,True,False,False,False,False,False,False,False
12.319233,500,8020.019072,False,1,True,False,False,False,False,False,False,False
10.396668,500,8028.131396,False,1,True,True,False,False,False,False,False,False
10.921998,500,8038.512545,False,1,True,False,False,False,False,False,False,False
24.97107,500,8046.116447,False,1,True,True,True,False,False,False,False,False
8.27036,500,8053.811396,False,1,True,False,False,False,False,False,False,False
12.084475,500,8062.108919,False,1,True,False,False,False,False,False,False,False
10.245532,500,8072.42229,False,1,True,False,False,False,False,False,False,False
11.913804,500,8080.6254,False,1,True,False,False,False,False,False,False,False
11.856225,500,8088.309321,False,1,True,False,False,False,False,False,False,False
12.67743,500,8096.319707,False,1,True,False,False,False,False,False,False,False
6.699864,500,8105.923021,False,1,False,False,False,False,False,False,False,False
16.613879,500,8113.01888,False,1,False,True,True,False,False,False,False,False
11.210537,500,8121.02258,False,1,True,False,False,False,False,False,False,False
12.294208,500,8128.826047,False,1,True,False,False,False,False,False,False,False
6.844306,500,8136.709531,False,1,False,False,False,False,False,False,False,False
8.296217,500,8146.729906,False,1,False,False,False,False,False,False,False,False
10.711661,500,8154.227483,False,1,False,False,False,False,False,False,False,False
12.770187,500,8162.421671,False,1,True,False,False,False,False,False,False,False
11.119199,500,8170.224842,False,1,False,False,False,False,False,False,False,False
11.081931,500,8180.41529,False,1,True,False,False,False,False,False,False,False
7.786712,500,8188.122344,False,1,False,False,False,False,False,False,False,False
10.91914,500,8195.713458,False,1,True,False,False,False,False,False,False,False
11.908673,500,8204.3087,False,1,True,False,False,False,False,False,False,False
12.710242,500,8213.721875,False,1,True,False,False,False,False,False,False,False
12.903341,500,8221.808676,False,1,True,False,False,False,False,False,False,False
9.20567,500,8229.413607,False,1,True,False,False,False,False,False,False,False
8.20822,500,8237.126687,False,1,False,False,False,False,False,False,False,False
9.829011,500,8247.020185,False,1,False,False,False,False,False,False,False,False
13.435028,500,8256.421254,False,1,True,False,False,False,False,False,False,False
13.91352,500,8264.313094,False,1,True,False,False,False,False,False,False,False
12.094399,500,8272.92116,False,1,True,False,False,False,False,False,False,False
13.254082,500,8282.91202,False,1,True,False,False,False,False,False,False,False
11.809427,500,8290.821345,False,1,True,False,False,False,False,False,False,False
14.040704,500,8298.119758,False,1,True,False,False,False,False,False,False,False
12.023542,500,8709.820869,False,1,True,False,False,False,False,False,False,False
6.496302,500,8718.52414,False,1,False,False,False,False,False,False,False,False
12.528634,500,8727.009514,False,1,True,False,False,False,False,False,False,False
13.79262,500,8734.012762,False,1,True,True,True,False,False,False,False,False
13.788821,500,8742.811995,False,1,True,False,False,False,False,False,False,False
10.53595,500,8752.219381,False,1,True,False,False,False,False,False,False,False
12.583096,500,8760.70996,False,1,True,False,False,False,False,False,False,False
10.52865,500,8767.825831,False,1,True,False,False,False,False,False,False,False
10.898139,500,8776.009295,False,1,False,False,False,False,False,False,False,False
13.475107,500,8785.724048,False,1,True,False,False,False,False,False,False,False
8.134548,500,8793.418582,False,1,False,False,False,False,False,False,False,False
9.430791,500,8801.909781,False,1,False,False,False,False,False,False,False,False
12.350379,500,8809.5251,False,1,True,False,False,False,False,False,False,False
13.31379,500,8819.213442,False,1,True,False,False,False,False,False,False,False
13.402424,500,8827.917462,False,1,True,False,False,False,False,False,False,False
13.166795,500,8835.90814,False,1,True,False,False,False,False,False,False,False
13.667822,500,8843.928269,False,1,True,False,False,False,False,False,False,False
12.831915,500,8854.02063,False,1,True,False,False,False,False,False,False,False
13.059468,500,8861.62413,False,1,True,False,False,False,False,False,False,False
20.975544,500,8868.709168,False,1,True,True,True,False,False,False,False,False
17.317045,500,8877.013337,False,1,True,True,True,False,False,False,False,False
13.356043,500,8886.318658,False,1,True,False,False,False,False,False,False,False
8.956969,500,8894.909944,False,1,False,False,False,False,False,False,False,False
10.107779,500,8903.515479,False,1,False,False,False,False,False,False,False,False
11.149961,500,8911.815397,False,1,True,False,False,False,False,False,False,False
12.994976,500,8919.017763,False,1,True,False,False,False,False,False,False,False
13.335544,500,8929.21366,False,1,True,False,False,False,False,False,False,False
13.780678,500,8937.326898,False,1,True,False,False,False,False,False,False,False
10.077391,500,8944.719539,False,1,True,False,False,False,False,False,False,False
13.642923,500,8953.211846,False,1,True,False,False,False,False,False,False,False
12.459326,500,8962.820468,False,1,True,False,False,False,False,False,False,False
11.936925,500,8970.316069,False,1,True,False,False,False,False,False,False,False
11.548705,500,8978.012281,False,1,True,False,False,False,False,False,False,False
13.334642,500,8986.528391,False,1,True,False,False,False,False,False,False,False
14.387059,500,8995.813235,False,1,True,False,False,False,False,False,False,False
13.592711,500,9003.425197,False,1,True,False,False,False,False,False,False,False
20.343787,500,9011.810885,False,1,True,True,True,False,False,False,False,False
13.534174,500,9019.522777,False,1,True,False,False,False,False,False,False,False
13.685409,500,9029.521311,False,1,True,False,False,False,False,False,False,False
11.57549,500,9037.409495,False,1,True,False,False,False,False,False,False,False
11.29133,500,9044.521388,False,1,True,False,False,False,False,False,False,False
13.005962,500,9053.017649,False,1,True,False,False,False,False,False,False,False
10.35413,500,9062.816426,False,1,True,False,False,False,False,False,False,False
11.556533,500,9070.723377,False,1,True,False,False,False,False,False,False,False
13.375183,500,9078.311518,False,1,True,False,False,False,False,False,False,False
11.143227,500,9086.420445,False,1,True,False,False,False,False,False,False,False
14.746821,500,9096.423637,False,1,False,True,True,False,False,False,False,False
14.275133,500,9104.129344,False,1,True,False,False,False,False,False,False,False
11.520876,500,9111.618421,False,1,True,False,False,False,False,False,False,False
13.844871,500,9120.026695,False,1,True,False,False,False,False,False,False,False
17.809005,500,9509.622452,False,1,False,True,True,False,False,False,False,False
13.983129,500,9517.626302,False,1,True,False,False,False,False,False,False,False
13.311037,500,9525.808625,False,1,True,False,False,False,False,False,False,False
14.401814,500,9533.622779,False,1,True,False,False,False,False,False,False,False
13.924482,500,9542.421087,False,1,True,False,False,False,False,False,False,False
12.697166,500,9549.711975,False,1,True,False,False,False,False,False,False,False
13.019581,500,9557.721673,False,1,True,False,False,False,False,False,False,False
13.0614,500,9566.026972,False,1,True,False,False,False,False,False,False,False
13.732519,500,9575.418169,False,1,True,False,False,False,False,False,False,False
10.546988,500,9583.211417,False,1,True,False,False,False,False,False,False,False
12.252161,500,9590.609001,False,1,True,False,False,False,False,False,False,False
13.73901,500,9598.228313,False,1,True,False,False,False,False,False,False,False
13.972458,500,9607.119625,False,1,True,False,False,False,False,False,False,False
13.687122,500,9614.812298,False,1,True,False,False,False,False,False,False,False
13.028635,500,9622.109396,False,1,True,False,False,False,False,False,False,False
12.252047,500,9629.815388,False,1,True,False,False,False,False,False,False,False
13.43281,500,9637.629434,False,1,True,False,False,False,False,False,False,False
-5.029525,310,9643.924894,False,1,True,False,False,False,False,False,False,False
13.598757,500,9651.22486,False,1,True,False,False,False,False,False,False,False
13.265811,500,9658.520853,False,1,True,False,False,False,False,False,False,False
-2.317289,441,9665.227652,False,1,True,False,False,False,False,False,False,False
12.209846,500,9674.318329,False,1,True,False,False,False,False,False,False,False
11.862237,500,9682.112325,False,1,True,False,False,False,False,False,False,False
13.438217,500,9689.820787,False,1,True,False,False,False,False,False,False,False
13.213158,500,9698.418983,False,1,True,False,False,False,False,False,False,False
16.325661,500,9707.712383,False,1,False,True,True,False,False,False,False,False
12.404259,500,9716.526695,False,1,True,False,False,False,False,False,False,False
12.746576,500,9724.416169,False,1,True,False,False,False,False,False,False,False
13.656238,500,9732.81607,False,1,True,False,False,False,False,False,False,False
13.885391,500,9741.816212,False,1,True,True,True,False,False,False,False,False
12.528763,500,9749.020842,False,1,True,False,False,False,False,False,False,False
13.285105,500,9757.915009,False,1,True,False,False,False,False,False,False,False
8.684268,500,9765.21305,False,1,True,False,False,False,False,False,False,False
14.080074,500,9775.009878,False,1,True,False,False,False,False,False,False,False
10.699337,500,9782.318395,False,1,True,False,False,False,False,False,False,False
12.129067,500,9789.411619,False,1,True,False,False,False,False,False,False,False
13.56626,500,9798.008713,False,1,True,False,False,False,False,False,False,False
-1.726451,269,9802.009183,False,1,True,False,False,False,False,False,False,False
11.593688,500,9811.324533,False,1,True,False,False,False,False,False,False,False
-3.295772,138,9813.92027,False,1,True,False,False,False,False,False,False,False
13.075209,500,9822.011067,False,1,True,False,False,False,False,False,False,False
13.059944,500,9830.313473,False,1,True,False,False,False,False,False,False,False
13.426483,500,9839.315736,False,1,True,False,False,False,False,False,False,False
12.922668,500,9848.423609,False,1,True,False,False,False,False,False,False,False
12.139615,500,9856.510268,False,1,True,False,False,False,False,False,False,False
11.914158,500,9864.118031,False,1,True,False,False,False,False,False,False,False
13.245379,500,9871.523897,False,1,True,False,False,False,False,False,False,False
10.586169,500,9880.9152,False,1,False,False,False,False,False,False,False,False
11.732561,500,9888.226349,False,1,True,False,False,False,False,False,False,False
13.138283,500,9896.208925,False,1,True,False,False,False,False,False,False,False
11.366175,500,9903.525047,False,1,True,False,False,False,False,False,False,False
13.195299,500,10296.926009,False,1,True,False,False,False,False,False,False,False
12.905612,500,10304.415938,False,1,True,False,False,False,False,False,False,False
12.964066,500,10313.622497,False,1,True,False,False,False,False,False,False,False
7.88317,500,10321.51947,False,1,False,False,False,False,False,False,False,False
13.780562,500,10331.824051,False,1,True,False,False,False,False,False,False,False
10.347468,500,10339.909291,False,1,True,False,False,False,False,False,False,False
13.464902,500,10347.720038,False,1,True,False,False,False,False,False,False,False
7.877141,500,10355.912055,False,1,True,False,False,False,False,False,False,False
12.887921,500,10366.423537,False,1,True,False,False,False,False,False,False,False
12.96383,500,10374.413091,False,1,True,False,False,False,False,False,False,False
12.139141,500,10382.028194,False,1,True,False,False,False,False,False,False,False
21.060372,500,10389.409625,False,1,True,True,True,False,False,False,False,False
13.699844,500,10400.015444,False,1,True,False,False,False,False,False,False,False
13.578184,500,10408.014179,False,1,True,False,False,False,False,False,False,False
9.901921,500,10415.311975,False,1,False,False,False,False,False,False,False,False
7.996229,500,10423.5088,False,1,False,False,False,False,False,False,False,False
13.07901,500,10432.724347,False,1,True,False,False,False,False,False,False,False
13.942787,500,10440.81841,False,1,True,False,False,False,False,False,False,False
13.53966,500,10448.909512,False,1,True,False,False,False,False,False,False,False
13.482269,500,10456.718298,False,1,True,False,False,False,False,False,False,False
13.983497,500,10466.012313,False,1,True,False,False,False,False,False,False,False
14.431076,500,10473.61013,False,1,True,False,False,False,False,False,False,False
12.656207,500,10481.220459,False,1,True,True,True,False,False,False,False,False
6.629945,500,10488.222276,False,1,False,False,False,False,False,False,False,False
6.346467,500,10495.909479,False,1,False,False,False,False,False,False,False,False
13.499037,500,10505.816705,False,1,True,False,False,False,False,False,False,False
13.068037,500,10514.315769,False,1,True,False,False,False,False,False,False,False
13.835166,500,10522.613949,False,1,True,False,False,False,False,False,False,False
11.475213,500,10530.616337,False,1,True,False,False,False,False,False,False,False
18.857868,500,10540.923645,False,1,True,True,True,False,False,False,False,False
11.098183,500,10548.314895,False,1,True,False,False,False,False,False,False,False
13.294872,500,10556.020495,False,1,True,False,False,False,False,False,False,False
12.609372,500,10565.216444,False,1,True,False,False,False,False,False,False,False
13.103056,500,10574.621433,False,1,True,False,False,False,False,False,False,False
14.44704,500,10582.622463,False,1,True,False,False,False,False,False,False,False
12.929393,500,10591.8168,False,1,True,False,False,False,False,False,False,False
12.730296,500,10599.621361,False,1,True,False,False,False,False,False,False,False
12.122685,500,10608.621294,False,1,True,False,False,False,False,False,False,False
13.729466,500,10616.815487,False,1,True,False,False,False,False,False,False,False
13.581681,500,10624.519641,False,1,True,False,False,False,False,False,False,False
14.140959,500,10632.218018,False,1,True,False,False,False,False,False,False,False
13.671295,500,10641.935746,False,1,True,False,False,False,False,False,False,False
13.100858,500,10650.023805,False,1,True,False,False,False,False,False,False,False
13.635468,500,10657.812342,False,1,True,False,False,False,False,False,False,False
10.822091,500,10665.021957,False,1,False,False,False,False,False,False,False,False
14.188675,500,10677.024779,False,1,True,False,False,False,False,False,False,False
13.010988,500,10685.009358,False,1,True,False,False,False,False,False,False,False
13.642247,500,10692.724502,False,1,True,False,False,False,False,False,False,False
12.038088,500,10700.719712,False,1,True,False,False,False,False,False,False,False
14.337592,500,10711.715045,False,1,True,False,False,False,False,False,False,False
12.812608,500,11103.126795,False,1,True,False,False,False,False,False,False,False
13.184186,500,11110.807398,False,1,True,False,False,False,False,False,False,False
14.159183,500,11118.209793,False,1,True,False,False,False,False,False,False,False
12.588998,500,11128.91005,False,1,True,False,False,False,False,False,False,False
11.024094,500,11136.021142,False,1,True,False,False,False,False,False,False,False
13.397672,500,11143.411513,False,1,True,False,False,False,False,False,False,False
13.711191,500,11152.118038,False,1,True,False,False,False,False,False,False,False
13.473349,500,11161.023514,False,1,True,False,False,False,False,False,False,False
13.074438,500,11169.023198,False,1,True,False,False,False,False,False,False,False
13.95234,500,11178.215631,False,1,True,False,False,False,False,False,False,False
13.653359,500,11185.610656,False,1,True,False,False,False,False,False,False,False
-6.589935,176,11188.02196,False,1,True,False,False,False,False,False,False,False
12.169983,500,11198.419015,False,1,True,False,False,False,False,False,False,False
11.256635,500,11205.922629,False,1,True,False,False,False,False,False,False,False
13.666387,500,11213.511707,False,1,True,False,False,False,False,False,False,False
12.610896,500,11221.709822,False,1,True,False,False,False,False,False,False,False
12.685432,500,11231.422215,False,1,True,False,False,False,False,False,False,False
13.519339,500,11239.12237,False,1,True,False,False,False,False,False,False,False
13.856093,500,11250.121433,False,1,True,False,False,False,False,False,False,False
12.242393,500,11257.726941,False,1,True,False,False,False,False,False,False,False
13.723684,500,11266.82332,False,1,True,False,False,False,False,False,False,False
13.52348,500,11275.127098,False,1,True,False,False,False,False,False,False,False
12.829602,500,11282.912624,False,1,True,False,False,False,False,False,False,False
13.689597,500,11290.810361,False,1,True,False,False,False,False,False,False,False
13.845387,500,11301.023029,False,1,True,False,False,False,False,False,False,False
11.313657,500,11308.409519,False,1,True,False,False,False,False,False,False,False
13.775233,500,11316.41265,False,1,True,False,False,False,False,False,False,False
13.428746,500,11324.917748,False,1,True,False,False,False,False,False,False,False
12.223146,500,11334.318246,False,1,True,False,False,False,False,False,False,False
12.888696,500,11341.618448,False,1,True,False,False,False,False,False,False,False
12.261187,500,11350.029087,False,1,True,False,False,False,False,False,False,False
12.627547,500,11358.019334,False,1,True,False,False,False,False,False,False,False
13.256921,500,11367.021772,False,1,True,False,False,False,False,False,False,False
13.342748,500,11376.610459,False,1,True,False,False,False,False,False,False,False
14.334097,500,11384.009493,False,1,True,False,False,False,False,False,False,False
13.732159,500,11392.010705,False,1,True,False,False,False,False,False,False,False
13.065816,500,11400.31837,False,1,True,False,False,False,False,False,False,False
12.08713,500,11409.426953,False,1,True,False,False,False,False,False,False,False
11.837837,500,11418.226585,False,1,True,False,False,False,False,False,False,False
12.490862,500,11426.42784,False,1,True,False,False,False,False,False,False,False
13.690942,500,11433.71752,False,1,True,False,False,False,False,False,False,False
13.769026,500,11444.326836,False,1,True,False,False,False,False,False,False,False
13.208585,500,11451.717491,False,1,True,False,False,False,False,False,False,False
13.604345,500,11459.511638,False,1,True,False,False,False,False,False,False,False
12.960175,500,11467.921092,False,1,True,False,False,False,False,False,False,False
12.2549,500,11477.211075,False,1,True,False,False,False,False,False,False,False
13.580617,500,11485.710651,False,1,True,False,False,False,False,False,False,False
13.259796,500,11494.325313,False,1,True,False,False,False,False,False,False,False
14.180414,500,11502.218297,False,1,True,False,False,False,False,False,False,False
12.115672,500,11511.119212,False,1,True,False,False,False,False,False,False,False
14.314047,500,11520.115051,False,1,True,False,False,False,False,False,False,False
14.037693,500,11899.109501,False,1,True,False,False,False,False,False,False,False
12.552846,500,11908.026748,False,1,True,False,False,False,False,False,False,False
13.064574,500,11917.510713,False,1,True,False,False,False,False,False,False,False
11.441308,500,11924.623736,False,1,True,True,False,False,False,False,False,False
11.159043,500,11933.216666,False,1,True,False,False,False,False,False,False,False
13.772966,500,11941.509605,False,1,True,False,False,False,False,False,False,False
13.158581,500,11950.91352,False,1,True,False,False,False,False,False,False,False
14.235855,500,11958.616643,False,1,True,False,False,False,False,False,False,False
13.33075,500,11967.021666,False,1,True,False,False,False,False,False,False,False
12.738717,500,11974.808059,False,1,True,False,False,False,False,False,False,False
13.558428,500,11984.409285,False,1,True,False,False,False,False,False,False,False
13.230832,500,11992.417626,False,1,True,False,False,False,False,False,False,False
12.650977,500,12000.409583,False,1,True,False,False,False,False,False,False,False
7.333982,500,12007.909308,False,1,False,False,False,False,False,False,False,False
12.922567,500,12016.91336,False,1,True,False,False,False,False,False,False,False
14.496177,500,12024.713125,False,1,True,True,True,False,False,False,False,False
13.250957,500,12032.807345,False,1,True,False,False,False,False,False,False,False
13.599434,500,12041.123111,False,1,True,False,False,False,False,False,False,False
13.493949,500,12050.61086,False,1,True,False,False,False,False,False,False,False
-9.384351,470,12057.614541,False,1,True,False,False,False,False,False,False,False
13.236272,500,12065.713335,False,1,True,False,False,False,False,False,False,False
14.21128,500,12073.820153,False,1,True,False,False,False,False,False,False,False
13.838489,500,12081.325307,False,1,True,False,False,False,False,False,False,False
13.54806,500,12090.71615,False,1,True,False,False,False,False,False,False,False
13.621954,500,12099.127626,False,1,True,False,False,False,False,False,False,False
-6.888741,186,12101.818372,False,1,True,False,False,False,False,False,False,False
13.203251,500,12109.12391,False,1,True,False,False,False,False,False,False,False
13.19419,500,12118.012177,False,1,True,False,False,False,False,False,False,False
13.093948,500,12126.120117,False,1,True,False,False,False,False,False,False,False
14.174466,500,12134.325899,False,1,True,False,False,False,False,False,False,False
14.371219,500,12142.326449,False,1,True,False,False,False,False,False,False,False
13.832534,500,12151.617593,False,1,True,False,False,False,False,False,False,False
13.740727,500,12159.909737,False,1,True,False,False,False,False,False,False,False
13.52299,500,12167.812055,False,1,True,False,False,False,False,False,False,False
10.972026,500,12175.52053,False,1,True,False,False,False,False,False,False,False
13.483513,500,12184.616142,False,1,True,False,False,False,False,False,False,False
12.684234,500,12191.626142,False,1,True,False,False,False,False,False,False,False
13.564166,500,12199.811766,False,1,True,False,False,False,False,False,False,False
13.655326,500,12207.210821,False,1,True,False,False,False,False,False,False,False
13.245888,500,12215.514082,False,1,True,False,False,False,False,False,False,False
13.401666,500,12224.809736,False,1,True,False,False,False,False,False,False,False
12.823789,500,12232.217469,False,1,True,False,False,False,False,False,False,False
12.727605,500,12239.418187,False,1,True,False,False,False,False,False,False,False
12.057111,500,12247.108331,False,1,True,False,False,False,False,False,False,False
14.270805,500,12256.221948,False,1,True,False,False,False,False,False,False,False
12.463467,500,12263.826119,False,1,True,False,False,False,False,False,False,False
13.879283,500,12272.213525,False,1,True,False,False,False,False,False,False,False
12.771028,500,12280.822833,False,1,True,False,False,False,False,False,False,False
12.230679,500,12290.413061,False,1,True,False,False,False,False,False,False,False
13.02594,500,12298.618176,False,1,True,False,False,False,False,False,False,False
6.993614,500,12306.2206,False,1,True,False,False,False,False,False,False,False
13.735349,500,12691.613696,False,1,True,False,False,False,False,False,False,False
13.574984,500,12701.209874,False,1,True,False,False,False,False,False,False,False
11.770292,500,12708.723456,False,1,True,False,False,False,False,False,False,False
13.979966,500,12716.710816,False,1,True,False,False,False,False,False,False,False
14.143307,500,12724.81129,False,1,True,False,False,False,False,False,False,False
-7.143347,442,12733.631314,False,1,False,False,False,False,False,False,False,False
-8.219593,69,12734.919715,False,1,False,False,False,False,False,False,False,False
-6.67147,64,12735.819204,False,1,False,False,False,False,False,False,False,False
13.836217,500,12743.715698,False,1,True,False,False,False,False,False,False,False
13.774806,500,12751.219209,False,1,True,False,False,False,False,False,False,False
12.774805,500,12759.61887,False,1,True,False,False,False,False,False,False,False
14.092093,500,12768.820389,False,1,True,False,False,False,False,False,False,False
12.241306,500,12776.709832,False,1,True,False,False,False,False,False,False,False
13.797252,500,12785.020043,False,1,True,False,False,False,False,False,False,False
11.999069,500,12793.523896,False,1,True,False,False,False,False,False,False,False
14.159193,500,12803.014554,False,1,True,False,False,False,False,False,False,False
-3.349595,164,12805.612796,False,1,True,False,False,False,False,False,False,False
12.279216,500,12813.014956,False,1,True,False,False,False,False,False,False,False
13.754098,500,12821.922234,False,1,True,False,False,False,False,False,False,False
13.775948,500,12830.118683,False,1,True,False,False,False,False,False,False,False
13.391133,500,12839.023506,False,1,True,False,False,False,False,False,False,False
12.358943,500,12847.31492,False,1,True,False,False,False,False,False,False,False
13.00981,500,12855.017931,False,1,True,False,False,False,False,False,False,False
14.037575,500,12862.726481,False,1,True,False,False,False,False,False,False,False
13.640397,500,12872.713371,False,1,True,False,False,False,False,False,False,False
13.779468,500,12881.112324,False,1,True,False,False,False,False,False,False,False
14.490186,500,12888.31401,False,1,True,False,False,False,False,False,False,False
13.264983,500,12895.913535,False,1,True,False,False,False,False,False,False,False
13.438452,500,12905.718999,False,1,True,False,False,False,False,False,False,False
12.414203,500,12913.610236,False,1,True,False,False,False,False,False,False,False
13.501446,500,12922.210392,False,1,True,False,False,False,False,False,False,False
11.449501,500,12929.909428,False,1,True,False,False,False,False,False,False,False
12.956392,500,12939.724,False,1,True,False,False,False,False,False,False,False
12.913578,500,12947.612203,False,1,True,False,False,False,False,False,False,False
13.604617,500,12954.909477,False,1,True,False,False,False,False,False,False,False
11.52983,500,12963.22061,False,1,True,False,False,False,False,False,False,False
13.569788,500,12973.717181,False,1,True,False,False,False,False,False,False,False
13.741965,500,12982.217235,False,1,True,False,False,False,False,False,False,False
12.881627,500,12991.417861,False,1,True,False,False,False,False,False,False,False
13.157367,500,12998.919902,False,1,True,False,False,False,False,False,False,False
13.061536,500,13008.518991,False,1,True,False,False,False,False,False,False,False
13.393773,500,13016.610351,False,1,True,False,False,False,False,False,False,False
13.636344,500,13024.518279,False,1,True,False,False,False,False,False,False,False
11.415216,500,13032.016558,False,1,True,False,False,False,False,False,False,False
13.403871,500,13041.312289,False,1,True,False,False,False,False,False,False,False
12.732691,500,13050.024481,False,1,True,False,False,False,False,False,False,False
13.175174,500,13057.615446,False,1,True,False,False,False,False,False,False,False
12.822452,500,13065.818398,False,1,True,False,False,False,False,False,False,False
13.249416,500,13075.811974,False,1,True,False,False,False,False,False,False,False
9.082621,500,13082.62751,False,1,False,False,False,False,False,False,False,False
13.914395,500,13090.916735,False,1,True,False,False,False,False,False,False,False
13.083588,500,13098.712911,False,1,True,False,False,False,False,False,False,False
13.44529,500,13485.225375,False,1,True,False,False,False,False,False,False,False
13.016446,500,13495.324228,False,1,True,False,False,False,False,False,False,False
13.484959,500,13504.317155,False,1,True,False,False,False,False,False,False,False
13.532757,500,13511.71507,False,1,True,False,False,False,False,False,False,False
14.21563,500,13519.009483,False,1,True,False,False,False,False,False,False,False
13.532644,500,13528.127151,False,1,True,False,False,False,False,False,False,False
13.348442,500,13538.422573,False,1,True,False,False,False,False,False,False,False
10.138921,500,13546.421332,False,1,True,False,False,False,False,False,False,False
13.022697,500,13554.620585,False,1,True,False,False,False,False,False,False,False
12.734282,500,13563.723218,False,1,True,False,False,False,False,False,False,False
14.009404,500,13571.215696,False,1,True,False,False,False,False,False,False,False
14.090345,500,13578.512214,False,1,True,False,False,False,False,False,False,False
13.270893,500,13586.023451,False,1,True,False,False,False,False,False,False,False
13.736698,500,13596.022656,False,1,True,False,False,False,False,False,False,False
13.501922,500,13603.811196,False,1,True,False,False,False,False,False,False,False
13.851074,500,13612.12325,False,1,True,False,False,False,False,False,False,False
11.072046,500,13620.312347,False,1,True,False,False,False,False,False,False,False
13.673878,500,13629.909534,False,1,True,False,False,False,False,False,False,False
12.837289,500,13637.816366,False,1,True,False,False,False,False,False,False,False
13.576846,500,13645.90888,False,1,True,False,False,False,False,False,False,False
13.837402,500,13654.315246,False,1,True,False,False,False,False,False,False,False
12.86437,500,13664.0183,False,1,True,False,False,False,False,False,False,False
13.73585,500,13671.415334,False,1,True,False,False,False,False,False,False,False
12.533298,500,13679.519442,False,1,True,False,False,False,False,False,False,False
12.995659,500,13688.316315,False,1,True,False,False,False,False,False,False,False
12.991778,500,13698.91548,False,1,True,False,False,False,False,False,False,False
12.562262,500,13707.118063,False,1,True,False,False,False,False,False,False,False
13.371982,500,13715.71663,False,1,True,False,False,False,False,False,False,False
13.556835,500,13723.723906,False,1,True,False,False,False,False,False,False,False
13.786817,500,13732.526959,False,1,True,False,False,False,False,False,False,False
13.801632,500,13742.021895,False,1,True,False,False,False,False,False,False,False
13.735433,500,13749.915237,False,1,True,False,False,False,False,False,False,False
14.085314,500,13757.326208,False,1,True,False,False,False,False,False,False,False
12.815948,500,13766.928708,False,1,True,False,False,False,False,False,False,False
13.917351,500,13774.81836,False,1,True,False,False,False,False,False,False,False
13.841759,500,13782.212734,False,1,True,False,False,False,False,False,False,False
13.784292,500,13789.71449,False,1,True,False,False,False,False,False,False,False
21.561366,500,13799.117727,False,1,True,True,True,False,False,False,False,False
13.525931,500,13806.711987,False,1,True,False,False,False,False,False,False,False
11.561685,500,13813.326497,False,1,True,False,False,False,False,False,False,False
13.867527,500,13820.809469,False,1,True,False,False,False,False,False,False,False
14.040672,500,13829.022688,False,1,True,False,False,False,False,False,False,False
12.772623,500,13838.224949,False,1,True,False,False,False,False,False,False,False
13.009054,500,13846.228319,False,1,True,False,False,False,False,False,False,False
13.645813,500,13855.612999,False,1,True,False,False,False,False,False,False,False
11.560509,500,13862.923473,False,1,True,False,False,False,False,False,False,False
13.824507,500,13871.624957,False,1,True,False,False,False,False,False,False,False
14.265111,500,13880.827218,False,1,True,False,False,False,False,False,False,False
14.028966,500,13888.709433,False,1,True,False,False,False,False,False,False,False
12.640575,500,13896.921404,False,1,True,False,False,False,False,False,False,False
12.493139,500,14298.807191,False,1,True,True,True,False,False,False,False,False
13.669696,500,14307.515476,False,1,True,False,False,False,False,False,False,False
13.54554,500,14316.614689,False,1,True,False,False,False,False,False,False,False
13.038288,500,14324.220234,False,1,True,False,False,False,False,False,False,False
14.366303,500,14335.221499,False,1,True,False,False,False,False,False,False,False
13.124564,500,14343.109902,False,1,True,False,False,False,False,False,False,False
13.259045,500,14350.423779,False,1,True,False,False,False,False,False,False,False
13.594408,500,14360.326919,False,1,True,False,False,False,False,False,False,False
13.742095,500,14370.425216,False,1,True,False,False,False,False,False,False,False
13.149745,500,14378.507387,False,1,True,False,False,False,False,False,False,False
12.234,500,14388.013007,False,1,True,False,False,False,False,False,False,False
13.59907,500,14396.213264,False,1,True,False,False,False,False,False,False,False
12.491882,500,14406.416928,False,1,True,False,False,False,False,False,False,False
12.871197,500,14414.911949,False,1,True,False,False,False,False,False,False,False
11.410766,500,14423.411466,False,1,True,False,False,False,False,False,False,False
12.611271,500,14431.419098,False,1,True,False,False,False,False,False,False,False
13.136798,500,14440.423032,False,1,True,False,False,False,False,False,False,False
13.615662,500,14449.018012,False,1,True,False,False,False,False,False,False,False
13.453632,500,14457.820079,False,1,True,False,False,False,False,False,False,False
13.087801,500,14466.116939,False,1,True,False,False,False,False,False,False,False
13.553365,500,14478.227073,False,1,True,False,False,False,False,False,False,False
13.058311,500,14486.31772,False,1,True,False,False,False,False,False,False,False
12.874106,500,14493.511455,False,1,True,False,False,False,False,False,False,False
21.114897,500,14501.111519,False,1,True,True,True,False,False,False,False,False
12.958807,500,14512.42385,False,1,True,False,False,False,False,False,False,False
13.594919,500,14519.723619,False,1,True,False,False,False,False,False,False,False
11.132911,500,14527.720927,False,1,True,True,False,False,False,False,False,False
14.010163,500,14536.026445,False,1,True,False,False,False,False,False,False,False
13.906094,500,14546.218194,False,1,True,False,False,False,False,False,False,False
12.909751,500,14555.218024,False,1,True,False,False,False,False,False,False,False
13.68622,500,14563.130062,False,1,True,False,False,False,False,False,False,False
13.810558,500,14572.227584,False,1,True,False,False,False,False,False,False,False
13.65504,500,14582.114984,False,1,True,False,False,False,False,False,False,False
13.403426,500,14590.211053,False,1,True,False,False,False,False,False,False,False
13.639002,500,14597.518604,False,1,True,False,False,False,False,False,False,False
13.253694,500,14606.626987,False,1,True,False,False,False,False,False,False,False
12.972034,500,14614.121303,False,1,True,False,False,False,False,False,False,False
13.738546,500,14623.009447,False,1,True,False,False,False,False,False,False,False
13.905967,500,14632.115173,False,1,True,False,False,False,False,False,False,False
13.770183,500,14639.511444,False,1,True,False,False,False,False,False,False,False
13.087694,500,14646.814536,False,1,True,False,False,False,False,False,False,False
12.988065,500,14657.108533,False,1,True,False,False,False,False,False,False,False
10.950961,500,14665.022073,False,1,True,False,False,False,False,False,False,False
13.903411,500,14673.22521,False,1,True,False,False,False,False,False,False,False
13.565776,500,14681.917264,False,1,True,False,False,False,False,False,False,False
12.626902,500,14691.207849,False,1,True,False,False,False,False,False,False,False
12.652424,500,14698.9212,False,1,True,False,False,False,False,False,False,False
13.593947,500,14707.813387,False,1,True,False,False,False,False,False,False,False
14.42657,500,14715.5124,False,1,True,False,False,False,False,False,False,False
13.289343,500,14725.320229,False,1,True,False,False,False,False,False,False,False
13.464019,500,15106.711612,False,1,True,False,False,False,False,False,False,False
13.347436,500,15115.112336,False,1,True,False,False,False,False,False,False,False
12.660681,500,15123.324057,False,1,True,False,False,False,False,False,False,False
13.086435,500,15132.907456,False,1,True,False,False,False,False,False,False,False
13.525581,500,15140.623179,False,1,True,False,False,False,False,False,False,False
13.016019,500,15148.513048,False,1,True,False,False,False,False,False,False,False
13.80681,500,15157.009483,False,1,True,False,False,False,False,False,False,False
13.30476,500,15165.623114,False,1,True,False,False,False,False,False,False,False
14.07241,500,15173.513358,False,1,True,False,False,False,False,False,False,False
13.9497,500,15182.525614,False,1,True,False,False,False,False,False,False,False
13.379944,500,15190.809902,False,1,True,False,False,False,False,False,False,False
13.825884,500,15202.215581,False,1,True,False,False,False,False,False,False,False
13.349203,500,15210.917123,False,1,True,False,False,False,False,False,False,False
13.420768,500,15219.125061,False,1,True,False,False,False,False,False,False,False
12.961043,500,15228.313751,False,1,True,False,False,False,False,False,False,False
13.208201,500,15237.426544,False,1,True,False,False,False,False,False,False,False
13.221953,500,15245.612216,False,1,True,False,False,False,False,False,False,False
13.84774,500,15253.023309,False,1,True,False,False,False,False,False,False,False
13.571943,500,15260.621382,False,1,True,False,False,False,False,False,False,False
12.980284,500,15271.409303,False,1,True,False,False,False,False,False,False,False
14.127069,500,15279.426728,False,1,True,False,False,False,False,False,False,False
12.305099,500,15288.512235,False,1,True,False,False,False,False,False,False,False
12.931878,500,15296.423467,False,1,True,False,False,False,False,False,False,False
13.552157,500,15307.009455,False,1,True,False,False,False,False,False,False,False
13.29915,500,15315.609473,False,1,True,False,False,False,False,False,False,False
12.84164,500,15323.914071,False,1,True,False,False,False,False,False,False,False
11.305408,500,15331.708991,False,1,True,True,False,False,False,False,False,False
13.750082,500,15340.510285,False,1,True,False,False,False,False,False,False,False
13.027488,500,15350.710523,False,1,True,False,False,False,False,False,False,False
13.680515,500,15359.026621,False,1,True,False,False,False,False,False,False,False
13.863229,500,15366.323992,False,1,True,False,False,False,False,False,False,False
11.808287,500,15375.209666,False,1,True,False,False,False,False,False,False,False
13.512465,500,15384.815389,False,1,True,False,False,False,False,False,False,False
13.31493,500,15392.523101,False,1,True,False,False,False,False,False,False,False
12.633824,500,15399.912301,False,1,True,False,False,False,False,False,False,False
9.933582,500,15407.324862,False,1,True,False,False,False,False,False,False,False
13.023714,500,15416.911335,False,1,True,False,False,False,False,False,False,False
13.482627,500,15424.124018,False,1,True,False,False,False,False,False,False,False
12.36065,500,15432.109174,False,1,True,False,False,False,False,False,False,False
13.311755,500,15439.3232,False,1,True,False,False,False,False,False,False,False
10.705552,500,15450.209448,False,1,True,False,False,False,False,False,False,False
14.158866,500,15458.015227,False,1,True,False,False,False,False,False,False,False
13.650733,500,15465.417958,False,1,True,False,False,False,False,False,False,False
14.154366,500,15473.409982,False,1,True,False,False,False,False,False,False,False
13.493906,500,15482.817963,False,1,True,False,False,False,False,False,False,False
13.297902,500,15490.416112,False,1,True,False,False,False,False,False,False,False
11.945536,500,15499.508125,False,1,True,False,False,False,False,False,False,False
13.038783,500,15506.923331,False,1,True,False,False,False,False,False,False,False
13.806697,500,15516.124439,False,1,True,False,False,False,False,False,False,False
13.643176,500,15523.912369,False,1,True,False,False,False,False,False,False,False
14.068479,500,15891.516741,False,1,True,False,False,False,False,False,False,False
12.846067,500,15898.91477,False,1,True,False,False,False,False,False,False,False
13.771383,500,15908.826095,False,1,True,False,False,False,False,False,False,False
13.818385,500,15916.218414,False,1,True,False,False,False,False,False,False,False
12.247213,500,15924.017558,False,1,True,False,False,False,False,False,False,False
16.980883,500,15932.424304,False,1,True,True,True,False,False,False,False,False
13.90167,500,15941.021382,False,1,True,False,False,False,False,False,False,False
12.887451,500,15949.308503,False,1,True,False,False,False,False,False,False,False
13.056647,500,15957.620685,False,1,True,False,False,False,False,False,False,False
12.817598,500,15965.311754,False,1,True,False,False,False,False,False,False,False
10.822149,500,15974.518851,False,1,True,False,False,False,False,False,False,False
13.721069,500,15982.115312,False,1,True,False,False,False,False,False,False,False
13.613696,500,15989.721127,False,1,True,False,False,False,False,False,False,False
14.230403,500,15997.809446,False,1,True,False,False,False,False,False,False,False
13.671964,500,16007.710369,False,1,True,False,False,False,False,False,False,False
13.63791,500,16016.215312,False,1,True,False,False,False,False,False,False,False
14.071801,500,16024.421148,False,1,True,False,False,False,False,False,False,False
13.627873,500,16032.824197,False,1,True,False,False,False,False,False,False,False
13.725875,500,16043.215695,False,1,True,False,False,False,False,False,False,False
14.167502,500,16051.91939,False,1,True,False,False,False,False,False,False,False
14.530282,500,16059.910091,False,1,True,False,False,False,False,False,False,False
12.141936,500,16068.332547,False,1,True,False,False,False,False,False,False,False
14.378601,500,16076.519895,False,1,True,False,False,False,False,False,False,False
13.387949,500,16086.220735,False,1,True,False,False,False,False,False,False,False
13.873162,500,16094.713018,False,1,True,False,False,False,False,False,False,False
13.816159,500,16103.215642,False,1,True,False,False,False,False,False,False,False
14.116376,500,16111.713368,False,1,True,False,False,False,False,False,False,False
12.553409,500,16121.623386,False,1,True,False,False,False,False,False,False,False
7.663448,500,16130.53362,False,1,True,True,True,False,False,False,False,False
13.381992,500,16139.309762,False,1,True,False,False,False,False,False,False,False
12.950824,500,16147.725961,False,1,True,False,False,False,False,False,False,False
13.441504,500,16158.12421,False,1,True,False,False,False,False,False,False,False
14.255902,500,16166.3146,False,1,True,False,False,False,False,False,False,False
11.917474,500,16174.623585,False,1,True,False,False,False,False,False,False,False
7.974319,500,16183.212008,False,1,False,False,False,False,False,False,False,False
12.935032,500,16193.41935,False,1,True,False,False,False,False,False,False,False
12.599099,500,16202.323757,False,1,True,False,False,False,False,False,False,False
13.619458,500,16210.320909,False,1,True,False,False,False,False,False,False,False
13.609245,500,16218.118463,False,1,True,False,False,False,False,False,False,False
13.643413,500,16227.726882,False,1,True,False,False,False,False,False,False,False
12.879265,500,16235.818437,False,1,True,False,False,False,False,False,False,False
14.319065,500,16243.509946,False,1,True,False,False,False,False,False,False,False
12.968094,500,16251.320056,False,1,True,False,False,False,False,False,False,False
14.029172,500,16260.809265,False,1,True,False,False,False,False,False,False,False
13.932653,500,16269.020012,False,1,True,False,False,False,False,False,False,False
13.287484,500,16278.015358,False,1,True,False,False,False,False,False,False,False
13.276808,500,16285.823417,False,1,True,False,False,False,False,False,False,False
13.969179,500,16295.315646,False,1,True,False,False,False,False,False,False,False
13.380085,500,16303.612248,False,1,True,False,False,False,False,False,False,False
13.613134,500,16311.624216,False,1,True,False,False,False,False,False,False,False
12.888399,500,16682.624217,False,1,True,False,False,False,False,False,False,False
13.51526,500,16692.026613,False,1,True,False,False,False,False,False,False,False
12.733891,500,16699.412108,False,1,True,False,False,False,False,False,False,False
13.981808,500,16707.219057,False,1,True,False,False,False,False,False,False,False
14.27667,500,16714.929297,False,1,True,False,False,False,False,False,False,False
14.074093,500,16723.726015,False,1,True,False,False,False,False,False,False,False
13.843844,500,16731.420939,False,1,True,False,False,False,False,False,False,False
14.07095,500,16738.924362,False,1,True,False,False,False,False,False,False,False
13.132723,500,16746.618049,False,1,True,False,False,False,False,False,False,False
13.479326,500,16755.311612,False,1,True,False,False,False,False,False,False,False
14.078641,500,16763.016986,False,1,True,False,False,False,False,False,False,False
13.732154,500,16770.621158,False,1,True,False,False,False,False,False,False,False
13.463077,500,16778.41065,False,1,True,False,False,False,False,False,False,False
14.05265,500,16786.421423,False,1,True,False,False,False,False,False,False,False
14.210751,500,16795.912983,False,1,True,False,False,False,False,False,False,False
13.714812,500,16804.215205,False,1,True,False,False,False,False,False,False,False
13.512349,500,16811.623713,False,1,True,False,False,False,False,False,False,False
13.928226,500,16819.221079,False,1,True,False,False,False,False,False,False,False
13.553999,500,16828.92356,False,1,True,False,False,False,False,False,False,False
13.28805,500,16836.219237,False,1,True,False,False,False,False,False,False,False
18.362703,500,16844.018983,False,1,True,True,True,False,False,False,False,False
13.740111,500,16852.618282,False,1,True,False,False,False,False,False,False,False
12.843608,500,16862.311467,False,1,True,False,False,False,False,False,False,False
14.207214,500,16869.709456,False,1,True,False,False,False,False,False,False,False
11.15791,500,16877.716949,False,1,True,False,False,False,False,False,False,False
10.635241,500,16885.718314,False,1,True,False,False,False,False,False,False,False
13.029837,500,16894.523025,False,1,True,False,False,False,False,False,False,False
13.667984,500,16902.109666,False,1,True,False,False,False,False,False,False,False
12.963812,500,16909.622161,False,1,True,False,False,False,False,False,False,False
14.139032,500,16917.11346,False,1,True,False,False,False,False,False,False,False
13.932221,500,16927.212744,False,1,True,False,False,False,False,False,False,False
13.851057,500,16935.514729,False,1,True,False,False,False,False,False,False,False
13.950377,500,16943.621174,False,1,True,False,False,False,False,False,False,False
14.207646,500,16951.809938,False,1,True,False,False,False,False,False,False,False
13.728801,500,16961.212362,False,1,True,False,False,False,False,False,False,False
12.431463,500,16969.213658,False,1,True,False,False,False,False,False,False,False
13.306051,500,16976.517882,False,1,True,False,False,False,False,False,False,False
13.935091,500,16984.010455,False,1,True,False,False,False,False,False,False,False
13.801361,500,16993.420313,False,1,True,False,False,False,False,False,False,False
13.793921,500,17001.017775,False,1,True,False,False,False,False,False,False,False
13.719608,500,17008.820262,False,1,True,False,False,False,False,False,False,False
12.605404,500,17016.609707,False,1,True,False,False,False,False,False,False,False
14.002055,500,17026.112335,False,1,True,False,False,False,False,False,False,False
14.334771,500,17033.615717,False,1,True,False,False,False,False,False,False,False
14.085832,500,17041.723524,False,1,True,False,False,False,False,False,False,False
13.937303,500,17050.518265,False,1,True,False,False,False,False,False,False,False
13.805482,500,17060.013758,False,1,True,False,False,False,False,False,False,False
14.105676,500,17067.712666,False,1,True,False,False,False,False,False,False,False
14.263679,500,17076.012308,False,1,True,False,False,False,False,False,False,False
13.854426,500,17083.812485,False,1,True,False,False,False,False,False,False,False
14.159776,500,17452.421175,False,1,True,False,False,False,False,False,False,False
14.076355,500,17460.615242,False,1,True,False,False,False,False,False,False,False
13.968724,500,17468.213631,False,1,True,False,False,False,False,False,False,False
12.886704,500,17476.315676,False,1,True,False,False,False,False,False,False,False
12.717588,500,17486.818479,False,1,True,False,False,False,False,False,False,False
13.662594,500,17494.219281,False,1,True,False,False,False,False,False,False,False
13.437735,500,17501.61137,False,1,True,False,False,False,False,False,False,False
13.41196,500,17509.712482,False,1,True,False,False,False,False,False,False,False
13.568026,500,17517.512301,False,1,True,False,False,False,False,False,False,False
13.879372,500,17526.409908,False,1,True,False,False,False,False,False,False,False
13.767901,500,17534.722184,False,1,True,False,False,False,False,False,False,False
13.49168,500,17542.915316,False,1,True,False,False,False,False,False,False,False
13.922339,500,17550.621114,False,1,True,False,False,False,False,False,False,False
13.512581,500,17559.526217,False,1,True,False,False,False,False,False,False,False
13.781744,500,17567.909889,False,1,True,False,False,False,False,False,False,False
13.976771,500,17575.321039,False,1,True,False,False,False,False,False,False,False
13.795085,500,17582.624109,False,1,True,False,False,False,False,False,False,False
13.489062,500,17591.423735,False,1,True,False,False,False,False,False,False,False
13.077522,500,17599.417765,False,1,True,False,False,False,False,False,False,False
12.524433,500,17606.71291,False,1,True,False,False,False,False,False,False,False
13.68492,500,17614.607257,False,1,True,False,False,False,False,False,False,False
13.474119,500,17624.019713,False,1,True,False,False,False,False,False,False,False
14.288221,500,17631.409395,False,1,True,False,False,False,False,False,False,False
13.822679,500,17639.018901,False,1,True,False,False,False,False,False,False,False
13.840015,500,17646.92761,False,1,True,False,False,False,False,False,False,False
13.463752,500,17656.521546,False,1,True,False,False,False,False,False,False,False
13.877501,500,17663.715922,False,1,True,False,False,False,False,False,False,False
14.117139,500,17671.221297,False,1,True,False,False,False,False,False,False,False
13.46208,500,17679.216896,False,1,True,False,False,False,False,False,False,False
13.948622,500,17688.70707,False,1,True,False,False,False,False,False,False,False
11.533934,500,17696.208102,False,1,True,True,False,False,False,False,False,False
13.7198,500,17703.620981,False,1,True,False,False,False,False,False,False,False
13.294235,500,17711.411354,False,1,True,False,False,False,False,False,False,False
14.104073,500,17720.11521,False,1,True,False,False,False,False,False,False,False
13.288611,500,17727.816462,False,1,True,False,False,False,False,False,False,False
13.381874,500,17735.815212,False,1,True,False,False,False,False,False,False,False
5.748473,500,17742.112082,False,1,True,False,False,False,False,False,False,False
13.278525,500,17750.913573,False,1,True,False,False,False,False,False,False,False
13.245254,500,17759.021265,False,1,True,False,False,False,False,False,False,False
14.322775,500,17767.313335,False,1,True,False,False,False,False,False,False,False
14.229005,500,17775.121244,False,1,True,False,False,False,False,False,False,False
14.20723,500,17784.012319,False,1,True,False,False,False,False,False,False,False
13.681003,500,17792.023759,False,1,True,False,False,False,False,False,False,False
13.352381,500,17800.316948,False,1,True,False,False,False,False,False,False,False
14.496396,500,17808.018674,False,1,True,False,False,False,False,False,False,False
13.941312,500,17816.91231,False,1,True,False,False,False,False,False,False,False
13.958767,500,17824.916977,False,1,True,False,False,False,False,False,False,False
13.923109,500,17833.024127,False,1,True,False,False,False,False,False,False,False
13.694605,500,17840.322234,False,1,True,False,False,False,False,False,False,False
14.194527,500,17848.513084,False,1,True,False,False,False,False,False,False,False
12.955832,500,18233.924469,False,1,True,False,False,False,False,False,False,False
13.436853,500,18242.120114,False,1,True,False,False,False,False,False,False,False
14.009544,500,18250.310146,False,1,True,False,False,False,False,False,False,False
13.65069,500,18258.12623,False,1,True,False,False,False,False,False,False,False
13.562892,500,18267.419404,False,1,True,False,False,False,False,False,False,False
13.00221,500,18275.910143,False,1,True,False,False,False,False,False,False,False
13.457153,500,18283.818095,False,1,True,False,False,False,False,False,False,False
12.806762,500,18291.212466,False,1,True,False,False,False,False,False,False,False
14.422988,500,18301.01847,False,1,True,False,False,False,False,False,False,False
13.803154,500,18308.720683,False,1,True,False,False,False,False,False,False,False
13.936546,500,18316.518483,False,1,True,False,False,False,False,False,False,False
13.969416,500,18324.320331,False,1,True,False,False,False,False,False,False,False
13.815249,500,18334.515031,False,1,True,False,False,False,False,False,False,False
13.800546,500,18342.109458,False,1,True,False,False,False,False,False,False,False
13.139595,500,18349.616303,False,1,True,False,False,False,False,False,False,False
13.439518,500,18357.312603,False,1,True,False,False,False,False,False,False,False
14.313717,500,18366.812169,False,1,True,False,False,False,False,False,False,False
13.598514,500,18374.625881,False,1,True,False,False,False,False,False,False,False
14.236665,500,18382.421446,False,1,True,False,False,False,False,False,False,False
14.303869,500,18390.809456,False,1,True,False,False,False,False,False,False,False
13.828072,500,18401.020766,False,1,True,False,False,False,False,False,False,False
13.907368,500,18408.420531,False,1,True,False,False,False,False,False,False,False
13.659742,500,18415.922951,False,1,True,False,False,False,False,False,False,False
12.999986,500,18424.113255,False,1,True,False,False,False,False,False,False,False
13.941756,500,18433.12468,False,1,True,False,False,False,False,False,False,False
13.874409,500,18441.013157,False,1,True,False,False,False,False,False,False,False
13.266928,500,18449.325135,False,1,True,False,False,False,False,False,False,False
14.455294,500,18457.420646,False,1,True,False,False,False,False,False,False,False
13.971575,500,18467.024127,False,1,True,False,False,False,False,False,False,False
14.078038,500,18474.415173,False,1,True,False,False,False,False,False,False,False
13.886939,500,18482.812378,False,1,True,False,False,False,False,False,False,False
14.477975,500,18490.426178,False,1,True,False,False,False,False,False,False,False
14.107232,500,18499.506943,False,1,True,False,False,False,False,False,False,False
14.581424,500,18508.034081,False,1,True,False,False,False,False,False,False,False
14.379812,500,18516.110914,False,1,True,False,False,False,False,False,False,False
14.288927,500,18524.712118,False,1,True,False,False,False,False,False,False,False
13.523237,500,18534.313336,False,1,True,False,False,False,False,False,False,False
14.067759,500,18542.812373,False,1,True,False,False,False,False,False,False,False
14.182141,500,18550.120507,False,1,True,False,False,False,False,False,False,False
14.266606,500,18557.609269,False,1,True,False,False,False,False,False,False,False
13.589956,500,18566.413453,False,1,True,False,False,False,False,False,False,False
13.516764,500,18576.114445,False,1,True,False,False,False,False,False,False,False
13.734994,500,18583.919209,False,1,True,False,False,False,False,False,False,False
14.493434,500,18591.812406,False,1,True,False,False,False,False,False,False,False
14.08856,500,18600.711495,False,1,True,False,False,False,False,False,False,False
13.663293,500,18610.429759,False,1,True,False,False,False,False,False,False,False
13.61774,500,18617.810542,False,1,True,False,False,False,False,False,False,False
13.844899,500,18626.712319,False,1,True,False,False,False,False,False,False,False
14.536758,500,18634.917697,False,1,True,False,False,False,False,False,False,False
13.334426,500,18644.421827,False,1,True,False,False,False,False,False,False,False
13.719684,500,19022.615997,False,1,True,False,False,False,False,False,False,False
-3.716845,121,19024.31341,False,1,False,False,False,False,False,False,False,False
14.019773,500,19032.626181,False,1,True,False,False,False,False,False,False,False
14.230242,500,19040.02142,False,1,True,False,False,False,False,False,False,False
13.81719,500,19050.221909,False,1,True,False,False,False,False,False,False,False
14.041259,500,19058.723985,False,1,True,False,False,False,False,False,False,False
14.21859,500,19067.423083,False,1,True,False,False,False,False,False,False,False
13.951864,500,19075.11529,False,1,True,False,False,False,False,False,False,False
14.076477,500,19084.121523,False,1,True,False,False,False,False,False,False,False
14.455951,500,19092.915287,False,1,True,False,False,False,False,False,False,False
14.151837,500,19100.81599,False,1,True,False,False,False,False,False,False,False
14.094938,500,19108.809459,False,1,True,False,False,False,False,False,False,False
14.075951,500,19118.623595,False,1,True,False,False,False,False,False,False,False
2.772196,462,19126.21465,False,1,False,True,True,False,False,False,False,False
13.90592,500,19134.117545,False,1,True,False,False,False,False,False,False,False
14.344291,500,19141.714252,False,1,True,False,False,False,False,False,False,False
14.244093,500,19150.913386,False,1,True,False,False,False,False,False,False,False
14.272854,500,19159.717937,False,1,True,False,False,False,False,False,False,False
13.873529,500,19167.408831,False,1,True,False,False,False,False,False,False,False
14.117888,500,19175.407093,False,1,True,False,False,False,False,False,False,False
13.634982,500,19185.109874,False,1,True,False,False,False,False,False,False,False
13.489128,500,19192.922716,False,1,True,False,False,False,False,False,False,False
13.144083,500,19200.409445,False,1,True,False,False,False,False,False,False,False
13.96357,500,19207.809321,False,1,True,False,False,False,False,False,False,False
13.940604,500,19217.321975,False,1,True,False,False,False,False,False,False,False
14.031623,500,19225.416171,False,1,True,False,False,False,False,False,False,False
13.806934,500,19233.408459,False,1,True,False,False,False,False,False,False,False
13.922481,500,19241.32369,False,1,True,False,False,False,False,False,False,False
14.059633,500,19250.815458,False,1,True,False,False,False,False,False,False,False
13.560231,500,19258.22921,False,1,True,False,False,False,False,False,False,False
14.362782,500,19265.91592,False,1,True,False,False,False,False,False,False,False
14.082449,500,19273.517661,False,1,True,False,False,False,False,False,False,False
13.728958,500,19282.924892,False,1,True,False,False,False,False,False,False,False
13.572133,500,19290.624007,False,1,True,False,False,False,False,False,False,False
14.317895,500,19298.523426,False,1,True,False,False,False,False,False,False,False
13.810321,500,19306.608855,False,1,True,False,False,False,False,False,False,False
14.247231,500,19315.821831,False,1,True,False,False,False,False,False,False,False
14.291489,500,19323.91739,False,1,True,False,False,False,False,False,False,False
14.366581,500,19332.316237,False,1,True,False,False,False,False,False,False,False
13.971755,500,19339.815598,False,1,True,False,False,False,False,False,False,False
14.163404,500,19350.312951,False,1,True,False,False,False,False,False,False,False
14.01386,500,19358.90972,False,1,True,False,False,False,False,False,False,False
13.741708,500,19367.115854,False,1,True,False,False,False,False,False,False,False
13.69586,500,19374.627149,False,1,True,False,False,False,False,False,False,False
14.093016,500,19382.219831,False,1,True,False,False,False,False,False,False,False
14.581776,500,19391.123955,False,1,True,False,False,False,False,False,False,False
-3.314235,454,19398.209556,False,1,True,False,False,False,False,False,False,False
13.952861,500,19406.220251,False,1,True,False,False,False,False,False,False,False
14.397429,500,19414.209857,False,1,True,False,False,False,False,False,False,False
-1.115369,500,19422.618144,False,1,False,False,False,False,False,False,False,False
13.923329,500,19430.22261,False,1,True,False,False,False,False,False,False,False
14.378422,500,19792.320183,False,1,True,False,False,False,False,False,False,False
13.850694,500,19799.612143,False,1,True,False,False,False,False,False,False,False
14.460784,500,19808.826866,False,1,True,False,False,False,False,False,False,False
13.429694,500,19817.223351,False,1,True,False,False,False,False,False,False,False
13.569347,500,19825.019763,False,1,True,False,False,False,False,False,False,False
12.083275,500,19832.610102,False,1,True,False,False,False,False,False,False,False
13.549235,500,19841.921932,False,1,True,False,False,False,False,False,False,False
14.44778,500,19849.515563,False,1,True,False,False,False,False,False,False,False
14.603093,500,19857.808135,False,1,True,False,False,False,False,False,False,False
11.838777,500,19865.719794,False,1,True,False,False,False,False,False,False,False
14.259402,500,19875.923024,False,1,True,False,False,False,False,False,False,False
13.084311,500,19883.922187,False,1,True,False,False,False,False,False,False,False
13.550283,500,19891.515847,False,1,True,False,False,False,False,False,False,False
13.833147,500,19899.023968,False,1,True,False,False,False,False,False,False,False
13.571782,500,19908.426597,False,1,True,False,False,False,False,False,False,False
14.109075,500,19916.324217,False,1,True,False,False,False,False,False,False,False
13.310161,500,19924.526873,False,1,True,False,False,False,False,False,False,False
13.316453,500,19932.809266,False,1,True,False,False,False,False,False,False,False
13.801097,500,19942.523389,False,1,True,False,False,False,False,False,False,False
14.032654,500,19950.5264,False,1,True,False,False,False,False,False,False,False
13.907538,500,19958.721414,False,1,True,False,False,False,False,False,False,False
13.853703,500,19966.721834,False,1,True,False,False,False,False,False,False,False
13.543268,500,19975.925739,False,1,True,False,False,False,False,False,False,False
8.616846,500,19983.715035,False,1,False,False,False,False,False,False,False,False
13.89879,500,19991.615522,False,1,True,False,False,False,False,False,False,False
14.104368,500,19999.207051,False,1,True,False,False,False,False,False,False,False
14.259093,500,20008.829215,False,1,True,False,False,False,False,False,False,False
14.328781,500,20016.613467,False,1,True,False,False,False,False,False,False,False
13.943329,500,20024.40936,False,1,True,False,False,False,False,False,False,False
14.037055,500,20031.718067,False,1,True,False,False,False,False,False,False,False
13.666208,500,20040.108217,False,1,True,False,False,False,False,False,False,False
14.512502,500,20049.921095,False,1,True,False,False,False,False,False,False,False
12.772237,500,20057.426645,False,1,True,False,False,False,False,False,False,False
13.646783,500,20065.011566,False,1,True,False,False,False,False,False,False,False
13.778853,500,20073.320405,False,1,True,False,False,False,False,False,False,False
13.780063,500,20082.312321,False,1,True,False,False,False,False,False,False,False
13.48538,500,20089.724391,False,1,True,False,False,False,False,False,False,False
14.419102,500,20097.324475,False,1,True,False,False,False,False,False,False,False
14.057353,500,20105.813437,False,1,True,False,False,False,False,False,False,False
12.860891,500,20114.824776,False,1,True,False,False,False,False,False,False,False
13.823968,500,20122.821537,False,1,True,False,False,False,False,False,False,False
14.090623,500,20130.128605,False,1,True,False,False,False,False,False,False,False
14.236725,500,20138.116575,False,1,True,False,False,False,False,False,False,False
13.583021,500,20147.726365,False,1,True,False,False,False,False,False,False,False
13.919079,500,20155.62526,False,1,True,False,False,False,False,False,False,False
14.05723,500,20163.919893,False,1,True,False,False,False,False,False,False,False
14.23718,500,20171.615751,False,1,True,False,False,False,False,False,False,False
14.513739,500,20180.718869,False,1,True,False,False,False,False,False,False,False
14.291464,500,20188.821105,False,1,True,False,False,False,False,False,False,False
14.275693,500,20196.308827,False,1,True,False,False,False,False,False,False,False
13.83003,500,20555.027854,False,1,True,False,False,False,False,False,False,False
14.021639,500,20564.122739,False,1,True,False,False,False,False,False,False,False
14.183155,500,20571.515455,False,1,True,False,False,False,False,False,False,False
14.123083,500,20579.115914,False,1,True,False,False,False,False,False,False,False
14.249903,500,20586.416314,False,1,True,False,False,False,False,False,False,False
14.40544,500,20595.512352,False,1,True,False,False,False,False,False,False,False
13.957832,500,20603.021976,False,1,True,False,False,False,False,False,False,False
14.145509,500,20610.423991,False,1,True,False,False,False,False,False,False,False
14.279232,500,20618.419924,False,1,True,False,False,False,False,False,False,False
14.530576,500,20627.42135,False,1,True,False,False,False,False,False,False,False
14.0737,500,20635.120878,False,1,True,False,False,False,False,False,False,False
14.042047,500,20642.826508,False,1,True,False,False,False,False,False,False,False
13.755976,500,20650.212987,False,1,True,False,False,False,False,False,False,False
14.462997,500,20659.510014,False,1,True,False,False,False,False,False,False,False
12.781952,500,20667.624118,False,1,True,False,False,False,False,False,False,False
12.640649,500,20674.82111,False,1,True,False,False,False,False,False,False,False
14.475149,500,20682.823089,False,1,True,False,False,False,False,False,False,False
14.017494,500,20692.825954,False,1,True,False,False,False,False,False,False,False
13.647627,500,20700.217972,False,1,True,False,False,False,False,False,False,False
14.273564,500,20708.124031,False,1,True,False,False,False,False,False,False,False
14.169742,500,20716.116683,False,1,True,False,False,False,False,False,False,False
12.372594,500,20724.314916,False,1,True,False,False,False,False,False,False,False
14.207152,500,20733.109458,False,1,True,False,False,False,False,False,False,False
14.267899,500,20740.419794,False,1,True,False,False,False,False,False,False,False
14.603372,500,20748.015681,False,1,True,False,False,False,False,False,False,False
12.812581,500,20754.622099,False,1,True,False,False,False,False,False,False,False
14.067625,500,20763.316678,False,1,True,False,False,False,False,False,False,False
13.98457,500,20771.608705,False,1,True,False,False,False,False,False,False,False
13.938918,500,20779.419775,False,1,True,False,False,False,False,False,False,False
14.120837,500,20787.81878,False,1,True,False,False,False,False,False,False,False
14.247749,500,20796.616289,False,1,True,False,False,False,False,False,False,False
13.668628,500,20804.112937,False,1,True,False,False,False,False,False,False,False
10.08699,500,20811.018124,False,1,False,False,False,False,False,False,False,False
14.551564,500,20819.015432,False,1,True,False,False,False,False,False,False,False
13.65942,500,20828.91195,False,1,True,False,False,False,False,False,False,False
14.245793,500,20836.326909,False,1,True,False,False,False,False,False,False,False
14.109438,500,20844.124069,False,1,True,False,False,False,False,False,False,False
13.902209,500,20852.218269,False,1,True,False,False,False,False,False,False,False
14.257423,500,20861.812443,False,1,True,False,False,False,False,False,False,False
14.262488,500,20869.812184,False,1,True,False,False,False,False,False,False,False
14.257089,500,20877.920047,False,1,True,False,False,False,False,False,False,False
13.52422,500,20885.215261,False,1,True,False,False,False,False,False,False,False
14.340467,500,20894.413555,False,1,True,False,False,False,False,False,False,False
14.217584,500,20901.71255,False,1,True,False,False,False,False,False,False,False
14.255848,500,20909.114172,False,1,True,False,False,False,False,False,False,False
14.326689,500,20916.615814,False,1,True,False,False,False,False,False,False,False
14.014411,500,20925.623833,False,1,True,False,False,False,False,False,False,False
13.804134,500,20933.120228,False,1,True,False,False,False,False,False,False,False
13.868463,500,20941.022647,False,1,True,False,False,False,False,False,False,False
13.507595,500,20948.625209,False,1,True,False,False,False,False,False,False,False
14.429892,500,21318.726251,False,1,True,False,False,False,False,False,False,False
14.597342,500,21327.110461,False,1,True,False,False,False,False,False,False,False
13.815001,500,21334.415212,False,1,True,False,False,False,False,False,False,False
14.277031,500,21341.623855,False,1,True,False,False,False,False,False,False,False
14.273554,500,21350.51602,False,1,True,False,False,False,False,False,False,False
13.790361,500,21358.815636,False,1,True,False,False,False,False,False,False,False
14.011878,500,21367.121274,False,1,True,False,False,False,False,False,False,False
13.98745,500,21375.516814,False,1,True,False,False,False,False,False,False,False
14.228263,500,21385.132112,False,1,True,False,False,False,False,False,False,False
13.823673,500,21393.423077,False,1,True,False,False,False,False,False,False,False
13.998422,500,21401.521725,False,1,True,False,False,False,False,False,False,False
14.142612,500,21408.910039,False,1,True,False,False,False,False,False,False,False
14.116141,500,21418.618422,False,1,True,False,False,False,False,False,False,False
14.360158,500,21426.018296,False,1,True,False,False,False,False,False,False,False
14.149131,500,21433.315489,False,1,True,False,False,False,False,False,False,False
14.537279,500,21440.7187,False,1,True,False,False,False,False,False,False,False
13.060773,500,21449.318245,False,1,True,False,False,False,False,False,False,False
13.797758,500,21458.413353,False,1,True,False,False,False,False,False,False,False
13.696071,500,21466.118399,False,1,True,False,False,False,False,False,False,False
13.99236,500,21473.411115,False,1,True,False,False,False,False,False,False,False
14.229201,500,21481.320524,False,1,True,False,False,False,False,False,False,False
14.059394,500,21490.122651,False,1,True,False,False,False,False,False,False,False
14.052041,500,21497.524393,False,1,True,False,False,False,False,False,False,False
14.295826,500,21504.823871,False,1,True,False,False,False,False,False,False,False
13.818943,500,21513.420988,False,1,True,False,False,False,False,False,False,False
14.216401,500,21523.122761,False,1,True,False,False,False,False,False,False,False
14.24169,500,21530.91919,False,1,True,False,False,False,False,False,False,False
14.210233,500,21538.827571,False,1,True,False,False,False,False,False,False,False
13.992239,500,21546.712,False,1,True,False,False,False,False,False,False,False
14.395826,500,21555.523295,False,1,True,False,False,False,False,False,False,False
13.881304,500,21562.927283,False,1,True,False,False,False,False,False,False,False
14.041129,500,21571.916949,False,1,True,False,False,False,False,False,False,False
14.273329,500,21580.215644,False,1,True,False,False,False,False,False,False,False
14.378655,500,21589.525367,False,1,True,False,False,False,False,False,False,False
14.361924,500,21597.024018,False,1,True,False,False,False,False,False,False,False
14.320777,500,21605.119979,False,1,True,False,False,False,False,False,False,False
14.308553,500,21613.112977,False,1,True,False,False,False,False,False,False,False
14.089647,500,21623.025782,False,1,True,False,False,False,False,False,False,False
13.954801,500,21632.311416,False,1,True,False,False,False,False,False,False,False
14.426576,500,21640.226322,False,1,True,False,False,False,False,False,False,False
13.716315,500,21648.609968,False,1,True,False,False,False,False,False,False,False
14.47663,500,21657.909822,False,1,True,False,False,False,False,False,False,False
12.223449,500,21666.31242,False,1,True,False,False,False,False,False,False,False
14.34604,500,21673.721397,False,1,True,False,False,False,False,False,False,False
13.999036,500,21680.814747,False,1,True,False,False,False,False,False,False,False
13.601639,500,21689.609743,False,1,True,False,False,False,False,False,False,False
13.972951,500,21697.424981,False,1,True,False,False,False,False,False,False,False
14.593997,500,21704.71462,False,1,True,False,False,False,False,False,False,False
14.346148,500,21711.915172,False,1,True,False,False,False,False,False,False,False
12.675722,500,21721.009569,False,1,True,False,False,False,False,False,False,False
13.557497,500,22094.71262,False,1,True,False,False,False,False,False,False,False
14.351197,500,22102.510347,False,1,True,False,False,False,False,False,False,False
14.134203,500,22111.219297,False,1,True,False,False,False,False,False,False,False
13.932751,500,22120.218287,False,1,True,False,False,False,False,False,False,False
14.206176,500,22128.12088,False,1,True,False,False,False,False,False,False,False
14.216328,500,22137.412943,False,1,True,False,False,False,False,False,False,False
13.688549,500,22145.122816,False,1,True,False,False,False,False,False,False,False
14.420892,500,22152.81055,False,1,True,False,False,False,False,False,False,False
10.419544,500,22162.415432,False,1,False,False,False,False,False,False,False,False
13.36438,500,22169.80999,False,1,True,False,False,False,False,False,False,False
14.349842,500,22177.121215,False,1,True,False,False,False,False,False,False,False
14.18415,500,22184.909781,False,1,True,False,False,False,False,False,False,False
14.214715,500,22194.626605,False,1,True,False,False,False,False,False,False,False
13.799508,500,22202.515372,False,1,True,False,False,False,False,False,False,False
11.22797,500,22210.922266,False,1,True,False,False,False,False,False,False,False
13.852211,500,22219.213935,False,1,True,False,False,False,False,False,False,False
14.212816,500,22230.020398,False,1,True,False,False,False,False,False,False,False
13.888451,500,22238.316314,False,1,True,False,False,False,False,False,False,False
14.094977,500,22246.318313,False,1,True,False,False,False,False,False,False,False
14.130394,500,22254.910875,False,1,True,False,False,False,False,False,False,False
14.442818,500,22264.23018,False,1,True,False,False,False,False,False,False,False
11.52523,500,22271.813352,False,1,True,False,False,False,False,False,False,False
14.656085,500,22279.41834,False,1,True,False,False,False,False,False,False,False
14.091573,500,22288.621637,False,1,True,False,False,False,False,False,False,False
13.839539,500,22298.519377,False,1,True,False,False,False,False,False,False,False
14.201596,500,22306.213902,False,1,True,False,False,False,False,False,False,False
13.1372,500,22314.81698,False,1,True,False,False,False,False,False,False,False
13.570425,500,22322.724719,False,1,True,False,False,False,False,False,False,False
13.993433,500,22332.212633,False,1,True,False,False,False,False,False,False,False
13.822047,500,22339.711977,False,1,True,False,False,False,False,False,False,False
13.969648,500,22347.622347,False,1,True,False,False,False,False,False,False,False
14.062115,500,22355.723759,False,1,True,False,False,False,False,False,False,False
14.291482,500,22365.714609,False,1,True,False,False,False,False,False,False,False
14.385974,500,22373.612491,False,1,True,False,False,False,False,False,False,False
13.81587,500,22382.115471,False,1,True,False,False,False,False,False,False,False
13.838168,500,22389.718997,False,1,True,False,False,False,False,False,False,False
13.898457,500,22398.827295,False,1,True,False,False,False,False,False,False,False
14.464116,500,22407.119497,False,1,True,False,False,False,False,False,False,False
14.213313,500,22415.118164,False,1,True,False,False,False,False,False,False,False
14.041111,500,22424.011799,False,1,True,False,False,False,False,False,False,False
14.051216,500,22432.809923,False,1,True,False,False,False,False,False,False,False
14.514309,500,22441.309443,False,1,True,False,False,False,False,False,False,False
14.285724,500,22448.918355,False,1,True,False,False,False,False,False,False,False
14.316364,500,22456.41642,False,1,True,False,False,False,False,False,False,False
13.783083,500,22465.823421,False,1,True,False,False,False,False,False,False,False
14.274492,500,22474.616883,False,1,True,False,False,False,False,False,False,False
14.177179,500,22482.913828,False,1,True,False,False,False,False,False,False,False
13.83172,500,22490.207949,False,1,True,False,False,False,False,False,False,False
14.30577,500,22500.124893,False,1,True,False,False,False,False,False,False,False
13.725459,500,22507.214871,False,1,True,False,False,False,False,False,False,False
13.11549,500,22871.310188,False,1,True,False,False,False,False,False,False,False
14.032842,500,22880.010666,False,1,True,False,False,False,False,False,False,False
13.633799,500,22887.608165,False,1,True,False,False,False,False,False,False,False
14.092187,500,22897.116505,False,1,True,False,False,False,False,False,False,False
12.440597,500,22904.313866,False,1,True,False,False,False,False,False,False,False
14.091743,500,22911.717911,False,1,True,False,False,False,False,False,False,False
14.228499,500,22919.513715,False,1,True,False,False,False,False,False,False,False
14.093621,500,22928.914897,False,1,True,False,False,False,False,False,False,False
14.096462,500,22936.009964,False,1,True,False,False,False,False,False,False,False
14.406063,500,22944.116988,False,1,True,False,False,False,False,False,False,False
14.477991,500,22951.408472,False,1,True,False,False,False,False,False,False,False
14.576202,500,22961.221399,False,1,True,False,False,False,False,False,False,False
14.25214,500,22969.229751,False,1,True,False,False,False,False,False,False,False
14.580613,500,22977.717035,False,1,True,False,False,False,False,False,False,False
13.867453,500,22986.119453,False,1,True,False,False,False,False,False,False,False
14.462872,500,22996.423931,False,1,True,False,False,False,False,False,False,False
13.917419,500,23004.409453,False,1,True,False,False,False,False,False,False,False
14.071689,500,23011.922113,False,1,True,False,False,False,False,False,False,False
14.001355,500,23020.223278,False,1,True,False,False,False,False,False,False,False
14.016225,500,23030.624997,False,1,True,False,False,False,False,False,False,False
14.153715,500,23039.213836,False,1,True,False,False,False,False,False,False,False
14.445689,500,23047.228416,False,1,True,False,False,False,False,False,False,False
14.331055,500,23055.211602,False,1,True,False,False,False,False,False,False,False
14.744219,500,23064.824524,False,1,True,False,False,False,False,False,False,False
14.109858,500,23072.72155,False,1,True,False,False,False,False,False,False,False
14.351075,500,23081.324937,False,1,True,False,False,False,False,False,False,False
14.401347,500,23089.523248,False,1,True,False,False,False,False,False,False,False
13.235791,500,23099.919555,False,1,True,False,False,False,False,False,False,False
14.242935,500,23107.526626,False,1,True,False,False,False,False,False,False,False
14.392016,500,23115.024042,False,1,True,False,False,False,False,False,False,False
14.308142,500,23122.922335,False,1,True,False,False,False,False,False,False,False
14.204752,500,23133.0145,False,1,True,False,False,False,False,False,False,False
14.347352,500,23140.418805,False,1,True,False,False,False,False,False,False,False
14.08741,500,23149.513469,False,1,True,False,False,False,False,False,False,False
14.076338,500,23157.820971,False,1,True,False,False,False,False,False,False,False
13.895422,500,23166.924847,False,1,True,False,False,False,False,False,False,False
14.17375,500,23175.92008,False,1,True,False,False,False,False,False,False,False
14.113322,500,23183.821043,False,1,True,False,False,False,False,False,False,False
14.356563,500,23191.121977,False,1,True,False,False,False,False,False,False,False
14.319342,500,23201.415903,False,1,True,False,False,False,False,False,False,False
14.334271,500,23208.624144,False,1,True,False,False,False,False,False,False,False
14.220345,500,23215.821929,False,1,True,False,False,False,False,False,False,False
14.332645,500,23224.316715,False,1,True,False,False,False,False,False,False,False
14.491305,500,23231.71082,False,1,True,False,False,False,False,False,False,False
14.064111,500,23240.324194,False,1,True,False,False,False,False,False,False,False
14.158878,500,23248.524491,False,1,True,False,False,False,False,False,False,False
14.124552,500,23256.023842,False,1,True,False,False,False,False,False,False,False
13.919617,500,23263.324301,False,1,True,False,False,False,False,False,False,False
14.136377,500,23272.909842,False,1,True,False,False,False,False,False,False,False
14.497453,500,23280.218314,False,1,True,False,False,False,False,False,False,False
14.205898,500,23635.520442,False,1,True,False,False,False,False,False,False,False
14.62802,500,23643.309201,False,1,True,False,False,False,False,False,False,False
14.117907,500,23653.218379,False,1,True,False,False,False,False,False,False,False
13.971537,500,23661.010108,False,1,True,False,False,False,False,False,False,False
14.148674,500,23669.424121,False,1,True,False,False,False,False,False,False,False
14.280038,500,23676.823937,False,1,True,False,False,False,False,False,False,False
14.331835,500,23686.426356,False,1,True,False,False,False,False,False,False,False
13.855849,500,23694.111974,False,1,True,False,False,False,False,False,False,False
14.175892,500,23702.214682,False,1,True,False,False,False,False,False,False,False
14.134935,500,23710.120051,False,1,True,False,False,False,False,False,False,False
14.275068,500,23720.024928,False,1,True,False,False,False,False,False,False,False
14.103179,500,23728.825544,False,1,True,False,False,False,False,False,False,False
14.530932,500,23736.124355,False,1,True,False,False,False,False,False,False,False
14.126024,500,23743.813242,False,1,True,False,False,False,False,False,False,False
14.33937,500,23753.922037,False,1,True,False,False,False,False,False,False,False
14.34811,500,23761.410988,False,1,True,False,False,False,False,False,False,False
14.354623,500,23769.020568,False,1,True,False,False,False,False,False,False,False
14.595384,500,23776.421472,False,1,True,False,False,False,False,False,False,False
14.207871,500,23786.212573,False,1,True,False,False,False,False,False,False,False
14.409843,500,23793.509724,False,1,True,False,False,False,False,False,False,False
13.907528,500,23801.410344,False,1,True,False,False,False,False,False,False,False
14.196854,500,23809.510819,False,1,True,False,False,False,False,False,False,False
13.849148,500,23818.322102,False,1,True,False,False,False,False,False,False,False
14.360435,500,23826.431519,False,1,True,False,False,False,False,False,False,False
13.982146,500,23834.01526,False,1,True,False,False,False,False,False,False,False
14.390586,500,23841.921779,False,1,True,False,False,False,False,False,False,False
14.299433,500,23851.420587,False,1,True,False,False,False,False,False,False,False
14.68552,500,23859.924082,False,1,True,False,False,False,False,False,False,False
14.056733,500,23868.014847,False,1,True,False,False,False,False,False,False,False
-1.289918,436,23874.920563,False,1,True,False,False,False,False,False,False,False
13.951113,500,23882.412051,False,1,True,False,False,False,False,False,False,False
14.519598,500,23891.215348,False,1,True,False,False,False,False,False,False,False
14.531121,500,23898.422327,False,1,True,False,False,False,False,False,False,False
13.529043,500,23906.007346,False,1,True,False,False,False,False,False,False,False
14.294019,500,23913.21938,False,1,True,False,False,False,False,False,False,False
14.271658,500,23922.017459,False,1,True,False,False,False,False,False,False,False
14.443769,500,23930.124706,False,1,True,False,False,False,False,False,False,False
13.597202,500,23936.516226,False,1,True,False,False,False,False,False,False,False
11.103666,500,23943.909858,False,1,False,False,False,False,False,False,False,False
14.340167,500,23953.715411,False,1,True,False,False,False,False,False,False,False
14.42564,500,23961.011133,False,1,True,False,False,False,False,False,False,False
14.244196,500,23968.409957,False,1,True,False,False,False,False,False,False,False
14.308947,500,23976.320881,False,1,True,False,False,False,False,False,False,False
14.595162,500,23985.115409,False,1,True,False,False,False,False,False,False,False
14.258342,500,23992.619582,False,1,True,False,False,False,False,False,False,False
14.053402,500,24001.209893,False,1,True,False,False,False,False,False,False,False
13.687506,500,24009.516655,False,1,True,False,False,False,False,False,False,False
14.370634,500,24019.510243,False,1,True,False,False,False,False,False,False,False
13.179127,500,24027.417698,False,1,True,False,False,False,False,False,False,False
14.385407,500,24034.818011,False,1,True,False,False,False,False,False,False,False
13.034401,500,24386.723855,False,1,True,False,False,False,False,False,False,False
13.930929,500,24395.613125,False,1,True,False,False,False,False,False,False,False
14.150882,500,24403.9072,False,1,True,False,False,False,False,False,False,False
14.488284,500,24411.212776,False,1,True,False,False,False,False,False,False,False
14.050006,500,24419.210211,False,1,True,False,False,False,False,False,False,False
14.082499,500,24428.817782,False,1,True,False,False,False,False,False,False,False
14.412035,500,24436.411328,False,1,True,False,False,False,False,False,False,False
8.307356,500,24444.016352,False,1,False,True,False,False,False,False,False,False
14.505702,500,24452.320088,False,1,True,False,False,False,False,False,False,False
11.243039,500,24462.118754,False,1,False,False,False,False,False,False,False,False
14.071028,500,24470.409214,False,1,True,False,False,False,False,False,False,False
13.760446,500,24477.71185,False,1,True,False,False,False,False,False,False,False
14.046619,500,24485.512722,False,1,True,False,False,False,False,False,False,False
14.60028,500,24494.909849,False,1,True,False,False,False,False,False,False,False
14.517377,500,24502.811854,False,1,True,False,False,False,False,False,False,False
14.108783,500,24510.227161,False,1,True,False,False,False,False,False,False,False
14.375876,500,24518.012659,False,1,True,False,False,False,False,False,False,False
14.353589,500,24526.714508,False,1,True,False,False,False,False,False,False,False
13.385124,500,24534.82613,False,1,True,False,False,False,False,False,False,False
14.032465,500,24542.316326,False,1,True,False,False,False,False,False,False,False
13.896707,500,24549.524154,False,1,True,False,False,False,False,False,False,False
14.26862,500,24558.724948,False,1,True,False,False,False,False,False,False,False
14.55358,500,24566.412776,False,1,True,False,False,False,False,False,False,False
13.766501,500,24574.419005,False,1,True,False,False,False,False,False,False,False
14.412234,500,24581.918695,False,1,True,False,False,False,False,False,False,False
14.368255,500,24589.422087,False,1,True,False,False,False,False,False,False,False
14.073504,500,24598.720008,False,1,True,False,False,False,False,False,False,False
14.320233,500,24606.31246,False,1,True,False,False,False,False,False,False,False
14.350066,500,24614.120338,False,1,True,False,False,False,False,False,False,False
14.560617,500,24621.715293,False,1,True,False,False,False,False,False,False,False
14.279845,500,24632.426775,False,1,True,False,False,False,False,False,False,False
14.368402,500,24640.220693,False,1,True,False,False,False,False,False,False,False
13.951697,500,24648.015131,False,1,True,False,False,False,False,False,False,False
13.223929,500,24655.614331,False,1,True,False,False,False,False,False,False,False
14.210609,500,24665.418114,False,1,True,False,False,False,False,False,False,False
14.583693,500,24673.118379,False,1,True,False,False,False,False,False,False,False
14.312214,500,24680.512547,False,1,True,False,False,False,False,False,False,False
13.939778,500,24687.91467,False,1,True,False,False,False,False,False,False,False
14.452904,500,24698.623904,False,1,True,False,False,False,False,False,False,False
14.668043,500,24705.92315,False,1,True,False,False,False,False,False,False,False
14.430931,500,24713.41245,False,1,True,False,False,False,False,False,False,False
14.665236,500,24720.615218,False,1,True,False,False,False,False,False,False,False
14.314646,500,24730.716476,False,1,True,False,False,False,False,False,False,False
13.978439,500,24738.216135,False,1,True,False,False,False,False,False,False,False
-0.323035,392,24744.013613,False,1,True,False,False,False,False,False,False,False
14.18206,500,24752.522467,False,1,True,False,False,False,False,False,False,False
13.252287,500,24763.722401,False,1,True,False,False,False,False,False,False,False
14.098521,500,24771.715089,False,1,True,False,False,False,False,False,False,False
14.529457,500,24779.208545,False,1,True,False,False,False,False,False,False,False
14.176786,500,24787.42186,False,1,True,False,False,False,False,False,False,False
14.2427,500,24796.218274,False,1,True,False,False,False,False,False,False,False
14.471863,500,25180.824008,False,1,True,False,False,False,False,False,False,False
11.467167,500,25190.014745,False,1,True,True,False,False,False,False,False,False
14.540538,500,25197.421518,False,1,True,False,False,False,False,False,False,False
14.435212,500,25206.428055,False,1,True,False,False,False,False,False,False,False
14.476561,500,25213.823735,False,1,True,False,False,False,False,False,False,False
14.614721,500,25222.515476,False,1,True,False,False,False,False,False,False,False
14.313196,500,25230.118011,False,1,True,False,False,False,False,False,False,False
14.108653,500,25237.51612,False,1,True,False,False,False,False,False,False,False
14.402126,500,25246.810599,False,1,True,False,False,False,False,False,False,False
13.876572,500,25255.31334,False,1,True,False,False,False,False,False,False,False
14.557069,500,25263.818456,False,1,True,False,False,False,False,False,False,False
14.143443,500,25271.21227,False,1,True,False,False,False,False,False,False,False
14.296465,500,25281.023171,False,1,True,False,False,False,False,False,False,False
13.904039,500,25288.424279,False,1,True,False,False,False,False,False,False,False
14.080218,500,25295.614705,False,1,True,False,False,False,False,False,False,False
14.375282,500,25304.026675,False,1,True,False,False,False,False,False,False,False
14.280072,500,25313.528101,False,1,True,False,False,False,False,False,False,False
14.0838,500,25321.321409,False,1,True,False,False,False,False,False,False,False
14.410361,500,25329.919995,False,1,True,False,False,False,False,False,False,False
14.318282,500,25337.723717,False,1,True,False,False,False,False,False,False,False
13.653275,500,25347.118845,False,1,True,False,False,False,False,False,False,False
13.682718,500,25355.717566,False,1,True,False,False,False,False,False,False,False
14.561262,500,25363.720609,False,1,True,False,False,False,False,False,False,False
13.611046,500,25371.62296,False,1,True,False,False,False,False,False,False,False
14.42808,500,25381.318172,False,1,True,False,False,False,False,False,False,False
14.485789,500,25388.720386,False,1,True,False,False,False,False,False,False,False
13.75984,500,25396.324251,False,1,True,False,False,False,False,False,False,False
14.504175,500,25405.208972,False,1,True,False,False,False,False,False,False,False
14.487764,500,25415.222118,False,1,True,False,False,False,False,False,False,False
14.182863,500,25423.609939,False,1,True,False,False,False,False,False,False,False
14.481618,500,25431.018917,False,1,True,False,False,False,False,False,False,False
14.225849,500,25438.412513,False,1,True,False,False,False,False,False,False,False
13.286454,500,25448.419788,False,1,True,False,False,False,False,False,False,False
13.443975,500,25456.009434,False,1,True,False,False,False,False,False,False,False
14.086642,500,25464.022938,False,1,True,False,False,False,False,False,False,False
14.518193,500,25472.91476,False,1,True,False,False,False,False,False,False,False
14.270685,500,25481.815448,False,1,True,False,False,False,False,False,False,False
14.058063,500,25490.512253,False,1,True,False,False,False,False,False,False,False
14.110302,500,25499.517939,False,1,True,False,False,False,False,False,False,False
14.074301,500,25506.923326,False,1,True,False,False,False,False,False,False,False
14.345195,500,25517.912479,False,1,True,False,False,False,False,False,False,False
13.897938,500,25525.926605,False,1,True,False,False,False,False,False,False,False
14.35578,500,25533.628443,False,1,True,False,False,False,False,False,False,False
14.33031,500,25542.51546,False,1,True,False,False,False,False,False,False,False
14.025758,500,25552.209789,False,1,True,False,False,False,False,False,False,False
14.131397,500,25559.623134,False,1,True,False,False,False,False,False,False,False
13.881189,500,25567.819801,False,1,True,False,False,False,False,False,False,False
14.537831,500,25576.411613,False,1,True,False,False,False,False,False,False,False
14.168379,500,25584.223814,False,1,True,False,False,False,False,False,False,False
14.004227,500,25593.514682,False,1,True,False,False,False,False,False,False,False
14.073781,500,25962.92697,False,1,True,False,False,False,False,False,False,False
14.061651,500,25970.21534,False,1,True,False,False,False,False,False,False,False
14.165516,500,25978.210449,False,1,True,False,False,False,False,False,False,False
14.445269,500,25987.518251,False,1,True,False,False,False,False,False,False,False
13.796287,500,25995.910302,False,1,True,False,False,False,False,False,False,False
14.61072,500,26004.523535,False,1,True,False,False,False,False,False,False,False
14.548126,500,26011.918165,False,1,True,False,False,False,False,False,False,False
14.499993,500,26022.108894,False,1,True,False,False,False,False,False,False,False
14.134636,500,26030.023847,False,1,True,False,False,False,False,False,False,False
14.241823,500,26038.925861,False,1,True,False,False,False,False,False,False,False
14.487485,500,26046.816431,False,1,True,False,False,False,False,False,False,False
14.599465,500,26057.718683,False,1,True,False,False,False,False,False,False,False
14.506183,500,26065.311947,False,1,True,False,False,False,False,False,False,False
13.861414,500,26073.226289,False,1,True,False,False,False,False,False,False,False
14.225574,500,26081.722326,False,1,True,False,False,False,False,False,False,False
13.886241,500,26091.425057,False,1,True,False,False,False,False,False,False,False
14.497595,500,26098.920875,False,1,True,False,False,False,False,False,False,False
14.237452,500,26108.014319,False,1,True,False,False,False,False,False,False,False
14.346905,500,26116.115122,False,1,True,False,False,False,False,False,False,False
14.080714,500,26124.820769,False,1,True,False,False,False,False,False,False,False
14.244877,500,26133.112592,False,1,True,False,False,False,False,False,False,False
13.770417,500,26141.417825,False,1,True,False,False,False,False,False,False,False
14.001346,500,26149.510158,False,1,True,False,False,False,False,False,False,False
14.337494,500,26159.009355,False,1,True,False,False,False,False,False,False,False
13.093718,500,26167.315787,False,1,True,False,False,False,False,False,False,False
14.371688,500,26175.21496,False,1,True,False,False,False,False,False,False,False
13.927476,500,26182.420255,False,1,True,False,False,False,False,False,False,False
14.117627,500,26191.615735,False,1,True,False,False,False,False,False,False,False
14.18383,500,26199.815643,False,1,True,False,False,False,False,False,False,False
14.256937,500,26207.723227,False,1,True,False,False,False,False,False,False,False
13.757674,500,26214.612111,False,1,True,False,False,False,False,False,False,False
14.13953,500,26225.318875,False,1,True,False,False,False,False,False,False,False
14.518238,500,26234.418639,False,1,True,False,False,False,False,False,False,False
14.471776,500,26242.130399,False,1,True,False,False,False,False,False,False,False
14.322282,500,26251.009159,False,1,True,False,False,False,False,False,False,False
14.349409,500,26259.722874,False,1,True,False,False,False,False,False,False,False
13.985059,500,26268.010066,False,1,True,False,False,False,False,False,False,False
13.945841,500,26276.010815,False,1,True,False,False,False,False,False,False,False
14.308679,500,26283.509805,False,1,True,False,False,False,False,False,False,False
14.544224,500,26293.211964,False,1,True,False,False,False,False,False,False,False
14.256933,500,26301.81351,False,1,True,False,False,False,False,False,False,False
-2.122756,400,26308.015079,False,1,True,False,False,False,False,False,False,False
14.417128,500,26316.519297,False,1,True,False,False,False,False,False,False,False
14.205072,500,26325.825079,False,1,True,False,False,False,False,False,False,False
14.212911,500,26335.409833,False,1,True,False,False,False,False,False,False,False
14.511475,500,26343.309151,False,1,True,False,False,False,False,False,False,False
14.415948,500,26351.215423,False,1,True,False,False,False,False,False,False,False
14.01399,500,26359.4155,False,1,True,False,False,False,False,False,False,False
14.321023,500,26369.61008,False,1,True,False,False,False,False,False,False,False
13.665602,500,26377.818887,False,1,True,False,False,False,False,False,False,False
14.295498,500,26756.618788,False,1,True,False,False,False,False,False,False,False
13.913587,500,26765.317938,False,1,True,False,False,False,False,False,False,False
14.011114,500,26774.309472,False,1,True,False,False,False,False,False,False,False
14.056671,500,26782.526051,False,1,True,False,False,False,False,False,False,False
14.331046,500,26790.81011,False,1,True,False,False,False,False,False,False,False
14.429627,500,26799.022789,False,1,True,False,False,False,False,False,False,False
14.074849,500,26808.918427,False,1,True,False,False,False,False,False,False,False
13.8261,500,26816.323951,False,1,True,False,False,False,False,False,False,False
14.396575,500,26824.410303,False,1,True,False,False,False,False,False,False,False
14.016393,500,26832.216981,False,1,True,False,False,False,False,False,False,False
13.835446,500,26842.00899,False,1,True,False,False,False,False,False,False,False
14.424267,500,26849.220151,False,1,True,False,False,False,False,False,False,False
14.355386,500,26857.124256,False,1,True,False,False,False,False,False,False,False
14.171953,500,26864.415432,False,1,True,False,False,False,False,False,False,False
14.6103,500,26873.718148,False,1,True,False,False,False,False,False,False,False
14.600038,500,26881.723671,False,1,True,False,False,False,False,False,False,False
14.263534,500,26889.918632,False,1,True,False,False,False,False,False,False,False
14.32712,500,26897.918798,False,1,True,False,False,False,False,False,False,False
13.955533,500,26907.507928,False,1,True,False,False,False,False,False,False,False
14.168056,500,26916.015608,False,1,True,False,False,False,False,False,False,False
14.045435,500,26923.512289,False,1,True,False,False,False,False,False,False,False
14.467902,500,26931.508704,False,1,True,False,False,False,False,False,False,False
14.090135,500,26941.41206,False,1,True,False,False,False,False,False,False,False
13.78019,500,26949.119156,False,1,True,False,False,False,False,False,False,False
14.378302,500,26958.109936,False,1,True,False,False,False,False,False,False,False
14.239238,500,26965.508686,False,1,True,False,False,False,False,False,False,False
13.950025,500,26974.024894,False,1,True,False,False,False,False,False,False,False
14.487834,500,26983.226591,False,1,True,False,False,False,False,False,False,False
14.277429,500,26991.140466,False,1,True,False,False,False,False,False,False,False
14.061587,500,26999.4208,False,1,True,False,False,False,False,False,False,False
4.488981,383,27005.008953,False,1,True,True,True,False,False,False,False,False
14.468471,500,27015.218546,False,1,True,False,False,False,False,False,False,False
13.499637,500,27022.5155,False,1,True,False,False,False,False,False,False,False
14.087364,500,27029.915036,False,1,True,False,False,False,False,False,False,False
13.415394,500,27037.727939,False,1,True,False,False,False,False,False,False,False
14.254644,500,27046.609482,False,1,True,False,False,False,False,False,False,False
14.398975,500,27055.115452,False,1,True,False,False,False,False,False,False,False
14.353946,500,27062.421016,False,1,True,False,False,False,False,False,False,False
14.386455,500,27070.620254,False,1,True,False,False,False,False,False,False,False
14.03972,500,27080.513304,False,1,True,False,False,False,False,False,False,False
13.844678,500,27088.818245,False,1,True,False,False,False,False,False,False,False
14.167854,500,27097.026255,False,1,True,False,False,False,False,False,False,False
13.891701,500,27104.918667,False,1,True,False,False,False,False,False,False,False
14.305116,500,27114.315312,False,1,True,False,False,False,False,False,False,False
-0.284409,127,27116.108417,False,1,False,False,False,False,False,False,False,False
14.45165,500,27123.423761,False,1,True,False,False,False,False,False,False,False
14.032838,500,27131.421112,False,1,True,False,False,False,False,False,False,False
14.274523,500,27138.809388,False,1,True,False,False,False,False,False,False,False
14.440397,500,27149.121775,False,1,True,False,False,False,False,False,False,False
-2.522945,415,27155.418631,False,1,True,False,False,False,False,False,False,False
13.558398,500,27162.724062,False,1,True,False,False,False,False,False,False,False
13.965481,500,27534.119915,False,1,True,False,False,False,False,False,False,False
14.458823,500,27543.409409,False,1,True,False,False,False,False,False,False,False
12.022752,500,27551.213495,False,1,True,False,False,False,False,False,False,False
14.119764,500,27559.114448,False,1,True,False,False,False,False,False,False,False
14.096382,500,27567.023829,False,1,True,False,False,False,False,False,False,False
13.549371,500,27576.927013,False,1,True,False,False,False,False,False,False,False
14.072845,500,27585.417772,False,1,True,False,False,False,False,False,False,False
14.060267,500,27592.812152,False,1,True,False,False,False,False,False,False,False
14.390028,500,27600.326118,False,1,True,False,False,False,False,False,False,False
-2.327756,466,27608.215607,False,1,True,False,False,False,False,False,False,False
14.442925,500,27618.120853,False,1,True,False,False,False,False,False,False,False
14.521849,500,27626.622733,False,1,True,False,False,False,False,False,False,False
13.594838,500,27634.11144,False,1,True,False,False,False,False,False,False,False
14.522973,500,27641.412049,False,1,True,False,False,False,False,False,False,False
14.425912,500,27650.709872,False,1,True,False,False,False,False,False,False,False
14.235728,500,27658.221102,False,1,True,False,False,False,False,False,False,False
13.854504,500,27666.020841,False,1,True,False,False,False,False,False,False,False
14.5276,500,27674.32369,False,1,True,False,False,False,False,False,False,False
13.586537,500,27683.212184,False,1,True,False,False,False,False,False,False,False
14.083351,500,27690.523843,False,1,True,False,False,False,False,False,False,False
13.786434,500,27698.71975,False,1,True,False,False,False,False,False,False,False
14.458195,500,27706.015182,False,1,True,False,False,False,False,False,False,False
14.27623,500,27714.916439,False,1,True,False,False,False,False,False,False,False
13.595252,500,27722.236336,False,1,True,False,False,False,False,False,False,False
14.232027,500,27730.726776,False,1,True,False,False,False,False,False,False,False
14.278264,500,27738.31551,False,1,True,False,False,False,False,False,False,False
-2.741231,260,27743.630068,False,1,False,False,False,False,False,False,False,False
13.631848,500,27751.622691,False,1,True,False,False,False,False,False,False,False
14.528746,500,27760.015968,False,1,True,False,False,False,False,False,False,False
14.356056,500,27768.316634,False,1,True,False,False,False,False,False,False,False
14.202051,500,27776.415123,False,1,True,False,False,False,False,False,False,False
13.930873,500,27786.409181,False,1,True,False,False,False,False,False,False,False
14.330193,500,27795.123066,False,1,True,False,False,False,False,False,False,False
14.372289,500,27803.416312,False,1,True,False,False,False,False,False,False,False
13.263907,500,27810.929112,False,1,True,False,False,False,False,False,False,False
14.280699,500,27820.427629,False,1,True,False,False,False,False,False,False,False
14.116587,500,27827.911647,False,1,True,False,False,False,False,False,False,False
14.257086,500,27836.418059,False,1,True,False,False,False,False,False,False,False
14.295219,500,27843.724292,False,1,True,False,False,False,False,False,False,False
13.921653,500,27852.916795,False,1,True,False,False,False,False,False,False,False
14.345696,500,27860.40983,False,1,True,False,False,False,False,False,False,False
13.873414,500,27868.513134,False,1,True,False,False,False,False,False,False,False
14.377379,500,27876.429239,False,1,True,False,False,False,False,False,False,False
14.369331,500,27885.314693,False,1,True,False,False,False,False,False,False,False
14.43168,500,27893.009462,False,1,True,False,False,False,False,False,False,False
14.345814,500,27900.407883,False,1,True,False,False,False,False,False,False,False
13.906413,500,27907.322813,False,1,True,False,False,False,False,False,False,False
13.51488,500,27916.513445,False,1,True,False,False,False,False,False,False,False
14.33125,500,27923.728424,False,1,True,False,False,False,False,False,False,False
14.412685,500,27932.223512,False,1,True,False,False,False,False,False,False,False
14.352724,500,28300.111453,False,1,True,False,False,False,False,False,False,False
11.478788,500,28310.416393,False,1,True,False,False,False,False,False,False,False
14.416968,500,28318.51321,False,1,True,False,False,False,False,False,False,False
14.159673,500,28326.811732,False,1,True,False,False,False,False,False,False,False
14.148354,500,28334.109906,False,1,True,False,False,False,False,False,False,False
14.076837,500,28343.918795,False,1,True,False,False,False,False,False,False,False
14.253528,500,28352.223595,False,1,True,False,False,False,False,False,False,False
13.274849,500,28360.115967,False,1,True,False,False,False,False,False,False,False
14.101094,500,28368.120971,False,1,True,False,False,False,False,False,False,False
14.382444,500,28377.228049,False,1,True,False,False,False,False,False,False,False
14.31121,500,28384.615191,False,1,True,False,False,False,False,False,False,False
14.269271,500,28393.506933,False,1,True,False,False,False,False,False,False,False
13.998474,500,28400.829278,False,1,True,False,False,False,False,False,False,False
14.295356,500,28410.013871,False,1,True,False,False,False,False,False,False,False
13.858217,500,28417.323191,False,1,True,False,False,False,False,False,False,False
14.291124,500,28426.329022,False,1,True,False,False,False,False,False,False,False
14.419181,500,28434.32575,False,1,True,False,False,False,False,False,False,False
13.933772,500,28443.908685,False,1,True,False,False,False,False,False,False,False
14.026549,500,28452.212827,False,1,True,False,False,False,False,False,False,False
14.164233,500,28459.916062,False,1,True,False,False,False,False,False,False,False
14.123934,500,28468.323307,False,1,True,False,False,False,False,False,False,False
14.520731,500,28477.115147,False,1,True,False,False,False,False,False,False,False
14.273672,500,28485.617057,False,1,True,False,False,False,False,False,False,False
14.433321,500,28493.018056,False,1,True,False,False,False,False,False,False,False
14.436656,500,28500.411603,False,1,True,False,False,False,False,False,False,False
13.778968,500,28508.821189,False,1,True,False,False,False,False,False,False,False
13.787766,500,28517.424271,False,1,True,False,False,False,False,False,False,False
14.13598,500,28525.00944,False,1,True,False,False,False,False,False,False,False
14.487715,500,28533.225122,False,1,True,False,False,False,False,False,False,False
13.949645,500,28541.108299,False,1,True,False,False,False,False,False,False,False
14.272641,500,28549.817441,False,1,True,False,False,False,False,False,False,False
14.501655,500,28557.317678,False,1,True,False,False,False,False,False,False,False
13.724953,500,28565.409884,False,1,True,False,False,False,False,False,False,False
14.148503,500,28573.218867,False,1,True,False,False,False,False,False,False,False
14.494247,500,28582.919719,False,1,True,False,False,False,False,False,False,False
14.401136,500,28591.126112,False,1,True,False,False,False,False,False,False,False
14.333557,500,28598.709366,False,1,True,False,False,False,False,False,False,False
14.019337,500,28606.319249,False,1,True,False,False,False,False,False,False,False
-4.062142,339,28612.708776,False,1,True,False,False,False,False,False,False,False
13.779753,500,28620.813178,False,1,True,False,False,False,False,False,False,False
14.142073,500,28628.524838,False,1,True,False,False,False,False,False,False,False
13.832995,500,28635.914721,False,1,True,False,False,False,False,False,False,False
14.01534,500,28645.415896,False,1,True,False,False,False,False,False,False,False
13.504801,500,28652.922961,False,1,True,False,False,False,False,False,False,False
13.532529,500,28660.323406,False,1,True,False,False,False,False,False,False,False
13.752248,500,28668.024166,False,1,True,False,False,False,False,False,False,False
13.980975,500,28678.109041,False,1,True,False,False,False,False,False,False,False
13.628256,500,28685.417871,False,1,True,False,False,False,False,False,False,False
13.927268,500,28693.711683,False,1,True,False,False,False,False,False,False,False
14.22732,500,28701.320123,False,1,True,False,False,False,False,False,False,False
13.979474,500,28710.21255,False,1,True,False,False,False,False,False,False,False
14.133614,500,29071.0178,False,1,True,False,False,False,False,False,False,False
13.906419,500,29079.211244,False,1,True,False,False,False,False,False,False,False
14.20998,500,29086.429227,False,1,True,False,False,False,False,False,False,False
14.350916,500,29095.220449,False,1,True,False,False,False,False,False,False,False
14.24131,500,29105.426684,False,1,True,False,False,False,False,False,False,False
14.126437,500,29114.521214,False,1,True,False,False,False,False,False,False,False
11.197672,500,29120.62237,False,1,False,False,False,False,False,False,False,False
13.855017,500,29127.923756,False,1,True,False,False,False,False,False,False,False
14.187811,500,29138.215212,False,1,True,False,False,False,False,False,False,False
14.260838,500,29145.626957,False,1,True,False,False,False,False,False,False,False
14.18951,500,29152.92379,False,1,True,False,False,False,False,False,False,False
14.126822,500,29161.42546,False,1,True,False,False,False,False,False,False,False
14.157611,500,29172.320957,False,1,True,False,False,False,False,False,False,False
13.526292,500,29179.608302,False,1,True,False,False,False,False,False,False,False
13.803906,500,29187.823171,False,1,True,False,False,False,False,False,False,False
14.216945,500,29195.422121,False,1,True,False,False,False,False,False,False,False
14.033784,500,29205.317726,False,1,True,False,False,False,False,False,False,False
14.139859,500,29212.921569,False,1,True,False,False,False,False,False,False,False
14.105534,500,29220.523867,False,1,True,False,False,False,False,False,False,False
14.135422,500,29228.52734,False,1,True,False,False,False,False,False,False,False
14.122925,500,29237.318048,False,1,True,False,False,False,False,False,False,False
14.258865,500,29244.923938,False,1,True,False,False,False,False,False,False,False
13.980195,500,29252.315428,False,1,True,False,False,False,False,False,False,False
13.86425,500,29260.622985,False,1,True,False,False,False,False,False,False,False
14.21246,500,29269.320783,False,1,True,False,False,False,False,False,False,False
14.179378,500,29276.523214,False,1,True,False,False,False,False,False,False,False
14.129725,500,29284.719354,False,1,True,False,False,False,False,False,False,False
14.298584,500,29292.717615,False,1,True,False,False,False,False,False,False,False
14.270365,500,29302.621161,False,1,True,False,False,False,False,False,False,False
13.979584,500,29310.014535,False,1,True,False,False,False,False,False,False,False
14.501861,500,29318.012315,False,1,True,False,False,False,False,False,False,False
14.134921,500,29325.81321,False,1,True,False,False,False,False,False,False,False
-2.3973,428,29333.716662,False,1,True,False,False,False,False,False,False,False
14.575925,500,29341.023344,False,1,True,False,False,False,False,False,False,False
13.942265,500,29348.610633,False,1,True,False,False,False,False,False,False,False
14.085553,500,29357.009414,False,1,True,False,False,False,False,False,False,False
13.805437,500,29365.815632,False,1,True,False,False,False,False,False,False,False
14.150746,500,29374.01233,False,1,True,False,False,False,False,False,False,False
14.115695,500,29381.91992,False,1,True,False,False,False,False,False,False,False
14.199616,500,29389.920177,False,1,True,False,False,False,False,False,False,False
13.961238,500,29397.421398,False,1,True,False,False,False,False,False,False,False
14.469905,500,29406.727412,False,1,True,False,False,False,False,False,False,False
14.338656,500,29415.21227,False,1,True,False,False,False,False,False,False,False
14.039522,500,29422.712285,False,1,True,False,False,False,False,False,False,False
14.020352,500,29430.421274,False,1,True,False,False,False,False,False,False,False
14.273114,500,29439.508018,False,1,True,False,False,False,False,False,False,False
14.385671,500,29447.715901,False,1,True,False,False,False,False,False,False,False
14.145634,500,29455.327627,False,1,True,False,False,False,False,False,False,False
14.275883,500,29463.109505,False,1,True,False,False,False,False,False,False,False
14.098138,500,29473.316741,False,1,True,False,False,False,False,False,False,False
