#{"t_start": 1791475109.3949218, "env_id": "None"}
r,l,t,is_success,curriculum_stage,reach_success,grasp_success,lift_success,transport_success,above_cup_success,released_over_cup,correct_release,placement_success
15.158928,500,9.331021,False,1,True,False,False,False,False,False,False,False
15.423951,500,16.934117,False,1,True,False,False,False,False,False,False,False
9.721233,500,24.536697,False,1,True,False,False,False,False,False,False,False
13.580738,500,32.320875,False,1,True,False,False,False,False,False,False,False
13.32407,500,41.63361,False,1,True,False,False,False,False,False,False,False
14.063483,500,49.122128,False,1,True,False,False,False,False,False,False,False
12.030574,500,56.526674,False,1,True,False,False,False,False,False,False,False
15.253118,500,64.133995,False,1,True,False,False,False,False,False,False,False
9.61071,500,73.028355,False,1,True,False,False,False,False,False,False,False
12.146306,500,80.431784,False,1,True,False,False,False,False,False,False,False
10.109694,500,88.124879,False,1,True,False,False,False,False,False,False,False
18.117722,500,95.724811,False,1,True,False,False,False,False,False,False,False
16.628936,500,104.730799,False,1,True,False,False,False,False,False,False,False
15.89773,500,112.233971,False,1,True,False,False,False,False,False,False,False
-16.379213,366,117.625879,False,1,True,False,False,False,False,False,False,False
12.021357,500,124.941334,False,1,True,False,False,False,False,False,False,False
12.674494,500,133.740692,False,1,True,False,False,False,False,False,False,False
10.532634,500,141.223026,False,1,True,False,False,False,False,False,False,False
16.196501,500,148.734009,False,1,True,False,False,False,False,False,False,False
8.193395,500,156.231748,False,1,True,False,False,False,False,False,False,False
9.725573,500,165.435894,False,1,True,False,False,False,False,False,False,False
15.388228,500,172.924204,False,1,True,False,False,False,False,False,False,False
14.920374,500,180.533721,False,1,True,False,False,False,False,False,False,False
15.393293,500,188.133815,False,1,True,False,False,False,False,False,False,False
17.593509,500,196.93157,False,1,True,False,False,False,False,False,False,False
13.424616,500,204.338876,False,1,True,False,False,False,False,False,False,False
16.125679,500,212.029553,False,1,True,False,False,False,False,False,False,False
15.133755,500,219.626028,False,1,True,False,False,False,False,False,False,False
14.699846,500,228.725282,False,1,True,False,False,False,False,False,False,False
17.058389,500,236.13695,False,1,True,False,False,False,False,False,False,False
15.255519,500,243.542307,False,1,True,False,False,False,False,False,False,False
15.246257,500,251.121501,False,1,True,False,False,False,False,False,False,False
17.415528,500,258.622074,False,1,True,False,False,False,False,False,False,False
14.737656,500,267.435812,False,1,True,False,False,False,False,False,False,False
12.551503,500,275.131218,False,1,True,False,False,False,False,False,False,False
5.587667,500,282.82821,False,1,True,False,False,False,False,False,False,False
15.781915,500,290.722723,False,1,True,False,False,False,False,False,False,False
14.431787,500,299.8256,False,1,True,False,False,False,False,False,False,False
12.290681,500,307.826472,False,1,True,False,False,False,False,False,False,False
14.05483,500,315.53405,False,1,True,False,False,False,False,False,False,False
14.815675,500,323.422158,False,1,True,False,False,False,False,False,False,False
12.478054,500,332.529088,False,1,True,False,False,False,False,False,False,False
12.088778,500,340.738671,False,1,True,False,False,False,False,False,False,False
15.804322,500,348.233579,False,1,True,False,False,False,False,False,False,False
12.965109,500,355.63742,False,1,True,False,False,False,False,False,False,False
16.545553,500,364.622034,False,1,True,False,False,False,False,False,False,False
16.05149,500,372.231983,False,1,True,False,False,False,False,False,False,False
12.989813,500,379.821877,False,1,True,False,False,False,False,False,False,False
14.263857,500,387.136787,False,1,True,False,False,False,False,False,False,False
16.692127,500,396.227883,False,1,True,False,False,False,False,False,False,False
14.553034,500,403.733976,False,1,True,False,False,False,False,False,False,False
16.398751,500,411.23106,False,1,True,False,False,False,False,False,False,False
15.779579,500,418.825595,False,1,True,False,False,False,False,False,False,False
17.514177,500,427.725616,False,1,True,False,False,False,False,False,False,False
15.928071,500,435.237085,False,1,True,False,False,False,False,False,False,False
15.377007,500,442.722555,False,1,True,False,False,False,False,False,False,False
13.558801,500,450.222715,False,1,True,False,False,False,False,False,False,False
18.169862,500,459.225072,False,1,True,False,False,False,False,False,False,False
-20.309155,278,463.227374,False,1,True,False,False,False,False,False,False,False
15.953047,500,471.13114,False,1,True,False,False,False,False,False,False,False
15.535658,500,478.528297,False,1,True,False,False,False,False,False,False,False
6.712217,500,485.933898,False,1,True,False,False,False,False,False,False,False
14.773805,500,495.421516,False,1,True,False,False,False,False,False,False,False
15.038854,500,503.028929,False,1,True,False,False,False,False,False,False,False
11.034124,500,510.525218,False,1,True,False,False,False,False,False,False,False
15.346686,500,518.030686,False,1,True,False,False,False,False,False,False,False
17.054607,500,527.128047,False,1,True,False,False,False,False,False,False,False
15.773287,500,534.539064,False,1,True,False,False,False,False,False,False,False
16.125642,500,542.13151,False,1,True,False,False,False,False,False,False,False
17.267263,500,549.737709,False,1,True,False,False,False,False,False,False,False
15.104189,500,558.638242,False,1,True,False,False,False,False,False,False,False
15.429373,500,566.231056,False,1,True,False,False,False,False,False,False,False
14.750924,500,573.630842,False,1,True,False,False,False,False,False,False,False
13.208547,500,581.225343,False,1,True,False,False,False,False,False,False,False
15.61457,500,590.135938,False,1,True,False,False,False,False,False,False,False
14.480992,500,597.92866,False,1,True,False,False,False,False,False,False,False
14.146972,500,605.322259,False,1,True,False,False,False,False,False,False,False
12.921833,500,612.635819,False,1,True,False,False,False,False,False,False,False
13.690396,500,621.534196,False,1,True,False,False,False,False,False,False,False
11.971165,500,628.923765,False,1,True,False,False,False,False,False,False,False
17.387249,500,636.334051,False,1,True,False,False,False,False,False,False,False
14.808293,500,643.72772,False,1,True,False,False,False,False,False,False,False
15.134425,500,652.837254,False,1,True,False,False,False,False,False,False,False
9.979242,500,660.423907,False,1,True,False,False,False,False,False,False,False
-20.303426,468,667.323418,False,1,True,False,False,False,False,False,False,False
3.080651,500,674.135531,False,1,False,False,False,False,False,False,False,False
14.275362,500,683.034192,False,1,True,False,False,False,False,False,False,False
14.406041,500,690.725851,False,1,True,False,False,False,False,False,False,False
17.818057,500,698.231881,False,1,True,False,False,False,False,False,False,False
13.802518,500,705.738763,False,1,True,False,False,False,False,False,False,False
12.221347,500,714.634461,False,1,True,False,False,False,False,False,False,False
16.395828,500,722.136641,False,1,True,False,False,False,False,False,False,False
15.833258,500,729.83444,False,1,True,False,False,False,False,False,False,False
15.412922,500,737.437008,False,1,True,False,False,False,False,False,False,False
15.692106,500,746.125079,False,1,True,False,False,False,False,False,False,False
15.073415,500,753.62979,False,1,True,False,False,False,False,False,False,False
12.985537,500,761.134195,False,1,True,False,False,False,False,False,False,False
14.922329,500,768.827321,False,1,True,False,False,False,False,False,False,False
14.69579,500,776.522083,False,1,True,False,False,False,False,False,False,False
16.687669,500,785.430766,False,1,True,False,False,False,False,False,False,False
10.646883,500,792.926964,False,1,True,False,False,False,False,False,False,False
16.233041,500,800.427422,False,1,True,False,False,False,False,False,False,False
14.415606,500,807.928159,False,1,True,False,False,False,False,False,False,False
14.75599,500,817.02478,False,1,True,False,False,False,False,False,False,False
13.366915,500,824.622123,False,1,True,False,False,False,False,False,False,False
11.703564,500,832.122051,False,1,True,False,False,False,False,False,False,False
15.250761,500,839.626086,False,1,True,False,False,False,False,False,False,False
13.997646,500,848.438329,False,1,True,False,False,False,False,False,False,False
8.283529,500,856.225298,False,1,True,False,False,False,False,False,False,False
15.566966,500,864.43527,False,1,True,False,False,False,False,False,False,False
15.874005,500,872.228925,False,1,True,False,False,False,False,False,False,False
15.459051,500,881.437792,False,1,True,False,False,False,False,False,False,False
14.426055,500,888.923199,False,1,True,False,False,False,False,False,False,False
16.038919,500,896.436898,False,1,True,False,False,False,False,False,False,False
8.707898,500,903.627952,False,1,True,False,False,False,False,False,False,False
15.67811,500,912.62212,False,1,True,False,False,False,False,False,False,False
12.484572,500,920.131122,False,1,True,False,False,False,False,False,False,False
13.664359,500,927.64005,False,1,True,False,False,False,False,False,False,False
15.581373,500,935.237914,False,1,True,False,False,False,False,False,False,False
13.736398,500,944.225052,False,1,True,False,False,False,False,False,False,False
15.554,500,951.733347,False,1,True,False,False,False,False,False,False,False
17.252764,500,959.434188,False,1,True,False,False,False,False,False,False,False
16.17127,500,967.032497,False,1,True,False,False,False,False,False,False,False
16.09448,500,976.12746,False,1,True,False,False,False,False,False,False,False
12.171438,500,983.635611,False,1,True,False,False,False,False,False,False,False
15.541278,500,991.335136,False,1,True,False,False,False,False,False,False,False
16.969211,500,999.322187,False,1,True,False,False,False,False,False,False,False
16.67131,500,1008.036838,False,1,True,False,False,False,False,False,False,False
15.772734,500,1015.533449,False,1,True,False,False,False,False,False,False,False
15.455026,500,1023.040744,False,1,True,False,False,False,False,False,False,False
14.626742,500,1030.536664,False,1,True,False,False,False,False,False,False,False
14.870562,500,1039.425612,False,1,True,False,False,False,False,False,False,False
14.59708,500,1046.931108,False,1,True,False,False,False,False,False,False,False
14.049949,500,1054.53504,False,1,True,False,False,False,False,False,False,False
14.149291,500,1062.222087,False,1,True,False,False,False,False,False,False,False
4.947265,500,1070.931784,False,1,True,False,False,False,False,False,False,False
16.065703,500,1078.425388,False,1,True,False,False,False,False,False,False,False
15.996135,500,1085.933681,False,1,True,False,False,False,False,False,False,False
17.573281,500,1093.731214,False,1,True,False,False,False,False,False,False,False
11.946965,500,1101.733869,False,1,True,False,False,False,False,False,False,False
14.322794,500,1110.933953,False,1,True,False,False,False,False,False,False,False
14.099494,500,1118.622137,False,1,True,False,False,False,False,False,False,False
16.200732,500,1126.622162,False,1,True,False,False,False,False,False,False,False
16.066825,500,1134.035802,False,1,True,False,False,False,False,False,False,False
15.633728,500,1143.13725,False,1,True,False,False,False,False,False,False,False
13.169608,500,1150.727007,False,1,True,False,False,False,False,False,False,False
14.194972,500,1158.231977,False,1,True,False,False,False,False,False,False,False
15.50724,500,1165.725417,False,1,True,False,False,False,False,False,False,False
12.347639,500,1174.728111,False,1,True,False,False,False,False,False,False,False
17.891535,500,1182.233143,False,1,True,False,False,False,False,False,False,False
14.452346,500,1190.134092,False,1,True,False,False,False,False,False,False,False
14.656034,500,1197.536542,False,1,True,False,False,False,False,False,False,False
15.397608,500,1206.627179,False,1,True,False,False,False,False,False,False,False
15.315617,500,1214.037423,False,1,True,False,False,False,False,False,False,False
17.387612,500,1221.537062,False,1,True,False,False,False,False,False,False,False
17.759358,500,1229.125136,False,1,True,False,False,False,False,False,False,False
13.184514,500,1238.841925,False,1,True,False,False,False,False,False,False,False
16.102329,500,1246.434063,False,1,True,False,False,False,False,False,False,False
17.697049,500,1254.026345,False,1,True,False,False,False,False,False,False,False
13.361037,500,1261.434725,False,1,True,False,False,False,False,False,False,False
11.724871,500,1270.228455,False,1,True,False,False,False,False,False,False,False
12.786808,500,1277.731102,False,1,True,False,False,False,False,False,False,False
15.993244,500,1285.22175,False,1,True,False,False,False,False,False,False,False
16.00056,500,1292.833058,False,1,True,False,False,False,False,False,False,False
11.137247,500,1301.537546,False,1,True,False,False,False,False,False,False,False
13.414372,500,1309.235462,False,1,True,False,False,False,False,False,False,False
-8.094848,500,1316.726843,False,1,True,False,False,False,False,False,False,False
14.12513,500,1324.237181,False,1,True,False,False,False,False,False,False,False
13.842403,500,1333.425115,False,1,True,False,False,False,False,False,False,False
15.25113,500,1340.926188,False,1,True,False,False,False,False,False,False,False
15.776093,500,1348.522277,False,1,True,False,False,False,False,False,False,False
14.990084,500,1356.133806,False,1,True,False,False,False,False,False,False,False
14.572934,500,1365.13738,False,1,True,False,False,False,False,False,False,False
13.666545,500,1372.829287,False,1,True,False,False,False,False,False,False,False
9.394913,500,1380.523079,False,1,True,False,False,False,False,False,False,False
13.775823,500,1387.940229,False,1,True,False,False,False,False,False,False,False
14.834689,500,1397.036599,False,1,True,False,False,False,False,False,False,False
14.755952,500,1404.625002,False,1,True,False,False,False,False,False,False,False
14.996822,500,1412.240987,False,1,True,False,False,False,False,False,False,False
15.049668,500,1420.03346,False,1,True,False,False,False,False,False,False,False
16.041312,500,1427.625103,False,1,True,False,False,False,False,False,False,False
14.16151,500,1436.528085,False,1,True,False,False,False,False,False,False,False
16.436336,500,1444.03121,False,1,True,False,False,False,False,False,False,False
13.443005,500,1451.32207,False,1,True,False,False,False,False,False,False,False
15.224286,500,1459.034529,False,1,True,False,False,False,False,False,False,False
17.479964,500,1467.94212,False,1,True,False,False,False,False,False,False,False
15.785457,500,1475.630616,False,1,True,False,False,False,False,False,False,False
14.808292,500,1483.430993,False,1,True,False,False,False,False,False,False,False
13.786163,500,1491.122185,False,1,True,False,False,False,False,False,False,False
14.22249,500,1499.922151,False,1,True,False,False,False,False,False,False,False
12.99774,500,1507.634186,False,1,True,False,False,False,False,False,False,False
14.499824,500,1515.127591,False,1,True,False,False,False,False,False,False,False
13.964795,500,1522.63831,False,1,True,False,False,False,False,False,False,False
14.279356,500,1531.531043,False,1,True,False,False,False,False,False,False,False
15.273154,500,1539.027941,False,1,True,False,False,False,False,False,False,False
14.379632,500,1546.322203,False,1,True,False,False,False,False,False,False,False
12.113647,500,1553.831391,False,1,True,False,False,False,False,False,False,False
16.481231,500,1562.834659,False,1,True,False,False,False,False,False,False,False
16.390045,500,1570.525702,False,1,True,False,False,False,False,False,False,False
14.203256,500,1578.022055,False,1,True,False,False,False,False,False,False,False
14.161412,500,2189.62992,False,1,True,False,False,False,False,False,False,False
14.326067,500,2204.822336,False,1,True,False,False,False,False,False,False,False
15.383162,500,2219.54037,False,1,True,False,False,False,False,False,False,False
4.650036,500,2232.331644,False,1,False,False,False,False,False,False,False,False
16.081242,500,2245.634818,False,1,True,False,False,False,False,False,False,False
15.434859,500,2262.532041,False,1,True,False,False,False,False,False,False,False
11.82152,500,2276.139956,False,1,True,False,False,False,False,False,False,False
-9.740471,500,2284.331389,False,1,True,False,False,False,False,False,False,False
15.1693,500,2297.838185,False,1,True,False,False,False,False,False,False,False
16.825756,500,2314.430004,False,1,True,False,False,False,False,False,False,False
15.500832,500,2327.223067,False,1,True,False,False,False,False,False,False,False
14.831883,500,2339.138502,False,1,True,False,False,False,False,False,False,False
16.075316,500,2353.637822,False,1,True,False,False,False,False,False,False,False
15.425408,500,2370.429243,False,1,True,False,False,False,False,False,False,False
-4.915854,500,2383.54706,False,1,True,False,False,False,False,False,False,False
13.752962,500,2395.428049,False,1,True,False,False,False,False,False,False,False
17.427948,500,2407.422693,False,1,True,False,False,False,False,False,False,False
5.74637,500,2420.320999,False,1,False,False,False,False,False,False,False,False
15.249747,500,2432.322677,False,1,True,False,False,False,False,False,False,False
15.410447,500,2445.230186,False,1,True,False,False,False,False,False,False,False
-21.767927,398,2456.33495,False,1,True,False,False,False,False,False,False,False
14.570546,500,2471.439386,False,1,True,False,False,False,False,False,False,False
14.924886,500,2488.421067,False,1,True,False,False,False,False,False,False,False
16.16449,500,2500.426906,False,1,True,False,False,False,False,False,False,False
17.126232,500,2511.23139,False,1,True,False,False,False,False,False,False,False
9.032156,500,2521.738206,False,1,True,False,False,False,False,False,False,False
14.733133,500,2535.628932,False,1,True,False,False,False,False,False,False,False
13.379115,500,2546.524796,False,1,True,False,False,False,False,False,False,False
13.829328,500,2561.931863,False,1,True,False,False,False,False,False,False,False
13.544714,500,2577.023871,False,1,True,False,False,False,False,False,False,False
15.783367,500,2593.525147,False,1,True,False,False,False,False,False,False,False
14.98907,500,2608.331718,False,1,True,False,False,False,False,False,False,False
14.276209,500,2622.641097,False,1,True,False,False,False,False,False,False,False
15.424756,500,2637.224729,False,1,True,False,False,False,False,False,False,False
15.676196,500,2654.026757,False,1,True,False,False,False,False,False,False,False
15.137342,500,2667.031322,False,1,True,False,False,False,False,False,False,False
16.661708,500,2681.136791,False,1,True,False,False,False,False,False,False,False
-13.114493,500,2694.625021,False,1,False,False,False,False,False,False,False,False
16.154198,500,2711.834343,False,1,True,False,False,False,False,False,False,False
14.948872,500,2725.625133,False,1,True,False,False,False,False,False,False,False
11.93241,500,2737.436583,False,1,True,False,False,False,False,False,False,False
15.632553,500,2752.632935,False,1,True,False,False,False,False,False,False,False
15.694806,500,2768.928402,False,1,True,False,False,False,False,False,False,False
15.618602,500,2779.432559,False,1,True,False,False,False,False,False,False,False
14.170662,500,2793.428783,False,1,True,False,False,False,False,False,False,False
15.626872,500,2802.730833,False,1,True,False,False,False,False,False,False,False
12.525913,500,2813.335552,False,1,True,False,False,False,False,False,False,False
14.465258,500,2827.633412,False,1,True,False,False,False,False,False,False,False
14.670019,500,2837.332245,False,1,True,False,False,False,False,False,False,False
15.248157,500,2850.820903,False,1,True,False,False,False,False,False,False,False
15.349336,500,3468.83357,False,1,True,False,False,False,False,False,False,False
10.432687,500,3478.038966,False,1,True,False,False,False,False,False,False,False
13.254086,500,3493.133423,False,1,True,False,False,False,False,False,False,False
11.983625,500,3507.839048,False,1,True,False,False,False,False,False,False,False
15.828205,500,3525.320218,False,1,True,False,False,False,False,False,False,False
12.295583,500,3539.940773,False,1,True,False,False,False,False,False,False,False
8.491519,500,3554.535355,False,1,True,False,False,False,False,False,False,False
15.949631,500,3569.833802,False,1,True,False,False,False,False,False,False,False
0.495504,500,3584.530051,False,1,True,False,False,False,False,False,False,False
15.541297,500,3600.322466,False,1,True,False,False,False,False,False,False,False
10.317259,500,3612.537772,False,1,True,False,False,False,False,False,False,False
14.487066,500,3627.121513,False,1,True,False,False,False,False,False,False,False
16.420814,500,3640.619779,False,1,True,False,False,False,False,False,False,False
14.35237,500,3655.225622,False,1,True,False,False,False,False,False,False,False
15.970019,500,3668.724307,False,1,True,False,False,False,False,False,False,False
14.947541,500,3683.331853,False,1,True,False,False,False,False,False,False,False
14.425942,500,3695.024337,False,1,True,False,False,False,False,False,False,False
13.979796,500,3711.825012,False,1,True,False,False,False,False,False,False,False
15.521668,500,3724.136948,False,1,True,False,False,False,False,False,False,False
15.445081,500,3738.535594,False,1,True,False,False,False,False,False,False,False
13.764709,500,3752.337698,False,1,True,False,False,False,False,False,False,False
17.260537,500,3766.233468,False,1,True,False,False,False,False,False,False,False
16.190068,500,3779.236053,False,1,True,False,False,False,False,False,False,False
14.815785,500,3788.22688,False,1,True,False,False,False,False,False,False,False
14.537251,500,3799.831421,False,1,True,False,False,False,False,False,False,False
16.314688,500,3815.727998,False,1,True,False,False,False,False,False,False,False
15.182619,500,3827.132206,False,1,True,False,False,False,False,False,False,False
13.414872,500,3840.536104,False,1,True,False,False,False,False,False,False,False
16.445209,500,3854.231475,False,1,True,False,False,False,False,False,False,False
8.143797,500,3867.62178,False,1,True,False,False,False,False,False,False,False
16.988169,500,3880.131646,False,1,True,False,False,False,False,False,False,False
14.592585,500,3895.131782,False,1,True,False,False,False,False,False,False,False
15.527052,500,3909.420272,False,1,True,False,False,False,False,False,False,False
15.57556,500,3926.03943,False,1,True,False,False,False,False,False,False,False
15.109868,500,3939.125231,False,1,True,False,False,False,False,False,False,False
15.345009,500,3951.341706,False,1,True,False,False,False,False,False,False,False
11.784713,500,3961.738471,False,1,True,False,False,False,False,False,False,False
15.232121,500,3977.433258,False,1,True,False,False,False,False,False,False,False
13.750283,500,3990.428309,False,1,True,False,False,False,False,False,False,False
13.994245,500,4003.830611,False,1,True,False,False,False,False,False,False,False
15.057519,500,4018.836534,False,1,True,False,False,False,False,False,False,False
15.406943,500,4035.830051,False,1,True,False,False,False,False,False,False,False
17.415983,500,4048.229528,False,1,True,False,False,False,False,False,False,False
14.916774,500,4062.830426,False,1,True,False,False,False,False,False,False,False
15.367565,500,4077.339732,False,1,True,False,False,False,False,False,False,False
14.513769,500,4088.028021,False,1,True,False,False,False,False,False,False,False
16.826044,500,4099.235152,False,1,True,False,False,False,False,False,False,False
11.445872,500,4107.526746,False,1,True,False,False,False,False,False,False,False
14.54466,500,4116.036506,False,1,True,False,False,False,False,False,False,False
16.533042,500,4126.131504,False,1,True,False,False,False,False,False,False,False
15.040988,500,4509.428959,False,1,True,False,False,False,False,False,False,False
14.56902,500,4517.239202,False,1,True,False,False,False,False,False,False,False
16.457197,500,4525.422717,False,1,True,False,False,False,False,False,False,False
14.46834,500,4533.4341,False,1,True,False,False,False,False,False,False,False
15.538555,500,4543.323828,False,1,True,False,False,False,False,False,False,False
13.371126,500,4551.023769,False,1,True,False,False,False,False,False,False,False
15.823127,500,4558.635088,False,1,True,False,False,False,False,False,False,False
15.095912,500,4566.437651,False,1,True,False,False,False,False,False,False,False
16.308586,500,4575.735735,False,1,True,False,False,False,False,False,False,False
15.744538,500,4583.63752,False,1,True,False,False,False,False,False,False,False
14.734253,500,4592.0197,False,1,True,False,False,False,False,False,False,False
15.313298,500,4600.227482,False,1,True,False,False,False,False,False,False,False
15.90058,500,4609.834751,False,1,True,False,False,False,False,False,False,False
14.192094,500,4617.733951,False,1,True,False,False,False,False,False,False,False
2.966249,500,4624.333481,False,1,False,False,False,False,False,False,False,False
16.43528,500,4632.232657,False,1,True,False,False,False,False,False,False,False
15.555092,500,4641.632782,False,1,True,False,False,False,False,False,False,False
15.876964,500,4649.837282,False,1,True,False,False,False,False,False,False,False
15.144158,500,4657.833536,False,1,True,False,False,False,False,False,False,False
15.976073,500,4666.220173,False,1,True,False,False,False,False,False,False,False
16.234553,500,4675.834784,False,1,True,False,False,False,False,False,False,False
16.925418,500,4684.137629,False,1,True,False,False,False,False,False,False,False
16.271736,500,4692.541173,False,1,True,False,False,False,False,False,False,False
13.903117,500,4700.438151,False,1,True,False,False,False,False,False,False,False
15.5551,500,4710.636482,False,1,True,False,False,False,False,False,False,False
15.229207,500,4718.622718,False,1,True,False,False,False,False,False,False,False
15.339083,500,4726.434159,False,1,True,False,False,False,False,False,False,False
16.650661,500,4734.523108,False,1,True,False,False,False,False,False,False,False
14.858697,500,4744.335625,False,1,True,False,False,False,False,False,False,False
15.348029,500,4752.42571,False,1,True,False,False,False,False,False,False,False
14.598013,500,4760.129974,False,1,True,False,False,False,False,False,False,False
15.579917,500,4768.62623,False,1,True,False,False,False,False,False,False,False
17.573291,500,4778.036564,False,1,True,False,False,False,False,False,False,False
16.512008,500,4785.936816,False,1,True,False,False,False,False,False,False,False
15.962545,500,4793.736411,False,1,True,False,False,False,False,False,False,False
15.406999,500,4801.426079,False,1,True,False,False,False,False,False,False,False
14.504298,500,4811.133793,False,1,True,False,False,False,False,False,False,False
14.523468,500,4819.33184,False,1,True,False,False,False,False,False,False,False
17.113057,500,4827.130198,False,1,True,False,False,False,False,False,False,False
14.259648,500,4834.829432,False,1,True,False,False,False,False,False,False,False
2.273877,500,4844.129366,False,1,True,False,False,False,False,False,False,False
15.583125,500,4851.836287,False,1,True,False,False,False,False,False,False,False
16.428343,500,4859.735295,False,1,True,False,False,False,False,False,False,False
14.791498,500,4867.739838,False,1,True,False,False,False,False,False,False,False
-2.795209,500,4875.331242,False,1,True,False,False,False,False,False,False,False
17.891515,500,4884.845846,False,1,True,False,False,False,False,False,False,False
17.192533,500,4892.619764,False,1,True,False,False,False,False,False,False,False
14.766251,500,4900.223095,False,1,True,False,False,False,False,False,False,False
15.503832,500,4908.33216,False,1,True,False,False,False,False,False,False,False
15.856385,500,4918.026027,False,1,True,False,False,False,False,False,False,False
16.823453,500,5274.931663,False,1,True,False,False,False,False,False,False,False
15.901798,500,5282.825719,False,1,True,False,False,False,False,False,False,False
15.951325,500,5290.629365,False,1,True,False,False,False,False,False,False,False
16.002371,500,5300.534769,False,1,True,False,False,False,False,False,False,False
16.224022,500,5308.422182,False,1,True,False,False,False,False,False,False,False
14.028875,500,5316.32237,False,1,True,False,False,False,False,False,False,False
16.157521,500,5323.934388,False,1,True,False,False,False,False,False,False,False
15.627914,500,5333.238193,False,1,True,False,False,False,False,False,False,False
13.928797,500,5341.035643,False,1,True,False,False,False,False,False,False,False
15.887624,500,5349.222823,False,1,True,False,False,False,False,False,False,False
17.11111,500,5358.335476,False,1,True,False,False,False,False,False,False,False
16.216677,500,5367.321648,False,1,True,False,False,False,False,False,False,False
16.799555,500,5374.734167,False,1,True,False,False,False,False,False,False,False
15.330485,500,5382.225467,False,1,True,False,False,False,False,False,False,False
15.195065,500,5389.737134,False,1,True,False,False,False,False,False,False,False
16.106198,500,5398.730607,False,1,True,False,False,False,False,False,False,False
16.105202,500,5406.038877,False,1,True,False,False,False,False,False,False,False
15.282872,500,5413.533662,False,1,True,False,False,False,False,False,False,False
17.319627,500,5421.02795,False,1,True,False,False,False,False,False,False,False
14.781157,500,5429.822555,False,1,True,False,False,False,False,False,False,False
17.990477,500,5437.228866,False,1,True,False,False,False,False,False,False,False
16.754063,500,5444.833034,False,1,True,False,False,False,False,False,False,False
15.632052,500,5452.535946,False,1,True,False,False,False,False,False,False,False
15.621596,500,5461.52714,False,1,True,False,False,False,False,False,False,False
15.45706,500,5468.937203,False,1,True,False,False,False,False,False,False,False
15.316423,500,5476.328229,False,1,True,False,False,False,False,False,False,False
15.887444,500,5483.83669,False,1,True,False,False,False,False,False,False,False
15.420834,500,5492.722024,False,1,True,False,False,False,False,False,False,False
16.195864,500,5500.628518,False,1,True,False,False,False,False,False,False,False
16.018629,500,5508.128168,False,1,True,False,False,False,False,False,False,False
16.37915,500,5515.928417,False,1,True,False,False,False,False,False,False,False
16.704007,500,5524.831594,False,1,True,False,False,False,False,False,False,False
15.606851,500,5532.231426,False,1,True,False,False,False,False,False,False,False
15.448381,500,5539.636364,False,1,True,False,False,False,False,False,False,False
15.945105,500,5547.040112,False,1,True,False,False,False,False,False,False,False
16.521112,500,5554.922071,False,1,True,False,False,False,False,False,False,False
14.425323,500,5564.129388,False,1,True,False,False,False,False,False,False,False
7.352326,500,5570.83773,False,1,True,False,False,False,False,False,False,False
15.520849,500,5578.225553,False,1,True,False,False,False,False,False,False,False
15.549067,500,5585.637467,False,1,True,False,False,False,False,False,False,False
17.296213,500,5594.736862,False,1,True,False,False,False,False,False,False,False
15.516145,500,5602.225216,False,1,True,False,False,False,False,False,False,False
14.904584,500,5609.628487,False,1,True,False,False,False,False,False,False,False
16.404371,500,5617.039215,False,1,True,False,False,False,False,False,False,False
13.348071,500,5625.735538,False,1,True,False,False,False,False,False,False,False
14.943559,500,5633.028082,False,1,True,False,False,False,False,False,False,False
16.31393,500,5640.422366,False,1,True,False,False,False,False,False,False,False
14.877954,500,5647.934151,False,1,True,False,False,False,False,False,False,False
13.821962,500,5656.91963,False,1,True,False,False,False,False,False,False,False
15.268117,500,5664.23549,False,1,True,False,False,False,False,False,False,False
16.455345,500,6282.540992,False,1,True,False,False,False,False,False,False,False
15.089732,500,6296.043124,False,1,True,False,False,False,False,False,False,False
15.81866,500,6311.035052,False,1,True,False,False,False,False,False,False,False
16.935288,500,6321.93575,False,1,True,False,False,False,False,False,False,False
16.639229,500,6329.525766,False,1,True,False,False,False,False,False,False,False
13.559678,500,6336.930666,False,1,True,False,False,False,False,False,False,False
14.977788,500,6345.822115,False,1,True,False,False,False,False,False,False,False
15.426837,500,6353.325615,False,1,True,False,False,False,False,False,False,False
16.210224,500,6360.730795,False,1,True,False,False,False,False,False,False,False
15.155496,500,6368.13307,False,1,True,False,False,False,False,False,False,False
16.573753,500,6377.221255,False,1,True,False,False,False,False,False,False,False
14.306976,500,6384.635252,False,1,True,False,False,False,False,False,False,False
15.927868,500,6392.023519,False,1,True,False,False,False,False,False,False,False
14.182229,500,6400.139686,False,1,True,False,False,False,False,False,False,False
15.145878,500,6409.134314,False,1,True,False,False,False,False,False,False,False
15.392367,500,6416.627455,False,1,True,False,False,False,False,False,False,False
14.475297,500,6424.031126,False,1,True,False,False,False,False,False,False,False
11.817283,500,6431.232227,False,1,True,False,False,False,False,False,False,False
16.051263,500,6440.234184,False,1,True,False,False,False,False,False,False,False
16.549479,500,6447.72485,False,1,True,False,False,False,False,False,False,False
13.404825,500,6455.127439,False,1,True,False,False,False,False,False,False,False
16.415413,500,6462.53222,False,1,True,False,False,False,False,False,False,False
15.021153,500,6471.236218,False,1,True,False,False,False,False,False,False,False
9.686885,500,6478.22542,False,1,True,False,False,False,False,False,False,False
14.729432,500,6485.437546,False,1,True,False,False,False,False,False,False,False
16.369076,500,6492.739062,False,1,True,False,False,False,False,False,False,False
16.724137,500,6501.734243,False,1,True,False,False,False,False,False,False,False
15.578773,500,6509.224925,False,1,True,False,False,False,False,False,False,False
13.628107,500,6516.533949,False,1,True,False,False,False,False,False,False,False
16.468156,500,6524.424425,False,1,True,False,False,False,False,False,False,False
17.097916,500,6532.030848,False,1,True,False,False,False,False,False,False,False
13.624438,500,6540.837615,False,1,True,False,False,False,False,False,False,False
16.333524,500,6548.736209,False,1,True,False,False,False,False,False,False,False
15.782853,500,6556.440761,False,1,True,False,False,False,False,False,False,False
13.680245,500,6564.229923,False,1,True,False,False,False,False,False,False,False
15.808961,500,6573.439583,False,1,True,False,False,False,False,False,False,False
16.283469,500,6581.024437,False,1,True,False,False,False,False,False,False,False
15.356152,500,6588.425002,False,1,True,False,False,False,False,False,False,False
16.284014,500,6595.630616,False,1,True,False,False,False,False,False,False,False
15.267133,500,6604.328442,False,1,True,False,False,False,False,False,False,False
15.281917,500,6611.730998,False,1,True,False,False,False,False,False,False,False
17.170529,500,6619.133491,False,1,True,False,False,False,False,False,False,False
16.103402,500,6626.625288,False,1,True,False,False,False,False,False,False,False
13.567164,500,6635.23776,False,1,True,False,False,False,False,False,False,False
15.139206,500,6642.834376,False,1,True,False,False,False,False,False,False,False
16.677453,500,6650.336757,False,1,True,False,False,False,False,False,False,False
16.87403,500,6657.825249,False,1,True,False,False,False,False,False,False,False
15.500665,500,6666.627172,False,1,True,False,False,False,False,False,False,False
13.683515,500,6673.834527,False,1,True,False,False,False,False,False,False,False
15.015535,500,6681.335211,False,1,True,False,False,False,False,False,False,False
17.295882,500,7075.128572,False,1,True,False,False,False,False,False,False,False
14.290778,500,7084.930186,False,1,True,False,False,False,False,False,False,False
16.452546,500,7093.040089,False,1,True,False,False,False,False,False,False,False
17.369027,500,7101.334534,False,1,True,False,False,False,False,False,False,False
16.181591,500,7109.92971,False,1,True,False,False,False,False,False,False,False
15.433091,500,7119.622562,False,1,True,False,False,False,False,False,False,False
16.829321,500,7127.822742,False,1,True,False,False,False,False,False,False,False
16.260995,500,7135.529412,False,1,True,False,False,False,False,False,False,False
-18.060724,331,7140.625098,False,1,True,False,False,False,False,False,False,False
15.600022,500,7148.429459,False,1,True,False,False,False,False,False,False,False
14.833419,500,7157.440183,False,1,True,False,False,False,False,False,False,False
15.837469,500,7166.129787,False,1,True,False,False,False,False,False,False,False
16.341223,500,7174.332206,False,1,True,False,False,False,False,False,False,False
15.447567,500,7182.135818,False,1,True,False,False,False,False,False,False,False
16.842269,500,7191.52875,False,1,True,False,False,False,False,False,False,False
15.191672,500,7199.336596,False,1,True,False,False,False,False,False,False,False
14.329913,500,7207.534837,False,1,True,False,False,False,False,False,False,False
16.438695,500,7215.923549,False,1,True,False,False,False,False,False,False,False
17.376412,500,7225.129047,False,1,True,False,False,False,False,False,False,False
14.547098,500,7233.125844,False,1,True,False,False,False,False,False,False,False
16.048322,500,7241.626048,False,1,True,False,False,False,False,False,False,False
14.807993,500,7249.531874,False,1,True,False,False,False,False,False,False,False
16.415074,500,7259.229243,False,1,True,False,False,False,False,False,False,False
15.756217,500,7267.139815,False,1,True,False,False,False,False,False,False,False
15.382372,500,7275.722733,False,1,True,False,False,False,False,False,False,False
14.802463,500,7283.83092,False,1,True,False,False,False,False,False,False,False
16.03805,500,7293.619804,False,1,True,False,False,False,False,False,False,False
16.165191,500,7302.333088,False,1,True,False,False,False,False,False,False,False
17.51546,500,7310.228431,False,1,True,False,False,False,False,False,False,False
16.710147,500,7318.126296,False,1,True,False,False,False,False,False,False,False
16.587404,500,7327.325868,False,1,True,False,False,False,False,False,False,False
15.543113,500,7335.833532,False,1,True,False,False,False,False,False,False,False
15.827058,500,7344.539493,False,1,True,False,False,False,False,False,False,False
16.294454,500,7352.429427,False,1,True,False,False,False,False,False,False,False
15.506875,500,7361.821759,False,1,True,False,False,False,False,False,False,False
16.208571,500,7370.723299,False,1,True,False,False,False,False,False,False,False
17.621845,500,7378.524916,False,1,True,False,False,False,False,False,False,False
16.012728,500,7386.326916,False,1,True,False,False,False,False,False,False,False
14.747786,500,7395.920026,False,1,True,False,False,False,False,False,False,False
15.830362,500,7403.73434,False,1,True,False,False,False,False,False,False,False
16.964396,500,7412.025532,False,1,True,False,False,False,False,False,False,False
17.201331,500,7420.237571,False,1,True,False,False,False,False,False,False,False
15.516284,500,7430.333565,False,1,True,False,False,False,False,False,False,False
16.510008,500,7438.730177,False,1,True,False,False,False,False,False,False,False
-6.060675,500,7446.038646,False,1,True,False,False,False,False,False,False,False
16.47029,500,7454.529175,False,1,True,False,False,False,False,False,False,False
15.697053,500,7463.924931,False,1,True,False,False,False,False,False,False,False
17.132867,500,7471.732016,False,1,True,False,False,False,False,False,False,False
18.172879,500,7479.934834,False,1,True,False,False,False,False,False,False,False
14.686848,500,7487.829153,False,1,True,False,False,False,False,False,False,False
15.970195,500,7496.033693,False,1,True,False,False,False,False,False,False,False
16.297347,500,7874.22621,False,1,True,False,False,False,False,False,False,False
16.431948,500,7882.026422,False,1,True,False,False,False,False,False,False,False
16.826915,500,7889.824429,False,1,True,False,False,False,False,False,False,False
16.308939,500,7897.82619,False,1,True,False,False,False,False,False,False,False
17.351169,500,7907.134202,False,1,True,False,False,False,False,False,False,False
-4.808163,500,7915.629403,False,1,True,False,False,False,False,False,False,False
16.524801,500,7923.733305,False,1,True,False,False,False,False,False,False,False
17.22252,500,7932.534623,False,1,True,False,False,False,False,False,False,False
17.226565,500,7942.435576,False,1,True,False,False,False,False,False,False,False
16.828507,500,7950.829801,False,1,True,False,False,False,False,False,False,False
16.312689,500,7959.122823,False,1,True,False,False,False,False,False,False,False
15.979054,500,7967.123849,False,1,True,False,False,False,False,False,False,False
16.605953,500,7976.933076,False,1,True,False,False,False,False,False,False,False
16.580684,500,7984.920563,False,1,True,False,False,False,False,False,False,False
16.613674,500,7993.435145,False,1,True,False,False,False,False,False,False,False
16.29405,500,8001.540845,False,1,True,False,False,False,False,False,False,False
16.445275,500,8011.331108,False,1,True,False,False,False,False,False,False,False
14.065789,500,8019.223374,False,1,True,False,False,False,False,False,False,False
14.767785,500,8026.932463,False,1,True,False,False,False,False,False,False,False
13.264954,500,8034.639473,False,1,True,False,False,False,False,False,False,False
17.050867,500,8043.932848,False,1,True,False,False,False,False,False,False,False
16.25713,500,8052.034345,False,1,True,False,False,False,False,False,False,False
16.500297,500,8060.427777,False,1,True,False,False,False,False,False,False,False
16.34006,500,8068.232322,False,1,True,False,False,False,False,False,False,False
13.622118,500,8078.32857,False,1,True,False,False,False,False,False,False,False
13.878412,500,8086.32363,False,1,True,False,False,False,False,False,False,False
14.238542,500,8094.125973,False,1,True,False,False,False,False,False,False,False
16.459151,500,8102.035306,False,1,True,False,False,False,False,False,False,False
12.952745,500,8111.2315,False,1,True,False,False,False,False,False,False,False
16.049649,500,8119.029262,False,1,True,False,False,False,False,False,False,False
16.272,500,8126.822839,False,1,True,False,False,False,False,False,False,False
15.693481,500,8135.023524,False,1,True,False,False,False,False,False,False,False
15.580007,500,8144.528896,False,1,True,False,False,False,False,False,False,False
15.039554,500,8152.339408,False,1,True,False,False,False,False,False,False,False
15.430575,500,8160.225859,False,1,True,False,False,False,False,False,False,False
16.821511,500,8168.03453,False,1,True,False,False,False,False,False,False,False
15.694881,500,8177.342512,False,1,True,False,False,False,False,False,False,False
15.842994,500,8186.125006,False,1,True,False,False,False,False,False,False,False
15.583082,500,8194.336666,False,1,True,False,False,False,False,False,False,False
14.259038,500,8202.53387,False,1,True,False,False,False,False,False,False,False
15.019037,500,8211.83259,False,1,True,False,False,False,False,False,False,False
15.943912,500,8219.834165,False,1,True,False,False,False,False,False,False,False
15.717281,500,8228.64012,False,1,True,False,False,False,False,False,False,False
16.458422,500,8237.034504,False,1,True,False,False,False,False,False,False,False
14.263201,500,8245.220774,False,1,True,False,False,False,False,False,False,False
16.334464,500,8255.319902,False,1,True,False,False,False,False,False,False,False
16.636935,500,8263.137278,False,1,True,False,False,False,False,False,False,False
17.439142,500,8271.223456,False,1,True,False,False,False,False,False,False,False
15.998047,500,8279.420447,False,1,True,False,False,False,False,False,False,False
16.874986,500,8288.534198,False,1,True,False,False,False,False,False,False,False
17.367479,500,8645.031902,False,1,True,False,False,False,False,False,False,False
17.395674,500,8653.630642,False,1,True,False,False,False,False,False,False,False
15.31391,500,8661.945283,False,1,True,False,False,False,False,False,False,False
-19.055304,500,8671.925426,False,1,False,False,False,False,False,False,False,False
17.252262,500,8680.433896,False,1,True,False,False,False,False,False,False,False
14.41766,500,8689.038726,False,1,True,False,False,False,False,False,False,False
15.910077,500,8697.731557,False,1,True,False,False,False,False,False,False,False
16.130796,500,8707.72799,False,1,True,False,False,False,False,False,False,False
16.488609,500,8715.628663,False,1,True,False,False,False,False,False,False,False
16.569058,500,8724.133309,False,1,True,False,False,False,False,False,False,False
15.282714,500,8732.7264,False,1,True,False,False,False,False,False,False,False
16.685928,500,8742.835057,False,1,True,False,False,False,False,False,False,False
16.389215,500,8751.23095,False,1,True,False,False,False,False,False,False,False
14.807849,500,8759.823294,False,1,True,False,False,False,False,False,False,False
16.461912,500,8768.225037,False,1,True,False,False,False,False,False,False,False
15.905391,500,8778.037863,False,1,True,False,False,False,False,False,False,False
15.355412,500,8787.029263,False,1,True,False,False,False,False,False,False,False
16.044017,500,8795.035533,False,1,True,False,False,False,False,False,False,False
16.663784,500,8803.235029,False,1,True,False,False,False,False,False,False,False
14.598468,500,8812.735433,False,1,True,False,False,False,False,False,False,False
16.247397,500,8820.725235,False,1,True,False,False,False,False,False,False,False
15.035671,500,8829.02738,False,1,True,False,False,False,False,False,False,False
14.030941,500,8837.823454,False,1,True,False,False,False,False,False,False,False
16.106223,500,8847.538268,False,1,True,False,False,False,False,False,False,False
15.33088,500,8855.933205,False,1,True,False,False,False,False,False,False,False
15.956229,500,8864.73335,False,1,True,False,False,False,False,False,False,False
16.097774,500,8873.427107,False,1,True,False,False,False,False,False,False,False
17.363853,500,8883.933546,False,1,True,False,False,False,False,False,False,False
13.679294,500,8892.734399,False,1,True,False,False,False,False,False,False,False
15.018642,500,8901.332288,False,1,True,False,False,False,False,False,False,False
17.141944,500,8908.939264,False,1,True,False,False,False,False,False,False,False
14.983382,500,8918.32299,False,1,True,False,False,False,False,False,False,False
17.015463,500,8925.827294,False,1,True,False,False,False,False,False,False,False
15.635314,500,8933.233972,False,1,True,False,False,False,False,False,False,False
15.956795,500,8940.631147,False,1,True,False,False,False,False,False,False,False
15.58505,500,8948.622498,False,1,True,False,False,False,False,False,False,False
16.662947,500,8958.722997,False,1,True,False,False,False,False,False,False,False
15.359012,500,8967.426366,False,1,True,False,False,False,False,False,False,False
15.275796,500,8975.325208,False,1,True,False,False,False,False,False,False,False
16.059231,500,8982.821563,False,1,True,False,False,False,False,False,False,False
16.086842,500,8991.528059,False,1,True,False,False,False,False,False,False,False
16.430654,500,8999.235904,False,1,True,False,False,False,False,False,False,False
17.548457,500,9006.828927,False,1,True,False,False,False,False,False,False,False
15.310153,500,9014.534141,False,1,True,False,False,False,False,False,False,False
15.496153,500,9023.721778,False,1,True,False,False,False,False,False,False,False
13.287026,500,9031.222653,False,1,True,False,False,False,False,False,False,False
15.111904,500,9038.723713,False,1,True,False,False,False,False,False,False,False
14.478882,500,9046.82244,False,1,True,False,False,False,False,False,False,False
16.328971,500,9055.421123,False,1,True,False,False,False,False,False,False,False
15.978726,500,9062.734572,False,1,True,False,False,False,False,False,False,False
14.927374,500,9508.732638,False,1,True,False,False,False,False,False,False,False
14.571229,500,9516.625937,False,1,True,False,False,False,False,False,False,False
14.926054,500,9526.030433,False,1,True,False,False,False,False,False,False,False
14.830163,500,9533.929439,False,1,True,False,False,False,False,False,False,False
16.761152,500,9541.723706,False,1,True,False,False,False,False,False,False,False
15.680793,500,9550.031517,False,1,True,False,False,False,False,False,False,False
17.074003,500,9559.53484,False,1,True,False,False,False,False,False,False,False
16.730665,500,9567.723514,False,1,True,False,False,False,False,False,False,False
14.888518,500,9576.0374,False,1,True,False,False,False,False,False,False,False
16.443296,500,9584.023162,False,1,True,False,False,False,False,False,False,False
14.799566,500,9593.337702,False,1,True,False,False,False,False,False,False,False
16.235308,500,9601.122087,False,1,True,False,False,False,False,False,False,False
15.878228,500,9608.834062,False,1,True,False,False,False,False,False,False,False
15.331975,500,9616.537358,False,1,True,False,False,False,False,False,False,False
15.0636,500,9626.137752,False,1,True,False,False,False,False,False,False,False
16.707958,500,9634.031158,False,1,True,False,False,False,False,False,False,False
15.219416,500,9642.339832,False,1,True,False,False,False,False,False,False,False
15.035851,500,9650.228503,False,1,True,False,False,False,False,False,False,False
15.353655,500,9659.234375,False,1,True,False,False,False,False,False,False,False
14.54675,500,9667.0325,False,1,True,False,False,False,False,False,False,False
13.981192,500,9674.925177,False,1,True,False,False,False,False,False,False,False
16.667443,500,9682.53484,False,1,True,False,False,False,False,False,False,False
15.355066,500,9691.333844,False,1,True,False,False,False,False,False,False,False
16.471831,500,9698.742934,False,1,True,False,False,False,False,False,False,False
17.428003,500,9706.328339,False,1,True,False,False,False,False,False,False,False
16.648272,500,9713.636327,False,1,True,False,False,False,False,False,False,False
16.103781,500,9721.12862,False,1,True,False,False,False,False,False,False,False
16.166348,500,9730.333611,False,1,True,False,False,False,False,False,False,False
16.368093,500,9737.742382,False,1,True,False,False,False,False,False,False,False
15.635932,500,9745.232749,False,1,True,False,False,False,False,False,False,False
16.472448,500,9753.033834,False,1,True,False,False,False,False,False,False,False
17.090848,500,9761.933398,False,1,True,False,False,False,False,False,False,False
16.606381,500,9769.825312,False,1,True,False,False,False,False,False,False,False
14.431921,500,9777.427977,False,1,True,False,False,False,False,False,False,False
16.345546,500,9784.833119,False,1,True,False,False,False,False,False,False,False
16.075968,500,9793.931267,False,1,True,False,False,False,False,False,False,False
15.890274,500,9801.535924,False,1,True,False,False,False,False,False,False,False
15.441034,500,9809.021974,False,1,True,False,False,False,False,False,False,False
15.014565,500,9816.52549,False,1,True,False,False,False,False,False,False,False
16.260149,500,9825.142029,False,1,True,False,False,False,False,False,False,False
15.658655,500,9832.540765,False,1,True,False,False,False,False,False,False,False
16.081823,500,9840.021726,False,1,True,False,False,False,False,False,False,False
16.208037,500,9847.32805,False,1,True,False,False,False,False,False,False,False
16.915433,500,9856.333867,False,1,True,False,False,False,False,False,False,False
15.633445,500,9864.022527,False,1,True,False,False,False,False,False,False,False
17.23347,500,9871.328727,False,1,True,False,False,False,False,False,False,False
13.04143,500,9878.82518,False,1,True,False,False,False,False,False,False,False
16.275218,500,9887.735857,False,1,True,False,False,False,False,False,False,False
17.017052,500,9895.137219,False,1,True,False,False,False,False,False,False,False
16.671352,500,9902.535467,False,1,True,False,False,False,False,False,False,False
15.70923,500,10246.324262,False,1,True,False,False,False,False,False,False,False
16.331278,500,10255.13131,False,1,True,False,False,False,False,False,False,False
15.049013,500,10262.634325,False,1,True,False,False,False,False,False,False,False
15.757191,500,10270.124226,False,1,True,False,False,False,False,False,False,False
14.486923,500,10277.524753,False,1,True,False,False,False,False,False,False,False
16.727105,500,10286.333911,False,1,True,False,False,False,False,False,False,False
15.222437,500,10294.13178,False,1,True,False,False,False,False,False,False,False
16.839495,500,10302.036698,False,1,True,False,False,False,False,False,False,False
14.745778,500,10309.624462,False,1,True,False,False,False,False,False,False,False
16.71025,500,10318.636293,False,1,True,False,False,False,False,False,False,False
17.698634,500,10326.725249,False,1,True,False,False,False,False,False,False,False
16.622815,500,10335.034227,False,1,True,False,False,False,False,False,False,False
15.176289,500,10343.227487,False,1,True,False,False,False,False,False,False,False
15.353673,500,10352.031816,False,1,True,False,False,False,False,False,False,False
18.025692,500,10359.53386,False,1,True,False,False,False,False,False,False,False
16.268213,500,10366.934481,False,1,True,False,False,False,False,False,False,False
17.514212,500,10374.430161,False,1,True,False,False,False,False,False,False,False
16.111585,500,10383.133212,False,1,True,False,False,False,False,False,False,False
14.678478,500,10390.635353,False,1,True,False,False,False,False,False,False,False
14.804401,500,10398.224717,False,1,True,False,False,False,False,False,False,False
16.38099,500,10405.634613,False,1,True,False,False,False,False,False,False,False
14.383742,500,10413.230865,False,1,True,False,False,False,False,False,False,False
15.74508,500,10422.13896,False,1,True,False,False,False,False,False,False,False
17.045887,500,10429.627984,False,1,True,False,False,False,False,False,False,False
14.826238,500,10437.127807,False,1,True,False,False,False,False,False,False,False
16.569369,500,10444.540687,False,1,True,False,False,False,False,False,False,False
16.135897,500,10453.622942,False,1,True,False,False,False,False,False,False,False
16.86035,500,10461.228398,False,1,True,False,False,False,False,False,False,False
14.240085,500,10468.539779,False,1,True,False,False,False,False,False,False,False
15.674082,500,10476.034084,False,1,True,False,False,False,False,False,False,False
15.478366,500,10484.935548,False,1,True,False,False,False,False,False,False,False
15.968172,500,10492.430779,False,1,True,False,False,False,False,False,False,False
16.18972,500,10499.828237,False,1,True,False,False,False,False,False,False,False
14.869719,500,10507.122734,False,1,True,False,False,False,False,False,False,False
16.460056,500,10515.93341,False,1,True,False,False,False,False,False,False,False
17.068611,500,10523.525552,False,1,True,False,False,False,False,False,False,False
15.363731,500,10531.021399,False,1,True,False,False,False,False,False,False,False
16.175982,500,10538.622022,False,1,True,False,False,False,False,False,False,False
16.548339,500,10547.439456,False,1,True,False,False,False,False,False,False,False
15.615636,500,10555.027186,False,1,True,False,False,False,False,False,False,False
15.633384,500,10562.527932,False,1,True,False,False,False,False,False,False,False
16.553283,500,10570.141175,False,1,True,False,False,False,False,False,False,False
15.150093,500,10579.642005,False,1,True,False,False,False,False,False,False,False
16.378398,500,10588.032757,False,1,True,False,False,False,False,False,False,False
17.045781,500,10595.825007,False,1,True,False,False,False,False,False,False,False
15.76469,500,10603.231744,False,1,True,False,False,False,False,False,False,False
16.017254,500,10612.230521,False,1,True,False,False,False,False,False,False,False
16.157623,500,10619.63695,False,1,True,False,False,False,False,False,False,False
15.006275,500,10627.127275,False,1,True,False,False,False,False,False,False,False
16.3833,500,10634.625662,False,1,True,False,False,False,False,False,False,False
16.657174,500,11058.829064,False,1,True,False,False,False,False,False,False,False
15.874601,500,11067.325616,False,1,True,False,False,False,False,False,False,False
16.078609,500,11075.531068,False,1,True,False,False,False,False,False,False,False
17.274245,500,11083.225284,False,1,True,False,False,False,False,False,False,False
17.436624,500,11093.031005,False,1,True,False,False,False,False,False,False,False
15.974516,500,11100.740176,False,1,True,False,False,False,False,False,False,False
16.956152,500,11108.436682,False,1,True,False,False,False,False,False,False,False
16.559085,500,11115.835355,False,1,True,False,False,False,False,False,False,False
16.333123,500,11125.422568,False,1,True,False,False,False,False,False,False,False
17.031029,500,11133.03087,False,1,True,False,False,False,False,False,False,False
16.236258,500,11140.83042,False,1,True,False,False,False,False,False,False,False
18.185788,500,11149.126064,False,1,True,False,False,False,False,False,False,False
14.865526,500,11157.530551,False,1,True,False,False,False,False,False,False,False
16.201696,500,11167.330281,False,1,True,False,False,False,False,False,False,False
17.021308,500,11175.245279,False,1,True,False,False,False,False,False,False,False
17.242027,500,11183.438128,False,1,True,False,False,False,False,False,False,False
17.243527,500,11191.929599,False,1,True,False,False,False,False,False,False,False
14.427864,500,11202.132066,False,1,True,False,False,False,False,False,False,False
17.082168,500,11210.537912,False,1,True,False,False,False,False,False,False,False
16.026697,500,11218.939231,False,1,True,False,False,False,False,False,False,False
16.892499,500,11227.437383,False,1,True,False,False,False,False,False,False,False
14.763263,500,11237.325365,False,1,True,False,False,False,False,False,False,False
16.806152,500,11245.625256,False,1,True,False,False,False,False,False,False,False
16.195767,500,11254.226677,False,1,True,False,False,False,False,False,False,False
15.68302,500,11262.830244,False,1,True,False,False,False,False,False,False,False
17.953582,500,11272.838841,False,1,True,False,False,False,False,False,False,False
15.641403,500,11280.533955,False,1,True,False,False,False,False,False,False,False
13.863424,500,11288.025542,False,1,True,False,False,False,False,False,False,False
14.988655,500,11295.928551,False,1,True,False,False,False,False,False,False,False
16.406683,500,11304.822164,False,1,True,False,False,False,False,False,False,False
16.827999,500,11312.43048,False,1,True,False,False,False,False,False,False,False
17.274514,500,11320.12189,False,1,True,False,False,False,False,False,False,False
15.630443,500,11327.630769,False,1,True,False,False,False,False,False,False,False
16.467245,500,11337.424792,False,1,True,False,False,False,False,False,False,False
15.377964,500,11345.529481,False,1,True,False,False,False,False,False,False,False
17.100332,500,11353.519927,False,1,True,False,False,False,False,False,False,False
15.353719,500,11360.934937,False,1,True,False,False,False,False,False,False,False
13.396156,500,11370.129532,False,1,True,False,False,False,False,False,False,False
16.198479,500,11377.634729,False,1,True,False,False,False,False,False,False,False
13.146745,500,11384.922955,False,1,True,False,False,False,False,False,False,False
16.853521,500,11392.636352,False,1,True,False,False,False,False,False,False,False
16.764701,500,11401.331425,False,1,True,False,False,False,False,False,False,False
14.557329,500,11408.828494,False,1,True,False,False,False,False,False,False,False
-7.228498,500,11415.938485,False,1,False,False,False,False,False,False,False,False
15.989067,500,11423.234311,False,1,True,False,False,False,False,False,False,False
15.515219,500,11432.031329,False,1,True,False,False,False,False,False,False,False
15.435225,500,11439.525566,False,1,True,False,False,False,False,False,False,False
16.037232,500,11447.022375,False,1,True,False,False,False,False,False,False,False
12.922661,500,11454.125344,False,1,True,False,False,False,False,False,False,False
16.41397,500,11463.128289,False,1,True,False,False,False,False,False,False,False
14.89203,500,11901.234231,False,1,True,False,False,False,False,False,False,False
16.084349,500,11909.331373,False,1,True,False,False,False,False,False,False,False
14.450187,500,11916.825475,False,1,True,False,False,False,False,False,False,False
17.412917,500,11925.622487,False,1,True,False,False,False,False,False,False,False
17.258671,500,11933.131398,False,1,True,False,False,False,False,False,False,False
17.762613,500,11940.627926,False,1,True,False,False,False,False,False,False,False
15.839151,500,11948.138714,False,1,True,False,False,False,False,False,False,False
16.534939,500,11955.522613,False,1,True,False,False,False,False,False,False,False
16.782046,500,11964.132537,False,1,True,False,False,False,False,False,False,False
16.008941,500,11971.522132,False,1,True,False,False,False,False,False,False,False
15.866988,500,11979.326164,False,1,True,False,False,False,False,False,False,False
15.493511,500,11986.638177,False,1,True,False,False,False,False,False,False,False
14.718965,500,11995.524613,False,1,True,False,False,False,False,False,False,False
17.360101,500,12003.031085,False,1,True,False,False,False,False,False,False,False
16.495622,500,12010.633951,False,1,True,False,False,False,False,False,False,False
15.37115,500,12018.122484,False,1,True,False,False,False,False,False,False,False
15.861735,500,12026.742134,False,1,True,False,False,False,False,False,False,False
-6.715142,500,12033.021412,False,1,False,False,False,False,False,False,False,False
16.415337,500,12040.633947,False,1,True,False,False,False,False,False,False,False
16.987739,500,12048.3397,False,1,True,False,False,False,False,False,False,False
15.483708,500,12057.13408,False,1,True,False,False,False,False,False,False,False
16.381502,500,12064.628102,False,1,True,False,False,False,False,False,False,False
15.678179,500,12072.237798,False,1,True,False,False,False,False,False,False,False
14.907832,500,12080.334935,False,1,True,False,False,False,False,False,False,False
15.79161,500,12089.523679,False,1,True,False,False,False,False,False,False,False
14.651105,500,12097.027835,False,1,True,False,False,False,False,False,False,False
16.970378,500,12105.030758,False,1,True,False,False,False,False,False,False,False
16.846581,500,12113.226246,False,1,True,False,False,False,False,False,False,False
16.488398,500,12122.230763,False,1,True,False,False,False,False,False,False,False
10.8989,500,12129.036322,False,1,True,False,False,False,False,False,False,False
17.292907,500,12137.322572,False,1,True,False,False,False,False,False,False,False
16.362312,500,12144.825316,False,1,True,False,False,False,False,False,False,False
16.195679,500,12154.127436,False,1,True,False,False,False,False,False,False,False
16.18916,500,12162.030494,False,1,True,False,False,False,False,False,False,False
10.930821,500,12169.227786,False,1,True,False,False,False,False,False,False,False
15.48738,500,12176.922624,False,1,True,False,False,False,False,False,False,False
15.787393,500,12185.93573,False,1,True,False,False,False,False,False,False,False
14.701012,500,12194.222438,False,1,True,False,False,False,False,False,False,False
16.430447,500,12202.234555,False,1,True,False,False,False,False,False,False,False
16.849012,500,12209.828031,False,1,True,False,False,False,False,False,False,False
15.669655,500,12219.426216,False,1,True,False,False,False,False,False,False,False
17.744901,500,12226.931055,False,1,True,False,False,False,False,False,False,False
17.678362,500,12234.425538,False,1,True,False,False,False,False,False,False,False
15.893504,500,12241.92608,False,1,True,False,False,False,False,False,False,False
15.505216,500,12250.928096,False,1,True,False,False,False,False,False,False,False
16.224133,500,12258.333812,False,1,True,False,False,False,False,False,False,False
15.276054,500,12266.122571,False,1,True,False,False,False,False,False,False,False
17.014031,500,12274.425972,False,1,True,False,False,False,False,False,False,False
-14.496627,500,12281.921547,False,1,False,False,False,False,False,False,False,False
14.861453,500,12291.128597,False,1,True,False,False,False,False,False,False,False
16.824222,500,12654.827612,False,1,True,False,False,False,False,False,False,False
17.095086,500,12662.225211,False,1,True,False,False,False,False,False,False,False
16.090651,500,12669.932176,False,1,True,False,False,False,False,False,False,False
16.427315,500,12679.2292,False,1,True,False,False,False,False,False,False,False
17.335152,500,12686.832262,False,1,True,False,False,False,False,False,False,False
17.06514,500,12694.531693,False,1,True,False,False,False,False,False,False,False
16.575141,500,12702.236874,False,1,True,False,False,False,False,False,False,False
16.395431,500,12712.322469,False,1,True,False,False,False,False,False,False,False
16.139316,500,12720.437414,False,1,True,False,False,False,False,False,False,False
15.217433,500,12728.035352,False,1,True,False,False,False,False,False,False,False
16.80904,500,12736.12824,False,1,True,False,False,False,False,False,False,False
16.98457,500,12745.122691,False,1,True,False,False,False,False,False,False,False
16.321016,500,12752.730688,False,1,True,False,False,False,False,False,False,False
15.462007,500,12760.236838,False,1,True,False,False,False,False,False,False,False
15.991632,500,12767.930376,False,1,True,False,False,False,False,False,False,False
17.042734,500,12776.937231,False,1,True,False,False,False,False,False,False,False
16.730629,500,12784.628761,False,1,True,False,False,False,False,False,False,False
15.754126,500,12792.236686,False,1,True,False,False,False,False,False,False,False
16.536541,500,12799.734581,False,1,True,False,False,False,False,False,False,False
16.625321,500,12808.639996,False,1,True,False,False,False,False,False,False,False
16.67694,500,12816.421108,False,1,True,False,False,False,False,False,False,False
16.100827,500,12823.828928,False,1,True,False,False,False,False,False,False,False
16.807428,500,12831.621106,False,1,True,False,False,False,False,False,False,False
15.178622,500,12840.522779,False,1,True,False,False,False,False,False,False,False
17.056288,500,12848.035829,False,1,True,False,False,False,False,False,False,False
15.898996,500,12855.525109,False,1,True,False,False,False,False,False,False,False
16.93289,500,12863.029825,False,1,True,False,False,False,False,False,False,False
13.617052,500,12872.232999,False,1,True,False,False,False,False,False,False,False
14.777458,500,12879.834228,False,1,True,False,False,False,False,False,False,False
16.341831,500,12887.322258,False,1,True,False,False,False,False,False,False,False
16.661337,500,12895.131234,False,1,True,False,False,False,False,False,False,False
15.616052,500,12904.439365,False,1,True,False,False,False,False,False,False,False
14.510342,500,12912.434585,False,1,True,False,False,False,False,False,False,False
15.457918,500,12920.23409,False,1,True,False,False,False,False,False,False,False
16.14499,500,12927.635185,False,1,True,False,False,False,False,False,False,False
15.792787,500,12936.627982,False,1,True,False,False,False,False,False,False,False
16.132951,500,12944.033727,False,1,True,False,False,False,False,False,False,False
11.57127,500,12951.119771,False,1,True,False,False,False,False,False,False,False
15.889102,500,12958.635096,False,1,True,False,False,False,False,False,False,False
16.303927,500,12967.736028,False,1,True,False,False,False,False,False,False,False
16.509556,500,12975.325395,False,1,True,False,False,False,False,False,False,False
14.563887,500,12983.237943,False,1,True,False,False,False,False,False,False,False
16.896318,500,12990.727832,False,1,True,False,False,False,False,False,False,False
15.664081,500,12998.12723,False,1,True,False,False,False,False,False,False,False
12.607032,500,13006.633647,False,1,True,False,False,False,False,False,False,False
17.388854,500,13014.220393,False,1,True,False,False,False,False,False,False,False
17.302207,500,13021.53177,False,1,True,False,False,False,False,False,False,False
0.51639,500,13027.823736,False,1,False,False,False,False,False,False,False,False
16.628887,500,13036.728547,False,1,True,False,False,False,False,False,False,False
16.490027,500,13044.122557,False,1,True,False,False,False,False,False,False,False
14.874728,500,13425.621606,False,1,True,False,False,False,False,False,False,False
16.048012,500,13432.937651,False,1,True,False,False,False,False,False,False,False
16.699316,500,13441.739877,False,1,True,False,False,False,False,False,False,False
16.775316,500,13449.225198,False,1,True,False,False,False,False,False,False,False
16.404492,500,13456.62272,False,1,True,False,False,False,False,False,False,False
17.202011,500,13464.237427,False,1,True,False,False,False,False,False,False,False
17.895028,500,13473.22491,False,1,True,False,False,False,False,False,False,False
16.784041,500,13480.936812,False,1,True,False,False,False,False,False,False,False
16.788436,500,13488.334399,False,1,True,False,False,False,False,False,False,False
15.795907,500,13496.329939,False,1,True,False,False,False,False,False,False,False
10.95564,500,13505.135013,False,1,True,False,False,False,False,False,False,False
17.371444,500,13513.124203,False,1,True,False,False,False,False,False,False,False
15.220889,500,13520.73064,False,1,True,False,False,False,False,False,False,False
14.753136,500,13528.326214,False,1,True,False,False,False,False,False,False,False
15.787723,500,13538.121846,False,1,True,False,False,False,False,False,False,False
16.767738,500,13545.724325,False,1,True,False,False,False,False,False,False,False
17.433904,500,13554.129869,False,1,True,False,False,False,False,False,False,False
16.220801,500,13562.537035,False,1,True,False,False,False,False,False,False,False
17.898395,500,13571.525319,False,1,True,False,False,False,False,False,False,False
16.027785,500,13578.834493,False,1,True,False,False,False,False,False,False,False
15.209139,500,13586.230424,False,1,True,False,False,False,False,False,False,False
17.583296,500,13593.723729,False,1,True,False,False,False,False,False,False,False
16.664891,500,13602.524976,False,1,True,False,False,False,False,False,False,False
17.236318,500,13609.930837,False,1,True,False,False,False,False,False,False,False
16.447758,500,13617.322378,False,1,True,False,False,False,False,False,False,False
17.457586,500,13624.730892,False,1,True,False,False,False,False,False,False,False
16.11373,500,13633.724846,False,1,True,False,False,False,False,False,False,False
16.762273,500,13641.328245,False,1,True,False,False,False,False,False,False,False
17.377191,500,13649.03447,False,1,True,False,False,False,False,False,False,False
15.991559,500,13657.028454,False,1,True,False,False,False,False,False,False,False
16.766303,500,13666.333604,False,1,True,False,False,False,False,False,False,False
15.78016,500,13674.034012,False,1,True,False,False,False,False,False,False,False
15.909181,500,13681.734273,False,1,True,False,False,False,False,False,False,False
17.112146,500,13689.331484,False,1,True,False,False,False,False,False,False,False
16.326516,500,13697.02204,False,1,True,False,False,False,False,False,False,False
16.345261,500,13706.03047,False,1,True,False,False,False,False,False,False,False
12.481641,500,13713.437988,False,1,True,False,False,False,False,False,False,False
17.213001,500,13721.22823,False,1,True,False,False,False,False,False,False,False
16.993673,500,13728.730553,False,1,True,False,False,False,False,False,False,False
15.379408,500,13737.73205,False,1,True,False,False,False,False,False,False,False
18.253194,500,13746.339009,False,1,True,False,False,False,False,False,False,False
14.976021,500,13753.93751,False,1,True,False,False,False,False,False,False,False
17.478207,500,13761.822431,False,1,True,False,False,False,False,False,False,False
16.402345,500,13770.625239,False,1,True,False,False,False,False,False,False,False
16.589335,500,13778.134986,False,1,True,False,False,False,False,False,False,False
16.953175,500,13785.534417,False,1,True,False,False,False,False,False,False,False
16.642578,500,13793.122499,False,1,True,False,False,False,False,False,False,False
16.585436,500,13802.038018,False,1,True,False,False,False,False,False,False,False
18.144097,500,13809.53465,False,1,True,False,False,False,False,False,False,False
17.209668,500,13817.028745,False,1,True,False,False,False,False,False,False,False
15.638124,500,14345.331223,False,1,True,False,False,False,False,False,False,False
-5.964794,500,14357.326924,False,1,False,False,False,False,False,False,False,False
16.916323,500,14369.433007,False,1,True,False,False,False,False,False,False,False
14.99846,500,14380.030179,False,1,True,False,False,False,False,False,False,False
16.962468,500,14390.638967,False,1,True,False,False,False,False,False,False,False
16.168172,500,14404.338819,False,1,True,False,False,False,False,False,False,False
16.892437,500,14415.029881,False,1,True,False,False,False,False,False,False,False
15.845562,500,14426.631313,False,1,True,False,False,False,False,False,False,False
14.926075,500,14436.725846,False,1,True,False,False,False,False,False,False,False
16.109719,500,14446.833764,False,1,True,False,False,False,False,False,False,False
15.537979,500,14457.022778,False,1,True,False,False,False,False,False,False,False
16.29928,500,14465.522853,False,1,True,False,False,False,False,False,False,False
17.562452,500,14474.62975,False,1,True,False,False,False,False,False,False,False
14.742234,500,14487.824581,False,1,True,False,False,False,False,False,False,False
16.80084,500,14498.131535,False,1,True,False,False,False,False,False,False,False
16.056492,500,14510.234004,False,1,True,False,False,False,False,False,False,False
17.141709,500,14522.124916,False,1,True,False,False,False,False,False,False,False
17.456724,500,14536.128666,False,1,True,False,False,False,False,False,False,False
16.887805,500,14547.225526,False,1,True,False,False,False,False,False,False,False
16.106827,500,14557.235071,False,1,True,False,False,False,False,False,False,False
15.97523,500,14566.731759,False,1,True,False,False,False,False,False,False,False
16.700584,500,14578.130969,False,1,True,False,False,False,False,False,False,False
17.008448,500,14590.325277,False,1,True,False,False,False,False,False,False,False
6.51065,500,14600.628819,False,1,False,False,False,False,False,False,False,False
17.295855,500,14612.338813,False,1,True,False,False,False,False,False,False,False
10.830069,500,14623.033726,False,1,True,False,False,False,False,False,False,False
15.275669,500,14636.333081,False,1,True,False,False,False,False,False,False,False
16.568746,500,14645.921145,False,1,True,False,False,False,False,False,False,False
16.366335,500,14655.837463,False,1,True,False,False,False,False,False,False,False
16.281186,500,14665.628763,False,1,True,False,False,False,False,False,False,False
16.523479,500,14678.725869,False,1,True,False,False,False,False,False,False,False
14.895752,500,14687.123256,False,1,True,False,False,False,False,False,False,False
16.623701,500,14698.129711,False,1,True,False,False,False,False,False,False,False
17.226391,500,14709.337611,False,1,True,False,False,False,False,False,False,False
16.640514,500,14719.331529,False,1,True,False,False,False,False,False,False,False
17.51261,500,14730.635503,False,1,True,False,False,False,False,False,False,False
17.846787,500,14739.930635,False,1,True,False,False,False,False,False,False,False
17.512263,500,14751.029473,False,1,True,False,False,False,False,False,False,False
14.033458,500,14762.027224,False,1,True,False,False,False,False,False,False,False
14.145433,500,14773.624498,False,1,True,False,False,False,False,False,False,False
16.182473,500,14785.734586,False,1,True,False,False,False,False,False,False,False
16.483109,500,14797.239006,False,1,True,False,False,False,False,False,False,False
15.719793,500,14811.12393,False,1,True,False,False,False,False,False,False,False
12.095179,500,14821.836917,False,1,True,False,False,False,False,False,False,False
16.226351,500,14831.333124,False,1,True,False,False,False,False,False,False,False
16.992775,500,14843.626906,False,1,True,False,False,False,False,False,False,False
17.541972,500,14856.940306,False,1,True,False,False,False,False,False,False,False
17.356163,500,14868.220398,False,1,True,False,False,False,False,False,False,False
15.843145,500,14877.223901,False,1,True,False,False,False,False,False,False,False
17.033574,500,14888.424516,False,1,True,False,False,False,False,False,False,False
17.052838,500,15303.630637,False,1,True,False,False,False,False,False,False,False
17.562054,500,15312.424967,False,1,True,False,False,False,False,False,False,False
16.822364,500,15321.132872,False,1,True,False,False,False,False,False,False,False
16.194487,500,15329.631428,False,1,True,False,False,False,False,False,False,False
16.638161,500,15339.529087,False,1,True,False,False,False,False,False,False,False
15.543683,500,15347.631959,False,1,True,False,False,False,False,False,False,False
16.270261,500,15355.839497,False,1,True,False,False,False,False,False,False,False
17.470947,500,15364.326324,False,1,True,False,False,False,False,False,False,False
16.616792,500,15374.229609,False,1,True,False,False,False,False,False,False,False
13.047559,500,15382.731374,False,1,True,False,False,False,False,False,False,False
15.852595,500,15391.025787,False,1,True,False,False,False,False,False,False,False
17.531559,500,15399.336441,False,1,True,False,False,False,False,False,False,False
15.587217,500,15409.031106,False,1,True,False,False,False,False,False,False,False
15.862021,500,15417.341695,False,1,True,False,False,False,False,False,False,False
17.49553,500,15425.841065,False,1,True,False,False,False,False,False,False,False
15.78604,500,15435.135512,False,1,True,False,False,False,False,False,False,False
17.518098,500,15446.325297,False,1,True,False,False,False,False,False,False,False
15.058564,500,15455.123126,False,1,True,False,False,False,False,False,False,False
16.384176,500,15464.133303,False,1,True,False,False,False,False,False,False,False
8.413603,500,15471.924333,False,1,True,False,False,False,False,False,False,False
16.276157,500,15479.736029,False,1,True,False,False,False,False,False,False,False
13.498963,500,15488.936866,False,1,True,False,False,False,False,False,False,False
16.030702,500,15498.524345,False,1,True,False,False,False,False,False,False,False
16.436926,500,15507.43415,False,1,True,False,False,False,False,False,False,False
16.974004,500,15516.424007,False,1,True,False,False,False,False,False,False,False
15.61855,500,15526.928706,False,1,True,False,False,False,False,False,False,False
17.162811,500,15535.741795,False,1,True,False,False,False,False,False,False,False
16.116475,500,15543.52657,False,1,True,False,False,False,False,False,False,False
17.077089,500,15551.531116,False,1,True,False,False,False,False,False,False,False
15.988853,500,15560.335012,False,1,True,False,False,False,False,False,False,False
16.831266,500,15567.927318,False,1,True,False,False,False,False,False,False,False
16.553644,500,15575.841669,False,1,True,False,False,False,False,False,False,False
17.616955,500,15583.834356,False,1,True,False,False,False,False,False,False,False
16.014868,500,15593.025882,False,1,True,False,False,False,False,False,False,False
15.067042,500,15600.029537,False,1,True,False,False,False,False,False,False,False
15.001631,500,15607.232481,False,1,True,False,False,False,False,False,False,False
15.669505,500,15614.822042,False,1,True,False,False,False,False,False,False,False
15.025906,500,15623.627489,False,1,True,False,False,False,False,False,False,False
17.255898,500,15631.229676,False,1,True,False,False,False,False,False,False,False
17.018124,500,15638.822369,False,1,True,False,False,False,False,False,False,False
17.51792,500,15646.327957,False,1,True,False,False,False,False,False,False,False
17.048664,500,15655.228028,False,1,True,False,False,False,False,False,False,False
16.029087,500,15662.730717,False,1,True,False,False,False,False,False,False,False
14.711141,500,15670.330162,False,1,True,False,False,False,False,False,False,False
15.493241,500,15678.439256,False,1,True,False,False,False,False,False,False,False
5.842844,500,15686.428966,False,1,False,False,False,False,False,False,False,False
16.56933,500,15694.036824,False,1,True,False,False,False,False,False,False,False
16.77531,500,15701.827472,False,1,True,False,False,False,False,False,False,False
13.247902,500,15709.630435,False,1,True,False,False,False,False,False,False,False
16.647575,500,15718.622335,False,1,True,False,False,False,False,False,False,False
15.663781,500,16070.523307,False,1,True,False,False,False,False,False,False,False
17.440042,500,16078.023238,False,1,True,False,False,False,False,False,False,False
15.211204,500,16085.527689,False,1,True,False,False,False,False,False,False,False
16.249368,500,16094.424902,False,1,True,False,False,False,False,False,False,False
12.416123,500,16101.734765,False,1,True,False,False,False,False,False,False,False
17.463439,500,16109.237194,False,1,True,False,False,False,False,False,False,False
16.174423,500,16116.825234,False,1,True,False,False,False,False,False,False,False
15.639427,500,16126.134918,False,1,True,False,False,False,False,False,False,False
17.343482,500,16134.436267,False,1,True,False,False,False,False,False,False,False
12.619233,500,16141.235303,False,1,True,False,False,False,False,False,False,False
17.988009,500,16148.634624,False,1,True,False,False,False,False,False,False,False
16.921005,500,16156.128706,False,1,True,False,False,False,False,False,False,False
16.975551,500,16165.128839,False,1,True,False,False,False,False,False,False,False
17.571917,500,16172.84092,False,1,True,False,False,False,False,False,False,False
16.594608,500,16180.831161,False,1,True,False,False,False,False,False,False,False
15.558316,500,16188.427946,False,1,True,False,False,False,False,False,False,False
16.7423,500,16197.83946,False,1,True,False,False,False,False,False,False,False
17.273808,500,16205.324964,False,1,True,False,False,False,False,False,False,False
16.192572,500,16212.633871,False,1,True,False,False,False,False,False,False,False
16.475153,500,16220.024542,False,1,True,False,False,False,False,False,False,False
15.609359,500,16228.927998,False,1,True,False,False,False,False,False,False,False
15.981027,500,16236.136697,False,1,True,False,False,False,False,False,False,False
15.502258,500,16243.324619,False,1,True,False,False,False,False,False,False,False
16.039458,500,16250.727804,False,1,True,False,False,False,False,False,False,False
17.491274,500,16259.624933,False,1,True,False,False,False,False,False,False,False
18.099976,500,16267.028129,False,1,True,False,False,False,False,False,False,False
15.120146,500,16274.340142,False,1,True,False,False,False,False,False,False,False
16.923708,500,16281.827391,False,1,True,False,False,False,False,False,False,False
16.567242,500,16291.42372,False,1,True,False,False,False,False,False,False,False
15.799885,500,16299.639774,False,1,True,False,False,False,False,False,False,False
16.972022,500,16307.537537,False,1,True,False,False,False,False,False,False,False
15.264379,500,16315.327905,False,1,True,False,False,False,False,False,False,False
17.390361,500,16324.121581,False,1,True,False,False,False,False,False,False,False
17.300002,500,16332.036233,False,1,True,False,False,False,False,False,False,False
16.054293,500,16339.924627,False,1,True,False,False,False,False,False,False,False
16.409607,500,16347.621323,False,1,True,False,False,False,False,False,False,False
17.258387,500,16356.721848,False,1,True,False,False,False,False,False,False,False
15.521019,500,16364.83618,False,1,True,False,False,False,False,False,False,False
17.859426,500,16372.522407,False,1,True,False,False,False,False,False,False,False
16.90579,500,16380.131026,False,1,True,False,False,False,False,False,False,False
16.607033,500,16389.529516,False,1,True,False,False,False,False,False,False,False
15.933048,500,16397.229467,False,1,True,False,False,False,False,False,False,False
17.409832,500,16404.521707,False,1,True,False,False,False,False,False,False,False
16.899312,500,16412.026097,False,1,True,False,False,False,False,False,False,False
16.867387,500,16420.929929,False,1,True,False,False,False,False,False,False,False
16.546174,500,16428.337108,False,1,True,False,False,False,False,False,False,False
16.088055,500,16435.832786,False,1,True,False,False,False,False,False,False,False
16.264592,500,16443.33342,False,1,True,False,False,False,False,False,False,False
16.048025,500,16453.230812,False,1,True,False,False,False,False,False,False,False
15.841309,500,16460.941988,False,1,True,False,False,False,False,False,False,False
16.294535,500,16820.137153,False,1,True,False,False,False,False,False,False,False
17.299456,500,16827.934005,False,1,True,False,False,False,False,False,False,False
16.723456,500,16836.937356,False,1,True,False,False,False,False,False,False,False
15.96636,500,16844.519772,False,1,True,False,False,False,False,False,False,False
16.648097,500,16851.834071,False,1,True,False,False,False,False,False,False,False
16.456889,500,16859.422533,False,1,True,False,False,False,False,False,False,False
18.110529,500,16867.825286,False,1,True,False,False,False,False,False,False,False
13.026144,500,16876.930156,False,1,True,False,False,False,False,False,False,False
17.351994,500,16884.830977,False,1,True,False,False,False,False,False,False,False
16.969499,500,16892.534467,False,1,True,False,False,False,False,False,False,False
12.514245,500,16900.040218,False,1,True,False,False,False,False,False,False,False
17.027518,500,16909.432755,False,1,True,False,False,False,False,False,False,False
16.796022,500,16917.328125,False,1,True,False,False,False,False,False,False,False
16.489725,500,16925.432107,False,1,True,False,False,False,False,False,False,False
17.322917,500,16933.337954,False,1,True,False,False,False,False,False,False,False
17.344167,500,16942.341142,False,1,True,False,False,False,False,False,False,False
16.73921,500,16950.627055,False,1,True,False,False,False,False,False,False,False
17.788513,500,16959.622463,False,1,True,False,False,False,False,False,False,False
16.69961,500,16967.238864,False,1,True,False,False,False,False,False,False,False
17.361421,500,16976.626447,False,1,True,False,False,False,False,False,False,False
16.592769,500,16984.529242,False,1,True,False,False,False,False,False,False,False
18.261239,500,16992.439534,False,1,True,False,False,False,False,False,False,False
17.209356,500,17000.722392,False,1,True,False,False,False,False,False,False,False
17.289539,500,17010.53715,False,1,True,False,False,False,False,False,False,False
17.586602,500,17019.132392,False,1,True,False,False,False,False,False,False,False
16.608401,500,17027.340515,False,1,True,False,False,False,False,False,False,False
16.369249,500,17035.726793,False,1,True,False,False,False,False,False,False,False
15.279106,500,17045.129036,False,1,True,False,False,False,False,False,False,False
17.314385,500,17053.222696,False,1,True,False,False,False,False,False,False,False
17.116634,500,17060.922667,False,1,True,False,False,False,False,False,False,False
16.220076,500,17068.536198,False,1,True,False,False,False,False,False,False,False
16.684075,500,17077.622435,False,1,True,False,False,False,False,False,False,False
17.232672,500,17085.040872,False,1,True,False,False,False,False,False,False,False
16.100109,500,17092.428076,False,1,True,False,False,False,False,False,False,False
16.691129,500,17099.820372,False,1,True,False,False,False,False,False,False,False
17.219604,500,17109.236127,False,1,True,False,False,False,False,False,False,False
16.971636,500,17117.432413,False,1,True,False,False,False,False,False,False,False
17.184911,500,17125.122868,False,1,True,False,False,False,False,False,False,False
15.225424,500,17133.123123,False,1,True,False,False,False,False,False,False,False
16.158356,500,17143.230304,False,1,True,False,False,False,False,False,False,False
17.615882,500,17151.527926,False,1,True,False,False,False,False,False,False,False
17.680311,500,17159.533596,False,1,True,False,False,False,False,False,False,False
16.539555,500,17167.429773,False,1,True,False,False,False,False,False,False,False
17.019058,500,17176.741945,False,1,True,False,False,False,False,False,False,False
15.883033,500,17184.422382,False,1,True,False,False,False,False,False,False,False
15.359354,500,17191.530081,False,1,True,False,False,False,False,False,False,False
17.092977,500,17199.141738,False,1,True,False,False,False,False,False,False,False
17.215079,500,17206.540434,False,1,True,False,False,False,False,False,False,False
17.340753,500,17216.02551,False,1,True,False,False,False,False,False,False,False
17.57615,500,17223.333594,False,1,True,False,False,False,False,False,False,False
16.127494,500,17564.23685,False,1,True,False,False,False,False,False,False,False
16.878151,500,17571.734399,False,1,True,False,False,False,False,False,False,False
16.665001,500,17580.725437,False,1,True,False,False,False,False,False,False,False
17.491247,500,17588.128202,False,1,True,False,False,False,False,False,False,False
15.980241,500,17595.426897,False,1,True,False,False,False,False,False,False,False
17.273393,500,17602.731208,False,1,True,False,False,False,False,False,False,False
17.376867,500,17611.533671,False,1,True,False,False,False,False,False,False,False
15.294527,500,17618.82063,False,1,True,False,False,False,False,False,False,False
17.270156,500,17626.337716,False,1,True,False,False,False,False,False,False,False
17.15991,500,17633.929115,False,1,True,False,False,False,False,False,False,False
17.517164,500,17642.725491,False,1,True,False,False,False,False,False,False,False
17.125671,500,17650.22514,False,1,True,False,False,False,False,False,False,False
15.853826,500,17657.541589,False,1,True,False,False,False,False,False,False,False
15.137832,500,17664.825312,False,1,True,False,False,False,False,False,False,False
17.213147,500,17673.94132,False,1,True,False,False,False,False,False,False,False
17.222551,500,17681.635108,False,1,True,False,False,False,False,False,False,False
16.231201,500,17689.928211,False,1,True,False,False,False,False,False,False,False
17.055037,500,17698.031388,False,1,True,False,False,False,False,False,False,False
14.732654,500,17707.120222,False,1,True,False,False,False,False,False,False,False
15.265653,500,17714.928244,False,1,True,False,False,False,False,False,False,False
16.389764,500,17722.426406,False,1,True,False,False,False,False,False,False,False
15.006916,500,17730.822539,False,1,True,False,False,False,False,False,False,False
17.032034,500,17740.826083,False,1,True,False,False,False,False,False,False,False
16.682699,500,17748.922746,False,1,True,False,False,False,False,False,False,False
16.756419,500,17756.824997,False,1,True,False,False,False,False,False,False,False
16.925021,500,17764.336859,False,1,True,False,False,False,False,False,False,False
17.216486,500,17773.335036,False,1,True,False,False,False,False,False,False,False
17.76422,500,17780.925094,False,1,True,False,False,False,False,False,False,False
15.52016,500,17788.231974,False,1,True,False,False,False,False,False,False,False
17.594074,500,17795.734231,False,1,True,False,False,False,False,False,False,False
16.084859,500,17804.734804,False,1,True,False,False,False,False,False,False,False
17.113021,500,17812.632268,False,1,True,False,False,False,False,False,False,False
16.407185,500,17820.625223,False,1,True,False,False,False,False,False,False,False
16.871224,500,17828.228895,False,1,True,False,False,False,False,False,False,False
17.794065,500,17837.042669,False,1,True,False,False,False,False,False,False,False
16.104452,500,17844.832869,False,1,True,False,False,False,False,False,False,False
16.588267,500,17852.538816,False,1,True,False,False,False,False,False,False,False
16.931334,500,17860.021685,False,1,True,False,False,False,False,False,False,False
16.582673,500,17867.334217,False,1,True,False,False,False,False,False,False,False
15.960307,500,17876.241368,False,1,True,False,False,False,False,False,False,False
15.409265,500,17883.436531,False,1,True,False,False,False,False,False,False,False
16.477132,500,17890.722509,False,1,True,False,False,False,False,False,False,False
17.292572,500,17898.638347,False,1,True,False,False,False,False,False,False,False
17.12567,500,17907.534003,False,1,True,False,False,False,False,False,False,False
14.067348,500,17914.822834,False,1,True,False,False,False,False,False,False,False
16.714978,500,17922.323349,False,1,True,False,False,False,False,False,False,False
17.399382,500,17929.925584,False,1,True,False,False,False,False,False,False,False
15.636699,500,17938.431741,False,1,True,False,False,False,False,False,False,False
15.541385,500,17945.829238,False,1,True,False,False,False,False,False,False,False
16.270152,500,17953.231529,False,1,True,False,False,False,False,False,False,False
17.408571,500,18450.921562,False,1,True,False,False,False,False,False,False,False
17.197308,500,18460.5319,False,1,True,False,False,False,False,False,False,False
16.415559,500,18468.427956,False,1,True,False,False,False,False,False,False,False
15.970671,500,18476.234499,False,1,True,False,False,False,False,False,False,False
17.568771,500,18483.930964,False,1,True,False,False,False,False,False,False,False
16.981504,500,18493.527972,False,1,True,False,False,False,False,False,False,False
15.511372,500,18501.438648,False,1,True,False,False,False,False,False,False,False
16.463625,500,18509.125112,False,1,True,False,False,False,False,False,False,False
14.221059,500,18517.023179,False,1,True,False,False,False,False,False,False,False
17.634336,500,18526.437211,False,1,True,False,False,False,False,False,False,False
16.429493,500,18534.433013,False,1,True,False,False,False,False,False,False,False
17.322608,500,18542.436191,False,1,True,False,False,False,False,False,False,False
16.06624,500,18551.223873,False,1,True,False,False,False,False,False,False,False
16.729837,500,18561.723622,False,1,True,False,False,False,False,False,False,False
18.175844,500,18570.126068,False,1,True,False,False,False,False,False,False,False
15.542313,500,18578.824074,False,1,True,False,False,False,False,False,False,False
16.910032,500,18587.240683,False,1,True,False,False,False,False,False,False,False
16.554079,500,18598.133362,False,1,True,False,False,False,False,False,False,False
18.12654,500,18607.623296,False,1,True,False,False,False,False,False,False,False
16.784869,500,18616.727422,False,1,True,False,False,False,False,False,False,False
16.470412,500,18626.234482,False,1,True,False,False,False,False,False,False,False
16.385816,500,18636.924923,False,1,True,False,False,False,False,False,False,False
16.890569,500,18645.740674,False,1,True,False,False,False,False,False,False,False
15.971088,500,18654.44273,False,1,True,False,False,False,False,False,False,False
16.378408,500,18663.825806,False,1,True,False,False,False,False,False,False,False
17.163925,500,18674.727165,False,1,True,False,False,False,False,False,False,False
16.797307,500,18684.124266,False,1,True,False,False,False,False,False,False,False
16.023415,500,18693.62531,False,1,True,False,False,False,False,False,False,False
17.441444,500,18703.335601,False,1,True,False,False,False,False,False,False,False
16.477345,500,18714.835023,False,1,True,False,False,False,False,False,False,False
16.618598,500,18724.126092,False,1,True,False,False,False,False,False,False,False
18.299176,500,18733.324261,False,1,True,False,False,False,False,False,False,False
14.87506,500,18741.738211,False,1,True,False,False,False,False,False,False,False
17.090987,500,18750.731932,False,1,True,False,False,False,False,False,False,False
17.002351,500,18761.543622,False,1,True,False,False,False,False,False,False,False
16.034033,500,18770.525899,False,1,True,False,False,False,False,False,False,False
17.261065,500,18779.435672,False,1,True,False,False,False,False,False,False,False
16.954802,500,18788.540119,False,1,True,False,False,False,False,False,False,False
16.909534,500,18799.436577,False,1,True,False,False,False,False,False,False,False
16.860149,500,18808.533856,False,1,True,False,False,False,False,False,False,False
18.470132,500,18817.126157,False,1,True,False,False,False,False,False,False,False
18.02667,500,18825.432279,False,1,True,False,False,False,False,False,False,False
15.954157,500,18835.628684,False,1,True,False,False,False,False,False,False,False
16.047307,500,18844.235937,False,1,True,False,False,False,False,False,False,False
17.185103,500,18853.229872,False,1,True,False,False,False,False,False,False,False
13.712001,500,18861.425776,False,1,True,False,False,False,False,False,False,False
16.842511,500,18871.635734,False,1,True,False,False,False,False,False,False,False
16.205908,500,18880.623746,False,1,True,False,False,False,False,False,False,False
15.852826,500,18888.735314,False,1,True,False,False,False,False,False,False,False
17.0688,500,18897.931564,False,1,True,False,False,False,False,False,False,False
15.236654,500,19278.225992,False,1,True,False,False,False,False,False,False,False
15.492306,500,19286.934716,False,1,True,False,False,False,False,False,False,False
17.562441,500,19294.83493,False,1,True,False,False,False,False,False,False,False
16.658445,500,19302.92847,False,1,True,False,False,False,False,False,False,False
16.072049,500,19312.435273,False,1,True,False,False,False,False,False,False,False
15.931434,500,19320.83901,False,1,True,False,False,False,False,False,False,False
16.06058,500,19328.73647,False,1,True,False,False,False,False,False,False,False
17.886787,500,19336.825249,False,1,True,False,False,False,False,False,False,False
16.486793,500,19346.628377,False,1,True,False,False,False,False,False,False,False
16.821717,500,19355.145676,False,1,True,False,False,False,False,False,False,False
14.797324,500,19363.123808,False,1,True,False,False,False,False,False,False,False
16.705303,500,19371.224999,False,1,True,False,False,False,False,False,False,False
17.409369,500,19381.329873,False,1,True,False,False,False,False,False,False,False
16.960468,500,19389.342037,False,1,True,False,False,False,False,False,False,False
17.990282,500,19397.434364,False,1,True,False,False,False,False,False,False,False
16.77122,500,19405.627777,False,1,True,False,False,False,False,False,False,False
16.655057,500,19415.825719,False,1,True,False,False,False,False,False,False,False
15.842724,500,19424.122913,False,1,True,False,False,False,False,False,False,False
16.848641,500,19432.623072,False,1,True,False,False,False,False,False,False,False
16.6411,500,19441.227745,False,1,True,False,False,False,False,False,False,False
17.469013,500,19450.920703,False,1,True,False,False,False,False,False,False,False
18.647516,500,19459.036877,False,1,True,False,False,False,False,False,False,False
15.383134,500,19467.040565,False,1,True,False,False,False,False,False,False,False
17.195489,500,19475.23571,False,1,True,False,False,False,False,False,False,False
16.610102,500,19483.730731,False,1,True,False,False,False,False,False,False,False
17.051289,500,19493.135862,False,1,True,False,False,False,False,False,False,False
15.832136,500,19501.025141,False,1,True,False,False,False,False,False,False,False
16.671829,500,19509.036449,False,1,True,False,False,False,False,False,False,False
17.356758,500,19517.429081,False,1,True,False,False,False,False,False,False,False
16.455806,500,19527.123762,False,1,True,False,False,False,False,False,False,False
14.292078,500,19535.030732,False,1,True,False,False,False,False,False,False,False
15.511412,500,19543.333634,False,1,True,False,False,False,False,False,False,False
17.436242,500,19551.723705,False,1,True,False,False,False,False,False,False,False
15.778206,500,19561.635652,False,1,True,False,False,False,False,False,False,False
17.195917,500,19569.926319,False,1,True,False,False,False,False,False,False,False
16.320314,500,19577.938265,False,1,True,False,False,False,False,False,False,False
17.689358,500,19585.936051,False,1,True,False,False,False,False,False,False,False
16.874287,500,19595.422573,False,1,True,False,False,False,False,False,False,False
17.409313,500,19603.732104,False,1,True,False,False,False,False,False,False,False
17.175081,500,19611.52507,False,1,True,False,False,False,False,False,False,False
17.128882,500,19619.92224,False,1,True,False,False,False,False,False,False,False
17.611229,500,19629.334262,False,1,True,False,False,False,False,False,False,False
18.20638,500,19637.236681,False,1,True,False,False,False,False,False,False,False
15.563828,500,19645.33705,False,1,True,False,False,False,False,False,False,False
15.86395,500,19653.529012,False,1,True,False,False,False,False,False,False,False
17.414223,500,19663.022189,False,1,True,False,False,False,False,False,False,False
14.720789,500,19670.726381,False,1,True,False,False,False,False,False,False,False
16.554883,500,19678.826168,False,1,True,False,False,False,False,False,False,False
16.541223,500,19686.527457,False,1,True,False,False,False,False,False,False,False
17.502762,500,19696.336859,False,1,True,False,False,False,False,False,False,False
17.391388,500,20050.629324,False,1,True,False,False,False,False,False,False,False
15.032666,500,20058.621456,False,1,True,False,False,False,False,False,False,False
17.340112,500,20066.739139,False,1,True,False,False,False,False,False,False,False
16.229998,500,20076.235101,False,1,True,False,False,False,False,False,False,False
16.894651,500,20084.033374,False,1,True,False,False,False,False,False,False,False
16.386838,500,20092.031581,False,1,True,False,False,False,False,False,False,False
16.595995,500,20100.325722,False,1,True,False,False,False,False,False,False,False
16.523462,500,20110.234565,False,1,True,False,False,False,False,False,False,False
16.873539,500,20118.229725,False,1,True,False,False,False,False,False,False,False
16.893992,500,20126.422099,False,1,True,False,False,False,False,False,False,False
15.49428,500,20134.231526,False,1,True,False,False,False,False,False,False,False
17.271353,500,20143.71982,False,1,True,False,False,False,False,False,False,False
16.335885,500,20151.828391,False,1,True,False,False,False,False,False,False,False
15.425212,500,20159.835276,False,1,True,False,False,False,False,False,False,False
15.593078,500,20167.633372,False,1,True,False,False,False,False,False,False,False
17.253506,500,20177.632958,False,1,True,False,False,False,False,False,False,False
16.755289,500,20185.925018,False,1,True,False,False,False,False,False,False,False
17.373463,500,20193.931265,False,1,True,False,False,False,False,False,False,False
18.193722,500,20201.540296,False,1,True,False,False,False,False,False,False,False
16.243322,500,20209.928788,False,1,True,False,False,False,False,False,False,False
17.67066,500,20220.231333,False,1,True,False,False,False,False,False,False,False
18.553126,500,20227.838585,False,1,True,False,False,False,False,False,False,False
16.280002,500,20235.825831,False,1,True,False,False,False,False,False,False,False
15.775244,500,20243.923058,False,1,True,False,False,False,False,False,False,False
16.388419,500,20253.441333,False,1,True,False,False,False,False,False,False,False
16.307227,500,20261.334175,False,1,True,False,False,False,False,False,False,False
16.723006,500,20269.628831,False,1,True,False,False,False,False,False,False,False
17.417159,500,20277.740145,False,1,True,False,False,False,False,False,False,False
12.556957,500,20287.538555,False,1,True,False,False,False,False,False,False,False
17.043797,500,20295.424695,False,1,True,False,False,False,False,False,False,False
16.834599,500,20303.630793,False,1,True,False,False,False,False,False,False,False
17.82765,500,20311.426575,False,1,True,False,False,False,False,False,False,False
15.896051,500,20321.123946,False,1,True,False,False,False,False,False,False,False
17.475978,500,20329.337679,False,1,True,False,False,False,False,False,False,False
13.30312,500,20337.235004,False,1,True,False,False,False,False,False,False,False
15.700819,500,20345.426285,False,1,True,False,False,False,False,False,False,False
17.744728,500,20355.526353,False,1,True,False,False,False,False,False,False,False
17.772287,500,20363.525039,False,1,True,False,False,False,False,False,False,False
16.659978,500,20371.423605,False,1,True,False,False,False,False,False,False,False
16.143003,500,20379.231545,False,1,True,False,False,False,False,False,False,False
16.948967,500,20388.531522,False,1,True,False,False,False,False,False,False,False
17.089293,500,20396.63382,False,1,True,False,False,False,False,False,False,False
16.463862,500,20404.934874,False,1,True,False,False,False,False,False,False,False
17.360625,500,20413.029757,False,1,True,False,False,False,False,False,False,False
15.728428,500,20422.521981,False,1,True,False,False,False,False,False,False,False
16.058073,500,20430.437686,False,1,True,False,False,False,False,False,False,False
16.935563,500,20438.420425,False,1,True,False,False,False,False,False,False,False
16.430105,500,20446.243955,False,1,True,False,False,False,False,False,False,False
16.823354,500,20455.734117,False,1,True,False,False,False,False,False,False,False
17.318781,500,20464.123512,False,1,True,False,False,False,False,False,False,False
16.950686,500,20833.923846,False,1,True,False,False,False,False,False,False,False
16.429071,500,20842.022069,False,1,True,False,False,False,False,False,False,False
18.214216,500,20851.038656,False,1,True,False,False,False,False,False,False,False
16.723998,500,20858.635098,False,1,True,False,False,False,False,False,False,False
16.374441,500,20866.727494,False,1,True,False,False,False,False,False,False,False
16.8013,500,20874.228987,False,1,True,False,False,False,False,False,False,False
18.416874,500,20883.322351,False,1,True,False,False,False,False,False,False,False
15.687879,500,20892.022434,False,1,True,False,False,False,False,False,False,False
17.328851,500,20899.540385,False,1,True,False,False,False,False,False,False,False
17.153369,500,20907.422525,False,1,True,False,False,False,False,False,False,False
17.413314,500,20915.436592,False,1,True,False,False,False,False,False,False,False
15.846933,500,20925.121926,False,1,True,False,False,False,False,False,False,False
14.629296,500,20932.623062,False,1,True,False,False,False,False,False,False,False
16.909628,500,20940.42543,False,1,True,False,False,False,False,False,False,False
17.518513,500,20948.426741,False,1,True,False,False,False,False,False,False,False
16.467975,500,20958.225244,False,1,True,False,False,False,False,False,False,False
18.075335,500,20965.825643,False,1,True,False,False,False,False,False,False,False
14.75348,500,20973.63121,False,1,True,False,False,False,False,False,False,False
17.569334,500,20982.120031,False,1,True,False,False,False,False,False,False,False
15.918261,500,20991.323547,False,1,True,False,False,False,False,False,False,False
16.090026,500,20999.23091,False,1,True,False,False,False,False,False,False,False
6.100748,500,21006.624325,False,1,True,False,False,False,False,False,False,False
17.284578,500,21014.42803,False,1,True,False,False,False,False,False,False,False
17.097937,500,21024.226488,False,1,True,False,False,False,False,False,False,False
18.106039,500,21032.338614,False,1,True,False,False,False,False,False,False,False
17.384147,500,21040.83098,False,1,True,False,False,False,False,False,False,False
17.595118,500,21048.337905,False,1,True,False,False,False,False,False,False,False
16.9876,500,21057.836775,False,1,True,False,False,False,False,False,False,False
17.323508,500,21065.528976,False,1,True,False,False,False,False,False,False,False
16.96805,500,21073.022572,False,1,True,False,False,False,False,False,False,False
17.423289,500,21080.825391,False,1,True,False,False,False,False,False,False,False
17.375423,500,21089.927762,False,1,True,False,False,False,False,False,False,False
16.173433,500,21097.730028,False,1,True,False,False,False,False,False,False,False
16.879965,500,21106.328607,False,1,True,False,False,False,False,False,False,False
16.845129,500,21114.440915,False,1,True,False,False,False,False,False,False,False
18.027766,500,21125.033631,False,1,True,False,False,False,False,False,False,False
17.515416,500,21133.52292,False,1,True,False,False,False,False,False,False,False
17.287115,500,21141.836669,False,1,True,False,False,False,False,False,False,False
16.171851,500,21150.23433,False,1,True,False,False,False,False,False,False,False
16.052872,500,21159.929462,False,1,True,False,False,False,False,False,False,False
16.366391,500,21168.525329,False,1,True,False,False,False,False,False,False,False
16.694429,500,21176.437505,False,1,True,False,False,False,False,False,False,False
15.574285,500,21185.126292,False,1,True,False,False,False,False,False,False,False
17.34006,500,21195.03709,False,1,True,False,False,False,False,False,False,False
17.983121,500,21203.122564,False,1,True,False,False,False,False,False,False,False
16.742891,500,21211.632694,False,1,True,False,False,False,False,False,False,False
17.467638,500,21220.13172,False,1,True,False,False,False,False,False,False,False
16.861438,500,21230.02403,False,1,True,False,False,False,False,False,False,False
16.437494,500,21238.530946,False,1,True,False,False,False,False,False,False,False
16.874951,500,21246.840314,False,1,True,False,False,False,False,False,False,False
17.313438,500,21607.625246,False,1,True,False,False,False,False,False,False,False
17.124003,500,21617.022608,False,1,True,False,False,False,False,False,False,False
17.45035,500,21624.631599,False,1,True,False,False,False,False,False,False,False
17.117183,500,21632.719862,False,1,True,False,False,False,False,False,False,False
16.707104,500,21640.325043,False,1,True,False,False,False,False,False,False,False
17.030779,500,21648.035536,False,1,True,False,False,False,False,False,False,False
17.962592,500,21657.434256,False,1,True,False,False,False,False,False,False,False
17.119865,500,21665.736443,False,1,True,False,False,False,False,False,False,False
16.428649,500,21673.622676,False,1,True,False,False,False,False,False,False,False
16.589727,500,21681.322765,False,1,True,False,False,False,False,False,False,False
16.590042,500,21691.233215,False,1,True,False,False,False,False,False,False,False
16.536724,500,21699.736864,False,1,True,False,False,False,False,False,False,False
17.789818,500,21708.032681,False,1,True,False,False,False,False,False,False,False
17.304305,500,21716.429897,False,1,True,False,False,False,False,False,False,False
16.971114,500,21725.838465,False,1,True,False,False,False,False,False,False,False
15.531612,500,21734.228177,False,1,True,False,False,False,False,False,False,False
15.544467,500,21741.936022,False,1,True,False,False,False,False,False,False,False
16.531401,500,21750.434526,False,1,True,False,False,False,False,False,False,False
16.876445,500,21760.03698,False,1,True,False,False,False,False,False,False,False
17.674276,500,21767.638354,False,1,True,False,False,False,False,False,False,False
18.096759,500,21776.129128,False,1,True,False,False,False,False,False,False,False
18.042282,500,21783.825256,False,1,True,False,False,False,False,False,False,False
17.566524,500,21793.226634,False,1,True,False,False,False,False,False,False,False
17.372952,500,21800.622415,False,1,True,False,False,False,False,False,False,False
17.498295,500,21808.028587,False,1,True,False,False,False,False,False,False,False
16.199684,500,21815.724717,False,1,True,False,False,False,False,False,False,False
16.341441,500,21824.819792,False,1,True,False,False,False,False,False,False,False
16.006728,500,21833.026567,False,1,True,False,False,False,False,False,False,False
15.85648,500,21841.625365,False,1,True,False,False,False,False,False,False,False
16.29643,500,21850.236321,False,1,True,False,False,False,False,False,False,False
18.675888,500,21861.333928,False,1,True,False,False,False,False,False,False,False
16.822536,500,21870.223029,False,1,True,False,False,False,False,False,False,False
16.677332,500,21878.931899,False,1,True,False,False,False,False,False,False,False
16.735492,500,21887.334393,False,1,True,False,False,False,False,False,False,False
16.207046,500,21897.323115,False,1,True,False,False,False,False,False,False,False
17.091199,500,21905.840165,False,1,True,False,False,False,False,False,False,False
17.097943,500,21914.42868,False,1,True,False,False,False,False,False,False,False
16.274363,500,21922.5284,False,1,True,False,False,False,False,False,False,False
17.609201,500,21932.135742,False,1,True,False,False,False,False,False,False,False
17.141054,500,21940.423247,False,1,True,False,False,False,False,False,False,False
13.426179,500,21947.934632,False,1,True,False,False,False,False,False,False,False
17.185804,500,21955.633635,False,1,True,False,False,False,False,False,False,False
17.521691,500,21964.831409,False,1,True,False,False,False,False,False,False,False
17.461392,500,21972.425177,False,1,True,False,False,False,False,False,False,False
17.372912,500,21979.936874,False,1,True,False,False,False,False,False,False,False
17.025622,500,21987.827772,False,1,True,False,False,False,False,False,False,False
16.482388,500,21996.132472,False,1,True,False,False,False,False,False,False,False
16.436621,500,22006.120007,False,1,True,False,False,False,False,False,False,False
16.581739,500,22014.232258,False,1,True,False,False,False,False,False,False,False
16.947976,500,22022.23719,False,1,True,False,False,False,False,False,False,False
17.065455,500,22378.826281,False,1,True,False,False,False,False,False,False,False
17.140153,500,22388.231738,False,1,True,False,False,False,False,False,False,False
16.756652,500,22396.426667,False,1,True,False,False,False,False,False,False,False
15.549032,500,22404.32823,False,1,True,False,False,False,False,False,False,False
16.773018,500,22411.725603,False,1,True,False,False,False,False,False,False,False
15.650094,500,22420.734279,False,1,True,False,False,False,False,False,False,False
16.540938,500,22428.627882,False,1,True,False,False,False,False,False,False,False
17.067936,500,22437.131133,False,1,True,False,False,False,False,False,False,False
17.507203,500,22445.532949,False,1,True,False,False,False,False,False,False,False
16.615468,500,22455.022804,False,1,True,False,False,False,False,False,False,False
9.551438,500,22463.225269,False,1,True,False,False,False,False,False,False,False
16.891671,500,22471.0283,False,1,True,False,False,False,False,False,False,False
17.710609,500,22479.342347,False,1,True,False,False,False,False,False,False,False
18.149145,500,22489.433832,False,1,True,False,False,False,False,False,False,False
17.452407,500,22497.521985,False,1,True,False,False,False,False,False,False,False
16.159643,500,22505.024892,False,1,True,False,False,False,False,False,False,False
16.237702,500,22512.43415,False,1,True,False,False,False,False,False,False,False
16.517384,500,22521.932394,False,1,True,False,False,False,False,False,False,False
16.39414,500,22529.927011,False,1,True,False,False,False,False,False,False,False
17.718004,500,22537.734617,False,1,True,False,False,False,False,False,False,False
17.732033,500,22545.427879,False,1,True,False,False,False,False,False,False,False
16.110823,500,22555.122222,False,1,True,False,False,False,False,False,False,False
16.212432,500,22562.730725,False,1,True,False,False,False,False,False,False,False
17.997093,500,22570.325541,False,1,True,False,False,False,False,False,False,False
17.023108,500,22578.225108,False,1,True,False,False,False,False,False,False,False
17.214155,500,22587.425467,False,1,True,False,False,False,False,False,False,False
18.132703,500,22595.922598,False,1,True,False,False,False,False,False,False,False
16.864219,500,22604.023596,False,1,True,False,False,False,False,False,False,False
16.713015,500,22612.0307,False,1,True,False,False,False,False,False,False,False
16.544708,500,22621.628562,False,1,True,False,False,False,False,False,False,False
17.007056,500,22629.122496,False,1,True,False,False,False,False,False,False,False
16.627314,500,22637.429126,False,1,True,False,False,False,False,False,False,False
17.047095,500,22645.631484,False,1,True,False,False,False,False,False,False,False
16.39561,500,22655.031567,False,1,True,False,False,False,False,False,False,False
17.066692,500,22662.839744,False,1,True,False,False,False,False,False,False,False
17.822274,500,22671.234694,False,1,True,False,False,False,False,False,False,False
17.183493,500,22679.637172,False,1,True,False,False,False,False,False,False,False
17.499837,500,22688.325923,False,1,True,False,False,False,False,False,False,False
18.512091,500,22698.032707,False,1,True,False,False,False,False,False,False,False
16.470211,500,22706.321808,False,1,True,False,False,False,False,False,False,False
15.170976,500,22714.933968,False,1,True,False,False,False,False,False,False,False
15.409158,500,22723.230496,False,1,True,False,False,False,False,False,False,False
16.426423,500,22732.636092,False,1,True,False,False,False,False,False,False,False
18.490126,500,22740.726296,False,1,True,False,False,False,False,False,False,False
16.525194,500,22748.531697,False,1,True,False,False,False,False,False,False,False
18.030049,500,22757.02514,False,1,True,False,False,False,False,False,False,False
17.62598,500,22766.127279,False,1,True,False,False,False,False,False,False,False
16.984002,500,22773.827707,False,1,True,False,False,False,False,False,False,False
18.019447,500,22781.524883,False,1,True,False,False,False,False,False,False,False
17.229588,500,22789.23644,False,1,True,False,False,False,False,False,False,False
18.722136,500,23162.427959,False,1,True,False,False,False,False,False,False,False
16.745476,500,23170.323918,False,1,True,False,False,False,False,False,False,False
15.991808,500,23178.523358,False,1,True,False,False,False,False,False,False,False
17.053845,500,23187.032311,False,1,True,False,False,False,False,False,False,False
16.806189,500,23196.73681,False,1,True,False,False,False,False,False,False,False
17.997727,500,23204.633896,False,1,True,False,False,False,False,False,False,False
18.210734,500,23212.832359,False,1,True,False,False,False,False,False,False,False
17.362112,500,23221.135162,False,1,True,False,False,False,False,False,False,False
16.080661,500,23230.840311,False,1,True,False,False,False,False,False,False,False
17.695987,500,23238.83928,False,1,True,False,False,False,False,False,False,False
16.35321,500,23246.725441,False,1,True,False,False,False,False,False,False,False
17.050108,500,23254.822824,False,1,True,False,False,False,False,False,False,False
18.506339,500,23264.335368,False,1,True,False,False,False,False,False,False,False
17.04465,500,23272.241562,False,1,True,False,False,False,False,False,False,False
15.76217,500,23280.131641,False,1,True,False,False,False,False,False,False,False
17.451918,500,23288.429003,False,1,True,False,False,False,False,False,False,False
17.013311,500,23298.731305,False,1,True,False,False,False,False,False,False,False
17.358026,500,23307.135169,False,1,True,False,False,False,False,False,False,False
18.007054,500,23315.321902,False,1,True,False,False,False,False,False,False,False
17.482029,500,23322.83635,False,1,True,False,False,False,False,False,False,False
17.157384,500,23331.933102,False,1,True,False,False,False,False,False,False,False
16.50151,500,23339.83915,False,1,True,False,False,False,False,False,False,False
16.038271,500,23347.640215,False,1,True,False,False,False,False,False,False,False
16.823152,500,23355.932577,False,1,True,False,False,False,False,False,False,False
16.997002,500,23366.135876,False,1,True,False,False,False,False,False,False,False
18.655594,500,23374.228188,False,1,True,False,False,False,False,False,False,False
16.477523,500,23382.326407,False,1,True,False,False,False,False,False,False,False
15.680343,500,23390.440606,False,1,True,False,False,False,False,False,False,False
17.981976,500,23401.023058,False,1,True,False,False,False,False,False,False,False
15.956914,500,23410.033211,False,1,True,False,False,False,False,False,False,False
15.889581,500,23418.330446,False,1,True,False,False,False,False,False,False,False
16.052876,500,23426.231533,False,1,True,False,False,False,False,False,False,False
17.185791,500,23434.038854,False,1,True,False,False,False,False,False,False,False
16.59929,500,23444.232503,False,1,True,False,False,False,False,False,False,False
18.02251,500,23452.82548,False,1,True,False,False,False,False,False,False,False
18.717765,500,23460.528453,False,1,True,False,False,False,False,False,False,False
16.225793,500,23468.63401,False,1,True,False,False,False,False,False,False,False
18.853239,500,23477.725133,False,1,True,False,False,False,False,False,False,False
17.223411,500,23485.424457,False,1,True,False,False,False,False,False,False,False
17.19312,500,23493.141567,False,1,True,False,False,False,False,False,False,False
18.018679,500,23501.334939,False,1,True,False,False,False,False,False,False,False
17.590525,500,23510.435951,False,1,True,False,False,False,False,False,False,False
17.093319,500,23518.234408,False,1,True,False,False,False,False,False,False,False
18.003916,500,23526.036393,False,1,True,False,False,False,False,False,False,False
17.705606,500,23535.128778,False,1,True,False,False,False,False,False,False,False
16.642265,500,23545.129191,False,1,True,False,False,False,False,False,False,False
17.565347,500,23553.633029,False,1,True,False,False,False,False,False,False,False
17.555612,500,23562.229292,False,1,True,False,False,False,False,False,False,False
17.897603,500,23570.839742,False,1,True,False,False,False,False,False,False,False
14.563215,500,23581.034298,False,1,True,False,False,False,False,False,False,False
15.837406,500,24041.3274,False,1,True,False,False,False,False,False,False,False
17.444866,500,24049.933363,False,1,True,False,False,False,False,False,False,False
18.124009,500,24058.222746,False,1,True,False,False,False,False,False,False,False
17.700702,500,24068.223071,False,1,True,False,False,False,False,False,False,False
16.718364,500,24076.322801,False,1,True,False,False,False,False,False,False,False
18.095259,500,24084.936576,False,1,True,False,False,False,False,False,False,False
16.714184,500,24093.723914,False,1,True,False,False,False,False,False,False,False
17.226707,500,24104.438467,False,1,True,False,False,False,False,False,False,False
18.331827,500,24114.033854,False,1,True,False,False,False,False,False,False,False
16.992175,500,24122.941631,False,1,True,False,False,False,False,False,False,False
17.617686,500,24131.731379,False,1,True,False,False,False,False,False,False,False
16.294494,500,24142.237469,False,1,True,False,False,False,False,False,False,False
17.319652,500,24150.640021,False,1,True,False,False,False,False,False,False,False
17.336324,500,24159.226094,False,1,True,False,False,False,False,False,False,False
16.597111,500,24167.738486,False,1,True,False,False,False,False,False,False,False
17.964014,500,24177.422413,False,1,True,False,False,False,False,False,False,False
14.7538,500,24185.133485,False,1,True,False,False,False,False,False,False,False
17.849298,500,24193.931471,False,1,True,False,False,False,False,False,False,False
16.34523,500,24203.23155,False,1,True,False,False,False,False,False,False,False
17.102518,500,24214.228516,False,1,True,False,False,False,False,False,False,False
16.974027,500,24222.930573,False,1,True,False,False,False,False,False,False,False
17.612712,500,24231.240271,False,1,True,False,False,False,False,False,False,False
17.956258,500,24239.825438,False,1,True,False,False,False,False,False,False,False
18.132221,500,24248.324614,False,1,True,False,False,False,False,False,False,False
17.903418,500,24258.532205,False,1,True,False,False,False,False,False,False,False
17.586736,500,24266.628083,False,1,True,False,False,False,False,False,False,False
11.81489,500,24275.523427,False,1,True,False,False,False,False,False,False,False
15.663748,500,24284.033209,False,1,True,False,False,False,False,False,False,False
17.760272,500,24294.63413,False,1,True,False,False,False,False,False,False,False
18.592698,500,24304.124323,False,1,True,False,False,False,False,False,False,False
17.565857,500,24313.63654,False,1,True,False,False,False,False,False,False,False
18.254006,500,24323.224234,False,1,True,False,False,False,False,False,False,False
17.200795,500,24334.633336,False,1,True,False,False,False,False,False,False,False
17.279503,500,24343.731626,False,1,True,False,False,False,False,False,False,False
18.210945,500,24352.824266,False,1,True,False,False,False,False,False,False,False
16.732215,500,24362.23672,False,1,True,False,False,False,False,False,False,False
16.897523,500,24373.435514,False,1,True,False,False,False,False,False,False,False
17.22691,500,24382.036576,False,1,True,False,False,False,False,False,False,False
16.365518,500,24391.034698,False,1,True,False,False,False,False,False,False,False
17.657993,500,24400.635798,False,1,True,False,False,False,False,False,False,False
17.467514,500,24411.927313,False,1,True,False,False,False,False,False,False,False
16.009177,500,24421.029749,False,1,True,False,False,False,False,False,False,False
17.265525,500,24430.436479,False,1,True,False,False,False,False,False,False,False
17.375065,500,24440.02773,False,1,True,False,False,False,False,False,False,False
17.44245,500,24451.236513,False,1,True,False,False,False,False,False,False,False
16.918773,500,24460.625805,False,1,True,False,False,False,False,False,False,False
17.899881,500,24469.330976,False,1,True,False,False,False,False,False,False,False
13.43151,500,24478.135538,False,1,True,False,False,False,False,False,False,False
16.686114,500,24488.133935,False,1,True,False,False,False,False,False,False,False
18.433332,500,24495.93391,False,1,True,False,False,False,False,False,False,False
16.114941,500,24886.925322,False,1,True,False,False,False,False,False,False,False
18.198137,500,24894.832715,False,1,True,False,False,False,False,False,False,False
18.148727,500,24904.422434,False,1,True,False,False,False,False,False,False,False
17.364167,500,24912.838825,False,1,True,False,False,False,False,False,False,False
17.787351,500,24921.529722,False,1,True,False,False,False,False,False,False,False
18.843184,500,24930.122267,False,1,True,False,False,False,False,False,False,False
17.383409,500,24939.825316,False,1,True,False,False,False,False,False,False,False
17.641359,500,24948.529873,False,1,True,False,False,False,False,False,False,False
18.163129,500,24957.320325,False,1,True,False,False,False,False,False,False,False
17.480942,500,24966.026059,False,1,True,False,False,False,False,False,False,False
18.537897,500,24977.129401,False,1,True,False,False,False,False,False,False,False
15.287154,500,24986.130584,False,1,True,False,False,False,False,False,False,False
16.95567,500,24994.437185,False,1,True,False,False,False,False,False,False,False
17.362153,500,25002.532691,False,1,True,False,False,False,False,False,False,False
17.496166,500,25012.426219,False,1,True,False,False,False,False,False,False,False
17.830276,500,25020.428239,False,1,True,False,False,False,False,False,False,False
17.18356,500,25028.52644,False,1,True,False,False,False,False,False,False,False
15.869083,500,25036.233229,False,1,True,False,False,False,False,False,False,False
18.836038,500,25044.137307,False,1,True,False,False,False,False,False,False,False
17.653069,500,25054.028333,False,1,True,False,False,False,False,False,False,False
17.830699,500,25062.931418,False,1,True,False,False,False,False,False,False,False
17.077609,500,25071.127285,False,1,True,False,False,False,False,False,False,False
17.205744,500,25079.837992,False,1,True,False,False,False,False,False,False,False
16.987472,500,25089.635983,False,1,True,False,False,False,False,False,False,False
18.146557,500,25097.835946,False,1,True,False,False,False,False,False,False,False
17.167292,500,25105.933922,False,1,True,False,False,False,False,False,False,False
18.102374,500,25113.533932,False,1,True,False,False,False,False,False,False,False
16.829298,500,25122.834432,False,1,True,False,False,False,False,False,False,False
15.938495,500,25130.630927,False,1,True,False,False,False,False,False,False,False
16.319744,500,25138.225242,False,1,True,False,False,False,False,False,False,False
15.544496,500,25146.028676,False,1,True,False,False,False,False,False,False,False
17.215484,500,25155.324841,False,1,True,False,False,False,False,False,False,False
15.633704,500,25163.133921,False,1,True,False,False,False,False,False,False,False
17.619712,500,25171.537727,False,1,True,False,False,False,False,False,False,False
14.652875,500,25179.437669,False,1,True,False,False,False,False,False,False,False
16.561445,500,25189.239627,False,1,True,False,False,False,False,False,False,False
17.324692,500,25197.921674,False,1,True,False,False,False,False,False,False,False
17.176331,500,25205.433752,False,1,True,False,False,False,False,False,False,False
17.143133,500,25213.232498,False,1,True,False,False,False,False,False,False,False
16.896525,500,25223.122768,False,1,True,False,False,False,False,False,False,False
16.315968,500,25231.122318,False,1,True,False,False,False,False,False,False,False
16.421336,500,25239.025194,False,1,True,False,False,False,False,False,False,False
18.098658,500,25247.626326,False,1,True,False,False,False,False,False,False,False
16.899523,500,25257.934741,False,1,True,False,False,False,False,False,False,False
16.867194,500,25266.121831,False,1,True,False,False,False,False,False,False,False
18.222457,500,25273.825773,False,1,True,False,False,False,False,False,False,False
17.686636,500,25281.53199,False,1,True,False,False,False,False,False,False,False
17.412067,500,25290.926269,False,1,True,False,False,False,False,False,False,False
17.4372,500,25298.922933,False,1,True,False,False,False,False,False,False,False
18.632222,500,25306.622428,False,1,True,False,False,False,False,False,False,False
15.62685,500,25685.530473,False,1,True,False,False,False,False,False,False,False
18.198441,500,25695.941374,False,1,True,False,False,False,False,False,False,False
15.964718,500,25704.723483,False,1,True,False,False,False,False,False,False,False
17.723732,500,25713.135065,False,1,True,False,False,False,False,False,False,False
16.812575,500,25721.53976,False,1,True,False,False,False,False,False,False,False
16.037732,500,25732.221723,False,1,True,False,False,False,False,False,False,False
18.293209,500,25740.526418,False,1,True,False,False,False,False,False,False,False
17.664,500,25749.432052,False,1,True,False,False,False,False,False,False,False
17.641197,500,25758.026376,False,1,True,False,False,False,False,False,False,False
17.568134,500,25766.632179,False,1,True,False,False,False,False,False,False,False
18.004384,500,25777.142235,False,1,True,False,False,False,False,False,False,False
17.217464,500,25785.533195,False,1,True,False,False,False,False,False,False,False
16.879905,500,25793.931129,False,1,True,False,False,False,False,False,False,False
16.436859,500,25802.426136,False,1,True,False,False,False,False,False,False,False
18.122806,500,25812.527962,False,1,True,False,False,False,False,False,False,False
18.222878,500,25820.629706,False,1,True,False,False,False,False,False,False,False
16.590236,500,25828.921911,False,1,True,False,False,False,False,False,False,False
17.835122,500,25836.622427,False,1,True,False,False,False,False,False,False,False
17.189841,500,25846.121453,False,1,True,False,False,False,False,False,False,False
17.847971,500,25854.327497,False,1,True,False,False,False,False,False,False,False
18.043805,500,25862.426213,False,1,True,False,False,False,False,False,False,False
17.164828,500,25870.921563,False,1,True,False,False,False,False,False,False,False
16.575315,500,25880.533293,False,1,True,False,False,False,False,False,False,False
17.888398,500,25888.928351,False,1,True,False,False,False,False,False,False,False
16.672107,500,25896.933121,False,1,True,False,False,False,False,False,False,False
16.835793,500,25904.925362,False,1,True,False,False,False,False,False,False,False
18.581126,500,25914.636105,False,1,True,False,False,False,False,False,False,False
17.947052,500,25922.72807,False,1,True,False,False,False,False,False,False,False
17.80083,500,25930.828563,False,1,True,False,False,False,False,False,False,False
18.28801,500,25939.334066,False,1,True,False,False,False,False,False,False,False
18.8598,500,25949.534629,False,1,True,False,False,False,False,False,False,False
17.098964,500,25958.325937,False,1,True,False,False,False,False,False,False,False
17.589413,500,25966.527553,False,1,True,False,False,False,False,False,False,False
17.325332,500,25974.929344,False,1,True,False,False,False,False,False,False,False
-18.396301,320,25980.92893,False,1,True,False,False,False,False,False,False,False
17.703896,500,25988.737696,False,1,True,False,False,False,False,False,False,False
17.578949,500,25996.923225,False,1,True,False,False,False,False,False,False,False
17.304824,500,26005.232731,False,1,True,False,False,False,False,False,False,False
16.308999,500,26013.636253,False,1,True,False,False,False,False,False,False,False
17.146316,500,26023.823056,False,1,True,False,False,False,False,False,False,False
17.515681,500,26032.533218,False,1,True,False,False,False,False,False,False,False
17.656339,500,26041.128381,False,1,True,False,False,False,False,False,False,False
17.088329,500,26049.338813,False,1,True,False,False,False,False,False,False,False
17.498057,500,26059.62973,False,1,True,False,False,False,False,False,False,False
18.138253,500,26067.922242,False,1,True,False,False,False,False,False,False,False
18.198732,500,26075.540733,False,1,True,False,False,False,False,False,False,False
17.317454,500,26083.921738,False,1,True,False,False,False,False,False,False,False
17.19809,500,26093.936901,False,1,True,False,False,False,False,False,False,False
16.67369,500,26102.230862,False,1,True,False,False,False,False,False,False,False
17.837649,500,26110.734266,False,1,True,False,False,False,False,False,False,False
17.861199,500,26512.129606,False,1,True,False,False,False,False,False,False,False
18.511363,500,26522.236171,False,1,True,False,False,False,False,False,False,False
17.358121,500,26531.02147,False,1,True,False,False,False,False,False,False,False
17.334983,500,26539.531214,False,1,True,False,False,False,False,False,False,False
15.627767,500,26547.42297,False,1,True,False,False,False,False,False,False,False
17.868665,500,26556.526108,False,1,True,False,False,False,False,False,False,False
17.553703,500,26564.125228,False,1,True,False,False,False,False,False,False,False
18.363047,500,26571.926917,False,1,True,False,False,False,False,False,False,False
18.186869,500,26579.432992,False,1,True,False,False,False,False,False,False,False
17.034365,500,26588.528243,False,1,True,False,False,False,False,False,False,False
19.081995,500,26596.139544,False,1,True,False,False,False,False,False,False,False
17.465603,500,26603.839196,False,1,True,False,False,False,False,False,False,False
17.277994,500,26611.626841,False,1,True,False,False,False,False,False,False,False
17.177072,500,26621.130897,False,1,True,False,False,False,False,False,False,False
16.368579,500,26628.73316,False,1,True,False,False,False,False,False,False,False
16.065872,500,26636.12797,False,1,True,False,False,False,False,False,False,False
18.206561,500,26643.539093,False,1,True,False,False,False,False,False,False,False
18.337141,500,26652.538118,False,1,True,False,False,False,False,False,False,False
17.821887,500,26660.236301,False,1,True,False,False,False,False,False,False,False
17.449458,500,26667.826594,False,1,True,False,False,False,False,False,False,False
19.000479,500,26675.629717,False,1,True,False,False,False,False,False,False,False
17.697898,500,26685.236696,False,1,True,False,False,False,False,False,False,False
17.910151,500,26692.739006,False,1,True,False,False,False,False,False,False,False
16.255095,500,26700.227408,False,1,True,False,False,False,False,False,False,False
16.492154,500,26707.724619,False,1,True,False,False,False,False,False,False,False
17.927981,500,26716.524658,False,1,True,False,False,False,False,False,False,False
18.143284,500,26724.02574,False,1,True,False,False,False,False,False,False,False
16.961548,500,26731.524643,False,1,True,False,False,False,False,False,False,False
17.935202,500,26738.936853,False,1,True,False,False,False,False,False,False,False
18.638113,500,26746.336998,False,1,True,False,False,False,False,False,False,False
16.196256,500,26755.236351,False,1,True,False,False,False,False,False,False,False
17.488235,500,26762.828438,False,1,True,False,False,False,False,False,False,False
17.489537,500,26770.234286,False,1,True,False,False,False,False,False,False,False
18.246113,500,26777.824995,False,1,True,False,False,False,False,False,False,False
17.110656,500,26786.836146,False,1,True,False,False,False,False,False,False,False
18.395993,500,26794.232799,False,1,True,False,False,False,False,False,False,False
16.451412,500,26801.624275,False,1,True,False,False,False,False,False,False,False
17.511536,500,26809.036036,False,1,True,False,False,False,False,False,False,False
18.105249,500,26818.226696,False,1,True,False,False,False,False,False,False,False
18.324617,500,26826.235876,False,1,True,False,False,False,False,False,False,False
17.521055,500,26833.929754,False,1,True,False,False,False,False,False,False,False
18.730876,500,26841.422445,False,1,True,False,False,False,False,False,False,False
17.64222,500,26850.22201,False,1,True,False,False,False,False,False,False,False
17.752976,500,26857.533316,False,1,True,False,False,False,False,False,False,False
18.582294,500,26865.034403,False,1,True,False,False,False,False,False,False,False
18.650947,500,26872.622522,False,1,True,False,False,False,False,False,False,False
17.455308,500,26881.530389,False,1,True,False,False,False,False,False,False,False
16.865565,500,26889.120042,False,1,True,False,False,False,False,False,False,False
17.181402,500,26896.632877,False,1,True,False,False,False,False,False,False,False
18.998048,500,26904.037758,False,1,True,False,False,False,False,False,False,False
17.317115,500,27252.839094,False,1,True,False,False,False,False,False,False,False
17.474208,500,27261.136746,False,1,True,False,False,False,False,False,False,False
16.341937,500,27268.82954,False,1,True,False,False,False,False,False,False,False
18.42961,500,27276.735541,False,1,True,False,False,False,False,False,False,False
18.315437,500,27285.932788,False,1,True,False,False,False,False,False,False,False
17.920153,500,27293.621956,False,1,True,False,False,False,False,False,False,False
16.815056,500,27301.229805,False,1,True,False,False,False,False,False,False,False
18.358483,500,27309.128594,False,1,True,False,False,False,False,False,False,False
17.143822,500,27317.928129,False,1,True,False,False,False,False,False,False,False
18.442423,500,27325.42565,False,1,True,False,False,False,False,False,False,False
17.449424,500,27332.828116,False,1,True,False,False,False,False,False,False,False
18.394467,500,27340.430206,False,1,True,False,False,False,False,False,False,False
17.742239,500,27349.142016,False,1,True,False,False,False,False,False,False,False
16.173594,500,27356.522391,False,1,True,False,False,False,False,False,False,False
18.844421,500,27363.922047,False,1,True,False,False,False,False,False,False,False
17.042523,500,27371.322424,False,1,True,False,False,False,False,False,False,False
16.995219,500,27380.036396,False,1,True,False,False,False,False,False,False,False
17.517051,500,27387.428055,False,1,True,False,False,False,False,False,False,False
17.505433,500,27394.928146,False,1,True,False,False,False,False,False,False,False
18.066553,500,27402.622451,False,1,True,False,False,False,False,False,False,False
17.060416,500,27411.421577,False,1,True,False,False,False,False,False,False,False
17.763532,500,27419.023501,False,1,True,False,False,False,False,False,False,False
17.312696,500,27426.42876,False,1,True,False,False,False,False,False,False,False
18.446064,500,27434.036261,False,1,True,False,False,False,False,False,False,False
18.38033,500,27441.533193,False,1,True,False,False,False,False,False,False,False
17.639158,500,27450.334381,False,1,True,False,False,False,False,False,False,False
17.540176,500,27457.821261,False,1,True,False,False,False,False,False,False,False
18.191661,500,27465.335732,False,1,True,False,False,False,False,False,False,False
19.119496,500,27472.92214,False,1,True,False,False,False,False,False,False,False
17.775159,500,27481.722661,False,1,True,False,False,False,False,False,False,False
17.554433,500,27489.134507,False,1,True,False,False,False,False,False,False,False
17.711417,500,27496.741753,False,1,True,False,False,False,False,False,False,False
15.736793,500,27504.422302,False,1,True,False,False,False,False,False,False,False
18.436776,500,27513.235234,False,1,True,False,False,False,False,False,False,False
17.947426,500,27520.725215,False,1,True,False,False,False,False,False,False,False
18.116884,500,27528.231697,False,1,True,False,False,False,False,False,False,False
16.718506,500,27535.945667,False,1,True,False,False,False,False,False,False,False
17.182822,500,27545.127411,False,1,True,False,False,False,False,False,False,False
16.979353,500,27552.841896,False,1,True,False,False,False,False,False,False,False
16.221142,500,27560.422849,False,1,True,False,False,False,False,False,False,False
17.097446,500,27568.023161,False,1,True,False,False,False,False,False,False,False
16.42815,500,27577.328772,False,1,True,False,False,False,False,False,False,False
17.276726,500,27585.034478,False,1,True,False,False,False,False,False,False,False
17.74887,500,27592.822493,False,1,True,False,False,False,False,False,False,False
18.234387,500,27600.525109,False,1,True,False,False,False,False,False,False,False
17.401499,500,27610.122511,False,1,True,False,False,False,False,False,False,False
17.534075,500,27617.934112,False,1,True,False,False,False,False,False,False,False
17.722031,500,27625.530957,False,1,True,False,False,False,False,False,False,False
16.42368,500,27633.52469,False,1,True,False,False,False,False,False,False,False
18.377448,500,27643.025011,False,1,True,False,False,False,False,False,False,False
17.776611,500,28041.236627,False,1,True,False,False,False,False,False,False,False
17.900933,500,28048.827218,False,1,True,False,False,False,False,False,False,False
18.370473,500,28056.328798,False,1,True,False,False,False,False,False,False,False
17.230023,500,28065.333507,False,1,True,False,False,False,False,False,False,False
16.965708,500,28072.930753,False,1,True,False,False,False,False,False,False,False
17.934921,500,28080.336395,False,1,True,False,False,False,False,False,False,False
17.954609,500,28087.934283,False,1,True,False,False,False,False,False,False,False
16.837137,500,28096.836699,False,1,True,False,False,False,False,False,False,False
18.263819,500,28104.626969,False,1,True,False,False,False,False,False,False,False
17.46028,500,28112.13338,False,1,True,False,False,False,False,False,False,False
16.858582,500,28120.43623,False,1,True,False,False,False,False,False,False,False
17.697614,500,28130.32496,False,1,True,False,False,False,False,False,False,False
17.429856,500,28137.62871,False,1,True,False,False,False,False,False,False,False
17.723697,500,28145.234102,False,1,True,False,False,False,False,False,False,False
18.049114,500,28152.72803,False,1,True,False,False,False,False,False,False,False
18.021556,500,28160.138767,False,1,True,False,False,False,False,False,False,False
18.631403,500,28169.422471,False,1,True,False,False,False,False,False,False,False
17.739911,500,28177.126455,False,1,True,False,False,False,False,False,False,False
18.731959,500,28184.725014,False,1,True,False,False,False,False,False,False,False
17.947018,500,28192.236497,False,1,True,False,False,False,False,False,False,False
15.783916,500,28201.222101,False,1,True,False,False,False,False,False,False,False
18.905842,500,28208.736883,False,1,True,False,False,False,False,False,False,False
17.746414,500,28216.524757,False,1,True,False,False,False,False,False,False,False
18.294385,500,28223.834375,False,1,True,False,False,False,False,False,False,False
18.178483,500,28232.722501,False,1,True,False,False,False,False,False,False,False
18.481513,500,28240.130191,False,1,True,False,False,False,False,False,False,False
18.514361,500,28247.622256,False,1,True,False,False,False,False,False,False,False
17.30057,500,28255.12834,False,1,True,False,False,False,False,False,False,False
17.242416,500,28264.022144,False,1,True,False,False,False,False,False,False,False
17.809835,500,28271.525485,False,1,True,False,False,False,False,False,False,False
16.561059,500,28278.934128,False,1,True,False,False,False,False,False,False,False
17.674237,500,28286.331124,False,1,True,False,False,False,False,False,False,False
18.223921,500,28295.931948,False,1,True,False,False,False,False,False,False,False
17.913966,500,28304.532283,False,1,True,False,False,False,False,False,False,False
17.66564,500,28312.436532,False,1,True,False,False,False,False,False,False,False
17.704235,500,28320.933232,False,1,True,False,False,False,False,False,False,False
18.400077,500,28330.625027,False,1,True,False,False,False,False,False,False,False
16.814541,500,28338.325149,False,1,True,False,False,False,False,False,False,False
17.092794,500,28345.926019,False,1,True,False,False,False,False,False,False,False
15.239527,500,28353.530253,False,1,True,False,False,False,False,False,False,False
17.356127,500,28362.633928,False,1,True,False,False,False,False,False,False,False
18.684974,500,28370.23352,False,1,True,False,False,False,False,False,False,False
17.281037,500,28378.428105,False,1,True,False,False,False,False,False,False,False
18.028591,500,28386.12497,False,1,True,False,False,False,False,False,False,False
17.178351,500,28395.122634,False,1,True,False,False,False,False,False,False,False
17.53196,500,28402.931274,False,1,True,False,False,False,False,False,False,False
18.528061,500,28410.434468,False,1,True,False,False,False,False,False,False,False
17.082728,500,28417.741163,False,1,True,False,False,False,False,False,False,False
17.567903,500,28426.836618,False,1,True,False,False,False,False,False,False,False
17.661865,500,28434.630745,False,1,True,False,False,False,False,False,False,False
18.744081,500,28797.031121,False,1,True,False,False,False,False,False,False,False
17.526158,500,28804.825196,False,1,True,False,False,False,False,False,False,False
18.371416,500,28814.521533,False,1,True,False,False,False,False,False,False,False
17.998503,500,28822.532301,False,1,True,False,False,False,False,False,False,False
17.965737,500,28830.336569,False,1,True,False,False,False,False,False,False,False
17.726031,500,28838.22033,False,1,True,False,False,False,False,False,False,False
17.136632,500,28845.921366,False,1,True,False,False,False,False,False,False,False
18.094426,500,28854.930485,False,1,True,False,False,False,False,False,False,False
17.739045,500,28862.737086,False,1,True,False,False,False,False,False,False,False
17.361497,500,28870.331813,False,1,True,False,False,False,False,False,False,False
17.677774,500,28878.03122,False,1,True,False,False,False,False,False,False,False
19.30371,500,28887.222203,False,1,True,False,False,False,False,False,False,False
17.282385,500,28895.229708,False,1,True,False,False,False,False,False,False,False
17.157278,500,28903.129913,False,1,True,False,False,False,False,False,False,False
17.863647,500,28911.425423,False,1,True,False,False,False,False,False,False,False
17.072183,500,28921.123831,False,1,True,False,False,False,False,False,False,False
18.702121,500,28928.734102,False,1,True,False,False,False,False,False,False,False
17.401895,500,28936.527625,False,1,True,False,False,False,False,False,False,False
18.756854,500,28944.321203,False,1,True,False,False,False,False,False,False,False
17.444091,500,28954.022359,False,1,True,False,False,False,False,False,False,False
17.679222,500,28962.332697,False,1,True,False,False,False,False,False,False,False
17.233628,500,28970.720505,False,1,True,False,False,False,False,False,False,False
17.108631,500,28978.535751,False,1,True,False,False,False,False,False,False,False
17.664066,500,28987.730999,False,1,True,False,False,False,False,False,False,False
17.65329,500,28995.941716,False,1,True,False,False,False,False,False,False,False
18.491856,500,29003.731294,False,1,True,False,False,False,False,False,False,False
18.739111,500,29011.433904,False,1,True,False,False,False,False,False,False,False
18.171468,500,29020.427872,False,1,True,False,False,False,False,False,False,False
17.302012,500,29028.036114,False,1,True,False,False,False,False,False,False,False
17.331216,500,29035.830783,False,1,True,False,False,False,False,False,False,False
17.820728,500,29043.824444,False,1,True,False,False,False,False,False,False,False
18.22672,500,29052.831285,False,1,True,False,False,False,False,False,False,False
18.313909,500,29060.532426,False,1,True,False,False,False,False,False,False,False
18.949615,500,29068.135873,False,1,True,False,False,False,False,False,False,False
19.183504,500,29075.831082,False,1,True,False,False,False,False,False,False,False
17.678862,500,29084.936483,False,1,True,False,False,False,False,False,False,False
17.42047,500,29092.530947,False,1,True,False,False,False,False,False,False,False
17.206054,500,29100.128128,False,1,True,False,False,False,False,False,False,False
15.680158,500,29107.429544,False,1,True,False,False,False,False,False,False,False
16.801606,500,29116.427906,False,1,True,False,False,False,False,False,False,False
18.122933,500,29123.93665,False,1,True,False,False,False,False,False,False,False
17.472666,500,29131.635762,False,1,True,False,False,False,False,False,False,False
18.511382,500,29139.32209,False,1,True,False,False,False,False,False,False,False
17.393884,500,29148.436743,False,1,True,False,False,False,False,False,False,False
17.803783,500,29156.125514,False,1,True,False,False,False,False,False,False,False
17.094772,500,29163.73109,False,1,True,False,False,False,False,False,False,False
18.597782,500,29171.321683,False,1,True,False,False,False,False,False,False,False
16.482197,500,29180.526139,False,1,True,False,False,False,False,False,False,False
18.477067,500,29188.129756,False,1,True,False,False,False,False,False,False,False
17.152098,500,29195.930545,False,1,True,False,False,False,False,False,False,False
16.402501,500,29654.434521,False,1,True,False,False,False,False,False,False,False
17.893819,500,29663.736935,False,1,True,False,False,False,False,False,False,False
18.282971,500,29673.63151,False,1,True,False,False,False,False,False,False,False
18.294553,500,29681.833704,False,1,True,False,False,False,False,False,False,False
17.708052,500,29690.340147,False,1,True,False,False,False,False,False,False,False
18.327297,500,29699.327911,False,1,True,False,False,False,False,False,False,False
17.960184,500,29709.432646,False,1,True,False,False,False,False,False,False,False
17.871432,500,29718.1256,False,1,True,False,False,False,False,False,False,False
18.272866,500,29726.922533,False,1,True,False,False,False,False,False,False,False
17.395596,500,29735.131511,False,1,True,False,False,False,False,False,False,False
18.337748,500,29744.334097,False,1,True,False,False,False,False,False,False,False
16.539375,500,29752.029572,False,1,True,False,False,False,False,False,False,False
18.486854,500,29759.825591,False,1,True,False,False,False,False,False,False,False
16.217398,500,29767.832995,False,1,True,False,False,False,False,False,False,False
17.628688,500,29777.525805,False,1,True,False,False,False,False,False,False,False
18.350371,500,29785.422348,False,1,True,False,False,False,False,False,False,False
17.188315,500,29793.027916,False,1,True,False,False,False,False,False,False,False
17.677806,500,29800.637184,False,1,True,False,False,False,False,False,False,False
17.597771,500,29809.634459,False,1,True,False,False,False,False,False,False,False
18.660323,500,29817.327806,False,1,True,False,False,False,False,False,False,False
17.197846,500,29824.936488,False,1,True,False,False,False,False,False,False,False
17.267029,500,29832.834235,False,1,True,False,False,False,False,False,False,False
18.071806,500,29842.12419,False,1,True,False,False,False,False,False,False,False
17.166683,500,29850.037022,False,1,True,False,False,False,False,False,False,False
18.140082,500,29857.928754,False,1,True,False,False,False,False,False,False,False
18.216874,500,29865.731456,False,1,True,False,False,False,False,False,False,False
17.201369,500,29875.137352,False,1,True,False,False,False,False,False,False,False
17.857735,500,29882.922172,False,1,True,False,False,False,False,False,False,False
17.232567,500,29890.728553,False,1,True,False,False,False,False,False,False,False
17.28272,500,29898.527356,False,1,True,False,False,False,False,False,False,False
18.560689,500,29908.529078,False,1,True,False,False,False,False,False,False,False
17.299426,500,29916.735908,False,1,True,False,False,False,False,False,False,False
16.761142,500,29924.536966,False,1,True,False,False,False,False,False,False,False
16.869634,500,29932.823093,False,1,True,False,False,False,False,False,False,False
17.009676,500,29942.127925,False,1,True,False,False,False,False,False,False,False
18.007806,500,29949.830081,False,1,True,False,False,False,False,False,False,False
18.235337,500,29957.533225,False,1,True,False,False,False,False,False,False,False
17.634008,500,29965.02525,False,1,True,False,False,False,False,False,False,False
18.130804,500,29974.43224,False,1,True,False,False,False,False,False,False,False
17.966688,500,29982.732877,False,1,True,False,False,False,False,False,False,False
17.458925,500,29990.922451,False,1,True,False,False,False,False,False,False,False
17.879398,500,29998.621948,False,1,True,False,False,False,False,False,False,False
18.86895,500,30006.322267,False,1,True,False,False,False,False,False,False,False
17.971455,500,30015.522582,False,1,True,False,False,False,False,False,False,False
18.412012,500,30023.023773,False,1,True,False,False,False,False,False,False,False
18.195126,500,30030.435519,False,1,True,False,False,False,False,False,False,False
18.028086,500,30038.222862,False,1,True,False,False,False,False,False,False,False
17.398473,500,30047.540026,False,1,True,False,False,False,False,False,False,False
18.243236,500,30055.425117,False,1,True,False,False,False,False,False,False,False
17.269853,500,30063.434795,False,1,True,False,False,False,False,False,False,False
18.021388,500,30429.436241,False,1,True,False,False,False,False,False,False,False
18.210344,500,30440.020551,False,1,True,False,False,False,False,False,False,False
17.358262,500,30447.941803,False,1,True,False,False,False,False,False,False,False
18.10036,500,30457.522983,False,1,True,False,False,False,False,False,False,False
18.282184,500,30466.932753,False,1,True,False,False,False,False,False,False,False
18.621855,500,30477.320734,False,1,True,False,False,False,False,False,False,False
17.74594,500,30485.935493,False,1,True,False,False,False,False,False,False,False
18.284795,500,30494.626403,False,1,True,False,False,False,False,False,False,False
16.982623,500,30503.438762,False,1,True,False,False,False,False,False,False,False
16.157624,500,30513.723382,False,1,True,False,False,False,False,False,False,False
18.006918,500,30522.431669,False,1,True,False,False,False,False,False,False,False
18.798729,500,30531.333403,False,1,True,False,False,False,False,False,False,False
17.648973,500,30539.834429,False,1,True,False,False,False,False,False,False,False
17.699141,500,30551.53329,False,1,True,False,False,False,False,False,False,False
16.983678,500,30560.236829,False,1,True,False,False,False,False,False,False,False
17.433484,500,30569.22031,False,1,True,False,False,False,False,False,False,False
17.807266,500,30578.125947,False,1,True,False,False,False,False,False,False,False
18.091155,500,30588.236745,False,1,True,False,False,False,False,False,False,False
17.523236,500,30597.040857,False,1,True,False,False,False,False,False,False,False
16.769133,500,30605.422279,False,1,True,False,False,False,False,False,False,False
17.175706,500,30614.139228,False,1,True,False,False,False,False,False,False,False
18.013123,500,30624.923687,False,1,True,False,False,False,False,False,False,False
17.252693,500,30633.526795,False,1,True,False,False,False,False,False,False,False
17.649626,500,30642.732954,False,1,True,False,False,False,False,False,False,False
18.175324,500,30651.826388,False,1,True,False,False,False,False,False,False,False
16.30069,500,30662.534575,False,1,True,False,False,False,False,False,False,False
17.932036,500,30671.827524,False,1,True,False,False,False,False,False,False,False
17.587464,500,30680.726398,False,1,True,False,False,False,False,False,False,False
17.822084,500,30689.522446,False,1,True,False,False,False,False,False,False,False
17.313319,500,30700.422603,False,1,True,False,False,False,False,False,False,False
17.878497,500,30709.330089,False,1,True,False,False,False,False,False,False,False
18.662352,500,30718.432283,False,1,True,False,False,False,False,False,False,False
17.135137,500,30726.829682,False,1,True,False,False,False,False,False,False,False
17.557786,500,30737.737477,False,1,True,False,False,False,False,False,False,False
17.289767,500,30746.62327,False,1,True,False,False,False,False,False,False,False
16.644741,500,30755.02721,False,1,True,False,False,False,False,False,False,False
17.071743,500,30764.037535,False,1,True,False,False,False,False,False,False,False
17.818838,500,30772.725458,False,1,True,False,False,False,False,False,False,False
17.460562,500,30783.034178,False,1,True,False,False,False,False,False,False,False
17.564652,500,30791.728917,False,1,True,False,False,False,False,False,False,False
17.926533,500,30800.920446,False,1,True,False,False,False,False,False,False,False
18.849121,500,30809.541758,False,1,True,False,False,False,False,False,False,False
18.335218,500,30819.923109,False,1,True,False,False,False,False,False,False,False
17.622989,500,30829.323557,False,1,True,False,False,False,False,False,False,False
17.287047,500,30838.532892,False,1,True,False,False,False,False,False,False,False
18.424167,500,30847.923526,False,1,True,False,False,False,False,False,False,False
17.071867,500,30858.62832,False,1,True,False,False,False,False,False,False,False
17.654937,500,30867.221846,False,1,True,False,False,False,False,False,False,False
18.108677,500,30876.238676,False,1,True,False,False,False,False,False,False,False
18.026625,500,30884.837225,False,1,True,False,False,False,False,False,False,False
17.886187,500,31283.330407,False,1,True,False,False,False,False,False,False,False
18.885789,500,31292.42663,False,1,True,False,False,False,False,False,False,False
17.633395,500,31301.033996,False,1,True,False,False,False,False,False,False,False
18.383648,500,31310.325594,False,1,True,False,False,False,False,False,False,False
17.673578,500,31321.032937,False,1,True,False,False,False,False,False,False,False
17.59608,500,31329.826446,False,1,True,False,False,False,False,False,False,False
18.264429,500,31339.235188,False,1,True,False,False,False,False,False,False,False
18.910879,500,31348.337723,False,1,True,False,False,False,False,False,False,False
19.239804,500,31358.438776,False,1,True,False,False,False,False,False,False,False
17.196407,500,31367.13674,False,1,True,False,False,False,False,False,False,False
17.324384,500,31375.929971,False,1,True,False,False,False,False,False,False,False
17.359553,500,31384.532503,False,1,True,False,False,False,False,False,False,False
18.573967,500,31395.238049,False,1,True,False,False,False,False,False,False,False
17.655897,500,31404.141259,False,1,True,False,False,False,False,False,False,False
18.44011,500,31413.129615,False,1,True,False,False,False,False,False,False,False
17.407715,500,31421.833213,False,1,True,False,False,False,False,False,False,False
17.778047,500,31431.825489,False,1,True,False,False,False,False,False,False,False
17.856522,500,31440.135951,False,1,True,False,False,False,False,False,False,False
19.146816,500,31449.540592,False,1,True,False,False,False,False,False,False,False
18.208457,500,31458.23231,False,1,True,False,False,False,False,False,False,False
18.094809,500,31468.237118,False,1,True,False,False,False,False,False,False,False
16.652796,500,31477.438774,False,1,True,False,False,False,False,False,False,False
18.7826,500,31486.020623,False,1,True,False,False,False,False,False,False,False
18.293993,500,31494.731783,False,1,True,False,False,False,False,False,False,False
18.786072,500,31504.719696,False,1,True,False,False,False,False,False,False,False
17.41007,500,31512.73796,False,1,True,False,False,False,False,False,False,False
17.374361,500,31522.3418,False,1,True,False,False,False,False,False,False,False
17.629426,500,31531.82598,False,1,True,False,False,False,False,False,False,False
15.967981,500,31540.332186,False,1,True,False,False,False,False,False,False,False
16.989094,500,31550.034573,False,1,True,False,False,False,False,False,False,False
18.270782,500,31558.724753,False,1,True,False,False,False,False,False,False,False
17.901272,500,31566.73494,False,1,True,False,False,False,False,False,False,False
17.941143,500,31575.134401,False,1,True,False,False,False,False,False,False,False
17.643628,500,31585.323642,False,1,True,False,False,False,False,False,False,False
18.032342,500,31593.62324,False,1,True,False,False,False,False,False,False,False
15.583679,500,31601.530584,False,1,True,False,False,False,False,False,False,False
18.63705,500,31609.339628,False,1,True,False,False,False,False,False,False,False
17.959037,500,31618.636842,False,1,True,False,False,False,False,False,False,False
16.859564,500,31627.823115,False,1,True,False,False,False,False,False,False,False
17.530144,500,31636.322344,False,1,True,False,False,False,False,False,False,False
19.069492,500,31644.833853,False,1,True,False,False,False,False,False,False,False
18.071307,500,31655.13721,False,1,True,False,False,False,False,False,False,False
17.100828,500,31664.642386,False,1,True,False,False,False,False,False,False,False
18.055386,500,31673.022452,False,1,True,False,False,False,False,False,False,False
17.341526,500,31680.927266,False,1,True,False,False,False,False,False,False,False
17.146675,500,31691.341691,False,1,True,False,False,False,False,False,False,False
17.932458,500,31699.334147,False,1,True,False,False,False,False,False,False,False
17.506887,500,31707.337153,False,1,True,False,False,False,False,False,False,False
16.984975,500,31715.822275,False,1,True,False,False,False,False,False,False,False
16.822999,500,31727.334316,False,1,True,False,False,False,False,False,False,False
