#{"t_start": 1791305599.5668445, "env_id": "None"}
r,l,t,is_success,curriculum_stage,reach_success,grasp_success,lift_success,transport_success,above_cup_success,correct_release,placement_success
-2.205709,500,2.364876,False,1,False,False,False,False,False,False,False
-3.989908,500,3.425392,False,1,False,False,False,False,False,False,False
-6.923598,500,4.515827,False,1,False,False,False,False,False,False,False
0.95224,500,5.585952,False,1,False,False,False,False,False,False,False
-0.53725,500,8.134806,False,1,False,False,False,False,False,False,False
-6.228025,500,9.220922,False,1,False,False,False,False,False,False,False
0.219581,500,10.361801,False,1,False,False,False,False,False,False,False
-5.711921,500,11.452668,False,1,False,False,False,False,False,False,False
0.457811,500,13.850067,False,1,False,False,False,False,False,False,False
2.129863,500,14.959709,False,1,False,False,False,False,False,False,False
0.555124,500,16.106903,False,1,False,False,False,False,False,False,False
2.210014,500,17.229048,False,1,False,False,False,False,False,False,False
4.619798,500,19.725408,False,1,False,False,False,False,False,False,False
7.301439,500,20.890324,False,1,False,False,False,False,False,False,False
5.474337,500,22.038833,False,1,False,False,False,False,False,False,False
-6.540281,500,23.102546,False,1,False,False,False,False,False,False,False
-7.696671,500,25.406014,False,1,False,False,False,False,False,False,False
8.490404,500,26.546331,False,1,False,False,False,False,False,False,False
0.621671,500,27.721661,False,1,False,False,False,False,False,False,False
0.732939,500,28.802771,False,1,False,False,False,False,False,False,False
3.330916,500,31.23698,False,1,False,False,False,False,False,False,False
2.7525,500,32.490453,False,1,False,False,False,False,False,False,False
4.792607,500,33.692934,False,1,False,False,False,False,False,False,False
6.326506,500,34.845857,False,1,False,False,False,False,False,False,False
3.979083,500,37.347626,False,1,False,False,False,False,False,False,False
2.532138,500,38.618343,False,1,False,False,False,False,False,False,False
0.665433,500,39.818664,False,1,False,False,False,False,False,False,False
7.672948,500,41.057676,False,1,False,False,False,False,False,False,False
4.299589,500,43.671854,False,1,False,False,False,False,False,False,False
6.332914,500,44.835794,False,1,False,False,False,False,False,False,False
4.889737,500,46.000589,False,1,False,False,False,False,False,False,False
7.610752,500,47.1774,False,1,False,False,False,False,False,False,False
8.808579,500,49.737839,False,1,False,False,False,False,False,False,False
0.347143,500,50.998183,False,1,False,False,False,False,False,False,False
1.95108,500,52.180099,False,1,False,False,False,False,False,False,False
2.241907,500,53.336466,False,1,False,False,False,False,False,False,False
2.426283,500,56.011178,False,1,False,False,False,False,False,False,False
2.658917,500,57.168635,False,1,False,False,False,False,False,False,False
3.006698,500,58.384823,False,1,False,False,False,False,False,False,False
-1.378178,500,59.593591,False,1,False,False,False,False,False,False,False
8.278543,500,62.187758,False,1,False,False,False,False,False,False,False
-2.109775,500,63.448083,False,1,False,False,False,False,False,False,False
-0.147455,500,64.609572,False,1,False,False,False,False,False,False,False
7.411541,500,65.839931,False,1,False,False,False,False,False,False,False
8.059803,500,67.091688,False,1,False,False,False,False,False,False,False
7.052655,500,69.609575,False,1,False,False,False,False,False,False,False
3.687998,500,70.853007,False,1,False,False,False,False,False,False,False
6.185748,500,72.114338,False,1,False,False,False,False,False,False,False
6.760315,500,73.34901,False,1,False,False,False,False,False,False,False
7.531996,500,76.045898,False,1,False,False,False,False,False,False,False
5.798974,500,77.373501,False,1,False,False,False,False,False,False,False
-1.365441,500,78.624004,False,1,False,False,False,False,False,False,False
6.602664,500,79.874785,False,1,False,False,False,False,False,False,False
7.658773,500,82.724392,False,1,False,False,False,False,False,False,False
7.753736,500,83.918142,False,1,False,False,False,False,False,False,False
7.431764,500,85.148349,False,1,False,False,False,False,False,False,False
-1.463262,500,86.447538,False,1,False,False,False,False,False,False,False
5.433454,500,89.167293,False,1,False,True,False,False,False,False,False
-0.023101,500,90.337007,False,1,False,False,False,False,False,False,False
7.028602,500,91.557726,False,1,False,False,False,False,False,False,False
1.35348,500,92.751849,False,1,False,False,False,False,False,False,False
6.890548,500,95.436663,False,1,False,False,False,False,False,False,False
6.910711,500,96.670552,False,1,False,False,False,False,False,False,False
4.008553,500,97.910926,False,1,False,False,False,False,False,False,False
5.864405,500,99.140977,False,1,False,False,False,False,False,False,False
-0.095037,500,101.768717,False,1,False,False,False,False,False,False,False
7.873656,500,102.936722,False,1,False,False,False,False,False,False,False
-0.857759,500,104.118987,False,1,False,False,False,False,False,False,False
4.420336,500,105.243348,False,1,False,False,False,False,False,False,False
7.218664,500,107.878866,False,1,False,False,False,False,False,False,False
2.696421,500,109.048816,False,1,False,False,False,False,False,False,False
4.683407,500,110.226991,False,1,False,False,False,False,False,False,False
6.748119,500,111.358177,False,1,False,False,False,False,False,False,False
5.529488,500,114.052313,False,1,False,False,False,False,False,False,False
7.181404,500,115.230816,False,1,False,False,False,False,False,False,False
4.889068,500,116.397879,False,1,False,False,False,False,False,False,False
5.850362,500,117.554221,False,1,False,False,False,False,False,False,False
6.781245,500,120.25683,False,1,False,False,False,False,False,False,False
7.819889,500,121.451274,False,1,False,False,False,False,False,False,False
4.131832,500,122.57493,False,1,False,False,False,False,False,False,False
3.125131,500,123.716788,False,1,False,False,False,False,False,False,False
6.806676,500,126.327065,False,1,False,False,False,False,False,False,False
2.597871,500,127.448419,False,1,False,False,False,False,False,False,False
4.7802,500,128.605821,False,1,False,False,False,False,False,False,False
5.203463,500,129.766593,False,1,False,False,False,False,False,False,False
3.261897,500,130.937639,False,1,False,False,False,False,False,False,False
4.898932,500,133.475134,False,1,False,False,False,False,False,False,False
0.639252,500,134.626882,False,1,False,False,False,False,False,False,False
3.824941,500,135.781764,False,1,False,False,False,False,False,False,False
5.034007,500,136.921112,False,1,False,False,False,False,False,False,False
2.694136,500,139.404074,False,1,False,False,False,False,False,False,False
4.970541,500,140.568057,False,1,False,False,False,False,False,False,False
5.753939,500,141.688043,False,1,False,False,False,False,False,False,False
2.647166,500,142.821958,False,1,False,False,False,False,False,False,False
6.419812,500,145.281894,False,1,False,False,False,False,False,False,False
5.694052,500,146.423061,False,1,False,False,False,False,False,False,False
2.83201,500,147.551405,False,1,False,False,False,False,False,False,False
5.574187,500,148.646009,False,1,False,False,False,False,False,False,False
6.191077,500,151.102738,False,1,False,False,False,False,False,False,False
6.034803,500,152.213122,False,1,False,False,False,False,False,False,False
5.936542,500,153.332814,False,1,False,False,False,False,False,False,False
6.715308,500,154.429325,False,1,False,False,False,False,False,False,False
6.800128,500,156.787161,False,1,False,False,False,False,False,False,False
6.387222,500,157.868697,False,1,False,False,False,False,False,False,False
6.583701,500,158.948511,False,1,False,False,False,False,False,False,False
6.476691,500,160.037059,False,1,False,False,False,False,False,False,False
7.225356,500,162.398515,False,1,False,False,False,False,False,False,False
6.530501,500,163.481663,False,1,False,False,False,False,False,False,False
5.598744,500,164.562434,False,1,False,False,False,False,False,False,False
6.602366,500,165.648533,False,1,False,False,False,False,False,False,False
7.260699,500,167.981293,False,1,False,False,False,False,False,False,False
4.671253,500,169.061172,False,1,False,False,False,False,False,False,False
6.84734,500,170.13689,False,1,False,False,False,False,False,False,False
6.261168,500,171.212664,False,1,False,False,False,False,False,False,False
7.1113,500,173.578176,False,1,False,False,False,False,False,False,False
6.226635,500,174.682751,False,1,False,False,False,False,False,False,False
7.517954,500,175.761277,False,1,False,False,False,False,False,False,False
7.712698,500,176.846865,False,1,False,False,False,False,False,False,False
6.130402,500,179.199686,False,1,False,False,False,False,False,False,False
6.023758,500,180.284052,False,1,False,False,False,False,False,False,False
6.045139,500,181.390305,False,1,False,False,False,False,False,False,False
5.425743,500,182.502134,False,1,False,False,False,False,False,False,False
7.967462,500,184.888459,False,1,False,False,False,False,False,False,False
7.676372,500,186.023794,False,1,False,False,False,False,False,False,False
6.541736,500,187.143628,False,1,False,False,False,False,False,False,False
7.324913,500,188.280521,False,1,False,False,False,False,False,False,False
8.104648,500,190.754128,False,1,False,False,False,False,False,False,False
6.499219,500,191.839195,False,1,False,False,False,False,False,False,False
8.060263,500,192.947472,False,1,False,False,False,False,False,False,False
5.718872,500,194.038109,False,1,False,False,False,False,False,False,False
7.450081,500,195.18522,False,1,False,False,False,False,False,False,False
6.695461,500,197.575559,False,1,False,False,False,False,False,False,False
6.734511,500,198.664937,False,1,False,False,False,False,False,False,False
7.478323,500,199.731639,False,1,False,False,False,False,False,False,False
6.642256,500,200.802759,False,1,False,False,False,False,False,False,False
7.340824,500,203.146655,False,1,False,False,False,False,False,False,False
6.870917,500,204.218456,False,1,False,False,False,False,False,False,False
7.328962,500,205.292899,False,1,False,False,False,False,False,False,False
7.472646,500,206.375892,False,1,False,False,False,False,False,False,False
7.449905,500,208.734315,False,1,False,False,False,False,False,False,False
7.756635,500,209.808448,False,1,False,False,False,False,False,False,False
7.642097,500,210.883838,False,1,False,False,False,False,False,False,False
7.436387,500,211.958811,False,1,False,False,False,False,False,False,False
7.152753,500,214.335325,False,1,False,False,False,False,False,False,False
8.117709,500,215.411883,False,1,False,False,False,False,False,False,False
6.814769,500,216.484272,False,1,False,False,False,False,False,False,False
8.161765,500,217.558954,False,1,False,False,False,False,False,False,False
8.633276,500,219.932294,False,1,False,False,False,False,False,False,False
7.334837,500,221.015301,False,1,False,False,False,False,False,False,False
7.978768,500,222.122763,False,1,False,False,False,False,False,False,False
7.523983,500,223.249907,False,1,False,False,False,False,False,False,False
7.588094,500,225.842731,False,1,False,False,False,False,False,False,False
7.846757,500,226.947567,False,1,False,False,False,False,False,False,False
8.756801,500,228.053862,False,1,False,False,False,False,False,False,False
8.066332,500,229.165617,False,1,False,False,False,False,False,False,False
7.730258,500,231.828352,False,1,False,False,False,False,False,False,False
9.251741,500,232.925347,False,1,False,False,False,False,False,False,False
8.178099,500,234.003426,False,1,False,False,False,False,False,False,False
9.017514,500,235.076243,False,1,False,False,False,False,False,False,False
9.124878,500,237.528418,False,1,False,False,False,False,False,False,False
7.907343,500,238.614494,False,1,False,False,False,False,False,False,False
8.853511,500,239.695034,False,1,False,False,False,False,False,False,False
8.61107,500,240.780711,False,1,False,False,False,False,False,False,False
8.600357,500,243.312837,False,1,False,False,False,False,False,False,False
7.192559,500,244.420798,False,1,False,False,False,False,False,False,False
8.613996,500,245.526218,False,1,False,False,False,False,False,False,False
9.679048,500,246.640089,False,1,False,False,False,False,False,False,False
7.211109,500,249.120193,False,1,False,False,False,False,False,False,False
7.980053,500,250.220451,False,1,False,False,False,False,False,False,False
7.708459,500,251.319722,False,1,False,False,False,False,False,False,False
7.171305,500,252.405821,False,1,False,False,False,False,False,False,False
7.399161,500,253.501152,False,1,False,False,False,False,False,False,False
8.828173,500,255.927644,False,1,False,False,False,False,False,False,False
9.460489,500,257.030593,False,1,False,False,False,False,False,False,False
9.371383,500,258.132207,False,1,False,False,False,False,False,False,False
8.678902,500,259.235133,False,1,False,False,False,False,False,False,False
8.427855,500,261.617671,False,1,False,False,False,False,False,False,False
6.972616,500,262.718923,False,1,False,False,False,False,False,False,False
6.491281,500,263.826023,False,1,False,False,False,False,False,False,False
6.512893,500,264.923302,False,1,False,False,False,False,False,False,False
9.23256,500,267.381149,False,1,False,False,False,False,False,False,False
9.629005,500,268.49359,False,1,False,False,False,False,False,False,False
7.673579,500,269.591445,False,1,False,False,False,False,False,False,False
9.837098,500,270.698936,False,1,False,False,False,False,False,False,False
9.969716,500,273.301009,False,1,False,False,False,False,False,False,False
5.359439,500,274.46094,False,1,False,False,False,False,False,False,False
5.730436,500,275.588757,False,1,False,False,False,False,False,False,False
8.697552,500,276.694659,False,1,False,False,False,False,False,False,False
8.209049,500,279.291883,False,1,False,False,False,False,False,False,False
7.614571,500,280.434651,False,1,False,False,False,False,False,False,False
8.027574,500,281.554783,False,1,False,False,False,False,False,False,False
8.602508,500,282.653363,False,1,False,False,False,False,False,False,False
9.674008,500,285.002151,False,1,False,False,False,False,False,False,False
8.399328,500,286.1099,False,1,False,False,False,False,False,False,False
8.057137,500,287.207595,False,1,False,False,False,False,False,False,False
8.46058,500,288.314928,False,1,False,False,False,False,False,False,False
7.900724,500,290.712741,False,1,False,False,False,False,False,False,False
7.509894,500,291.858268,False,1,False,False,False,False,False,False,False
8.942936,500,292.960925,False,1,False,False,False,False,False,False,False
7.528895,500,294.072282,False,1,False,False,False,False,False,False,False
7.707097,500,345.87595,False,1,False,False,False,False,False,False,False
9.822204,500,346.980298,False,1,False,False,False,False,False,False,False
8.040178,500,348.097465,False,1,False,False,False,False,False,False,False
7.137555,500,349.208106,False,1,False,False,False,False,False,False,False
10.078737,500,351.779823,False,1,False,False,False,False,False,False,False
7.610176,500,352.889787,False,1,False,False,False,False,False,False,False
7.275978,500,354.020303,False,1,False,False,False,False,False,False,False
8.583727,500,355.13698,False,1,False,False,False,False,False,False,False
9.135335,500,358.068991,False,1,False,False,False,False,False,False,False
9.609425,500,359.174849,False,1,False,False,False,False,False,False,False
8.695848,500,360.257121,False,1,False,False,False,False,False,False,False
8.44383,500,361.391809,False,1,False,False,False,False,False,False,False
9.155043,500,364.277822,False,1,False,False,False,False,False,False,False
8.491668,500,365.421627,False,1,False,False,False,False,False,False,False
8.7993,500,366.579334,False,1,False,False,False,False,False,False,False
9.464931,500,367.685338,False,1,False,False,False,False,False,False,False
8.452854,500,368.829263,False,1,False,False,False,False,False,False,False
8.828329,500,371.82425,False,1,False,False,False,False,False,False,False
8.819718,500,372.948065,False,1,False,False,False,False,False,False,False
8.472961,500,374.060196,False,1,False,False,False,False,False,False,False
9.24224,500,375.162841,False,1,False,False,False,False,False,False,False
9.55756,500,378.093219,False,1,False,False,False,False,False,False,False
9.54456,500,379.198714,False,1,False,False,False,False,False,False,False
8.850204,500,380.292766,False,1,False,False,False,False,False,False,False
6.097056,500,381.426727,False,1,False,False,False,False,False,False,False
7.699923,500,384.227014,False,1,False,False,False,False,False,False,False
8.318632,500,385.355098,False,1,False,False,False,False,False,False,False
8.811446,500,386.455783,False,1,False,False,False,False,False,False,False
9.097429,500,387.555508,False,1,False,False,False,False,False,False,False
10.358751,500,390.48137,False,1,False,False,False,False,False,False,False
8.744364,500,391.584528,False,1,False,False,False,False,False,False,False
9.429234,500,392.695317,False,1,False,False,False,False,False,False,False
9.990548,500,393.801067,False,1,False,False,False,False,False,False,False
8.204042,500,396.430277,False,1,False,False,False,False,False,False,False
7.399695,500,397.556126,False,1,False,False,False,False,False,False,False
9.294609,500,398.670124,False,1,False,False,False,False,False,False,False
8.439292,500,399.782542,False,1,False,False,False,False,False,False,False
9.095032,500,402.439919,False,1,False,False,False,False,False,False,False
8.194899,500,403.546353,False,1,False,False,False,False,False,False,False
7.750236,500,404.705394,False,1,False,False,False,False,False,False,False
8.141044,500,405.833719,False,1,False,False,False,False,False,False,False
9.581509,500,408.423889,False,1,False,False,False,False,False,False,False
9.965736,500,409.530816,False,1,False,False,False,False,False,False,False
8.137394,500,410.644997,False,1,False,True,False,False,False,False,False
8.484217,500,411.734287,False,1,False,False,False,False,False,False,False
8.544768,500,414.370024,False,1,False,False,False,False,False,False,False
9.092316,500,415.471375,False,1,False,False,False,False,False,False,False
9.325731,500,416.561176,False,1,False,False,False,False,False,False,False
8.629964,500,417.656026,False,1,False,False,False,False,False,False,False
9.34702,500,420.200671,False,1,False,False,False,False,False,False,False
10.226773,500,470.739512,False,1,False,False,False,False,False,False,False
9.181566,500,471.852313,False,1,False,False,False,False,False,False,False
6.978889,500,472.973083,False,1,False,True,False,False,False,False,False
9.62527,500,475.708914,False,1,False,False,False,False,False,False,False
10.383927,500,476.821679,False,1,False,False,False,False,False,False,False
9.020989,500,477.945442,False,1,False,False,False,False,False,False,False
7.030521,500,479.059984,False,1,False,True,False,False,False,False,False
10.095816,500,480.169829,False,1,False,False,False,False,False,False,False
10.121959,500,482.801986,False,1,False,False,False,False,False,False,False
9.99168,500,483.905691,False,1,False,False,False,False,False,False,False
9.095255,500,485.009998,False,1,False,False,False,False,False,False,False
10.402351,500,486.115833,False,1,False,False,False,False,False,False,False
8.609215,500,488.742744,False,1,False,False,False,False,False,False,False
9.779783,500,489.83998,False,1,False,False,False,False,False,False,False
10.039168,500,490.926063,False,1,False,False,False,False,False,False,False
9.350454,500,492.033326,False,1,False,False,False,False,False,False,False
9.812219,500,494.923843,False,1,False,False,False,False,False,False,False
8.680438,500,496.047795,False,1,False,False,False,False,False,False,False
10.188661,500,497.137288,False,1,False,False,False,False,False,False,False
10.480929,500,498.234848,False,1,False,False,False,False,False,False,False
9.181265,500,501.04793,False,1,False,False,False,False,False,False,False
9.847285,500,502.148921,False,1,False,False,False,False,False,False,False
10.197962,500,503.260641,False,1,False,False,False,False,False,False,False
9.733252,500,504.373115,False,1,False,False,False,False,False,False,False
10.996702,500,507.416181,False,1,False,False,False,False,False,False,False
10.663823,500,508.510209,False,1,False,False,False,False,False,False,False
10.548499,500,509.622811,False,1,False,False,False,False,False,False,False
10.20645,500,510.734843,False,1,False,False,False,False,False,False,False
10.604318,500,513.712533,False,1,False,False,False,False,False,False,False
10.299688,500,514.833863,False,1,False,False,False,False,False,False,False
6.881911,500,515.986458,False,1,False,True,False,False,False,False,False
6.847925,500,517.109821,False,1,False,True,False,False,False,False,False
10.229883,500,519.699708,False,1,False,False,False,False,False,False,False
10.509492,500,520.808268,False,1,False,False,False,False,False,False,False
10.233241,500,521.910208,False,1,False,False,False,False,False,False,False
10.076215,500,523.012686,False,1,False,False,False,False,False,False,False
9.264278,500,525.984007,False,1,False,False,False,False,False,False,False
7.311623,500,527.156105,False,1,False,True,False,False,False,False,False
10.418006,500,528.266573,False,1,False,False,False,False,False,False,False
10.663234,500,529.362043,False,1,False,False,False,False,False,False,False
10.070432,500,532.293941,False,1,False,False,False,False,False,False,False
7.62005,500,533.415915,False,1,False,True,False,False,False,False,False
10.433168,500,534.515182,False,1,False,False,False,False,False,False,False
10.592638,500,535.617362,False,1,False,False,False,False,False,False,False
9.665055,500,538.586951,False,1,False,False,False,False,False,False,False
10.54231,500,539.692496,False,1,False,False,False,False,False,False,False
9.874627,500,540.794969,False,1,False,False,False,False,False,False,False
10.615487,500,541.885765,False,1,False,False,False,False,False,False,False
8.755507,500,542.975853,False,1,False,False,False,False,False,False,False
10.968912,500,545.677889,False,1,False,False,False,False,False,False,False
7.927785,500,594.90756,False,1,False,False,False,False,False,False,False
10.438158,500,595.992918,False,1,False,False,False,False,False,False,False
10.968003,500,597.092835,False,1,False,False,False,False,False,False,False
9.481385,500,599.961865,False,1,False,False,False,False,False,False,False
9.637665,500,601.046052,False,1,False,False,False,False,False,False,False
11.262002,500,602.140437,False,1,False,False,False,False,False,False,False
9.919416,500,603.238469,False,1,False,False,False,False,False,False,False
6.876148,500,606.232108,False,1,False,True,False,False,False,False,False
9.648708,500,607.326546,False,1,False,False,False,False,False,False,False
9.789869,500,608.432477,False,1,False,False,False,False,False,False,False
9.347322,500,609.535125,False,1,False,False,False,False,False,False,False
10.3077,500,612.132658,False,1,False,False,False,False,False,False,False
10.473264,500,613.246076,False,1,False,False,False,False,False,False,False
9.391488,500,614.347484,False,1,False,False,False,False,False,False,False
7.398718,500,615.458343,False,1,False,True,False,False,False,False,False
8.79761,500,618.366627,False,1,False,False,False,False,False,False,False
10.607547,500,619.463663,False,1,False,False,False,False,False,False,False
10.789405,500,620.56067,False,1,False,False,False,False,False,False,False
9.209509,500,621.663367,False,1,False,False,False,False,False,False,False
7.818482,500,624.582142,False,1,False,True,False,False,False,False,False
8.770898,500,625.683192,False,1,False,False,False,False,False,False,False
10.346647,500,626.776296,False,1,False,False,False,False,False,False,False
10.223899,500,627.866166,False,1,False,False,False,False,False,False,False
9.905499,500,630.755143,False,1,False,False,False,False,False,False,False
9.826267,500,631.851974,False,1,False,False,False,False,False,False,False
10.794264,500,632.948521,False,1,False,False,False,False,False,False,False
11.102601,500,634.044949,False,1,False,False,False,False,False,False,False
10.781819,500,636.941359,False,1,False,False,False,False,False,False,False
11.264506,500,638.04064,False,1,False,False,False,False,False,False,False
9.855752,500,639.135481,False,1,False,False,False,False,False,False,False
7.718116,500,640.233212,False,1,False,False,False,False,False,False,False
9.979949,500,643.245868,False,1,False,False,False,False,False,False,False
11.521249,500,644.349385,False,1,False,False,False,False,False,False,False
10.739073,500,645.429592,False,1,False,False,False,False,False,False,False
10.860572,500,646.531113,False,1,False,False,False,False,False,False,False
11.176349,500,649.538702,False,1,False,False,False,False,False,False,False
8.396933,500,650.69687,False,1,False,False,False,False,False,False,False
10.566623,500,651.79355,False,1,False,False,False,False,False,False,False
10.729282,500,652.891836,False,1,False,False,False,False,False,False,False
8.446431,500,656.03503,False,1,False,False,False,False,False,False,False
11.14089,500,657.132064,False,1,False,False,False,False,False,False,False
8.351386,500,658.231856,False,1,False,False,False,False,False,False,False
8.216733,500,659.317034,False,1,False,False,False,False,False,False,False
8.851318,500,660.416191,False,1,False,False,False,False,False,False,False
9.572939,500,663.293631,False,1,False,False,False,False,False,False,False
7.002635,500,664.482641,False,1,False,True,False,False,False,False,False
9.740218,500,665.623134,False,1,False,False,False,False,False,False,False
8.095816,500,666.748472,False,1,False,False,False,False,False,False,False
10.267834,500,669.752589,False,1,False,False,False,False,False,False,False
10.998213,500,670.902336,False,1,False,False,False,False,False,False,False
10.820286,500,719.966092,False,1,False,False,False,False,False,False,False
8.236495,500,721.200397,False,1,False,False,False,False,False,False,False
8.731246,500,723.760524,False,1,False,False,False,False,False,False,False
7.45809,500,724.908548,False,1,False,False,False,False,False,False,False
7.929846,500,726.086637,False,1,False,False,False,False,False,False,False
7.71288,500,727.248132,False,1,False,False,False,False,False,False,False
9.106657,500,729.717004,False,1,False,False,False,False,False,False,False
9.345157,500,730.797216,False,1,False,False,False,False,False,False,False
9.113816,500,731.934987,False,1,False,False,False,False,False,False,False
10.791967,500,733.020878,False,1,False,False,False,False,False,False,False
9.780621,500,735.347922,False,1,False,False,False,False,False,False,False
8.38279,500,736.573524,False,1,False,False,False,False,False,False,False
10.38008,500,737.680853,False,1,False,False,False,False,False,False,False
10.053246,500,738.827668,False,1,False,False,False,False,False,False,False
9.925807,500,741.434989,False,1,False,False,False,False,False,False,False
10.399403,500,742.534634,False,1,False,False,False,False,False,False,False
10.987105,500,743.629154,False,1,False,False,False,False,False,False,False
10.164651,500,744.713359,False,1,False,False,False,False,False,False,False
10.973273,500,747.245191,False,1,False,False,False,False,False,False,False
10.429871,500,748.351039,False,1,False,False,False,False,False,False,False
10.687673,500,749.457785,False,1,True,False,False,False,False,False,False
9.764999,500,750.557388,False,1,False,False,False,False,False,False,False
10.607069,500,753.037678,False,1,False,False,False,False,False,False,False
11.026976,500,754.150273,False,1,False,False,False,False,False,False,False
9.61667,500,755.244587,False,1,False,False,False,False,False,False,False
9.77736,500,756.350356,False,1,False,False,False,False,False,False,False
9.305663,500,758.729353,False,1,False,False,False,False,False,False,False
10.940072,500,759.818738,False,1,False,False,False,False,False,False,False
11.052864,500,760.920227,False,1,False,False,False,False,False,False,False
10.609303,500,762.016427,False,1,False,False,False,False,False,False,False
10.675837,500,764.533226,False,1,False,False,False,False,False,False,False
11.053562,500,765.623261,False,1,False,False,False,False,False,False,False
10.554531,500,766.710698,False,1,True,False,False,False,False,False,False
9.952983,500,767.798688,False,1,False,False,False,False,False,False,False
9.965987,500,768.895894,False,1,False,False,False,False,False,False,False
11.145101,500,771.419577,False,1,False,False,False,False,False,False,False
11.457455,500,772.507626,False,1,False,False,False,False,False,False,False
11.242541,500,773.600821,False,1,False,False,False,False,False,False,False
10.968094,500,774.687435,False,1,False,False,False,False,False,False,False
11.14564,500,777.222932,False,1,False,False,False,False,False,False,False
10.052094,500,778.307563,False,1,False,False,False,False,False,False,False
11.409016,500,779.415988,False,1,False,False,False,False,False,False,False
11.566077,500,780.51722,False,1,False,False,False,False,False,False,False
11.27751,500,782.905979,False,1,False,False,False,False,False,False,False
10.487222,500,783.987254,False,1,False,False,False,False,False,False,False
11.706821,500,785.070974,False,1,False,False,False,False,False,False,False
10.845778,500,786.156401,False,1,False,False,False,False,False,False,False
19.259082,500,788.83057,False,1,False,True,True,False,False,False,False
11.381259,500,789.963398,False,1,False,False,False,False,False,False,False
10.902829,500,791.08048,False,1,False,False,False,False,False,False,False
10.603414,500,840.03427,False,1,False,False,False,False,False,False,False
11.510506,500,843.020555,False,1,False,False,False,False,False,False,False
10.987629,500,844.107056,False,1,False,False,False,False,False,False,False
11.56671,500,845.187383,False,1,False,False,False,False,False,False,False
10.446965,500,846.28109,False,1,False,False,False,False,False,False,False
10.965812,500,849.238685,False,1,False,False,False,False,False,False,False
10.9532,500,850.334753,False,1,False,False,False,False,False,False,False
10.164562,500,851.434575,False,1,False,False,False,False,False,False,False
11.730853,500,852.524705,False,1,False,False,False,False,False,False,False
11.187133,500,855.464429,False,1,True,False,False,False,False,False,False
7.942783,500,856.585333,False,1,False,True,False,False,False,False,False
11.139349,500,857.687349,False,1,False,False,False,False,False,False,False
9.979569,500,858.78022,False,1,True,False,False,False,False,False,False
10.378085,500,861.816358,False,1,False,False,False,False,False,False,False
7.843174,500,862.911248,False,1,True,False,False,False,False,False,False
5.436753,500,864.005269,False,1,False,False,False,False,False,False,False
10.720774,500,865.092318,False,1,True,False,False,False,False,False,False
9.796167,500,868.012572,False,1,False,False,False,False,False,False,False
6.644091,500,869.129524,False,1,True,True,False,False,False,False,False
11.048494,500,870.219407,False,1,False,False,False,False,False,False,False
5.875245,500,871.309602,False,1,False,False,False,False,False,False,False
11.626869,500,874.014264,False,1,True,False,False,False,False,False,False
10.529524,500,875.115329,False,1,True,False,False,False,False,False,False
8.149178,500,876.21454,False,1,True,False,False,False,False,False,False
10.640665,500,877.358786,False,1,False,False,False,False,False,False,False
8.149115,500,880.301792,False,1,False,False,False,False,False,False,False
9.968425,500,881.394587,False,1,True,False,False,False,False,False,False
9.019202,500,882.484085,False,1,False,False,False,False,False,False,False
11.513659,500,883.580397,False,1,False,False,False,False,False,False,False
9.719963,500,884.727617,False,1,True,False,False,False,False,False,False
11.419158,500,887.611476,False,1,True,False,False,False,False,False,False
7.976812,500,888.703093,False,1,False,False,False,False,False,False,False
11.07761,500,889.807899,False,1,True,False,False,False,False,False,False
11.110732,500,890.983284,False,1,False,False,False,False,False,False,False
11.632244,500,893.919484,False,1,False,False,False,False,False,False,False
10.943382,500,895.100897,False,1,False,False,False,False,False,False,False
9.103441,500,896.182616,False,1,True,False,False,False,False,False,False
11.112152,500,897.391535,False,1,False,False,False,False,False,False,False
10.820566,500,900.318937,False,1,False,False,False,False,False,False,False
11.765019,500,901.428317,False,1,False,False,False,False,False,False,False
9.97997,500,902.517985,False,1,False,False,False,False,False,False,False
10.734413,500,903.61745,False,1,False,False,False,False,False,False,False
8.907913,500,906.84422,False,1,False,False,False,False,False,False,False
11.577501,500,907.949894,False,1,True,False,False,False,False,False,False
11.292992,500,909.041818,False,1,True,False,False,False,False,False,False
10.203935,500,910.146986,False,1,True,False,False,False,False,False,False
10.708938,500,913.288055,False,1,False,False,False,False,False,False,False
7.137697,500,914.640708,False,1,False,False,False,False,False,False,False
6.110607,500,915.764586,False,1,False,True,False,False,False,False,False
9.019274,500,916.906889,False,1,False,False,False,False,False,False,False
11.123596,500,969.064094,False,1,True,False,False,False,False,False,False
11.470207,500,970.186375,False,1,False,False,False,False,False,False,False
10.487383,500,971.30442,False,1,True,False,False,False,False,False,False
11.264541,500,972.40053,False,1,False,False,False,False,False,False,False
11.224971,500,974.873661,False,1,True,False,False,False,False,False,False
10.485194,500,976.010477,False,1,True,False,False,False,False,False,False
10.509831,500,977.135861,False,1,False,False,False,False,False,False,False
10.976055,500,978.253866,False,1,False,False,False,False,False,False,False
10.649651,500,980.121325,False,1,False,False,False,False,False,False,False
10.944049,500,981.211655,False,1,True,False,False,False,False,False,False
10.957056,500,982.398276,False,1,False,False,False,False,False,False,False
10.684927,500,983.493397,False,1,True,False,False,False,False,False,False
11.339918,500,986.146656,False,1,True,False,False,False,False,False,False
11.243191,500,987.252012,False,1,True,False,False,False,False,False,False
10.82222,500,988.355626,False,1,True,False,False,False,False,False,False
11.260327,500,989.464328,False,1,True,False,False,False,False,False,False
11.031567,500,992.334371,False,1,False,False,False,False,False,False,False
9.769463,500,993.701911,False,1,False,False,False,False,False,False,False
10.080771,500,995.068032,False,1,False,False,False,False,False,False,False
-7.583253,242,995.597588,False,1,False,False,False,False,False,False,False
11.236387,500,996.733227,False,1,False,False,False,False,False,False,False
10.371293,500,999.475062,False,1,True,False,False,False,False,False,False
10.157729,500,1000.643991,False,1,True,False,False,False,False,False,False
9.352412,500,1002.019317,False,1,False,False,False,False,False,False,False
10.99263,500,1003.163371,False,1,False,False,False,False,False,False,False
10.57806,500,1006.063269,False,1,False,False,False,False,False,False,False
10.52574,500,1007.377156,False,1,False,False,False,False,False,False,False
10.917,500,1008.557355,False,1,True,False,False,False,False,False,False
10.775522,500,1009.697532,False,1,True,False,False,False,False,False,False
8.222343,500,1012.555399,False,1,False,True,False,False,False,False,False
8.670958,500,1013.661704,False,1,False,False,False,False,False,False,False
11.370553,500,1014.787985,False,1,True,False,False,False,False,False,False
11.541964,500,1015.895513,False,1,True,False,False,False,False,False,False
11.266819,500,1018.650723,False,1,True,False,False,False,False,False,False
10.847504,500,1019.787988,False,1,True,False,False,False,False,False,False
11.178659,500,1020.913017,False,1,False,False,False,False,False,False,False
8.149314,500,1022.050088,False,1,False,True,False,False,False,False,False
10.624785,500,1024.952862,False,1,False,False,False,False,False,False,False
11.152571,500,1026.058551,False,1,False,False,False,False,False,False,False
10.879518,500,1027.167888,False,1,False,False,False,False,False,False,False
10.707327,500,1028.294934,False,1,False,False,False,False,False,False,False
10.794944,500,1029.391507,False,1,False,False,False,False,False,False,False
10.86991,500,1032.040223,False,1,False,False,False,False,False,False,False
10.107032,500,1033.145072,False,1,False,False,False,False,False,False,False
10.627407,500,1034.249682,False,1,False,False,False,False,False,False,False
11.289509,500,1035.3827,False,1,True,False,False,False,False,False,False
11.347023,500,1038.054763,False,1,True,False,False,False,False,False,False
10.496786,500,1039.155708,False,1,True,False,False,False,False,False,False
10.37562,500,1040.275423,False,1,False,False,False,False,False,False,False
10.52264,500,1041.416686,False,1,False,False,False,False,False,False,False
10.659014,500,1095.526433,False,1,True,False,False,False,False,False,False
10.853426,500,1096.681238,False,1,False,False,False,False,False,False,False
10.563445,500,1097.791512,False,1,False,False,False,False,False,False,False
10.427373,500,1099.048707,False,1,False,False,False,False,False,False,False
10.48885,500,1101.888207,False,1,False,False,False,False,False,False,False
10.794674,500,1103.117405,False,1,True,False,False,False,False,False,False
-11.008542,429,1104.082833,False,1,False,True,False,False,False,False,False
11.291927,500,1105.215384,False,1,True,False,False,False,False,False,False
9.743747,500,1107.864171,False,1,True,False,False,False,False,False,False
11.140816,500,1109.009219,False,1,False,False,False,False,False,False,False
10.741314,500,1110.200794,False,1,True,False,False,False,False,False,False
11.452444,500,1111.350018,False,1,True,False,False,False,False,False,False
11.131295,500,1113.840039,False,1,False,False,False,False,False,False,False
10.802589,500,1114.944936,False,1,False,False,False,False,False,False,False
10.940152,500,1116.087639,False,1,False,False,False,False,False,False,False
8.340814,500,1117.263051,False,1,True,True,False,False,False,False,False
11.042092,500,1119.976819,False,1,True,False,False,False,False,False,False
10.617514,500,1121.140005,False,1,True,False,False,False,False,False,False
10.077263,500,1122.392666,False,1,False,False,False,False,False,False,False
-3.562678,500,1123.524394,False,1,False,True,False,False,False,False,False
10.413387,500,1126.167453,False,1,True,False,False,False,False,False,False
10.898192,500,1127.386606,False,1,True,False,False,False,False,False,False
9.956922,500,1128.509649,False,1,True,False,False,False,False,False,False
9.701701,500,1129.640338,False,1,False,False,False,False,False,False,False
11.188519,500,1132.222465,False,1,True,False,False,False,False,False,False
10.899772,500,1133.328292,False,1,False,False,False,False,False,False,False
7.361243,500,1134.471423,False,1,True,True,False,False,False,False,False
8.827659,500,1135.657429,False,1,True,False,False,False,False,False,False
10.493297,500,1136.82723,False,1,False,False,False,False,False,False,False
10.839091,500,1139.365342,False,1,True,False,False,False,False,False,False
11.206543,500,1140.528957,False,1,False,False,False,False,False,False,False
10.451274,500,1141.660521,False,1,True,False,False,False,False,False,False
11.423079,500,1142.75933,False,1,True,False,False,False,False,False,False
11.121039,500,1145.164179,False,1,True,False,False,False,False,False,False
11.477885,500,1146.322152,False,1,True,False,False,False,False,False,False
11.006801,500,1147.463043,False,1,False,False,False,False,False,False,False
10.410525,500,1148.675705,False,1,False,False,False,False,False,False,False
10.730817,500,1151.220322,False,1,False,False,False,False,False,False,False
10.492776,500,1152.400805,False,1,True,False,False,False,False,False,False
10.942473,500,1153.588081,False,1,True,False,False,False,False,False,False
10.90995,500,1154.720109,False,1,True,False,False,False,False,False,False
10.834346,500,1157.120318,False,1,True,False,False,False,False,False,False
10.548983,500,1158.287832,False,1,True,False,False,False,False,False,False
10.996111,500,1159.406304,False,1,True,False,False,False,False,False,False
10.707845,500,1160.51842,False,1,False,False,False,False,False,False,False
11.636719,500,1163.087142,False,1,False,False,False,False,False,False,False
10.530959,500,1164.279699,False,1,False,False,False,False,False,False,False
10.432635,500,1165.475953,False,1,False,False,False,False,False,False,False
11.238657,500,1166.642084,False,1,True,False,False,False,False,False,False
11.373694,500,1169.029278,False,1,True,False,False,False,False,False,False
11.260954,500,1223.24912,False,1,False,False,False,False,False,False,False
11.245399,500,1224.40863,False,1,True,False,False,False,False,False,False
10.97532,500,1225.570419,False,1,True,False,False,False,False,False,False
10.98412,500,1228.239648,False,1,False,False,False,False,False,False,False
10.465438,500,1229.407182,False,1,True,False,False,False,False,False,False
10.23373,500,1230.554162,False,1,True,False,False,False,False,False,False
10.207399,500,1231.724433,False,1,True,False,False,False,False,False,False
10.846006,500,1234.410034,False,1,True,False,False,False,False,False,False
6.760371,500,1235.577805,False,1,True,True,False,False,False,False,False
10.043306,500,1236.758783,False,1,True,False,False,False,False,False,False
10.710775,500,1237.926389,False,1,True,False,False,False,False,False,False
11.331208,500,1240.142869,False,1,True,False,False,False,False,False,False
10.505357,500,1241.294745,False,1,True,False,False,False,False,False,False
10.568928,500,1242.495535,False,1,True,False,False,False,False,False,False
11.168745,500,1243.69301,False,1,False,False,False,False,False,False,False
10.976626,500,1245.091769,False,1,True,False,False,False,False,False,False
11.321744,500,1246.24583,False,1,True,False,False,False,False,False,False
11.169223,500,1247.355561,False,1,False,False,False,False,False,False,False
11.113639,500,1248.543194,False,1,True,False,False,False,False,False,False
10.294397,500,1249.741272,False,1,True,False,False,False,False,False,False
11.139447,500,1252.580767,False,1,True,False,False,False,False,False,False
10.884145,500,1253.773063,False,1,False,False,False,False,False,False,False
11.622986,500,1254.982716,False,1,False,False,False,False,False,False,False
7.329979,500,1256.162976,False,1,False,False,False,False,False,False,False
7.243585,500,1258.970782,False,1,False,False,False,False,False,False,False
11.178546,500,1260.169437,False,1,True,False,False,False,False,False,False
9.335452,500,1261.286227,False,1,False,False,False,False,False,False,False
10.724493,500,1262.486631,False,1,True,False,False,False,False,False,False
11.493883,500,1265.065771,False,1,False,False,False,False,False,False,False
10.377421,500,1266.175047,False,1,False,False,False,False,False,False,False
11.150494,500,1267.355545,False,1,True,False,False,False,False,False,False
11.109499,500,1268.543036,False,1,True,False,False,False,False,False,False
10.616408,500,1271.245594,False,1,True,False,False,False,False,False,False
11.730927,500,1272.415388,False,1,True,False,False,False,False,False,False
10.110969,500,1273.609051,False,1,True,False,False,False,False,False,False
10.849542,500,1274.827958,False,1,False,False,False,False,False,False,False
10.962676,500,1277.417795,False,1,True,False,False,False,False,False,False
10.834816,500,1278.598809,False,1,True,False,False,False,False,False,False
11.463589,500,1279.748243,False,1,True,False,False,False,False,False,False
11.2735,500,1280.91454,False,1,True,False,False,False,False,False,False
11.199782,500,1283.86962,False,1,False,False,False,False,False,False,False
11.071948,500,1285.093761,False,1,True,False,False,False,False,False,False
10.349362,500,1286.288057,False,1,True,False,False,False,False,False,False
11.36789,500,1287.425247,False,1,True,False,False,False,False,False,False
10.744035,500,1290.118189,False,1,False,False,False,False,False,False,False
11.128981,500,1291.274549,False,1,True,False,False,False,False,False,False
11.162326,500,1292.449118,False,1,True,False,False,False,False,False,False
10.476378,500,1293.610595,False,1,True,False,False,False,False,False,False
11.103692,500,1296.205081,False,1,False,False,False,False,False,False,False
10.573901,500,1297.36469,False,1,True,False,False,False,False,False,False
10.74904,500,1354.019436,False,1,True,False,False,False,False,False,False
10.99725,500,1355.241213,False,1,True,False,False,False,False,False,False
10.954407,500,1357.776101,False,1,False,False,False,False,False,False,False
11.726044,500,1358.925489,False,1,True,False,False,False,False,False,False
10.35614,500,1360.103289,False,1,True,False,False,False,False,False,False
11.221563,500,1361.255635,False,1,True,False,False,False,False,False,False
10.641445,500,1363.808511,False,1,True,False,False,False,False,False,False
10.764522,500,1364.981447,False,1,True,False,False,False,False,False,False
10.86433,500,1366.132931,False,1,True,False,False,False,False,False,False
11.158751,500,1367.299129,False,1,True,False,False,False,False,False,False
11.182763,500,1370.021525,False,1,True,False,False,False,False,False,False
11.168499,500,1371.217085,False,1,True,False,False,False,False,False,False
11.004469,500,1372.416981,False,1,True,False,False,False,False,False,False
10.485729,500,1373.58394,False,1,False,False,False,False,False,False,False
11.370608,500,1374.841169,False,1,True,False,False,False,False,False,False
10.837952,500,1377.694151,False,1,True,False,False,False,False,False,False
10.731268,500,1378.89093,False,1,True,False,False,False,False,False,False
10.981803,500,1380.080704,False,1,True,False,False,False,False,False,False
10.649816,500,1381.258438,False,1,True,False,False,False,False,False,False
10.974172,500,1384.017626,False,1,False,False,False,False,False,False,False
11.336984,500,1385.159641,False,1,True,False,False,False,False,False,False
10.936387,500,1386.287515,False,1,False,False,False,False,False,False,False
0.910609,500,1387.456226,False,1,False,False,False,False,False,False,False
11.358271,500,1390.26164,False,1,True,False,False,False,False,False,False
11.325147,500,1391.418113,False,1,True,False,False,False,False,False,False
10.38197,500,1392.610137,False,1,True,False,False,False,False,False,False
10.920435,500,1393.752618,False,1,True,False,False,False,False,False,False
11.061964,500,1396.652125,False,1,True,False,False,False,False,False,False
11.33857,500,1397.80546,False,1,True,False,False,False,False,False,False
10.213171,500,1399.007176,False,1,True,False,False,False,False,False,False
10.5426,500,1400.221913,False,1,False,False,False,False,False,False,False
10.574581,500,1403.074687,False,1,True,False,False,False,False,False,False
5.698774,500,1404.295438,False,1,True,True,False,False,False,False,False
10.870784,500,1405.446168,False,1,True,False,False,False,False,False,False
6.952979,500,1406.782002,False,1,False,False,False,False,False,False,False
10.142852,500,1409.423464,False,1,True,False,False,False,False,False,False
10.737627,500,1410.604404,False,1,True,False,False,False,False,False,False
10.884204,500,1411.799699,False,1,True,False,False,False,False,False,False
11.075803,500,1412.999504,False,1,True,False,False,False,False,False,False
9.569819,500,1415.807644,False,1,True,False,False,False,False,False,False
11.534572,500,1417.004111,False,1,True,False,False,False,False,False,False
10.876182,500,1418.174459,False,1,True,False,False,False,False,False,False
10.913236,500,1419.346303,False,1,True,False,False,False,False,False,False
11.227015,500,1422.046506,False,1,True,False,False,False,False,False,False
10.934496,500,1423.227936,False,1,True,False,False,False,False,False,False
10.197153,500,1424.386118,False,1,False,False,False,False,False,False,False
11.60573,500,1425.562952,False,1,True,False,False,False,False,False,False
11.433456,500,1428.19568,False,1,True,False,False,False,False,False,False
8.548423,500,1429.811167,False,1,False,False,False,False,False,False,False
11.289806,500,1430.994577,False,1,True,False,False,False,False,False,False
11.25857,500,1486.837398,False,1,True,False,False,False,False,False,False
11.214016,500,1489.566752,False,1,True,False,False,False,False,False,False
11.272107,500,1490.740406,False,1,True,False,False,False,False,False,False
10.914527,500,1491.871683,False,1,True,False,False,False,False,False,False
11.327564,500,1493.053571,False,1,True,False,False,False,False,False,False
10.429053,500,1494.178252,False,1,True,False,False,False,False,False,False
11.085215,500,1496.924539,False,1,True,False,False,False,False,False,False
11.140141,500,1498.092854,False,1,True,False,False,False,False,False,False
9.95365,500,1499.249595,False,1,True,False,False,False,False,False,False
11.140722,500,1500.409879,False,1,True,False,False,False,False,False,False
3.836423,500,1503.309319,False,1,False,False,False,False,False,False,False
11.459004,500,1504.475586,False,1,True,False,False,False,False,False,False
7.716169,500,1505.680582,False,1,True,True,False,False,False,False,False
11.411871,500,1506.870116,False,1,True,False,False,False,False,False,False
8.043753,500,1509.097523,False,1,True,True,False,False,False,False,False
11.079852,500,1510.22242,False,1,True,False,False,False,False,False,False
11.454345,500,1511.417567,False,1,True,False,False,False,False,False,False
10.953763,500,1512.560606,False,1,True,False,False,False,False,False,False
10.504205,500,1515.349238,False,1,False,False,False,False,False,False,False
11.234683,500,1516.492481,False,1,True,False,False,False,False,False,False
11.3042,500,1517.619113,False,1,False,False,False,False,False,False,False
10.740283,500,1518.720296,False,1,False,False,False,False,False,False,False
10.99671,500,1521.472232,False,1,False,False,False,False,False,False,False
9.656922,500,1522.614496,False,1,False,False,False,False,False,False,False
11.422387,500,1523.761498,False,1,False,False,False,False,False,False,False
11.28275,500,1524.887217,False,1,True,False,False,False,False,False,False
10.588967,500,1527.509891,False,1,True,False,False,False,False,False,False
10.633514,500,1528.601493,False,1,False,False,False,False,False,False,False
11.489382,500,1529.729096,False,1,True,False,False,False,False,False,False
11.47299,500,1530.850913,False,1,True,False,False,False,False,False,False
11.646046,500,1533.54773,False,1,False,False,False,False,False,False,False
11.706778,500,1534.705999,False,1,False,False,False,False,False,False,False
11.065487,500,1535.818009,False,1,True,False,False,False,False,False,False
11.639165,500,1536.926613,False,1,True,False,False,False,False,False,False
11.71518,500,1539.651576,False,1,True,False,False,False,False,False,False
11.334464,500,1540.780731,False,1,True,False,False,False,False,False,False
11.387275,500,1541.877456,False,1,True,False,False,False,False,False,False
11.591392,500,1543.003097,False,1,True,False,False,False,False,False,False
11.780686,500,1545.73712,False,1,True,False,False,False,False,False,False
11.00477,500,1546.843297,False,1,True,False,False,False,False,False,False
10.825057,500,1547.938331,False,1,True,False,False,False,False,False,False
11.409029,500,1549.049356,False,1,True,False,False,False,False,False,False
11.335317,500,1551.681318,False,1,True,False,False,False,False,False,False
11.179597,500,1552.792399,False,1,True,False,False,False,False,False,False
11.609765,500,1553.901631,False,1,False,False,False,False,False,False,False
10.818607,500,1555.000159,False,1,False,False,False,False,False,False,False
9.920082,500,1557.689563,False,1,False,False,False,False,False,False,False
11.566915,500,1558.789305,False,1,True,False,False,False,False,False,False
10.183188,500,1559.886215,False,1,False,False,False,False,False,False,False
11.721559,500,1561.007916,False,1,True,False,False,False,False,False,False
10.384375,500,1614.992658,False,1,True,False,False,False,False,False,False
10.643583,500,1617.690317,False,1,True,False,False,False,False,False,False
11.513493,500,1618.873667,False,1,True,False,False,False,False,False,False
10.615375,500,1619.999856,False,1,False,False,False,False,False,False,False
11.212926,500,1621.115819,False,1,False,False,False,False,False,False,False
9.237429,500,1624.04295,False,1,False,False,False,False,False,False,False
11.014021,500,1625.160657,False,1,False,False,False,False,False,False,False
11.994997,500,1626.312498,False,1,True,False,False,False,False,False,False
11.330016,500,1627.499836,False,1,False,False,False,False,False,False,False
10.445601,500,1630.065658,False,1,False,False,False,False,False,False,False
10.465483,500,1631.166867,False,1,False,False,False,False,False,False,False
11.434668,500,1632.283056,False,1,True,False,False,False,False,False,False
9.921423,500,1633.369497,False,1,False,False,False,False,False,False,False
10.310204,500,1635.942147,False,1,False,False,False,False,False,False,False
11.820247,500,1637.040528,False,1,True,False,False,False,False,False,False
11.026616,500,1638.124808,False,1,False,False,False,False,False,False,False
11.10879,500,1639.210827,False,1,False,False,False,False,False,False,False
11.638966,500,1641.72298,False,1,True,False,False,False,False,False,False
11.670954,500,1642.882652,False,1,True,False,False,False,False,False,False
11.652022,500,1644.001032,False,1,True,False,False,False,False,False,False
11.44962,500,1645.142581,False,1,True,False,False,False,False,False,False
8.581822,500,1648.074464,False,1,True,True,False,False,False,False,False
7.57485,500,1649.236502,False,1,True,True,False,False,False,False,False
10.806582,500,1650.433081,False,1,True,False,False,False,False,False,False
8.320263,500,1651.555089,False,1,True,True,False,False,False,False,False
10.797095,500,1654.182078,False,1,True,False,False,False,False,False,False
11.319915,500,1655.293241,False,1,True,False,False,False,False,False,False
11.279392,500,1656.399035,False,1,True,False,False,False,False,False,False
11.032578,500,1657.510888,False,1,True,False,False,False,False,False,False
11.602436,500,1660.072187,False,1,True,False,False,False,False,False,False
10.235155,500,1661.230535,False,1,True,False,False,False,False,False,False
11.002378,500,1662.385415,False,1,True,False,False,False,False,False,False
10.74494,500,1663.566043,False,1,True,False,False,False,False,False,False
9.933532,500,1666.229298,False,1,True,False,False,False,False,False,False
11.04506,500,1667.335896,False,1,False,False,False,False,False,False,False
11.460519,500,1668.474879,False,1,True,False,False,False,False,False,False
10.963877,500,1669.640888,False,1,True,False,False,False,False,False,False
11.080757,500,1672.556494,False,1,True,False,False,False,False,False,False
11.501819,500,1673.718848,False,1,True,False,False,False,False,False,False
10.918828,500,1674.861671,False,1,True,False,False,False,False,False,False
8.926938,500,1675.973065,False,1,True,False,False,False,False,False,False
11.586813,500,1677.093654,False,1,True,False,False,False,False,False,False
11.376285,500,1679.865764,False,1,True,False,False,False,False,False,False
10.731056,500,1680.983758,False,1,False,False,False,False,False,False,False
11.838682,500,1682.134191,False,1,True,False,False,False,False,False,False
11.509817,500,1683.24816,False,1,True,False,False,False,False,False,False
11.523104,500,1685.861252,False,1,True,False,False,False,False,False,False
11.533685,500,1687.048852,False,1,True,False,False,False,False,False,False
11.706765,500,1688.209398,False,1,True,False,False,False,False,False,False
11.331905,500,1689.365994,False,1,True,False,False,False,False,False,False
11.702444,500,1744.099318,False,1,True,False,False,False,False,False,False
11.721548,500,1745.233164,False,1,False,False,False,False,False,False,False
10.948049,500,1746.34817,False,1,True,False,False,False,False,False,False
11.486389,500,1747.508312,False,1,True,False,False,False,False,False,False
11.287074,500,1750.416067,False,1,True,False,False,False,False,False,False
11.51629,500,1751.614633,False,1,True,False,False,False,False,False,False
10.863247,500,1752.831742,False,1,True,False,False,False,False,False,False
11.251712,500,1753.976839,False,1,True,False,False,False,False,False,False
9.638344,500,1756.788608,False,1,True,False,False,False,False,False,False
11.619585,500,1757.893643,False,1,True,False,False,False,False,False,False
9.291938,500,1759.051934,False,1,True,False,False,False,False,False,False
10.724057,500,1760.230632,False,1,True,False,False,False,False,False,False
11.317383,500,1762.849634,False,1,True,False,False,False,False,False,False
11.67993,500,1763.980654,False,1,True,False,False,False,False,False,False
10.704442,500,1765.145193,False,1,True,False,False,False,False,False,False
11.272604,500,1766.295267,False,1,True,False,False,False,False,False,False
11.295588,500,1768.925566,False,1,True,False,False,False,False,False,False
11.310516,500,1770.086515,False,1,True,False,False,False,False,False,False
7.430233,500,1771.263424,False,1,True,True,False,False,False,False,False
10.519324,500,1772.351352,False,1,True,False,False,False,False,False,False
11.366811,500,1775.005484,False,1,True,False,False,False,False,False,False
11.552624,500,1776.126372,False,1,True,False,False,False,False,False,False
11.283973,500,1777.271877,False,1,True,False,False,False,False,False,False
11.282362,500,1778.407584,False,1,True,False,False,False,False,False,False
11.328356,500,1781.287776,False,1,True,False,False,False,False,False,False
11.234442,500,1782.453345,False,1,True,False,False,False,False,False,False
10.768628,500,1783.599274,False,1,True,False,False,False,False,False,False
6.423395,500,1784.870576,False,1,True,False,False,False,False,False,False
11.549145,500,1787.788232,False,1,True,False,False,False,False,False,False
11.361388,500,1788.903382,False,1,True,False,False,False,False,False,False
11.461712,500,1790.065073,False,1,True,False,False,False,False,False,False
11.130794,500,1791.170706,False,1,False,False,False,False,False,False,False
11.313548,500,1793.962219,False,1,True,False,False,False,False,False,False
11.543759,500,1795.108482,False,1,True,False,False,False,False,False,False
11.178542,500,1796.218485,False,1,True,False,False,False,False,False,False
11.279457,500,1797.349425,False,1,True,False,False,False,False,False,False
11.347718,500,1798.460718,False,1,True,False,False,False,False,False,False
10.889947,500,1801.242911,False,1,True,False,False,False,False,False,False
11.606818,500,1802.350521,False,1,True,False,False,False,False,False,False
11.090362,500,1803.447904,False,1,True,False,False,False,False,False,False
10.845187,500,1804.547231,False,1,True,False,False,False,False,False,False
11.091903,500,1807.29835,False,1,True,False,False,False,False,False,False
10.921089,500,1808.39267,False,1,True,False,False,False,False,False,False
11.320821,500,1809.493901,False,1,True,False,False,False,False,False,False
11.266965,500,1810.661276,False,1,True,False,False,False,False,False,False
11.693382,500,1813.481658,False,1,True,False,False,False,False,False,False
11.519848,500,1814.588634,False,1,True,False,False,False,False,False,False
11.405207,500,1815.686721,False,1,True,False,False,False,False,False,False
11.407996,500,1816.785474,False,1,True,False,False,False,False,False,False
10.955544,500,1819.405896,False,1,True,False,False,False,False,False,False
11.486292,500,1870.638647,False,1,True,False,False,False,False,False,False
11.302085,500,1871.744059,False,1,True,False,False,False,False,False,False
11.547464,500,1872.845542,False,1,True,False,False,False,False,False,False
11.160594,500,1875.567098,False,1,False,False,False,False,False,False,False
11.359938,500,1876.676782,False,1,True,False,False,False,False,False,False
11.272599,500,1877.813829,False,1,True,False,False,False,False,False,False
11.414521,500,1878.929248,False,1,True,False,False,False,False,False,False
11.299666,500,1881.439348,False,1,True,False,False,False,False,False,False
11.173823,500,1882.545548,False,1,True,False,False,False,False,False,False
11.452947,500,1883.65263,False,1,True,False,False,False,False,False,False
10.234114,500,1884.794728,False,1,True,False,False,False,False,False,False
11.488632,500,1887.328708,False,1,True,False,False,False,False,False,False
7.557994,500,1888.568335,False,1,False,False,False,False,False,False,False
12.018659,500,1889.756208,False,1,True,False,False,False,False,False,False
11.694539,500,1890.882138,False,1,True,False,False,False,False,False,False
8.618949,500,1893.337707,False,1,True,True,False,False,False,False,False
11.588394,500,1894.45729,False,1,True,False,False,False,False,False,False
11.247279,500,1895.559841,False,1,True,False,False,False,False,False,False
11.998526,500,1896.669438,False,1,True,False,False,False,False,False,False
10.399636,500,1899.129427,False,1,True,False,False,False,False,False,False
11.661502,500,1900.260691,False,1,True,False,False,False,False,False,False
11.62594,500,1901.376981,False,1,True,False,False,False,False,False,False
11.436399,500,1902.493798,False,1,True,False,False,False,False,False,False
10.827764,500,1905.010928,False,1,True,False,False,False,False,False,False
11.139183,500,1906.116527,False,1,True,False,False,False,False,False,False
11.617323,500,1907.239488,False,1,False,False,False,False,False,False,False
11.341155,500,1908.354348,False,1,True,False,False,False,False,False,False
11.159556,500,1909.452183,False,1,True,False,False,False,False,False,False
10.740396,500,1912.058837,False,1,True,False,False,False,False,False,False
11.165668,500,1913.181343,False,1,True,False,False,False,False,False,False
11.672195,500,1914.285517,False,1,True,False,False,False,False,False,False
11.963667,500,1915.416653,False,1,True,False,False,False,False,False,False
11.181863,500,1917.886233,False,1,True,False,False,False,False,False,False
11.728005,500,1918.984886,False,1,True,False,False,False,False,False,False
12.023547,500,1920.092974,False,1,True,False,False,False,False,False,False
11.872167,500,1921.193576,False,1,True,False,False,False,False,False,False
11.592979,500,1923.595613,False,1,True,False,False,False,False,False,False
7.531913,500,1924.77646,False,1,True,True,False,False,False,False,False
11.818781,500,1925.898406,False,1,True,False,False,False,False,False,False
11.310911,500,1927.004998,False,1,True,False,False,False,False,False,False
11.88244,500,1929.495072,False,1,True,False,False,False,False,False,False
11.475952,500,1930.583655,False,1,False,False,False,False,False,False,False
11.157069,500,1931.676187,False,1,True,False,False,False,False,False,False
11.347103,500,1932.775665,False,1,True,False,False,False,False,False,False
11.423958,500,1935.17871,False,1,True,False,False,False,False,False,False
11.848452,500,1936.297084,False,1,True,False,False,False,False,False,False
11.463418,500,1937.399318,False,1,True,False,False,False,False,False,False
11.603114,500,1938.504827,False,1,False,False,False,False,False,False,False
11.239112,500,1940.886306,False,1,True,False,False,False,False,False,False
11.586754,500,1941.982079,False,1,True,False,False,False,False,False,False
12.032389,500,1992.827699,False,1,True,False,False,False,False,False,False
10.874508,500,1993.909637,False,1,True,False,False,False,False,False,False
11.375255,500,1996.479136,False,1,True,False,False,False,False,False,False
10.831659,500,1997.601514,False,1,True,False,False,False,False,False,False
10.976044,500,1998.713214,False,1,True,False,False,False,False,False,False
11.683273,500,1999.831923,False,1,True,False,False,False,False,False,False
11.728694,500,2002.911369,False,1,True,False,False,False,False,False,False
11.595524,500,2004.000351,False,1,True,False,False,False,False,False,False
11.000192,500,2005.093921,False,1,True,False,False,False,False,False,False
10.963562,500,2006.19418,False,1,True,False,False,False,False,False,False
11.628883,500,2008.750255,False,1,True,False,False,False,False,False,False
10.624528,500,2009.924983,False,1,True,False,False,False,False,False,False
7.768239,500,2011.109602,False,1,True,False,False,False,False,False,False
11.282636,500,2012.237125,False,1,True,False,False,False,False,False,False
11.336133,500,2014.942125,False,1,True,False,False,False,False,False,False
11.840598,500,2016.047512,False,1,True,False,False,False,False,False,False
11.532408,500,2017.157584,False,1,True,False,False,False,False,False,False
11.867691,500,2018.263739,False,1,True,False,False,False,False,False,False
11.224934,500,2019.352084,False,1,False,False,False,False,False,False,False
11.312691,500,2021.945707,False,1,True,False,False,False,False,False,False
11.513191,500,2023.044735,False,1,True,False,False,False,False,False,False
8.610254,500,2024.181896,False,1,True,True,False,False,False,False,False
11.274978,500,2025.279959,False,1,True,False,False,False,False,False,False
11.586847,500,2027.832858,False,1,True,False,False,False,False,False,False
11.635366,500,2028.952159,False,1,True,False,False,False,False,False,False
12.03331,500,2030.052407,False,1,True,False,False,False,False,False,False
11.24179,500,2031.144006,False,1,True,False,False,False,False,False,False
11.71427,500,2033.7516,False,1,True,False,False,False,False,False,False
11.396336,500,2034.872532,False,1,True,False,False,False,False,False,False
10.950035,500,2035.982771,False,1,True,False,False,False,False,False,False
11.263469,500,2037.082895,False,1,True,False,False,False,False,False,False
11.813971,500,2040.06169,False,1,True,False,False,False,False,False,False
11.374985,500,2041.168205,False,1,True,False,False,False,False,False,False
11.267821,500,2042.287888,False,1,True,False,False,False,False,False,False
11.668125,500,2043.381447,False,1,True,False,False,False,False,False,False
11.575614,500,2046.341702,False,1,True,False,False,False,False,False,False
11.241451,500,2047.445226,False,1,True,False,False,False,False,False,False
11.464054,500,2048.549629,False,1,True,False,False,False,False,False,False
11.21668,500,2049.648636,False,1,True,False,False,False,False,False,False
11.759727,500,2052.55651,False,1,True,False,False,False,False,False,False
11.878333,500,2053.656308,False,1,True,False,False,False,False,False,False
11.784102,500,2054.754074,False,1,True,False,False,False,False,False,False
11.594055,500,2055.877805,False,1,True,False,False,False,False,False,False
11.801138,500,2058.637486,False,1,True,False,False,False,False,False,False
11.798686,500,2059.727012,False,1,True,False,False,False,False,False,False
10.653168,500,2060.836282,False,1,True,False,False,False,False,False,False
11.166728,500,2061.91646,False,1,True,False,False,False,False,False,False
11.207633,500,2064.497411,False,1,True,False,False,False,False,False,False
11.509674,500,2065.597648,False,1,True,False,False,False,False,False,False
10.950047,500,2066.69974,False,1,True,False,False,False,False,False,False
12.034871,500,2117.665143,False,1,True,False,False,False,False,False,False
11.490934,500,2120.305927,False,1,True,False,False,False,False,False,False
9.387989,500,2121.464407,False,1,True,False,False,False,False,False,False
11.052285,500,2122.570117,False,1,True,False,False,False,False,False,False
11.351485,500,2123.664339,False,1,True,False,False,False,False,False,False
10.911873,500,2126.620452,False,1,True,False,False,False,False,False,False
10.643833,500,2127.726544,False,1,True,False,False,False,False,False,False
8.164831,500,2128.845581,False,1,True,True,False,False,False,False,False
11.627151,500,2129.93638,False,1,True,False,False,False,False,False,False
11.546752,500,2131.819723,False,1,True,False,False,False,False,False,False
11.310282,500,2132.921804,False,1,True,False,False,False,False,False,False
11.137848,500,2134.005939,False,1,False,False,False,False,False,False,False
11.6715,500,2135.09575,False,1,True,False,False,False,False,False,False
11.279078,500,2136.188553,False,1,True,False,False,False,False,False,False
11.066675,500,2139.117502,False,1,True,False,False,False,False,False,False
11.126185,500,2140.239838,False,1,True,False,False,False,False,False,False
10.52503,500,2141.345011,False,1,True,False,False,False,False,False,False
11.380241,500,2142.480637,False,1,True,False,False,False,False,False,False
11.677357,500,2145.273743,False,1,True,False,False,False,False,False,False
11.318465,500,2146.359,False,1,True,False,False,False,False,False,False
11.550688,500,2147.452389,False,1,True,False,False,False,False,False,False
11.425072,500,2148.550001,False,1,True,False,False,False,False,False,False
11.77771,500,2151.168668,False,1,True,False,False,False,False,False,False
11.751084,500,2152.267792,False,1,True,False,False,False,False,False,False
11.143784,500,2153.378443,False,1,True,False,False,False,False,False,False
11.271627,500,2154.494524,False,1,True,False,False,False,False,False,False
10.904739,500,2157.08521,False,1,True,False,False,False,False,False,False
11.639966,500,2158.182806,False,1,True,False,False,False,False,False,False
11.562951,500,2159.285648,False,1,True,False,False,False,False,False,False
11.811456,500,2160.383322,False,1,True,False,False,False,False,False,False
11.361094,500,2163.193793,False,1,True,False,False,False,False,False,False
11.405965,500,2164.282146,False,1,False,False,False,False,False,False,False
10.880528,500,2165.372285,False,1,True,False,False,False,False,False,False
11.589906,500,2166.459353,False,1,True,False,False,False,False,False,False
11.260752,500,2169.418922,False,1,True,False,False,False,False,False,False
11.4303,500,2170.520529,False,1,True,False,False,False,False,False,False
11.618516,500,2171.616851,False,1,True,False,False,False,False,False,False
11.743511,500,2172.715389,False,1,True,False,False,False,False,False,False
11.425204,500,2175.583419,False,1,True,False,False,False,False,False,False
11.398199,500,2176.681886,False,1,True,False,False,False,False,False,False
11.068946,500,2177.777619,False,1,True,False,False,False,False,False,False
11.072201,500,2178.871689,False,1,True,False,False,False,False,False,False
11.794516,500,2181.781816,False,1,True,False,False,False,False,False,False
10.658519,500,2182.87924,False,1,True,False,False,False,False,False,False
11.873468,500,2183.970034,False,1,True,False,False,False,False,False,False
11.233599,500,2185.058357,False,1,True,False,False,False,False,False,False
11.374266,500,2187.974393,False,1,True,False,False,False,False,False,False
11.390528,500,2189.069658,False,1,True,False,False,False,False,False,False
11.139104,500,2190.185634,False,1,False,False,False,False,False,False,False
11.384529,500,2191.292052,False,1,True,False,False,False,False,False,False
11.290432,500,2243.633714,False,1,True,False,False,False,False,False,False
11.081472,500,2244.744313,False,1,True,False,False,False,False,False,False
11.608083,500,2245.84318,False,1,True,False,False,False,False,False,False
11.633007,500,2246.933528,False,1,True,False,False,False,False,False,False
11.404125,500,2248.02563,False,1,True,False,False,False,False,False,False
6.208784,500,2250.093288,False,1,True,True,False,False,False,False,False
12.116179,500,2251.190021,False,1,True,False,False,False,False,False,False
11.364084,500,2252.284882,False,1,True,False,False,False,False,False,False
10.198995,500,2253.390169,False,1,True,False,False,False,False,False,False
11.164964,500,2256.138744,False,1,True,False,False,False,False,False,False
11.325073,500,2257.239555,False,1,True,False,False,False,False,False,False
11.680888,500,2258.337707,False,1,True,False,False,False,False,False,False
11.553961,500,2259.457803,False,1,True,False,False,False,False,False,False
11.877421,500,2261.944623,False,1,True,False,False,False,False,False,False
11.536037,500,2263.050153,False,1,True,False,False,False,False,False,False
11.33047,500,2264.151764,False,1,True,False,False,False,False,False,False
11.722846,500,2265.2593,False,1,True,False,False,False,False,False,False
11.609831,500,2267.852889,False,1,True,False,False,False,False,False,False
11.842813,500,2268.998434,False,1,True,False,False,False,False,False,False
12.109964,500,2270.110298,False,1,True,False,False,False,False,False,False
11.605491,500,2271.217292,False,1,True,False,False,False,False,False,False
11.649384,500,2273.939772,False,1,True,False,False,False,False,False,False
11.146935,500,2275.0732,False,1,True,False,False,False,False,False,False
11.488873,500,2276.169748,False,1,True,False,False,False,False,False,False
11.634609,500,2277.269289,False,1,True,False,False,False,False,False,False
11.670847,500,2280.03565,False,1,False,False,False,False,False,False,False
11.51482,500,2281.175772,False,1,True,False,False,False,False,False,False
11.624356,500,2282.275237,False,1,True,False,False,False,False,False,False
8.599228,500,2283.398645,False,1,True,True,False,False,False,False,False
11.495642,500,2286.211002,False,1,True,False,False,False,False,False,False
11.493339,500,2287.311692,False,1,True,False,False,False,False,False,False
11.526135,500,2288.410086,False,1,True,False,False,False,False,False,False
11.453339,500,2289.51334,False,1,True,False,False,False,False,False,False
11.455041,500,2292.19368,False,1,True,False,False,False,False,False,False
11.762469,500,2293.295074,False,1,True,False,False,False,False,False,False
11.732861,500,2294.389377,False,1,True,False,False,False,False,False,False
11.782617,500,2295.490827,False,1,True,False,False,False,False,False,False
11.850928,500,2298.215127,False,1,True,False,False,False,False,False,False
11.505737,500,2299.322184,False,1,True,False,False,False,False,False,False
11.929447,500,2300.415521,False,1,True,False,False,False,False,False,False
10.643529,500,2301.518935,False,1,True,False,False,False,False,False,False
11.752118,500,2303.975004,False,1,True,False,False,False,False,False,False
10.916976,500,2305.083148,False,1,True,False,False,False,False,False,False
11.899995,500,2306.17534,False,1,False,False,False,False,False,False,False
11.828077,500,2307.267591,False,1,True,False,False,False,False,False,False
10.963539,500,2309.774437,False,1,True,False,False,False,False,False,False
5.970992,500,2310.928743,False,1,True,False,False,False,False,False,False
11.049859,500,2312.043261,False,1,True,False,False,False,False,False,False
10.282104,500,2313.155136,False,1,True,False,False,False,False,False,False
12.000347,500,2314.252751,False,1,True,False,False,False,False,False,False
11.043988,500,2367.317166,False,1,True,False,False,False,False,False,False
11.952311,500,2368.424633,False,1,True,False,False,False,False,False,False
10.885467,500,2369.527054,False,1,True,False,False,False,False,False,False
11.300098,500,2370.62455,False,1,True,False,False,False,False,False,False
11.352733,500,2373.295828,False,1,True,False,False,False,False,False,False
11.999894,500,2374.387912,False,1,True,False,False,False,False,False,False
11.469788,500,2375.496296,False,1,True,False,False,False,False,False,False
11.208345,500,2376.600332,False,1,True,False,False,False,False,False,False
11.478123,500,2379.297121,False,1,True,False,False,False,False,False,False
11.497651,500,2380.390576,False,1,True,False,False,False,False,False,False
11.977537,500,2381.482669,False,1,True,False,False,False,False,False,False
11.710974,500,2382.587003,False,1,True,False,False,False,False,False,False
11.42234,500,2385.151615,False,1,True,False,False,False,False,False,False
11.406537,500,2386.248589,False,1,True,False,False,False,False,False,False
11.778048,500,2387.342917,False,1,True,False,False,False,False,False,False
11.537364,500,2388.453068,False,1,True,False,False,False,False,False,False
11.374778,500,2390.942969,False,1,True,False,False,False,False,False,False
11.474616,500,2392.040899,False,1,True,False,False,False,False,False,False
8.279839,500,2393.170344,False,1,True,True,False,False,False,False,False
11.174961,500,2394.263173,False,1,True,False,False,False,False,False,False
11.419864,500,2396.860847,False,1,True,False,False,False,False,False,False
11.633479,500,2397.958596,False,1,True,False,False,False,False,False,False
11.281135,500,2399.053899,False,1,True,False,False,False,False,False,False
11.193428,500,2400.155835,False,1,True,False,False,False,False,False,False
10.956206,500,2402.859485,False,1,True,False,False,False,False,False,False
11.313645,500,2403.951394,False,1,True,False,False,False,False,False,False
11.916776,500,2405.050197,False,1,True,False,False,False,False,False,False
11.276026,500,2406.144666,False,1,True,False,False,False,False,False,False
11.308394,500,2408.842663,False,1,True,False,False,False,False,False,False
11.231548,500,2409.93529,False,1,True,False,False,False,False,False,False
11.444274,500,2411.023031,False,1,True,False,False,False,False,False,False
11.492165,500,2412.116748,False,1,True,False,False,False,False,False,False
11.716198,500,2414.833596,False,1,True,False,False,False,False,False,False
11.730001,500,2415.923261,False,1,True,False,False,False,False,False,False
11.388974,500,2417.013479,False,1,True,False,False,False,False,False,False
11.675028,500,2418.111246,False,1,True,False,False,False,False,False,False
11.562884,500,2420.70221,False,1,True,False,False,False,False,False,False
11.978838,500,2421.793805,False,1,True,False,False,False,False,False,False
11.82914,500,2422.893688,False,1,True,False,False,False,False,False,False
11.114888,500,2424.013883,False,1,True,False,False,False,False,False,False
12.02849,500,2425.108388,False,1,True,False,False,False,False,False,False
11.980574,500,2427.735807,False,1,True,False,False,False,False,False,False
10.631156,500,2428.858449,False,1,True,False,False,False,False,False,False
11.781598,500,2429.999278,False,1,True,False,False,False,False,False,False
11.37866,500,2431.106566,False,1,True,False,False,False,False,False,False
12.087977,500,2433.833498,False,1,True,False,False,False,False,False,False
11.693025,500,2434.933526,False,1,True,False,False,False,False,False,False
11.15318,500,2436.063303,False,1,True,False,False,False,False,False,False
12.10363,500,2437.155224,False,1,True,False,False,False,False,False,False
11.576449,500,2439.825676,False,1,True,False,False,False,False,False,False
11.794195,500,2491.29787,False,1,True,False,False,False,False,False,False
11.543176,500,2492.397263,False,1,True,False,False,False,False,False,False
10.880535,500,2493.511444,False,1,True,False,False,False,False,False,False
11.656488,500,2496.053615,False,1,True,False,False,False,False,False,False
11.532582,500,2497.145001,False,1,True,False,False,False,False,False,False
11.519586,500,2498.242582,False,1,True,False,False,False,False,False,False
10.434374,500,2499.338669,False,1,True,False,False,False,False,False,False
11.419452,500,2501.910113,False,1,True,False,False,False,False,False,False
12.142915,500,2503.006001,False,1,True,False,False,False,False,False,False
11.695341,500,2504.103174,False,1,True,False,False,False,False,False,False
12.003679,500,2505.200421,False,1,True,False,False,False,False,False,False
11.828592,500,2507.879659,False,1,True,False,False,False,False,False,False
11.716745,500,2508.992629,False,1,True,False,False,False,False,False,False
11.719554,500,2510.107707,False,1,True,False,False,False,False,False,False
11.689264,500,2511.221595,False,1,True,False,False,False,False,False,False
11.575368,500,2513.905903,False,1,True,False,False,False,False,False,False
10.797677,500,2515.026224,False,1,True,False,False,False,False,False,False
10.711408,500,2516.144124,False,1,True,False,False,False,False,False,False
11.857211,500,2517.237636,False,1,True,False,False,False,False,False,False
11.208934,500,2519.895889,False,1,True,False,False,False,False,False,False
11.965563,500,2520.991273,False,1,True,False,False,False,False,False,False
11.94744,500,2522.084478,False,1,True,False,False,False,False,False,False
11.283264,500,2523.192917,False,1,True,False,False,False,False,False,False
11.53119,500,2525.788159,False,1,True,False,False,False,False,False,False
10.206583,500,2526.901608,False,1,False,False,False,False,False,False,False
11.399553,500,2528.000021,False,1,True,False,False,False,False,False,False
11.940107,500,2529.089147,False,1,True,False,False,False,False,False,False
8.387955,500,2531.685683,False,1,True,True,False,False,False,False,False
11.683066,500,2532.779163,False,1,True,False,False,False,False,False,False
11.583393,500,2533.868459,False,1,True,False,False,False,False,False,False
11.454457,500,2534.964319,False,1,True,False,False,False,False,False,False
11.54279,500,2536.059118,False,1,True,False,False,False,False,False,False
10.617394,500,2538.684525,False,1,True,False,False,False,False,False,False
10.883851,500,2539.776978,False,1,True,False,False,False,False,False,False
11.579069,500,2540.878895,False,1,True,False,False,False,False,False,False
10.888864,500,2541.987605,False,1,True,False,False,False,False,False,False
11.688202,500,2544.572143,False,1,True,False,False,False,False,False,False
11.548887,500,2545.663689,False,1,True,False,False,False,False,False,False
11.757153,500,2546.754934,False,1,True,False,False,False,False,False,False
12.055135,500,2547.85016,False,1,True,False,False,False,False,False,False
11.7537,500,2550.55878,False,1,True,False,False,False,False,False,False
10.946485,500,2551.653771,False,1,True,False,False,False,False,False,False
11.303323,500,2552.749825,False,1,True,False,False,False,False,False,False
11.036223,500,2553.840193,False,1,True,False,False,False,False,False,False
11.827808,500,2556.561274,False,1,True,False,False,False,False,False,False
11.22305,500,2557.657696,False,1,True,False,False,False,False,False,False
11.493508,500,2558.755512,False,1,True,False,False,False,False,False,False
11.71764,500,2559.850332,False,1,True,False,False,False,False,False,False
10.937887,500,2561.762866,False,1,True,False,False,False,False,False,False
11.708705,500,2562.871348,False,1,True,False,False,False,False,False,False
10.918599,500,2614.794221,False,1,True,False,False,False,False,False,False
10.667949,500,2615.923414,False,1,True,False,False,False,False,False,False
11.794252,500,2618.647,False,1,True,False,False,False,False,False,False
10.975652,500,2619.774494,False,1,True,False,False,False,False,False,False
11.46586,500,2620.894227,False,1,True,False,False,False,False,False,False
11.227765,500,2622.025311,False,1,True,False,False,False,False,False,False
11.640467,500,2624.628211,False,1,True,False,False,False,False,False,False
11.849149,500,2625.734357,False,1,True,False,False,False,False,False,False
11.737567,500,2626.84346,False,1,True,False,False,False,False,False,False
11.793598,500,2627.944217,False,1,True,False,False,False,False,False,False
11.655617,500,2630.632944,False,1,True,False,False,False,False,False,False
11.675889,500,2631.744698,False,1,True,False,False,False,False,False,False
11.764894,500,2632.848889,False,1,True,False,False,False,False,False,False
11.696078,500,2633.952094,False,1,True,False,False,False,False,False,False
11.824387,500,2636.52628,False,1,True,False,False,False,False,False,False
11.994085,500,2637.628,False,1,True,False,False,False,False,False,False
11.536139,500,2638.7264,False,1,True,False,False,False,False,False,False
11.883135,500,2639.818829,False,1,True,False,False,False,False,False,False
11.563083,500,2642.522422,False,1,True,False,False,False,False,False,False
11.725353,500,2643.623784,False,1,True,False,False,False,False,False,False
11.780538,500,2644.722489,False,1,True,False,False,False,False,False,False
11.831452,500,2645.823492,False,1,True,False,False,False,False,False,False
11.588939,500,2648.510044,False,1,True,False,False,False,False,False,False
11.702213,500,2649.612415,False,1,True,False,False,False,False,False,False
11.567279,500,2650.708821,False,1,True,False,False,False,False,False,False
11.109827,500,2651.994474,False,1,False,False,False,False,False,False,False
11.734278,500,2653.094689,False,1,True,False,False,False,False,False,False
11.124036,500,2655.816756,False,1,True,False,False,False,False,False,False
11.674455,500,2656.907805,False,1,True,False,False,False,False,False,False
11.647312,500,2658.013119,False,1,True,False,False,False,False,False,False
11.521199,500,2659.113724,False,1,True,False,False,False,False,False,False
11.780345,500,2661.818399,False,1,True,False,False,False,False,False,False
11.786006,500,2662.9218,False,1,True,False,False,False,False,False,False
11.504123,500,2664.024233,False,1,True,False,False,False,False,False,False
11.371051,500,2665.128013,False,1,True,False,False,False,False,False,False
11.758132,500,2667.706454,False,1,True,False,False,False,False,False,False
11.857099,500,2668.80681,False,1,True,False,False,False,False,False,False
11.968764,500,2669.901698,False,1,True,False,False,False,False,False,False
11.552177,500,2670.993555,False,1,True,False,False,False,False,False,False
11.776835,500,2673.575371,False,1,True,False,False,False,False,False,False
10.325908,500,2674.70492,False,1,True,False,False,False,False,False,False
11.758196,500,2675.796035,False,1,True,False,False,False,False,False,False
10.788053,500,2676.899339,False,1,True,False,False,False,False,False,False
11.941238,500,2679.400392,False,1,True,False,False,False,False,False,False
11.578897,500,2680.532716,False,1,True,False,False,False,False,False,False
11.576261,500,2681.636806,False,1,True,False,False,False,False,False,False
11.738065,500,2682.750326,False,1,True,False,False,False,False,False,False
11.628245,500,2685.323225,False,1,True,False,False,False,False,False,False
11.007886,500,2686.431404,False,1,True,False,False,False,False,False,False
11.308913,500,2687.516028,False,1,False,False,False,False,False,False,False
11.571117,500,2738.956151,False,1,True,False,False,False,False,False,False
11.589036,500,2741.68195,False,1,True,False,False,False,False,False,False
11.390324,500,2742.776955,False,1,False,False,False,False,False,False,False
11.711159,500,2743.87286,False,1,True,False,False,False,False,False,False
11.750111,500,2744.976994,False,1,True,False,False,False,False,False,False
11.345722,500,2747.674794,False,1,True,False,False,False,False,False,False
11.679861,500,2748.776238,False,1,True,False,False,False,False,False,False
11.735796,500,2749.873844,False,1,True,False,False,False,False,False,False
11.87929,500,2750.983516,False,1,True,False,False,False,False,False,False
11.520198,500,2753.665991,False,1,True,False,False,False,False,False,False
12.151907,500,2754.769503,False,1,True,False,False,False,False,False,False
11.81471,500,2755.876915,False,1,True,False,False,False,False,False,False
11.850026,500,2756.960839,False,1,False,False,False,False,False,False,False
11.693496,500,2759.668536,False,1,True,False,False,False,False,False,False
10.687386,500,2760.776407,False,1,True,False,False,False,False,False,False
11.036932,500,2761.868011,False,1,False,False,False,False,False,False,False
9.499201,500,2762.987264,False,1,True,False,False,False,False,False,False
11.662083,500,2764.093749,False,1,True,False,False,False,False,False,False
10.231265,500,2765.975883,False,1,True,False,False,False,False,False,False
8.637268,500,2767.091927,False,1,False,True,False,False,False,False,False
11.006607,500,2768.19866,False,1,True,False,False,False,False,False,False
11.46706,500,2769.306451,False,1,True,False,False,False,False,False,False
11.614122,500,2772.064689,False,1,True,False,False,False,False,False,False
11.55754,500,2773.166801,False,1,True,False,False,False,False,False,False
11.250864,500,2774.261075,False,1,True,False,False,False,False,False,False
11.838785,500,2775.363165,False,1,True,False,False,False,False,False,False
11.860096,500,2777.977945,False,1,True,False,False,False,False,False,False
3.204712,500,2779.093744,False,1,False,True,False,False,False,False,False
11.011381,500,2780.207441,False,1,True,False,False,False,False,False,False
11.793316,500,2781.307241,False,1,True,False,False,False,False,False,False
11.780124,500,2783.434696,False,1,True,False,False,False,False,False,False
11.913477,500,2784.536535,False,1,True,False,False,False,False,False,False
11.441479,500,2785.624283,False,1,True,False,False,False,False,False,False
11.508189,500,2786.733146,False,1,True,False,False,False,False,False,False
11.727399,500,2789.425414,False,1,True,False,False,False,False,False,False
11.7177,500,2790.524343,False,1,True,False,False,False,False,False,False
11.837039,500,2791.630468,False,1,True,False,False,False,False,False,False
10.900322,500,2792.74863,False,1,True,False,False,False,False,False,False
11.587229,500,2795.337484,False,1,True,False,False,False,False,False,False
11.18955,500,2796.443116,False,1,True,False,False,False,False,False,False
11.243642,500,2797.539824,False,1,True,False,False,False,False,False,False
11.518328,500,2798.642245,False,1,True,False,False,False,False,False,False
11.867806,500,2801.274168,False,1,True,False,False,False,False,False,False
11.888489,500,2802.384744,False,1,True,False,False,False,False,False,False
11.687946,500,2803.491575,False,1,True,False,False,False,False,False,False
11.801057,500,2804.602855,False,1,True,False,False,False,False,False,False
11.619619,500,2807.32722,False,1,True,False,False,False,False,False,False
11.755052,500,2808.428899,False,1,True,False,False,False,False,False,False
11.49138,500,2809.530268,False,1,True,False,False,False,False,False,False
11.513792,500,2810.637338,False,1,True,False,False,False,False,False,False
9.290355,500,2865.049126,False,1,True,False,False,False,False,False,False
11.740919,500,2866.155206,False,1,True,False,False,False,False,False,False
11.413767,500,2867.25924,False,1,True,False,False,False,False,False,False
11.751791,500,2868.399271,False,1,True,False,False,False,False,False,False
11.735814,500,2871.317977,False,1,True,False,False,False,False,False,False
11.869078,500,2872.451271,False,1,True,False,False,False,False,False,False
11.860721,500,2873.592153,False,1,True,False,False,False,False,False,False
11.569196,500,2874.706427,False,1,True,False,False,False,False,False,False
11.558604,500,2877.57704,False,1,True,False,False,False,False,False,False
11.63376,500,2878.708017,False,1,True,False,False,False,False,False,False
11.83733,500,2879.823211,False,1,True,False,False,False,False,False,False
11.796311,500,2880.942633,False,1,True,False,False,False,False,False,False
11.516474,500,2882.069912,False,1,True,False,False,False,False,False,False
11.865108,500,2885.111881,False,1,True,False,False,False,False,False,False
11.946572,500,2886.215588,False,1,True,False,False,False,False,False,False
11.782121,500,2887.313229,False,1,True,False,False,False,False,False,False
11.813318,500,2888.416461,False,1,True,False,False,False,False,False,False
11.999444,500,2891.295883,False,1,True,False,False,False,False,False,False
11.853966,500,2892.398665,False,1,True,False,False,False,False,False,False
11.764913,500,2893.505773,False,1,True,False,False,False,False,False,False
11.685293,500,2894.626104,False,1,True,False,False,False,False,False,False
11.838394,500,2897.593796,False,1,True,False,False,False,False,False,False
11.679389,500,2898.692055,False,1,True,False,False,False,False,False,False
11.68107,500,2899.783843,False,1,True,False,False,False,False,False,False
11.107299,500,2900.872833,False,1,True,False,False,False,False,False,False
11.480856,500,2903.816538,False,1,True,False,False,False,False,False,False
11.810899,500,2904.962391,False,1,True,False,False,False,False,False,False
11.745724,500,2906.095656,False,1,True,False,False,False,False,False,False
12.147626,500,2907.219938,False,1,True,False,False,False,False,False,False
11.508952,500,2910.28742,False,1,True,False,False,False,False,False,False
11.307295,500,2911.392337,False,1,True,False,False,False,False,False,False
11.720704,500,2912.492958,False,1,True,False,False,False,False,False,False
11.654325,500,2913.613901,False,1,True,False,False,False,False,False,False
11.649304,500,2916.281409,False,1,True,False,False,False,False,False,False
11.34173,500,2917.378358,False,1,True,False,False,False,False,False,False
11.906903,500,2918.471578,False,1,True,False,False,False,False,False,False
12.103055,500,2919.574435,False,1,True,False,False,False,False,False,False
11.43778,500,2922.462296,False,1,True,False,False,False,False,False,False
11.643339,500,2923.582791,False,1,True,False,False,False,False,False,False
11.918573,500,2924.701544,False,1,True,False,False,False,False,False,False
11.71312,500,2925.808152,False,1,True,False,False,False,False,False,False
12.021277,500,2928.768543,False,1,True,False,False,False,False,False,False
11.847273,500,2929.879842,False,1,True,False,False,False,False,False,False
11.340855,500,2930.98672,False,1,True,False,False,False,False,False,False
11.162299,500,2932.1016,False,1,True,False,False,False,False,False,False
11.380747,500,2934.83267,False,1,True,False,False,False,False,False,False
11.615741,500,2935.932593,False,1,True,False,False,False,False,False,False
11.548597,500,2937.02727,False,1,True,False,False,False,False,False,False
12.218236,500,2938.122719,False,1,True,False,False,False,False,False,False
11.715621,500,2941.057627,False,1,True,False,False,False,False,False,False
11.686647,500,2993.729617,False,1,True,False,False,False,False,False,False
11.480056,500,2994.831888,False,1,True,False,False,False,False,False,False
11.756689,500,2995.924022,False,1,True,False,False,False,False,False,False
11.65302,500,2997.019884,False,1,True,False,False,False,False,False,False
11.650361,500,2999.618773,False,1,True,False,False,False,False,False,False
8.148971,500,3000.748205,False,1,True,True,False,False,False,False,False
11.647836,500,3001.856815,False,1,True,False,False,False,False,False,False
11.892877,500,3002.957026,False,1,True,False,False,False,False,False,False
11.786558,500,3005.542846,False,1,True,False,False,False,False,False,False
11.818852,500,3006.641349,False,1,True,False,False,False,False,False,False
12.236428,500,3007.73605,False,1,True,False,False,False,False,False,False
11.717081,500,3008.832242,False,1,True,False,False,False,False,False,False
11.656381,500,3011.529547,False,1,True,False,False,False,False,False,False
11.649267,500,3012.632118,False,1,True,False,False,False,False,False,False
11.723198,500,3013.736925,False,1,True,False,False,False,False,False,False
11.912363,500,3014.835501,False,1,True,False,False,False,False,False,False
11.719797,500,3016.732085,False,1,True,False,False,False,False,False,False
11.374524,500,3017.828262,False,1,True,False,False,False,False,False,False
11.617215,500,3018.945352,False,1,True,False,False,False,False,False,False
11.720258,500,3020.059266,False,1,True,False,False,False,False,False,False
11.647074,500,3022.705708,False,1,True,False,False,False,False,False,False
11.86835,500,3023.80544,False,1,True,False,False,False,False,False,False
11.82831,500,3024.899077,False,1,True,False,False,False,False,False,False
11.644772,500,3025.99212,False,1,True,False,False,False,False,False,False
11.924863,500,3028.706098,False,1,True,False,False,False,False,False,False
12.040911,500,3029.801045,False,1,True,False,False,False,False,False,False
11.347265,500,3030.89411,False,1,True,False,False,False,False,False,False
11.430872,500,3031.990185,False,1,True,False,False,False,False,False,False
11.471376,500,3034.702717,False,1,True,False,False,False,False,False,False
11.442858,500,3035.801041,False,1,True,False,False,False,False,False,False
11.380429,500,3036.896383,False,1,True,False,False,False,False,False,False
11.407514,500,3037.996108,False,1,True,False,False,False,False,False,False
11.914598,500,3040.713209,False,1,True,False,False,False,False,False,False
11.739059,500,3041.812613,False,1,True,False,False,False,False,False,False
11.087096,500,3042.911134,False,1,True,False,False,False,False,False,False
11.561977,500,3044.011162,False,1,True,False,False,False,False,False,False
11.986241,500,3046.59936,False,1,True,False,False,False,False,False,False
11.863766,500,3047.695446,False,1,True,False,False,False,False,False,False
11.509773,500,3048.784799,False,1,True,False,False,False,False,False,False
11.604652,500,3049.875413,False,1,True,False,False,False,False,False,False
11.968597,500,3051.660625,False,1,True,False,False,False,False,False,False
11.717507,500,3052.751493,False,1,True,False,False,False,False,False,False
11.533228,500,3053.842533,False,1,True,False,False,False,False,False,False
11.63102,500,3054.934747,False,1,True,False,False,False,False,False,False
11.891809,500,3057.567458,False,1,True,False,False,False,False,False,False
11.788136,500,3058.69433,False,1,True,False,False,False,False,False,False
11.901001,500,3059.799199,False,1,True,False,False,False,False,False,False
11.595463,500,3060.890698,False,1,True,False,False,False,False,False,False
11.160849,500,3061.994876,False,1,True,False,False,False,False,False,False
11.75719,500,3064.67226,False,1,True,False,False,False,False,False,False
11.728589,500,3117.076515,False,1,True,False,False,False,False,False,False
11.658779,500,3118.197403,False,1,True,False,False,False,False,False,False
11.488998,500,3119.310758,False,1,True,False,False,False,False,False,False
11.951693,500,3121.842691,False,1,True,False,False,False,False,False,False
11.781921,500,3122.939759,False,1,True,False,False,False,False,False,False
11.68585,500,3124.033933,False,1,True,False,False,False,False,False,False
12.038323,500,3125.124035,False,1,True,False,False,False,False,False,False
8.758242,500,3127.895756,False,1,True,True,False,False,False,False,False
11.871666,500,3128.988124,False,1,True,False,False,False,False,False,False
11.644105,500,3130.08171,False,1,True,False,False,False,False,False,False
11.668076,500,3131.172804,False,1,True,False,False,False,False,False,False
9.428712,500,3134.070242,False,1,True,False,False,False,False,False,False
11.700719,500,3135.174323,False,1,True,False,False,False,False,False,False
11.663562,500,3136.265507,False,1,True,False,False,False,False,False,False
11.656351,500,3137.356943,False,1,True,False,False,False,False,False,False
11.727295,500,3139.666143,False,1,True,False,False,False,False,False,False
11.599656,500,3140.759118,False,1,True,False,False,False,False,False,False
11.489601,500,3141.849365,False,1,True,False,False,False,False,False,False
11.886636,500,3142.939633,False,1,True,False,False,False,False,False,False
11.666001,500,3145.42634,False,1,True,False,False,False,False,False,False
11.791533,500,3146.519826,False,1,True,False,False,False,False,False,False
11.371504,500,3147.617369,False,1,True,False,False,False,False,False,False
11.589471,500,3148.710907,False,1,True,False,False,False,False,False,False
11.613809,500,3151.357006,False,1,True,False,False,False,False,False,False
11.589806,500,3152.456629,False,1,True,False,False,False,False,False,False
11.957516,500,3153.549995,False,1,True,False,False,False,False,False,False
12.006891,500,3154.638057,False,1,True,False,False,False,False,False,False
11.956565,500,3157.630602,False,1,True,False,False,False,False,False,False
12.092651,500,3158.72088,False,1,True,False,False,False,False,False,False
12.066931,500,3159.809786,False,1,True,False,False,False,False,False,False
11.518941,500,3160.904227,False,1,True,False,False,False,False,False,False
11.512576,500,3163.93253,False,1,True,False,False,False,False,False,False
11.580853,500,3165.063723,False,1,True,False,False,False,False,False,False
11.615197,500,3166.179627,False,1,True,False,False,False,False,False,False
11.754119,500,3167.273873,False,1,True,False,False,False,False,False,False
11.760746,500,3170.14005,False,1,True,False,False,False,False,False,False
11.517399,500,3171.234013,False,1,True,False,False,False,False,False,False
11.728907,500,3172.324666,False,1,True,False,False,False,False,False,False
8.739577,500,3173.440651,False,1,True,True,False,False,False,False,False
11.914445,500,3174.550853,False,1,True,False,False,False,False,False,False
11.648919,500,3177.333998,False,1,True,False,False,False,False,False,False
10.935163,500,3178.431539,False,1,True,False,False,False,False,False,False
11.678134,500,3179.525415,False,1,True,False,False,False,False,False,False
11.114205,500,3180.617205,False,1,True,False,False,False,False,False,False
11.491749,500,3183.001562,False,1,True,False,False,False,False,False,False
11.716985,500,3184.099416,False,1,True,False,False,False,False,False,False
11.914212,500,3185.192194,False,1,True,False,False,False,False,False,False
12.094252,500,3186.28366,False,1,True,False,False,False,False,False,False
11.756936,500,3189.216731,False,1,True,False,False,False,False,False,False
11.586651,500,3190.306497,False,1,True,False,False,False,False,False,False
11.857092,500,3240.407344,False,1,True,True,True,False,False,False,False
11.823689,500,3241.498928,False,1,True,False,False,False,False,False,False
11.688794,500,3244.108057,False,1,True,False,False,False,False,False,False
11.376633,500,3245.202383,False,1,True,False,False,False,False,False,False
11.745322,500,3246.299608,False,1,True,False,False,False,False,False,False
11.394244,500,3247.394577,False,1,True,False,False,False,False,False,False
11.810843,500,3249.999462,False,1,True,False,False,False,False,False,False
11.513788,500,3251.094934,False,1,True,False,False,False,False,False,False
10.740675,500,3252.185181,False,1,True,False,False,False,False,False,False
11.897933,500,3253.274556,False,1,True,False,False,False,False,False,False
11.68157,500,3255.901587,False,1,True,False,False,False,False,False,False
11.61311,500,3256.996994,False,1,True,False,False,False,False,False,False
11.751538,500,3258.093143,False,1,True,False,False,False,False,False,False
11.795499,500,3259.18687,False,1,True,False,False,False,False,False,False
12.066301,500,3261.871905,False,1,True,False,False,False,False,False,False
11.596884,500,3262.960991,False,1,True,False,False,False,False,False,False
8.899532,500,3264.056542,False,1,True,False,False,False,False,False,False
8.699657,500,3265.17143,False,1,True,True,False,False,False,False,False
11.966988,500,3267.785056,False,1,True,False,False,False,False,False,False
12.015798,500,3268.880718,False,1,True,False,False,False,False,False,False
8.386441,500,3269.989983,False,1,True,True,False,False,False,False,False
11.637951,500,3271.078691,False,1,True,False,False,False,False,False,False
11.443115,500,3273.379957,False,1,True,False,False,False,False,False,False
11.952311,500,3274.47169,False,1,True,False,False,False,False,False,False
11.639103,500,3275.564416,False,1,True,False,False,False,False,False,False
11.66104,500,3276.653608,False,1,True,False,False,False,False,False,False
11.557663,500,3279.272512,False,1,True,False,False,False,False,False,False
11.727366,500,3280.35953,False,1,True,False,False,False,False,False,False
11.68195,500,3281.446019,False,1,True,False,False,False,False,False,False
11.834939,500,3282.538488,False,1,True,False,False,False,False,False,False
11.486814,500,3283.628534,False,1,True,False,False,False,False,False,False
11.530631,500,3286.25878,False,1,True,False,False,False,False,False,False
11.540455,500,3287.343699,False,1,True,False,False,False,False,False,False
11.464432,500,3288.43161,False,1,True,False,False,False,False,False,False
12.367468,500,3289.569138,False,1,True,True,True,False,False,False,False
11.536097,500,3292.165108,False,1,True,False,False,False,False,False,False
11.675206,500,3293.257352,False,1,True,False,False,False,False,False,False
11.529219,500,3294.355923,False,1,True,False,False,False,False,False,False
11.732906,500,3295.447711,False,1,True,False,False,False,False,False,False
11.606095,500,3298.068936,False,1,True,False,False,False,False,False,False
11.719326,500,3299.170001,False,1,True,False,False,False,False,False,False
11.308229,500,3300.262881,False,1,True,False,False,False,False,False,False
11.669297,500,3301.359141,False,1,True,False,False,False,False,False,False
11.718927,500,3303.950271,False,1,True,False,False,False,False,False,False
11.432707,500,3305.048329,False,1,True,False,False,False,False,False,False
7.724405,500,3306.166669,False,1,True,True,False,False,False,False,False
11.748518,500,3307.267154,False,1,True,False,False,False,False,False,False
11.741596,500,3309.053291,False,1,True,False,False,False,False,False,False
11.797112,500,3310.142433,False,1,True,False,False,False,False,False,False
12.020378,500,3311.238204,False,1,True,False,False,False,False,False,False
11.57619,500,3361.178699,False,1,True,False,False,False,False,False,False
11.816656,500,3363.749644,False,1,True,False,False,False,False,False,False
11.623299,500,3364.85724,False,1,True,False,False,False,False,False,False
11.160846,500,3365.954483,False,1,True,False,False,False,False,False,False
11.580612,500,3367.050939,False,1,True,False,False,False,False,False,False
11.634536,500,3369.614145,False,1,True,False,False,False,False,False,False
11.876003,500,3370.719504,False,1,True,False,False,False,False,False,False
8.406243,500,3371.814604,False,1,True,False,False,False,False,False,False
11.812401,500,3372.907549,False,1,True,False,False,False,False,False,False
11.754209,500,3375.535495,False,1,True,False,False,False,False,False,False
11.680832,500,3376.62915,False,1,True,False,False,False,False,False,False
11.636522,500,3377.733813,False,1,True,False,False,False,False,False,False
11.716803,500,3378.833944,False,1,True,False,False,False,False,False,False
11.721307,500,3381.523649,False,1,True,False,False,False,False,False,False
11.811999,500,3382.619199,False,1,True,False,False,False,False,False,False
11.585497,500,3383.717045,False,1,True,False,False,False,False,False,False
11.687429,500,3384.808654,False,1,True,False,False,False,False,False,False
11.885188,500,3387.512914,False,1,True,False,False,False,False,False,False
11.53326,500,3388.608945,False,1,True,False,False,False,False,False,False
11.771774,500,3389.714884,False,1,True,False,False,False,False,False,False
11.972149,500,3390.816708,False,1,True,False,False,False,False,False,False
8.10836,500,3392.485328,False,1,True,True,False,False,False,False,False
11.856332,500,3393.587084,False,1,True,False,False,False,False,False,False
11.553008,500,3394.683397,False,1,True,False,False,False,False,False,False
11.804203,500,3395.785277,False,1,True,False,False,False,False,False,False
11.842792,500,3396.884319,False,1,True,False,False,False,False,False,False
11.743519,500,3399.391328,False,1,True,False,False,False,False,False,False
11.813179,500,3400.479877,False,1,True,False,False,False,False,False,False
11.597349,500,3401.588033,False,1,True,False,False,False,False,False,False
11.597498,500,3402.718565,False,1,True,False,False,False,False,False,False
11.556517,500,3404.892949,False,1,True,False,False,False,False,False,False
11.70667,500,3405.994478,False,1,True,False,False,False,False,False,False
11.821004,500,3407.09782,False,1,True,False,False,False,False,False,False
11.5749,500,3408.20365,False,1,True,False,False,False,False,False,False
11.606171,500,3410.894213,False,1,True,False,False,False,False,False,False
11.89797,500,3411.993728,False,1,True,False,False,False,False,False,False
11.273995,500,3413.100673,False,1,True,False,False,False,False,False,False
11.257553,500,3414.200441,False,1,True,False,False,False,False,False,False
10.211041,500,3416.898841,False,1,True,False,False,False,False,False,False
10.65976,500,3418.015577,False,1,True,False,False,False,False,False,False
10.572019,500,3419.129343,False,1,True,False,False,False,False,False,False
10.044124,500,3420.282613,False,1,True,False,False,False,False,False,False
11.663911,500,3422.771567,False,1,True,False,False,False,False,False,False
11.746754,500,3423.887478,False,1,True,False,False,False,False,False,False
11.093617,500,3425.005826,False,1,True,False,False,False,False,False,False
10.957972,500,3426.12,False,1,True,False,False,False,False,False,False
11.608611,500,3428.761327,False,1,True,False,False,False,False,False,False
11.562223,500,3429.872111,False,1,True,False,False,False,False,False,False
11.332049,500,3430.984637,False,1,True,False,False,False,False,False,False
11.195942,500,3432.098027,False,1,True,False,False,False,False,False,False
11.603923,500,3485.508898,False,1,True,False,False,False,False,False,False
11.658121,500,3486.613564,False,1,True,False,False,False,False,False,False
11.436803,500,3487.729331,False,1,True,False,False,False,False,False,False
11.504743,500,3488.83958,False,1,True,False,False,False,False,False,False
11.792813,500,3491.173515,False,1,True,False,False,False,False,False,False
11.29438,500,3492.271762,False,1,True,False,False,False,False,False,False
11.819255,500,3493.36769,False,1,True,False,False,False,False,False,False
11.748354,500,3494.46854,False,1,True,False,False,False,False,False,False
11.909177,500,3497.162771,False,1,True,False,False,False,False,False,False
11.7906,500,3498.281147,False,1,True,False,False,False,False,False,False
11.727581,500,3499.38986,False,1,True,False,False,False,False,False,False
11.653784,500,3500.495813,False,1,True,False,False,False,False,False,False
11.673829,500,3503.053051,False,1,True,False,False,False,False,False,False
11.664849,500,3504.183706,False,1,True,False,False,False,False,False,False
11.8539,500,3505.306703,False,1,True,False,False,False,False,False,False
11.570328,500,3506.43844,False,1,True,False,False,False,False,False,False
11.743252,500,3507.553137,False,1,True,False,False,False,False,False,False
11.733911,500,3510.159403,False,1,True,False,False,False,False,False,False
11.713226,500,3511.264225,False,1,True,False,False,False,False,False,False
11.74322,500,3512.369143,False,1,True,False,False,False,False,False,False
11.800367,500,3513.473495,False,1,True,False,False,False,False,False,False
11.571471,500,3516.039394,False,1,True,False,False,False,False,False,False
11.759969,500,3517.142257,False,1,True,False,False,False,False,False,False
11.925624,500,3518.24272,False,1,True,False,False,False,False,False,False
11.879089,500,3519.344205,False,1,True,False,False,False,False,False,False
11.72734,500,3521.966139,False,1,True,False,False,False,False,False,False
11.914556,500,3523.066494,False,1,True,False,False,False,False,False,False
11.967554,500,3524.163197,False,1,True,False,False,False,False,False,False
11.837316,500,3525.266805,False,1,True,False,False,False,False,False,False
11.794294,500,3527.168384,False,1,True,False,False,False,False,False,False
11.550315,500,3528.290468,False,1,True,False,False,False,False,False,False
11.879537,500,3529.394523,False,1,True,False,False,False,False,False,False
11.500946,500,3530.487922,False,1,True,False,False,False,False,False,False
11.711038,500,3533.14007,False,1,True,False,False,False,False,False,False
11.824176,500,3534.241659,False,1,True,False,False,False,False,False,False
12.152072,500,3535.342273,False,1,True,False,False,False,False,False,False
11.964923,500,3536.451772,False,1,True,False,False,False,False,False,False
11.467495,500,3539.004782,False,1,True,False,False,False,False,False,False
11.665065,500,3540.104074,False,1,True,False,False,False,False,False,False
11.761132,500,3541.201768,False,1,True,False,False,False,False,False,False
11.88001,500,3542.305369,False,1,True,False,False,False,False,False,False
11.745131,500,3545.013882,False,1,True,False,False,False,False,False,False
11.906488,500,3546.118227,False,1,True,False,False,False,False,False,False
11.853399,500,3547.217404,False,1,True,False,False,False,False,False,False
11.805111,500,3548.320749,False,1,True,False,False,False,False,False,False
11.574765,500,3551.017746,False,1,True,False,False,False,False,False,False
11.671039,500,3552.127762,False,1,True,False,False,False,False,False,False
11.786738,500,3553.223091,False,1,True,False,False,False,False,False,False
11.685786,500,3554.324438,False,1,True,False,False,False,False,False,False
11.695335,500,3556.970773,False,1,True,False,False,False,False,False,False
11.517364,500,3608.462783,False,1,True,False,False,False,False,False,False
11.753092,500,3609.567253,False,1,True,False,False,False,False,False,False
11.733932,500,3610.679103,False,1,True,False,False,False,False,False,False
11.693629,500,3613.203881,False,1,True,False,False,False,False,False,False
11.314686,500,3614.309023,False,1,True,False,False,False,False,False,False
11.569853,500,3615.412686,False,1,True,False,False,False,False,False,False
11.670451,500,3616.514539,False,1,True,False,False,False,False,False,False
11.865444,500,3619.064384,False,1,True,False,False,False,False,False,False
11.746084,500,3620.177543,False,1,True,False,False,False,False,False,False
11.592634,500,3621.275864,False,1,True,False,False,False,False,False,False
11.745607,500,3622.385824,False,1,True,False,False,False,False,False,False
11.814764,500,3623.482879,False,1,True,False,False,False,False,False,False
11.653167,500,3626.053122,False,1,True,False,False,False,False,False,False
11.69217,500,3627.164911,False,1,True,False,False,False,False,False,False
11.617403,500,3628.268231,False,1,True,False,False,False,False,False,False
11.705898,500,3629.373327,False,1,True,False,False,False,False,False,False
11.840984,500,3632.08797,False,1,True,False,False,False,False,False,False
11.663907,500,3633.188819,False,1,True,False,False,False,False,False,False
11.815478,500,3634.290408,False,1,True,False,False,False,False,False,False
11.738034,500,3635.392583,False,1,True,False,False,False,False,False,False
11.957612,500,3637.992141,False,1,True,False,False,False,False,False,False
11.546742,500,3639.126574,False,1,True,False,False,False,False,False,False
11.597414,500,3640.244607,False,1,True,False,False,False,False,False,False
11.642439,500,3641.366312,False,1,True,False,False,False,False,False,False
11.785279,500,3644.134047,False,1,True,False,False,False,False,False,False
11.732217,500,3645.261234,False,1,True,False,False,False,False,False,False
11.8492,500,3646.382456,False,1,True,False,False,False,False,False,False
11.681671,500,3647.506038,False,1,True,False,False,False,False,False,False
11.824964,500,3650.39386,False,1,True,False,False,False,False,False,False
11.735805,500,3651.527359,False,1,True,False,False,False,False,False,False
11.805206,500,3652.655579,False,1,True,False,False,False,False,False,False
11.915854,500,3653.77601,False,1,True,False,False,False,False,False,False
11.662511,500,3656.47049,False,1,True,False,False,False,False,False,False
11.368752,500,3657.597545,False,1,True,False,False,False,False,False,False
11.628445,500,3658.712996,False,1,True,False,False,False,False,False,False
11.752664,500,3659.836081,False,1,True,False,False,False,False,False,False
11.677922,500,3662.564173,False,1,True,False,False,False,False,False,False
11.196315,500,3663.674824,False,1,True,False,False,False,False,False,False
11.780319,500,3664.782299,False,1,True,False,False,False,False,False,False
11.403278,500,3665.882086,False,1,True,False,False,False,False,False,False
11.828165,500,3668.547895,False,1,True,False,False,False,False,False,False
11.655312,500,3669.654269,False,1,True,False,False,False,False,False,False
11.666996,500,3670.762146,False,1,True,False,False,False,False,False,False
11.409806,500,3671.852764,False,1,True,False,False,False,False,False,False
11.485945,500,3674.321502,False,1,True,False,False,False,False,False,False
11.526594,500,3675.423403,False,1,True,False,False,False,False,False,False
11.554579,500,3676.53168,False,1,True,False,False,False,False,False,False
11.815275,500,3677.638789,False,1,True,False,False,False,False,False,False
11.789568,500,3679.116546,False,1,True,False,False,False,False,False,False
8.216369,500,3680.250854,False,1,True,True,False,False,False,False,False
11.805444,500,3733.507947,False,1,True,False,False,False,False,False,False
11.880657,500,3734.620995,False,1,True,False,False,False,False,False,False
11.721645,500,3735.730797,False,1,True,False,False,False,False,False,False
11.556683,500,3738.645072,False,1,True,False,False,False,False,False,False
11.855891,500,3739.74464,False,1,True,False,False,False,False,False,False
11.690589,500,3740.86085,False,1,True,False,False,False,False,False,False
11.745791,500,3741.96717,False,1,True,False,False,False,False,False,False
11.708631,500,3744.864204,False,1,True,False,False,False,False,False,False
11.889369,500,3745.969221,False,1,True,False,False,False,False,False,False
11.370834,500,3747.088015,False,1,True,False,False,False,False,False,False
11.766077,500,3748.190812,False,1,True,False,False,False,False,False,False
11.797579,500,3751.006622,False,1,True,False,False,False,False,False,False
11.928024,500,3752.103728,False,1,True,False,False,False,False,False,False
11.628253,500,3753.214609,False,1,True,False,False,False,False,False,False
11.329532,500,3754.334581,False,1,True,False,False,False,False,False,False
12.018165,500,3755.721137,False,1,True,False,False,False,False,False,False
11.70736,500,3756.818436,False,1,True,False,False,False,False,False,False
11.838477,500,3757.913749,False,1,True,False,False,False,False,False,False
11.93388,500,3759.015611,False,1,True,False,False,False,False,False,False
11.71539,500,3761.825741,False,1,True,False,False,False,False,False,False
11.684956,500,3762.937434,False,1,True,False,False,False,False,False,False
11.882249,500,3764.042565,False,1,True,False,False,False,False,False,False
11.533028,500,3765.137013,False,1,True,False,False,False,False,False,False
11.757113,500,3767.914388,False,1,True,False,False,False,False,False,False
11.944437,500,3769.007013,False,1,True,False,False,False,False,False,False
11.750787,500,3770.097759,False,1,True,False,False,False,False,False,False
11.884034,500,3771.191767,False,1,True,False,False,False,False,False,False
11.808584,500,3773.306432,False,1,True,False,False,False,False,False,False
11.846292,500,3774.40654,False,1,True,False,False,False,False,False,False
11.72268,500,3775.497332,False,1,True,False,False,False,False,False,False
11.961933,500,3776.600913,False,1,True,False,False,False,False,False,False
12.040575,500,3779.499264,False,1,True,False,False,False,False,False,False
11.694258,500,3780.606003,False,1,True,False,False,False,False,False,False
12.123493,500,3781.699038,False,1,True,False,False,False,False,False,False
11.726008,500,3782.797903,False,1,True,False,False,False,False,False,False
11.706535,500,3785.625136,False,1,True,False,False,False,False,False,False
11.819615,500,3786.726619,False,1,True,False,False,False,False,False,False
11.819123,500,3787.833683,False,1,True,False,False,False,False,False,False
11.881657,500,3788.925642,False,1,True,False,False,False,False,False,False
11.674769,500,3791.792714,False,1,True,False,False,False,False,False,False
11.557095,500,3792.915823,False,1,True,False,False,False,False,False,False
11.653673,500,3794.027382,False,1,True,False,False,False,False,False,False
11.761606,500,3795.125719,False,1,True,False,False,False,False,False,False
11.589565,500,3796.224358,False,1,True,False,False,False,False,False,False
11.813547,500,3799.099379,False,1,True,False,False,False,False,False,False
11.731148,500,3800.202857,False,1,True,False,False,False,False,False,False
11.826108,500,3801.322358,False,1,True,False,False,False,False,False,False
11.846324,500,3802.419178,False,1,True,False,False,False,False,False,False
12.086575,500,3805.277028,False,1,True,False,False,False,False,False,False
11.810122,500,3806.385887,False,1,True,False,False,False,False,False,False
12.140481,500,3858.90466,False,1,True,False,False,False,False,False,False
11.883575,500,3860.014458,False,1,True,False,False,False,False,False,False
11.668912,500,3862.569793,False,1,True,False,False,False,False,False,False
7.957502,500,3863.71317,False,1,True,True,False,False,False,False,False
12.204944,500,3864.804952,False,1,True,False,False,False,False,False,False
11.932891,500,3865.926378,False,1,True,False,False,False,False,False,False
11.342015,500,3868.485543,False,1,True,False,False,False,False,False,False
12.067276,500,3869.58349,False,1,True,False,False,False,False,False,False
11.511438,500,3870.692773,False,1,True,False,False,False,False,False,False
11.481152,500,3871.815706,False,1,True,False,False,False,False,False,False
11.746653,500,3874.762068,False,1,True,False,False,False,False,False,False
12.159225,500,3875.854355,False,1,True,False,False,False,False,False,False
11.675924,500,3876.963274,False,1,True,False,False,False,False,False,False
11.727233,500,3878.063803,False,1,True,False,False,False,False,False,False
11.818582,500,3880.872091,False,1,True,False,False,False,False,False,False
11.664059,500,3881.974089,False,1,True,False,False,False,False,False,False
11.975781,500,3883.077271,False,1,True,False,False,False,False,False,False
11.843342,500,3884.185188,False,1,True,False,False,False,False,False,False
11.900288,500,3886.366869,False,1,True,False,False,False,False,False,False
12.154725,500,3887.470607,False,1,True,False,False,False,False,False,False
11.821512,500,3888.571276,False,1,True,False,False,False,False,False,False
11.952348,500,3889.667571,False,1,True,False,False,False,False,False,False
11.948659,500,3892.430235,False,1,True,False,False,False,False,False,False
11.801972,500,3893.534226,False,1,True,False,False,False,False,False,False
11.828022,500,3894.638709,False,1,True,False,False,False,False,False,False
11.859942,500,3895.727341,False,1,True,False,False,False,False,False,False
11.878032,500,3898.646775,False,1,True,False,False,False,False,False,False
11.839815,500,3899.771619,False,1,True,False,False,False,False,False,False
11.637347,500,3900.888401,False,1,True,False,False,False,False,False,False
12.161834,500,3902.007823,False,1,True,False,False,False,False,False,False
11.686145,500,3904.919756,False,1,True,False,False,False,False,False,False
11.663079,500,3906.023652,False,1,True,False,False,False,False,False,False
11.387376,500,3907.113361,False,1,True,False,False,False,False,False,False
11.828142,500,3908.20643,False,1,True,False,False,False,False,False,False
11.869347,500,3911.129375,False,1,True,False,False,False,False,False,False
11.834633,500,3912.226334,False,1,True,False,False,False,False,False,False
12.029832,500,3913.309897,False,1,True,False,False,False,False,False,False
11.62538,500,3914.398656,False,1,True,False,False,False,False,False,False
11.98666,500,3915.490151,False,1,True,False,False,False,False,False,False
11.771502,500,3918.427121,False,1,True,False,False,False,False,False,False
11.61046,500,3919.530816,False,1,True,False,False,False,False,False,False
11.735361,500,3920.632754,False,1,True,False,False,False,False,False,False
11.649542,500,3921.744682,False,1,True,False,False,False,False,False,False
11.822047,500,3924.648843,False,1,True,False,False,False,False,False,False
11.808492,500,3925.760755,False,1,True,False,False,False,False,False,False
12.13482,500,3926.874464,False,1,True,False,False,False,False,False,False
11.76913,500,3927.974047,False,1,True,False,False,False,False,False,False
11.706117,500,3930.703524,False,1,True,False,False,False,False,False,False
11.893585,500,3931.800066,False,1,True,False,False,False,False,False,False
12.007543,500,3932.898788,False,1,True,False,False,False,False,False,False
11.78992,500,3985.454182,False,1,True,False,False,False,False,False,False
11.799177,500,3987.978677,False,1,True,False,False,False,False,False,False
11.434401,500,3989.080692,False,1,True,False,False,False,False,False,False
11.819848,500,3990.17203,False,1,True,False,False,False,False,False,False
11.851215,500,3991.265006,False,1,True,False,False,False,False,False,False
11.703691,500,3993.77178,False,1,True,False,False,False,False,False,False
11.710886,500,3994.860299,False,1,True,False,False,False,False,False,False
11.689292,500,3995.949988,False,1,True,False,False,False,False,False,False
11.744898,500,3997.078357,False,1,True,False,False,False,False,False,False
11.833448,500,3999.531277,False,1,True,False,False,False,False,False,False
11.665969,500,4000.619944,False,1,True,False,False,False,False,False,False
11.95315,500,4001.715255,False,1,True,False,False,False,False,False,False
11.571768,500,4002.833394,False,1,True,False,False,False,False,False,False
11.776142,500,4005.430434,False,1,True,False,False,False,False,False,False
11.62732,500,4006.54203,False,1,True,False,False,False,False,False,False
11.774186,500,4007.628324,False,1,True,False,False,False,False,False,False
11.769066,500,4008.72285,False,1,True,False,False,False,False,False,False
12.211054,500,4011.14902,False,1,True,False,False,False,False,False,False
11.820107,500,4012.242589,False,1,True,False,False,False,False,False,False
11.727109,500,4013.331875,False,1,True,False,False,False,False,False,False
11.761208,500,4014.429496,False,1,True,False,False,False,False,False,False
11.833422,500,4016.941357,False,1,True,False,False,False,False,False,False
11.696878,500,4018.032659,False,1,True,False,False,False,False,False,False
11.775094,500,4019.125896,False,1,True,False,False,False,False,False,False
11.765505,500,4020.225049,False,1,True,False,False,False,False,False,False
8.020182,500,4022.342633,False,1,True,True,False,False,False,False,False
11.685625,500,4023.452764,False,1,True,False,False,False,False,False,False
12.060731,500,4024.549699,False,1,True,False,False,False,False,False,False
11.727173,500,4025.650951,False,1,True,False,False,False,False,False,False
11.562331,500,4026.759635,False,1,True,False,False,False,False,False,False
11.571027,500,4029.137312,False,1,True,False,False,False,False,False,False
11.686546,500,4030.243214,False,1,True,False,False,False,False,False,False
11.854934,500,4031.355484,False,1,True,False,False,False,False,False,False
11.895103,500,4032.453728,False,1,True,False,False,False,False,False,False
11.219948,500,4034.937364,False,1,True,False,False,False,False,False,False
11.632342,500,4036.047242,False,1,True,False,False,False,False,False,False
11.377093,500,4037.15771,False,1,True,False,False,False,False,False,False
11.564488,500,4038.268555,False,1,True,False,False,False,False,False,False
11.636059,500,4039.62448,False,1,True,False,False,False,False,False,False
11.704464,500,4040.717654,False,1,True,False,False,False,False,False,False
11.617032,500,4041.818162,False,1,True,False,False,False,False,False,False
11.320156,500,4042.924949,False,1,True,False,False,False,False,False,False
11.865347,500,4044.815093,False,1,True,False,False,False,False,False,False
11.87015,500,4045.911958,False,1,True,False,False,False,False,False,False
11.782727,500,4047.016743,False,1,True,False,False,False,False,False,False
12.119736,500,4048.112086,False,1,True,False,False,False,False,False,False
11.675025,500,4049.722691,False,1,True,False,False,False,False,False,False
12.020581,500,4050.817161,False,1,True,False,False,False,False,False,False
11.892547,500,4051.912976,False,1,True,False,False,False,False,False,False
11.630702,500,4053.01205,False,1,True,False,False,False,False,False,False
11.549158,500,4105.240192,False,1,True,False,False,False,False,False,False
11.655243,500,4106.341054,False,1,True,False,False,False,False,False,False
11.636717,500,4107.438442,False,1,True,False,False,False,False,False,False
8.114022,500,4108.569939,False,1,True,True,False,False,False,False,False
11.33853,500,4110.559653,False,1,True,False,False,False,False,False,False
11.854363,500,4111.662782,False,1,True,False,False,False,False,False,False
11.665162,500,4112.767112,False,1,True,False,False,False,False,False,False
11.60359,500,4113.875216,False,1,True,False,False,False,False,False,False
11.875498,500,4115.839766,False,1,True,False,False,False,False,False,False
11.78306,500,4116.947426,False,1,True,False,False,False,False,False,False
11.824932,500,4118.065426,False,1,True,False,False,False,False,False,False
11.812116,500,4119.164346,False,1,True,False,False,False,False,False,False
11.65827,500,4122.161525,False,1,True,False,False,False,False,False,False
11.684804,500,4123.279208,False,1,True,False,False,False,False,False,False
11.826479,500,4124.391708,False,1,True,False,False,False,False,False,False
11.643531,500,4125.498661,False,1,True,False,False,False,False,False,False
11.685058,500,4128.423271,False,1,True,False,False,False,False,False,False
11.7162,500,4129.531081,False,1,True,False,False,False,False,False,False
11.756349,500,4130.63082,False,1,True,False,False,False,False,False,False
11.545747,500,4131.738451,False,1,True,False,False,False,False,False,False
11.884007,500,4134.616546,False,1,True,False,False,False,False,False,False
11.828896,500,4135.72886,False,1,True,False,False,False,False,False,False
11.691417,500,4136.83095,False,1,True,False,False,False,False,False,False
11.706708,500,4137.928855,False,1,True,False,False,False,False,False,False
11.714724,500,4139.029166,False,1,True,False,False,False,False,False,False
11.58461,500,4141.918295,False,1,True,False,False,False,False,False,False
12.086216,500,4143.017893,False,1,True,False,False,False,False,False,False
11.639095,500,4144.141259,False,1,True,False,False,False,False,False,False
11.763773,500,4145.239902,False,1,True,False,False,False,False,False,False
11.882807,500,4148.206009,False,1,True,False,False,False,False,False,False
11.749148,500,4149.306573,False,1,True,False,False,False,False,False,False
11.986081,500,4150.405259,False,1,True,False,False,False,False,False,False
12.104469,500,4151.495811,False,1,True,False,False,False,False,False,False
11.631653,500,4154.387048,False,1,True,False,False,False,False,False,False
11.820129,500,4155.486267,False,1,True,False,False,False,False,False,False
11.719269,500,4156.594969,False,1,True,False,False,False,False,False,False
11.819892,500,4157.699362,False,1,True,False,False,False,False,False,False
11.773998,500,4160.601087,False,1,True,False,False,False,False,False,False
11.504493,500,4161.752783,False,1,True,False,False,False,False,False,False
11.832157,500,4162.855559,False,1,True,False,False,False,False,False,False
11.581477,500,4163.965641,False,1,True,False,False,False,False,False,False
11.581426,500,4166.89814,False,1,True,False,False,False,False,False,False
11.849943,500,4168.00975,False,1,True,False,False,False,False,False,False
11.784604,500,4169.11659,False,1,True,False,False,False,False,False,False
8.207497,500,4170.241418,False,1,True,True,False,False,False,False,False
11.872247,500,4172.481961,False,1,True,False,False,False,False,False,False
11.725428,500,4173.580863,False,1,True,False,False,False,False,False,False
12.003261,500,4174.682071,False,1,True,False,False,False,False,False,False
12.017902,500,4175.7893,False,1,True,False,False,False,False,False,False
11.696921,500,4177.963797,False,1,True,False,False,False,False,False,False
11.820048,500,4228.178424,False,1,True,False,False,False,False,False,False
11.592946,500,4229.283996,False,1,True,False,False,False,False,False,False
11.945454,500,4230.381195,False,1,True,False,False,False,False,False,False
11.626688,500,4232.839952,False,1,True,False,False,False,False,False,False
11.796211,500,4233.943471,False,1,True,False,False,False,False,False,False
11.686662,500,4235.036436,False,1,True,False,False,False,False,False,False
11.693637,500,4236.126039,False,1,True,False,False,False,False,False,False
11.640596,500,4238.757213,False,1,True,False,False,False,False,False,False
11.484071,500,4239.872798,False,1,True,False,False,False,False,False,False
11.722915,500,4240.982944,False,1,True,False,False,False,False,False,False
11.381377,500,4242.106433,False,1,True,False,False,False,False,False,False
11.645334,500,4244.249786,False,1,True,False,False,False,False,False,False
11.768072,500,4245.356861,False,1,True,False,False,False,False,False,False
11.647261,500,4246.468007,False,1,True,False,False,False,False,False,False
11.958939,500,4247.571411,False,1,True,False,False,False,False,False,False
11.773443,500,4248.678152,False,1,True,False,False,False,False,False,False
11.729051,500,4251.35095,False,1,True,False,False,False,False,False,False
11.452446,500,4252.460799,False,1,True,False,False,False,False,False,False
11.740643,500,4253.558559,False,1,True,False,False,False,False,False,False
11.688164,500,4254.658633,False,1,True,False,False,False,False,False,False
11.690753,500,4257.32352,False,1,True,False,False,False,False,False,False
12.10672,500,4258.420582,False,1,True,False,False,False,False,False,False
11.957874,500,4259.518546,False,1,True,False,False,False,False,False,False
11.85563,500,4260.613302,False,1,True,False,False,False,False,False,False
11.442958,500,4263.322266,False,1,True,False,False,False,False,False,False
11.54931,500,4264.437676,False,1,True,False,False,False,False,False,False
11.801428,500,4265.539372,False,1,True,False,False,False,False,False,False
0.294911,500,4266.627424,False,1,True,False,False,False,False,False,False
11.564472,500,4269.010483,False,1,True,False,False,False,False,False,False
11.886684,500,4270.115076,False,1,True,False,False,False,False,False,False
11.447891,500,4271.222448,False,1,True,False,False,False,False,False,False
11.721337,500,4272.328142,False,1,True,False,False,False,False,False,False
11.663393,500,4275.012845,False,1,True,False,False,False,False,False,False
11.644765,500,4276.108046,False,1,True,False,False,False,False,False,False
11.598556,500,4277.202106,False,1,True,False,False,False,False,False,False
11.815462,500,4278.316838,False,1,True,False,False,False,False,False,False
11.716041,500,4281.018317,False,1,True,False,False,False,False,False,False
12.014983,500,4282.126015,False,1,True,False,False,False,False,False,False
11.657452,500,4283.231617,False,1,True,False,False,False,False,False,False
11.737736,500,4284.32713,False,1,True,False,False,False,False,False,False
11.914321,500,4286.816548,False,1,True,False,False,False,False,False,False
11.737837,500,4287.926654,False,1,True,False,False,False,False,False,False
11.740109,500,4289.036985,False,1,True,False,False,False,False,False,False
11.821164,500,4290.136827,False,1,True,False,False,False,False,False,False
11.643978,500,4292.587907,False,1,True,False,False,False,False,False,False
11.754324,500,4293.679556,False,1,True,False,False,False,False,False,False
11.673592,500,4294.780337,False,1,True,False,False,False,False,False,False
11.648052,500,4295.899887,False,1,True,False,False,False,False,False,False
11.838669,500,4298.492218,False,1,True,False,False,False,False,False,False
11.782957,500,4299.602205,False,1,True,False,False,False,False,False,False
11.637246,500,4350.232774,False,1,True,False,False,False,False,False,False
11.500431,500,4351.343184,False,1,True,False,False,False,False,False,False
11.562804,500,4353.936922,False,1,True,False,False,False,False,False,False
12.031105,500,4355.03301,False,1,True,False,False,False,False,False,False
12.052401,500,4356.134982,False,1,True,False,False,False,False,False,False
11.753852,500,4357.227202,False,1,True,False,False,False,False,False,False
11.557298,500,4359.959571,False,1,True,False,False,False,False,False,False
11.84066,500,4361.073882,False,1,True,False,False,False,False,False,False
11.557102,500,4362.172199,False,1,True,False,False,False,False,False,False
11.620493,500,4363.277867,False,1,True,False,False,False,False,False,False
11.939739,500,4364.4052,False,1,True,False,False,False,False,False,False
11.707026,500,4366.89709,False,1,True,False,False,False,False,False,False
12.024872,500,4368.026919,False,1,True,False,False,False,False,False,False
11.963955,500,4369.117718,False,1,True,False,False,False,False,False,False
11.714993,500,4370.226407,False,1,True,False,False,False,False,False,False
11.751207,500,4371.948526,False,1,True,False,False,False,False,False,False
11.49791,500,4373.042748,False,1,True,False,False,False,False,False,False
11.694388,500,4374.142994,False,1,True,False,False,False,False,False,False
11.98498,500,4375.240542,False,1,True,False,False,False,False,False,False
11.754578,500,4377.843532,False,1,True,False,False,False,False,False,False
11.792631,500,4378.949301,False,1,True,False,False,False,False,False,False
11.734813,500,4380.046289,False,1,True,False,False,False,False,False,False
11.72917,500,4381.13743,False,1,True,False,False,False,False,False,False
12.138122,500,4383.167517,False,1,True,False,False,False,False,False,False
11.67991,500,4384.264871,False,1,True,False,False,False,False,False,False
11.808258,500,4385.350659,False,1,True,False,False,False,False,False,False
11.942456,500,4386.452112,False,1,True,False,False,False,False,False,False
11.682752,500,4389.078765,False,1,True,False,False,False,False,False,False
11.756078,500,4390.178437,False,1,True,False,False,False,False,False,False
11.648594,500,4391.296781,False,1,True,False,False,False,False,False,False
11.659826,500,4392.407925,False,1,True,False,False,False,False,False,False
11.580331,500,4394.732945,False,1,True,False,False,False,False,False,False
11.629101,500,4395.829471,False,1,True,False,False,False,False,False,False
11.804368,500,4396.922036,False,1,True,False,False,False,False,False,False
11.954865,500,4398.026237,False,1,True,False,False,False,False,False,False
11.711104,500,4400.752703,False,1,True,False,False,False,False,False,False
11.713087,500,4401.856207,False,1,True,False,False,False,False,False,False
11.55453,500,4402.97222,False,1,True,False,False,False,False,False,False
11.758139,500,4404.066666,False,1,True,False,False,False,False,False,False
11.452415,500,4406.73604,False,1,True,False,False,False,False,False,False
11.730231,500,4407.845223,False,1,True,False,False,False,False,False,False
11.516325,500,4408.958886,False,1,True,False,False,False,False,False,False
11.670833,500,4410.073218,False,1,True,False,False,False,False,False,False
11.610018,500,4412.134408,False,1,True,False,False,False,False,False,False
11.620425,500,4413.244241,False,1,True,False,False,False,False,False,False
11.715215,500,4414.343314,False,1,True,False,False,False,False,False,False
11.665373,500,4415.443465,False,1,True,False,False,False,False,False,False
11.622954,500,4417.625947,False,1,True,False,False,False,False,False,False
11.506261,500,4418.744318,False,1,True,False,False,False,False,False,False
11.594609,500,4419.859438,False,1,True,False,False,False,False,False,False
11.495125,500,4471.772252,False,1,True,False,False,False,False,False,False
11.529004,500,4472.885082,False,1,True,False,False,False,False,False,False
11.695454,500,4475.565332,False,1,True,False,False,False,False,False,False
11.866053,500,4476.66412,False,1,True,False,False,False,False,False,False
11.68981,500,4477.768328,False,1,True,False,False,False,False,False,False
11.610423,500,4478.884204,False,1,True,False,False,False,False,False,False
11.857872,500,4480.935014,False,1,True,False,False,False,False,False,False
11.706028,500,4482.043808,False,1,True,False,False,False,False,False,False
11.441201,500,4483.15931,False,1,True,False,False,False,False,False,False
11.649366,500,4484.267632,False,1,True,False,False,False,False,False,False
11.789056,500,4486.810818,False,1,True,False,False,False,False,False,False
11.543508,500,4487.906175,False,1,True,False,False,False,False,False,False
11.804227,500,4489.015261,False,1,True,False,False,False,False,False,False
11.795703,500,4490.104359,False,1,True,False,False,False,False,False,False
11.707954,500,4491.606219,False,1,True,False,False,False,False,False,False
11.623216,500,4492.702386,False,1,True,False,False,False,False,False,False
11.785659,500,4493.809684,False,1,True,False,False,False,False,False,False
11.643776,500,4494.904387,False,1,True,False,False,False,False,False,False
11.928904,500,4496.775392,False,1,True,False,False,False,False,False,False
11.646965,500,4497.868149,False,1,True,False,False,False,False,False,False
11.674074,500,4498.987289,False,1,True,False,False,False,False,False,False
11.647154,500,4500.074597,False,1,True,False,False,False,False,False,False
11.795807,500,4502.171895,False,1,True,False,False,False,False,False,False
11.637037,500,4503.269573,False,1,True,False,False,False,False,False,False
11.793734,500,4504.388184,False,1,True,False,False,False,False,False,False
11.712595,500,4505.506614,False,1,True,False,False,False,False,False,False
11.921225,500,4508.184921,False,1,True,False,False,False,False,False,False
11.725948,500,4509.308992,False,1,True,False,False,False,False,False,False
11.669351,500,4510.420292,False,1,True,False,False,False,False,False,False
11.67136,500,4511.589888,False,1,True,False,False,False,False,False,False
11.654053,500,4514.283699,False,1,True,False,False,False,False,False,False
11.748171,500,4515.39669,False,1,True,False,False,False,False,False,False
11.721684,500,4516.509557,False,1,True,False,False,False,False,False,False
11.657154,500,4517.630612,False,1,True,False,False,False,False,False,False
12.00438,500,4519.578781,False,1,True,False,False,False,False,False,False
11.788497,500,4520.698589,False,1,True,False,False,False,False,False,False
12.066892,500,4521.796774,False,1,True,False,False,False,False,False,False
11.628685,500,4522.912794,False,1,True,False,False,False,False,False,False
11.712564,500,4525.561024,False,1,True,False,False,False,False,False,False
11.64055,500,4526.703539,False,1,True,False,False,False,False,False,False
11.769322,500,4527.817559,False,1,True,False,False,False,False,False,False
11.723631,500,4528.925283,False,1,True,False,False,False,False,False,False
11.715962,500,4530.027427,False,1,True,False,False,False,False,False,False
11.787609,500,4532.763691,False,1,True,False,False,False,False,False,False
11.710031,500,4533.863189,False,1,True,False,False,False,False,False,False
11.900252,500,4534.957598,False,1,True,False,False,False,False,False,False
11.626477,500,4536.074878,False,1,True,False,False,False,False,False,False
11.777698,500,4538.326435,False,1,True,False,False,False,False,False,False
11.202185,500,4539.427851,False,1,True,False,False,False,False,False,False
11.456025,500,4540.528355,False,1,True,False,False,False,False,False,False
11.808419,500,4592.403868,False,1,True,False,False,False,False,False,False
11.760757,500,4594.899706,False,1,True,False,False,False,False,False,False
11.797252,500,4596.012478,False,1,True,False,False,False,False,False,False
11.782506,500,4597.100685,False,1,True,False,False,False,False,False,False
11.50801,500,4598.192279,False,1,True,False,False,False,False,False,False
11.955614,500,4599.961699,False,1,True,False,False,False,False,False,False
11.732641,500,4601.062854,False,1,True,False,False,False,False,False,False
12.003929,500,4602.158796,False,1,True,False,False,False,False,False,False
11.547225,500,4603.27375,False,1,True,False,False,False,False,False,False
11.371568,500,4605.522626,False,1,True,False,False,False,False,False,False
11.679716,500,4606.630712,False,1,True,False,False,False,False,False,False
11.499464,500,4607.741323,False,1,True,False,False,False,False,False,False
11.699721,500,4608.846453,False,1,True,False,False,False,False,False,False
11.826241,500,4611.363863,False,1,True,False,False,False,False,False,False
11.571812,500,4612.473951,False,1,True,False,False,False,False,False,False
11.664103,500,4613.578711,False,1,True,False,False,False,False,False,False
11.687056,500,4614.690012,False,1,True,False,False,False,False,False,False
11.47677,500,4617.433363,False,1,True,False,False,False,False,False,False
11.386357,500,4618.554655,False,1,True,False,False,False,False,False,False
11.671606,500,4619.651836,False,1,True,False,False,False,False,False,False
11.855859,500,4620.759533,False,1,True,False,False,False,False,False,False
11.701293,500,4623.424825,False,1,True,False,False,False,False,False,False
12.058429,500,4624.533338,False,1,True,False,False,False,False,False,False
11.690604,500,4625.642926,False,1,True,False,False,False,False,False,False
11.828495,500,4626.769283,False,1,True,False,False,False,False,False,False
11.418233,500,4629.388807,False,1,True,False,False,False,False,False,False
11.585647,500,4630.49046,False,1,True,False,False,False,False,False,False
11.729511,500,4631.583498,False,1,True,False,False,False,False,False,False
11.943557,500,4632.675284,False,1,True,False,False,False,False,False,False
11.670044,500,4634.986613,False,1,True,False,False,False,False,False,False
12.068712,500,4636.075859,False,1,True,False,False,False,False,False,False
11.970628,500,4637.170268,False,1,True,False,False,False,False,False,False
11.649958,500,4638.266997,False,1,True,False,False,False,False,False,False
11.607312,500,4640.883911,False,1,True,False,False,False,False,False,False
11.674919,500,4641.986094,False,1,True,False,False,False,False,False,False
11.464765,500,4643.108907,False,1,True,False,False,False,False,False,False
11.489076,500,4644.218897,False,1,True,False,False,False,False,False,False
12.060188,500,4645.325552,False,1,True,False,False,False,False,False,False
11.805874,500,4647.915687,False,1,True,False,False,False,False,False,False
11.301785,500,4649.017121,False,1,True,False,False,False,False,False,False
11.758261,500,4650.128305,False,1,True,False,False,False,False,False,False
11.972016,500,4651.242792,False,1,True,False,False,False,False,False,False
11.781467,500,4653.87608,False,1,True,False,False,False,False,False,False
11.784888,500,4654.980679,False,1,True,False,False,False,False,False,False
11.624535,500,4656.072625,False,1,True,False,False,False,False,False,False
11.756225,500,4657.174868,False,1,True,False,False,False,False,False,False
11.987145,500,4659.692462,False,1,True,False,False,False,False,False,False
12.045292,500,4660.793531,False,1,True,False,False,False,False,False,False
11.902452,500,4661.903344,False,1,True,False,False,False,False,False,False
11.563761,500,4663.008327,False,1,True,False,False,False,False,False,False
11.690805,500,4715.816124,False,1,True,False,False,False,False,False,False
11.326212,500,4716.939974,False,1,True,False,False,False,False,False,False
12.062158,500,4718.028329,False,1,True,False,False,False,False,False,False
11.688747,500,4719.13869,False,1,True,False,False,False,False,False,False
11.120692,500,4721.672807,False,1,True,False,False,False,False,False,False
12.020061,500,4722.765937,False,1,True,False,False,False,False,False,False
11.418608,500,4723.886712,False,1,True,False,False,False,False,False,False
12.06667,500,4724.986995,False,1,True,False,False,False,False,False,False
11.716539,500,4727.490117,False,1,True,False,False,False,False,False,False
11.697716,500,4728.615034,False,1,True,False,False,False,False,False,False
11.640676,500,4729.709926,False,1,True,False,False,False,False,False,False
11.960394,500,4730.805345,False,1,True,False,False,False,False,False,False
11.844967,500,4733.371624,False,1,True,False,False,False,False,False,False
0.778827,500,4734.459636,False,1,False,False,False,False,False,False,False
11.587836,500,4735.56294,False,1,True,False,False,False,False,False,False
11.63505,500,4736.670244,False,1,True,False,False,False,False,False,False
12.000291,500,4739.065062,False,1,True,False,False,False,False,False,False
11.726975,500,4740.162818,False,1,True,False,False,False,False,False,False
11.578432,500,4741.259866,False,1,True,False,False,False,False,False,False
11.800381,500,4742.35678,False,1,True,False,False,False,False,False,False
11.596514,500,4744.342515,False,1,True,False,False,False,False,False,False
11.710235,500,4745.451615,False,1,True,False,False,False,False,False,False
11.440095,500,4746.560864,False,1,True,False,False,False,False,False,False
11.732086,500,4747.669442,False,1,True,False,False,False,False,False,False
11.824569,500,4750.258892,False,1,True,False,False,False,False,False,False
11.892636,500,4751.3642,False,1,True,False,False,False,False,False,False
11.799826,500,4752.473366,False,1,True,False,False,False,False,False,False
11.580646,500,4753.580725,False,1,True,False,False,False,False,False,False
11.611698,500,4754.685105,False,1,True,False,False,False,False,False,False
11.760558,500,4757.149409,False,1,True,False,False,False,False,False,False
11.663182,500,4758.265445,False,1,True,False,False,False,False,False,False
11.660903,500,4759.420319,False,1,True,False,False,False,False,False,False
11.655316,500,4760.548118,False,1,True,False,False,False,False,False,False
11.596222,500,4762.931779,False,1,True,False,False,False,False,False,False
11.733221,500,4764.019582,False,1,True,False,False,False,False,False,False
11.738695,500,4765.112285,False,1,True,False,False,False,False,False,False
11.787647,500,4766.213669,False,1,True,False,False,False,False,False,False
11.725399,500,4768.922356,False,1,True,False,False,False,False,False,False
11.718251,500,4770.030502,False,1,True,False,False,False,False,False,False
11.858129,500,4771.134386,False,1,True,False,False,False,False,False,False
11.651044,500,4772.227139,False,1,True,False,False,False,False,False,False
11.663048,500,4773.6182,False,1,True,False,False,False,False,False,False
11.755526,500,4774.72156,False,1,True,False,False,False,False,False,False
11.98029,500,4775.825381,False,1,True,False,False,False,False,False,False
11.713542,500,4776.918142,False,1,True,False,False,False,False,False,False
11.631342,500,4779.312159,False,1,True,False,False,False,False,False,False
11.77465,500,4780.40796,False,1,True,False,False,False,False,False,False
12.039586,500,4781.511142,False,1,True,False,False,False,False,False,False
11.669213,500,4782.618961,False,1,True,False,False,False,False,False,False
11.970359,500,4785.31881,False,1,True,False,False,False,False,False,False
