#{"t_start": 1791327917.260417, "env_id": "None"}
r,l,t,is_success,curriculum_stage,reach_success,grasp_success,lift_success,transport_success,above_cup_success,correct_release,placement_success
-2.205709,500,2.359281,False,1,False,False,False,False,False,False,False
-3.989908,500,3.407981,False,1,False,False,False,False,False,False,False
-6.923598,500,4.470118,False,1,False,False,False,False,False,False,False
0.95224,500,5.519567,False,1,False,False,False,False,False,False,False
-3.432296,500,7.900464,False,1,False,False,False,False,False,False,False
-5.833727,500,8.950472,False,1,False,False,False,False,False,False,False
0.171329,500,10.040067,False,1,False,False,False,False,False,False,False
-5.486392,500,11.089118,False,1,False,False,False,False,False,False,False
0.464471,500,13.406027,False,1,False,False,False,False,False,False,False
-0.276332,500,14.456506,False,1,False,False,False,False,False,False,False
-0.191832,500,15.523362,False,1,False,False,False,False,False,False,False
2.053926,500,16.610296,False,1,False,False,False,False,False,False,False
0.320567,500,18.979681,False,1,False,False,False,False,False,False,False
8.799815,500,20.095353,False,1,False,False,False,False,False,False,False
-0.762526,500,21.186941,False,1,False,False,False,False,False,False,False
-3.9375,500,22.234008,False,1,False,False,False,False,False,False,False
-4.114481,500,24.60142,False,1,False,False,False,False,False,False,False
8.745992,500,25.710435,False,1,False,False,False,False,False,False,False
6.324361,500,26.819141,False,1,False,False,False,False,False,False,False
-6.204808,500,27.867261,False,1,False,False,False,False,False,False,False
-1.869101,500,30.20229,False,1,False,False,False,False,False,False,False
2.837753,500,31.385104,False,1,False,False,False,False,False,False,False
4.3053,500,32.506033,False,1,False,False,False,False,False,False,False
3.228526,500,33.58346,False,1,False,False,False,False,False,False,False
2.399426,500,35.940904,False,1,False,False,False,False,False,False,False
3.894471,500,37.13215,False,1,False,False,False,False,False,False,False
4.909944,500,38.287171,False,1,False,False,False,False,False,False,False
9.863435,500,39.419551,False,1,False,False,False,False,False,False,False
8.740041,500,41.855583,False,1,False,False,False,False,False,False,False
6.284143,500,43.001812,False,1,False,False,False,False,False,False,False
-1.915652,500,44.106403,False,1,False,False,False,False,False,False,False
6.084558,500,45.23332,False,1,False,False,False,False,False,False,False
5.618037,500,47.619958,False,1,False,False,False,False,False,False,False
1.080455,500,48.810759,False,1,False,False,False,False,False,False,False
3.877389,500,49.993364,False,1,False,False,False,False,False,False,False
9.762224,500,51.120731,False,1,False,False,False,False,False,False,False
7.032627,500,53.505262,False,1,False,False,False,False,False,False,False
6.66618,500,54.615375,False,1,False,False,False,False,False,False,False
4.373277,500,55.788913,False,1,False,False,False,False,False,False,False
0.152945,500,56.966555,False,1,False,False,False,False,False,False,False
8.053665,500,59.395822,False,1,False,False,False,False,False,False,False
2.683343,500,60.543794,False,1,False,False,False,False,False,False,False
2.671161,500,61.708118,False,1,False,False,False,False,False,False,False
2.604321,500,62.877824,False,1,False,False,False,False,False,False,False
6.461221,500,64.061644,False,1,False,False,False,False,False,False,False
3.748665,500,66.490064,False,1,False,False,False,False,False,False,False
0.668671,500,67.662356,False,1,False,False,False,False,False,False,False
4.695254,500,68.860437,False,1,False,False,False,False,False,False,False
4.30548,500,70.027226,False,1,False,False,False,False,False,False,False
3.243518,500,72.484575,False,1,False,False,False,False,False,False,False
5.439645,500,73.684157,False,1,False,False,False,False,False,False,False
2.927161,500,74.839107,False,1,False,False,False,False,False,False,False
3.790275,500,75.980078,False,1,False,False,False,False,False,False,False
6.036168,500,78.397186,False,1,False,False,False,False,False,False,False
5.66107,500,79.526252,False,1,False,False,False,False,False,False,False
6.42077,500,80.704048,False,1,False,False,False,False,False,False,False
4.001382,500,81.888258,False,1,False,False,False,False,False,False,False
7.743612,500,84.421258,False,1,False,False,False,False,False,False,False
6.516428,500,85.563374,False,1,False,False,False,False,False,False,False
8.680376,500,86.706382,False,1,False,False,False,False,False,False,False
5.937244,500,87.849015,False,1,False,False,False,False,False,False,False
6.753301,500,90.429687,False,1,False,False,False,False,False,False,False
7.193321,500,91.598806,False,1,False,False,False,False,False,False,False
7.651918,500,92.757689,False,1,False,False,False,False,False,False,False
6.205612,500,93.89794,False,1,False,False,False,False,False,False,False
6.168084,500,96.269666,False,1,False,False,False,False,False,False,False
5.202054,500,97.389934,False,1,False,False,False,False,False,False,False
1.788128,500,98.500898,False,1,False,False,False,False,False,False,False
7.05306,500,99.618683,False,1,False,False,False,False,False,False,False
5.457361,500,102.064338,False,1,False,True,False,False,False,False,False
7.637186,500,103.217817,False,1,False,False,False,False,False,False,False
1.630288,500,104.346842,False,1,False,False,False,False,False,False,False
7.110593,500,105.463781,False,1,False,False,False,False,False,False,False
4.81944,500,107.944741,False,1,False,False,False,False,False,False,False
2.556303,500,109.100022,False,1,False,False,False,False,False,False,False
1.31797,500,110.260744,False,1,False,False,False,False,False,False,False
5.058698,500,111.419171,False,1,False,False,False,False,False,False,False
7.512103,500,113.836233,False,1,False,True,True,False,False,False,False
0.689182,500,114.944504,False,1,False,False,False,False,False,False,False
5.163866,500,116.065049,False,1,False,False,False,False,False,False,False
5.036927,500,117.189537,False,1,False,False,False,False,False,False,False
3.218632,500,119.543557,False,1,False,False,False,False,False,False,False
0.189931,500,120.644267,False,1,False,False,False,False,False,False,False
4.536358,500,121.779276,False,1,False,False,False,False,False,False,False
10.000641,500,122.933645,False,1,False,False,False,False,False,False,False
6.970481,500,124.082473,False,1,False,False,False,False,False,False,False
3.296443,500,126.426019,False,1,False,False,False,False,False,False,False
7.99363,500,127.588943,False,1,False,True,True,False,False,False,False
6.101168,500,128.740744,False,1,False,True,False,False,False,False,False
4.869232,500,129.829495,False,1,False,False,False,False,False,False,False
1.820203,500,132.360194,False,1,False,True,False,False,False,False,False
7.577491,500,133.492584,False,1,False,False,False,False,False,False,False
6.075219,500,134.627019,False,1,False,False,False,False,False,False,False
2.795301,500,135.766331,False,1,False,False,False,False,False,False,False
1.253481,500,138.148353,False,1,False,False,False,False,False,False,False
6.735793,500,139.316177,False,1,False,False,False,False,False,False,False
-4.792169,500,140.457422,False,1,False,False,False,False,False,False,False
7.42088,500,141.600721,False,1,False,False,False,False,False,False,False
4.628915,500,144.032139,False,1,False,False,False,False,False,False,False
8.920216,500,145.166517,False,1,False,False,False,False,False,False,False
1.434814,500,146.343616,False,1,False,True,False,False,False,False,False
4.937573,500,147.477806,False,1,False,True,False,False,False,False,False
6.019072,500,149.905143,False,1,False,False,False,False,False,False,False
4.966617,500,151.044202,False,1,False,True,False,False,False,False,False
5.22665,500,152.178027,False,1,False,True,False,False,False,False,False
9.489891,500,153.294048,False,1,False,False,False,False,False,False,False
6.812363,500,155.699343,False,1,False,False,False,False,False,False,False
6.293571,500,156.844872,False,1,False,False,False,False,False,False,False
9.34616,500,158.000486,False,1,False,False,False,False,False,False,False
8.257692,500,159.155787,False,1,False,True,True,False,False,False,False
7.537092,500,161.625645,False,1,False,False,False,False,False,False,False
8.564088,500,162.792877,False,1,False,False,False,False,False,False,False
9.794086,500,163.928856,False,1,False,False,False,False,False,False,False
9.136288,500,165.088111,False,1,False,False,False,False,False,False,False
8.517294,500,167.631021,False,1,False,False,False,False,False,False,False
7.991437,500,168.735639,False,1,False,False,False,False,False,False,False
7.285753,500,169.858261,False,1,False,False,False,False,False,False,False
4.740136,500,170.992662,False,1,False,False,False,False,False,False,False
10.27126,500,173.469402,False,1,False,False,False,False,False,False,False
5.902779,500,174.633331,False,1,False,False,False,False,False,False,False
7.457008,500,175.747576,False,1,False,False,False,False,False,False,False
6.571765,500,176.854938,False,1,False,False,False,False,False,False,False
8.728272,500,179.37755,False,1,False,False,False,False,False,False,False
7.778148,500,180.529134,False,1,False,False,False,False,False,False,False
8.084929,500,181.624078,False,1,False,False,False,False,False,False,False
5.684052,500,182.79151,False,1,False,True,False,False,False,False,False
5.667153,500,185.290699,False,1,False,False,False,False,False,False,False
8.481056,500,186.400536,False,1,False,False,False,False,False,False,False
8.802459,500,187.523768,False,1,False,False,False,False,False,False,False
1.563619,500,188.619322,False,1,False,False,False,False,False,False,False
6.606524,500,189.725242,False,1,False,False,False,False,False,False,False
9.123282,500,192.202406,False,1,False,False,False,False,False,False,False
5.939158,500,193.305558,False,1,False,False,False,False,False,False,False
5.7322,500,194.398484,False,1,False,False,False,False,False,False,False
5.596465,500,195.510403,False,1,False,False,False,False,False,False,False
8.358303,500,198.040463,False,1,False,False,False,False,False,False,False
9.313665,500,199.157624,False,1,False,False,False,False,False,False,False
9.497057,500,200.314202,False,1,False,False,False,False,False,False,False
10.125715,500,201.4742,False,1,False,False,False,False,False,False,False
9.309772,500,204.083887,False,1,False,False,False,False,False,False,False
4.499918,500,205.183211,False,1,False,False,False,False,False,False,False
6.30212,500,206.285472,False,1,False,False,False,False,False,False,False
5.283303,500,207.473611,False,1,False,True,False,False,False,False,False
5.718212,500,210.05611,False,1,False,False,False,False,False,False,False
4.50109,500,211.161335,False,1,False,False,False,False,False,False,False
4.00835,500,212.306363,False,1,False,False,False,False,False,False,False
4.914644,500,213.516367,False,1,False,True,True,False,False,False,False
5.043111,500,215.982997,False,1,False,False,False,False,False,False,False
4.960159,500,217.099289,False,1,False,False,False,False,False,False,False
5.864303,500,218.257586,False,1,False,True,False,False,False,False,False
5.961115,500,219.408444,False,1,False,False,False,False,False,False,False
2.249453,500,221.935183,False,1,False,False,False,False,False,False,False
4.279729,500,223.054902,False,1,False,False,False,False,False,False,False
7.355396,500,224.229007,False,1,False,True,False,False,False,False,False
2.920634,500,225.319301,False,1,False,False,False,False,False,False,False
8.268716,500,227.757462,False,1,False,False,False,False,False,False,False
7.137215,500,228.905706,False,1,False,False,False,False,False,False,False
8.894195,500,230.047628,False,1,False,False,False,False,False,False,False
4.429452,500,231.197609,False,1,False,False,False,False,False,False,False
3.956944,500,233.632604,False,1,False,False,False,False,False,False,False
8.775294,500,234.781451,False,1,False,False,False,False,False,False,False
6.946245,500,235.918697,False,1,False,False,False,False,False,False,False
7.848204,500,237.088344,False,1,False,True,False,False,False,False,False
8.327837,500,239.624873,False,1,False,False,False,False,False,False,False
7.795342,500,240.724627,False,1,False,False,False,False,False,False,False
8.922801,500,241.826191,False,1,False,False,False,False,False,False,False
8.964261,500,242.930906,False,1,False,False,False,False,False,False,False
8.620473,500,245.402293,False,1,False,False,False,False,False,False,False
7.193994,500,246.524834,False,1,False,False,False,False,False,False,False
9.629069,500,247.626482,False,1,False,False,False,False,False,False,False
7.304813,500,248.745138,False,1,False,False,False,False,False,False,False
4.951825,500,249.848542,False,1,False,False,False,False,False,False,False
6.924671,500,252.167019,False,1,False,True,False,False,False,False,False
8.203319,500,253.284472,False,1,False,False,False,False,False,False,False
9.03844,500,254.394083,False,1,False,False,False,False,False,False,False
9.065435,500,255.508216,False,1,False,False,False,False,False,False,False
8.785216,500,257.83636,False,1,False,False,False,False,False,False,False
9.321768,500,258.929019,False,1,False,False,False,False,False,False,False
7.936761,500,260.043075,False,1,False,False,False,False,False,False,False
9.435691,500,261.149086,False,1,False,False,False,False,False,False,False
9.644409,500,263.558712,False,1,False,False,False,False,False,False,False
8.097609,500,264.701581,False,1,False,True,True,False,False,False,False
9.310315,500,265.79319,False,1,False,False,False,False,False,False,False
8.768342,500,266.890671,False,1,False,False,False,False,False,False,False
6.765368,500,269.309595,False,1,False,True,False,False,False,False,False
5.671712,500,270.410587,False,1,False,False,False,False,False,False,False
6.403176,500,271.512357,False,1,False,True,False,False,False,False,False
9.307654,500,272.66171,False,1,False,False,False,False,False,False,False
9.629366,500,275.129045,False,1,False,False,False,False,False,False,False
10.898668,500,276.314468,False,1,False,False,False,False,False,False,False
9.641555,500,277.42433,False,1,False,False,False,False,False,False,False
7.065095,500,278.516721,False,1,False,False,False,False,False,False,False
6.460416,500,280.846855,False,1,False,False,False,False,False,False,False
9.154971,500,281.960542,False,1,False,False,False,False,False,False,False
10.501467,500,283.090333,False,1,False,False,False,False,False,False,False
9.774469,500,284.228388,False,1,False,False,False,False,False,False,False
9.251836,500,286.580807,False,1,False,False,False,False,False,False,False
10.522665,500,287.700036,False,1,False,False,False,False,False,False,False
1.401853,500,288.791161,False,1,False,False,False,False,False,False,False
5.054789,500,289.963933,False,1,False,True,False,False,False,False,False
10.886426,500,343.940652,False,1,False,False,False,False,False,False,False
7.882096,500,345.055202,False,1,False,False,False,False,False,False,False
6.559911,500,346.190303,False,1,False,False,False,False,False,False,False
2.959378,500,347.336804,False,1,False,True,False,False,False,False,False
7.822926,500,350.325832,False,1,False,True,False,False,False,False,False
7.830567,500,351.412991,False,1,False,False,False,False,False,False,False
9.376692,500,352.555249,False,1,False,False,False,False,False,False,False
8.409496,500,353.819892,False,1,False,False,False,False,False,False,False
8.633839,500,356.274045,False,1,False,False,False,False,False,False,False
7.729155,500,357.468056,False,1,False,True,False,False,False,False,False
7.803526,500,358.6258,False,1,False,False,False,False,False,False,False
9.068273,500,359.758747,False,1,False,False,False,False,False,False,False
9.90366,500,362.274002,False,1,False,False,False,False,False,False,False
7.022115,500,363.376025,False,1,False,False,False,False,False,False,False
6.245921,500,364.516604,False,1,False,False,False,False,False,False,False
9.618015,500,365.617127,False,1,False,False,False,False,False,False,False
3.785522,500,366.715811,False,1,False,False,False,False,False,False,False
7.324105,500,369.835001,False,1,False,True,False,False,False,False,False
7.149162,500,371.179893,False,1,False,True,False,False,False,False,False
8.4316,500,372.385842,False,1,False,False,False,False,False,False,False
6.812248,500,373.804905,False,1,False,True,False,False,False,False,False
10.886844,500,376.745592,False,1,False,False,False,False,False,False,False
7.752029,500,378.118638,False,1,False,True,False,False,False,False,False
7.26786,500,379.269878,False,1,False,True,False,False,False,False,False
7.217373,500,380.47375,False,1,False,False,False,False,False,False,False
7.695685,500,383.669337,False,1,False,True,False,False,False,False,False
7.768736,500,385.045142,False,1,False,True,False,False,False,False,False
10.779693,500,386.180214,False,1,False,False,False,False,False,False,False
6.134784,500,387.378551,False,1,False,False,False,False,False,False,False
9.398633,500,390.196783,False,1,False,False,False,False,False,False,False
3.155719,500,391.34057,False,1,False,True,False,False,False,False,False
7.881785,500,392.656972,False,1,False,True,False,False,False,False,False
-2.773558,500,393.749348,False,1,False,False,False,False,False,False,False
9.017818,500,396.701901,False,1,False,False,False,False,False,False,False
9.911159,500,397.897564,False,1,False,False,False,False,False,False,False
9.845838,500,399.01966,False,1,False,False,False,False,False,False,False
10.421036,500,400.185081,False,1,False,False,False,False,False,False,False
-1.539292,500,402.73344,False,1,False,False,False,False,False,False,False
9.486205,500,403.866098,False,1,False,False,False,False,False,False,False
1.676761,500,405.014965,False,1,False,True,False,False,False,False,False
8.711275,500,406.146884,False,1,False,False,False,False,False,False,False
7.18293,500,408.948999,False,1,False,False,False,False,False,False,False
7.513356,500,410.05552,False,1,False,False,False,False,False,False,False
6.647661,500,411.186489,False,1,False,False,False,False,False,False,False
7.379501,500,412.336875,False,1,False,True,False,False,False,False,False
10.029815,500,415.406127,False,1,False,False,False,False,False,False,False
5.670164,500,416.521407,False,1,False,False,False,False,False,False,False
5.68119,500,417.618033,False,1,False,False,False,False,False,False,False
0.51326,500,418.742213,False,1,False,False,False,False,False,False,False
9.529504,500,421.705218,False,1,False,False,False,False,False,False,False
-1.486659,500,480.003088,False,1,False,False,False,False,False,False,False
10.565533,500,481.256897,False,1,False,False,False,False,False,False,False
9.641643,500,482.511009,False,1,False,False,False,False,False,False,False
8.896332,500,485.341787,False,1,False,False,False,False,False,False,False
9.577263,500,486.61309,False,1,False,True,True,False,False,False,False
10.404517,500,487.815593,False,1,False,False,False,False,False,False,False
10.397774,500,489.011609,False,1,False,False,False,False,False,False,False
7.900838,500,490.390959,False,1,False,True,False,False,False,False,False
2.651413,500,493.321858,False,1,False,True,False,False,False,False,False
9.862975,500,494.557937,False,1,False,False,False,False,False,False,False
9.440833,500,495.81232,False,1,False,False,False,False,False,False,False
0.291653,500,496.950717,False,1,False,True,True,False,False,False,False
6.534206,500,499.763806,False,1,False,True,True,False,False,False,False
7.136224,500,500.859794,False,1,False,False,False,False,False,False,False
-0.066873,500,501.930717,False,1,False,False,False,False,False,False,False
4.225088,500,503.037327,False,1,False,False,False,False,False,False,False
7.361737,500,506.111464,False,1,False,True,False,False,False,False,False
10.9542,500,507.317555,False,1,False,False,False,False,False,False,False
-1.756639,500,508.512118,False,1,False,False,False,False,False,False,False
7.247361,500,509.615769,False,1,False,False,False,False,False,False,False
9.34397,500,512.566314,False,1,False,False,False,False,False,False,False
4.992878,500,513.73753,False,1,False,True,False,False,False,False,False
10.437271,500,515.066788,False,1,False,False,False,False,False,False,False
7.964726,500,516.297064,False,1,False,False,False,False,False,False,False
10.964605,500,519.204961,False,1,False,False,False,False,False,False,False
10.84282,500,520.35025,False,1,False,False,False,False,False,False,False
11.135883,500,521.601563,False,1,False,False,False,False,False,False,False
8.588734,500,522.867412,False,1,False,False,False,False,False,False,False
6.433478,500,525.915651,False,1,False,False,False,False,False,False,False
9.453249,500,527.08381,False,1,False,True,True,False,False,False,False
7.090393,500,528.355484,False,1,False,True,False,False,False,False,False
9.532995,500,529.662,False,1,False,False,False,False,False,False,False
8.580224,500,532.780175,False,1,False,False,False,False,False,False,False
8.815591,500,533.911041,False,1,False,False,False,False,False,False,False
-2.376142,412,534.843247,False,1,False,True,False,False,False,False,False
10.757356,500,536.054285,False,1,False,True,True,False,False,False,False
2.844491,500,539.007732,False,1,False,True,False,False,False,False,False
6.9567,500,540.344548,False,1,False,True,False,False,False,False,False
9.13775,500,541.586871,False,1,False,False,False,False,False,False,False
11.291944,500,542.828463,False,1,False,False,False,False,False,False,False
9.843171,500,545.857181,False,1,False,False,False,False,False,False,False
7.552986,500,547.070221,False,1,False,False,False,False,False,False,False
7.075725,500,548.399764,False,1,False,True,False,False,False,False,False
7.824532,500,549.663964,False,1,False,True,False,False,False,False,False
10.228525,500,550.966699,False,1,False,False,False,False,False,False,False
10.32869,500,553.465484,False,1,False,False,False,False,False,False,False
8.143187,500,554.777799,False,1,False,False,False,False,False,False,False
8.77379,500,555.872073,False,1,False,False,False,False,False,False,False
9.807597,500,557.143406,False,1,False,False,False,False,False,False,False
5.671504,500,559.576913,False,1,False,False,False,False,False,False,False
9.920093,500,614.085062,False,1,False,False,False,False,False,False,False
10.446227,500,615.296844,False,1,False,False,False,False,False,False,False
11.040667,500,616.464523,False,1,False,False,False,False,False,False,False
9.255051,500,619.5586,False,1,False,False,False,False,False,False,False
10.39761,500,620.832499,False,1,False,False,False,False,False,False,False
8.427551,500,622.104984,False,1,False,False,False,False,False,False,False
7.55141,500,623.463306,False,1,False,False,False,False,False,False,False
6.386582,500,626.541069,False,1,False,False,False,False,False,False,False
8.012843,500,627.714459,False,1,False,False,False,False,False,False,False
9.661887,500,629.01996,False,1,False,False,False,False,False,False,False
6.889565,500,630.258613,False,1,False,False,False,False,False,False,False
8.311905,500,633.230541,False,1,False,False,False,False,False,False,False
12.390063,500,634.554711,False,1,True,False,False,False,False,False,False
9.857133,500,635.840307,False,1,False,False,False,False,False,False,False
9.922208,500,637.077815,False,1,False,False,False,False,False,False,False
13.059296,500,640.192047,False,1,True,False,False,False,False,False,False
9.712103,500,641.46831,False,1,False,False,False,False,False,False,False
8.91918,500,642.753283,False,1,False,False,False,False,False,False,False
10.081384,500,644.044699,False,1,False,False,False,False,False,False,False
8.530577,500,647.179179,False,1,False,False,False,False,False,False,False
9.59631,500,648.43185,False,1,False,False,False,False,False,False,False
8.808392,500,649.706316,False,1,False,False,False,False,False,False,False
9.175316,500,651.016396,False,1,False,False,False,False,False,False,False
8.533052,500,654.0307,False,1,False,False,False,False,False,False,False
13.819506,500,655.278615,False,1,True,False,False,False,False,False,False
11.323992,500,656.503724,False,1,False,False,False,False,False,False,False
9.466845,500,657.849335,False,1,False,False,False,False,False,False,False
8.287743,500,660.99852,False,1,False,False,False,False,False,False,False
6.628505,500,662.348604,False,1,False,True,False,False,False,False,False
9.769667,500,663.666421,False,1,False,False,False,False,False,False,False
9.342786,500,665.039981,False,1,True,True,False,False,False,False,False
8.24142,500,668.165006,False,1,False,True,False,False,False,False,False
8.571343,500,669.52543,False,1,False,True,False,False,False,False,False
9.624387,500,670.86455,False,1,False,False,False,False,False,False,False
0.644173,500,671.955955,False,1,False,False,False,False,False,False,False
7.745871,500,673.287366,False,1,False,False,False,False,False,False,False
6.516742,500,676.343136,False,1,False,True,False,False,False,False,False
10.446541,500,677.739689,False,1,True,True,False,False,False,False,False
8.443606,500,679.048363,False,1,False,True,False,False,False,False,False
8.53416,500,680.394812,False,1,False,False,False,False,False,False,False
8.290242,500,683.589398,False,1,False,True,False,False,False,False,False
10.113321,500,684.970756,False,1,True,True,False,False,False,False,False
11.831276,500,686.307234,False,1,True,True,False,False,False,False,False
10.475412,500,687.650124,False,1,True,True,False,False,False,False,False
8.292722,500,690.635479,False,1,False,True,False,False,False,False,False
10.078619,500,691.910969,False,1,False,False,False,False,False,False,False
7.978024,500,693.255278,False,1,False,True,False,False,False,False,False
10.376776,500,694.565168,False,1,False,False,False,False,False,False,False
11.541939,500,697.670116,False,1,True,True,False,False,False,False,False
10.960697,500,698.93122,False,1,True,True,False,False,False,False,False
9.316729,500,774.118484,False,1,False,False,False,False,False,False,False
11.464039,500,775.405473,False,1,True,True,False,False,False,False,False
8.392456,500,778.163416,False,1,False,True,False,False,False,False,False
9.3684,500,779.434546,False,1,True,True,False,False,False,False,False
11.115986,500,780.788817,False,1,True,True,False,False,False,False,False
7.617595,500,782.145233,False,1,False,False,False,False,False,False,False
11.108316,500,785.33064,False,1,True,True,False,False,False,False,False
9.232183,500,786.661967,False,1,True,True,False,False,False,False,False
8.273239,500,787.989298,False,1,False,False,False,False,False,False,False
7.863627,500,789.306588,False,1,False,True,False,False,False,False,False
5.956022,500,792.42646,False,1,False,True,False,False,False,False,False
10.731689,500,793.822025,False,1,True,True,False,False,False,False,False
8.929056,500,795.162072,False,1,False,False,False,False,False,False,False
8.815585,500,796.539537,False,1,False,False,False,False,False,False,False
8.373607,500,799.653302,False,1,False,True,False,False,False,False,False
9.874001,500,800.985921,False,1,False,False,False,False,False,False,False
10.181067,500,802.368229,False,1,False,False,False,False,False,False,False
8.312012,500,803.767625,False,1,False,True,False,False,False,False,False
9.906305,500,806.859664,False,1,False,False,False,False,False,False,False
10.090964,500,808.220691,False,1,False,False,False,False,False,False,False
9.534694,500,809.604665,False,1,False,False,False,False,False,False,False
10.758853,500,810.9406,False,1,True,True,False,False,False,False,False
2.523004,500,813.858924,False,1,False,False,False,False,False,False,False
-6.617999,500,815.062942,False,1,False,False,False,False,False,False,False
8.157081,500,816.391166,False,1,False,True,False,False,False,False,False
11.023984,500,817.691586,False,1,False,False,False,False,False,False,False
13.106903,500,818.961782,False,1,True,False,False,False,False,False,False
13.722743,500,821.620682,False,1,True,False,False,False,False,False,False
10.553038,500,822.901463,False,1,False,False,False,False,False,False,False
8.90774,500,824.216674,False,1,False,False,False,False,False,False,False
9.586702,500,825.512366,False,1,False,False,False,False,False,False,False
8.673987,500,828.270713,False,1,False,False,False,False,False,False,False
10.871459,500,829.544372,False,1,True,True,False,False,False,False,False
4.162217,500,830.623249,False,1,False,False,False,False,False,False,False
10.884749,500,831.982109,False,1,True,True,False,False,False,False,False
10.376587,500,834.846375,False,1,True,True,False,False,False,False,False
13.679983,500,836.122495,False,1,True,False,False,False,False,False,False
10.840073,500,837.391494,False,1,False,False,False,False,False,False,False
10.78331,500,838.726487,False,1,False,False,False,False,False,False,False
9.553715,500,841.911876,False,1,True,True,False,False,False,False,False
9.96144,500,843.210552,False,1,False,False,False,False,False,False,False
8.326546,500,844.48123,False,1,False,False,False,False,False,False,False
7.675665,500,845.75872,False,1,False,False,False,False,False,False,False
-2.022299,500,848.330288,False,1,False,True,False,False,False,False,False
7.023858,500,849.606545,False,1,False,False,False,False,False,False,False
9.699295,500,850.861001,False,1,False,False,False,False,False,False,False
0.849724,500,851.978287,False,1,False,True,False,False,False,False,False
1.830087,500,854.623662,False,1,False,True,False,False,False,False,False
10.171847,500,855.895909,False,1,True,True,False,False,False,False,False
11.402446,500,857.161918,False,1,True,False,False,False,False,False,False
5.6035,500,933.243905,False,1,False,True,False,False,False,False,False
9.717085,500,936.143422,False,1,False,True,True,False,False,False,False
10.551911,500,937.369584,False,1,False,False,False,False,False,False,False
10.15828,500,938.507311,False,1,False,False,False,False,False,False,False
10.681051,500,939.814818,False,1,True,True,False,False,False,False,False
13.525843,500,942.626662,False,1,True,False,False,False,False,False,False
13.58354,500,943.907369,False,1,True,False,False,False,False,False,False
7.569591,500,945.044753,False,1,False,False,False,False,False,False,False
6.686314,500,946.351632,False,1,False,False,False,False,False,False,False
10.595701,500,949.179961,False,1,True,False,False,False,False,False,False
14.04098,500,950.419334,False,1,True,False,False,False,False,False,False
11.247924,500,951.634475,False,1,False,False,False,False,False,False,False
10.392097,500,952.867936,False,1,False,False,False,False,False,False,False
9.968415,500,955.54184,False,1,True,True,False,False,False,False,False
8.486476,500,956.881521,False,1,True,True,False,False,False,False,False
6.434562,500,957.956927,False,1,False,False,False,False,False,False,False
13.198477,500,959.23556,False,1,True,False,False,False,False,False,False
6.717773,500,961.921232,False,1,True,True,False,False,False,False,False
12.341491,500,963.194435,False,1,True,False,False,False,False,False,False
10.550067,500,964.4632,False,1,False,False,False,False,False,False,False
12.971984,500,965.718288,False,1,True,False,False,False,False,False,False
13.607729,500,966.973027,False,1,True,False,False,False,False,False,False
12.423273,500,969.937719,False,1,True,False,False,False,False,False,False
12.227529,500,971.279947,False,1,True,True,True,False,False,False,False
12.292001,500,972.59628,False,1,True,False,False,False,False,False,False
11.068091,500,973.882839,False,1,False,False,False,False,False,False,False
10.975986,500,976.575571,False,1,False,False,False,False,False,False,False
10.731383,500,977.813701,False,1,False,False,False,False,False,False,False
11.357256,500,979.131431,False,1,True,True,False,False,False,False,False
10.510559,500,980.398171,False,1,False,False,False,False,False,False,False
10.621891,500,983.235495,False,1,True,True,False,False,False,False,False
13.619891,500,984.539335,False,1,True,False,False,False,False,False,False
13.81981,500,985.811137,False,1,True,False,False,False,False,False,False
11.034215,500,987.079634,False,1,False,False,False,False,False,False,False
10.716014,500,989.939349,False,1,False,False,False,False,False,False,False
11.762995,500,991.227933,False,1,True,False,False,False,False,False,False
12.290706,500,992.516358,False,1,True,False,False,False,False,False,False
10.008862,500,993.876859,False,1,True,True,False,False,False,False,False
12.6387,500,996.72469,False,1,True,False,False,False,False,False,False
13.745348,500,998.002523,False,1,True,False,False,False,False,False,False
10.01573,500,999.271604,False,1,False,False,False,False,False,False,False
11.206591,500,1000.599536,False,1,True,True,False,False,False,False,False
10.363146,500,1003.413502,False,1,False,False,False,False,False,False,False
12.611226,500,1004.702625,False,1,True,False,False,False,False,False,False
10.333205,500,1005.991518,False,1,True,True,False,False,False,False,False
12.670942,500,1007.283636,False,1,True,False,False,False,False,False,False
13.034766,500,1009.954323,False,1,True,False,False,False,False,False,False
13.657356,500,1011.248437,False,1,True,False,False,False,False,False,False
11.840194,500,1012.53504,False,1,True,False,False,False,False,False,False
9.658187,500,1013.851286,False,1,True,True,False,False,False,False,False
11.113038,500,1097.072406,False,1,True,True,False,False,False,False,False
12.723666,500,1098.379521,False,1,True,False,False,False,False,False,False
11.013193,500,1099.699656,False,1,True,True,False,False,False,False,False
-0.822473,500,1100.758091,False,1,False,False,False,False,False,False,False
12.88853,500,1103.606445,False,1,True,False,False,False,False,False,False
9.665048,500,1104.900615,False,1,True,True,False,False,False,False,False
13.01321,500,1106.160364,False,1,True,False,False,False,False,False,False
6.418585,500,1107.228572,False,1,False,False,False,False,False,False,False
11.855938,500,1110.077107,False,1,True,False,False,False,False,False,False
10.692906,500,1111.401742,False,1,True,True,False,False,False,False,False
14.284306,500,1112.70967,False,1,True,False,False,False,False,False,False
6.544397,500,1114.020562,False,1,False,False,False,False,False,False,False
12.896218,500,1115.311157,False,1,True,False,False,False,False,False,False
14.226577,500,1118.242153,False,1,True,False,False,False,False,False,False
13.473974,500,1119.503887,False,1,True,False,False,False,False,False,False
14.022599,500,1120.783791,False,1,True,False,False,False,False,False,False
10.92249,500,1122.095951,False,1,True,True,False,False,False,False,False
10.966274,500,1124.973224,False,1,True,True,False,False,False,False,False
11.530766,500,1126.25336,False,1,True,True,False,False,False,False,False
10.458314,500,1127.58943,False,1,True,True,False,False,False,False,False
11.935547,500,1128.92656,False,1,True,True,False,False,False,False,False
14.077682,500,1131.715923,False,1,True,False,False,False,False,False,False
7.804172,500,1133.003795,False,1,False,True,False,False,False,False,False
13.789628,500,1134.27697,False,1,True,False,False,False,False,False,False
7.839706,500,1135.48654,False,1,False,False,False,False,False,False,False
9.656694,500,1138.393295,False,1,False,False,False,False,False,False,False
8.947421,500,1139.513338,False,1,False,False,False,False,False,False,False
10.408024,500,1140.808982,False,1,True,True,False,False,False,False,False
13.235942,500,1142.08398,False,1,True,False,False,False,False,False,False
9.768484,500,1144.640069,False,1,False,False,False,False,False,False,False
13.812432,500,1145.903449,False,1,True,False,False,False,False,False,False
14.011496,500,1147.170964,False,1,True,False,False,False,False,False,False
8.840948,500,1148.492619,False,1,True,True,False,False,False,False,False
13.181274,500,1151.148737,False,1,True,False,False,False,False,False,False
7.65203,500,1152.300883,False,1,False,True,False,False,False,False,False
12.419352,500,1153.620241,False,1,True,False,False,False,False,False,False
7.598015,500,1154.708491,False,1,False,False,False,False,False,False,False
7.780796,500,1157.285331,False,1,False,False,False,False,False,False,False
9.26856,500,1158.630441,False,1,True,True,False,False,False,False,False
12.936535,500,1159.887117,False,1,True,False,False,False,False,False,False
9.00052,500,1161.200573,False,1,False,False,False,False,False,False,False
11.947967,500,1164.089615,False,1,True,False,False,False,False,False,False
12.84356,500,1165.4169,False,1,True,False,False,False,False,False,False
13.887108,500,1166.688513,False,1,True,False,False,False,False,False,False
13.351612,500,1167.950016,False,1,True,False,False,False,False,False,False
9.208333,500,1170.866857,False,1,False,False,False,False,False,False,False
10.411237,500,1172.194362,False,1,True,True,False,False,False,False,False
14.172766,500,1173.450289,False,1,True,False,False,False,False,False,False
12.794292,500,1174.707576,False,1,True,False,False,False,False,False,False
10.326485,500,1177.53209,False,1,True,True,False,False,False,False,False
11.051137,500,1245.82691,False,1,True,True,False,False,False,False,False
9.90613,500,1247.180075,False,1,True,True,False,False,False,False,False
6.052155,500,1248.280978,False,1,False,True,False,False,False,False,False
11.465695,500,1250.987963,False,1,True,False,False,False,False,False,False
12.183608,500,1252.297101,False,1,True,False,False,False,False,False,False
11.983635,500,1253.61259,False,1,True,False,False,False,False,False,False
13.311757,500,1254.907711,False,1,True,False,False,False,False,False,False
7.038072,500,1256.007901,False,1,False,False,False,False,False,False,False
8.574096,500,1258.590948,False,1,True,True,False,False,False,False,False
13.360541,500,1259.83687,False,1,True,False,False,False,False,False,False
12.553478,500,1261.102563,False,1,True,False,False,False,False,False,False
12.862198,500,1262.361976,False,1,True,False,False,False,False,False,False
14.029254,500,1264.946675,False,1,True,False,False,False,False,False,False
13.186418,500,1266.235387,False,1,True,False,False,False,False,False,False
10.407972,500,1267.533153,False,1,True,True,False,False,False,False,False
7.295504,500,1268.770949,False,1,False,True,False,False,False,False,False
3.312529,500,1271.108675,False,1,False,False,False,False,False,False,False
14.252558,500,1272.360638,False,1,True,False,False,False,False,False,False
13.052139,500,1273.61194,False,1,True,False,False,False,False,False,False
9.674529,500,1274.920209,False,1,True,True,False,False,False,False,False
8.554671,500,1277.309345,False,1,False,False,False,False,False,False,False
11.936361,500,1278.592299,False,1,True,False,False,False,False,False,False
13.262081,500,1279.868682,False,1,True,False,False,False,False,False,False
13.340639,500,1281.1192,False,1,True,False,False,False,False,False,False
10.398449,500,1283.9112,False,1,False,False,False,False,False,False,False
13.566137,500,1285.20541,False,1,True,False,False,False,False,False,False
13.42429,500,1286.484061,False,1,True,False,False,False,False,False,False
13.772297,500,1287.763847,False,1,True,False,False,False,False,False,False
14.130399,500,1290.337907,False,1,True,False,False,False,False,False,False
9.301256,500,1291.601107,False,1,False,False,False,False,False,False,False
12.748649,500,1293.023751,False,1,False,True,True,False,False,False,False
14.059695,500,1294.293992,False,1,True,False,False,False,False,False,False
11.091294,500,1296.913433,False,1,True,True,False,False,False,False,False
12.377925,500,1298.202494,False,1,True,False,False,False,False,False,False
10.065234,500,1299.53685,False,1,True,True,False,False,False,False,False
12.164212,500,1300.827975,False,1,True,False,False,False,False,False,False
11.233213,500,1303.382581,False,1,True,True,False,False,False,False,False
13.581415,500,1304.661494,False,1,True,False,False,False,False,False,False
2.866045,500,1305.748764,False,1,False,False,False,False,False,False,False
12.243724,500,1307.058045,False,1,True,False,False,False,False,False,False
10.339138,500,1309.763402,False,1,True,False,False,False,False,False,False
12.020193,500,1311.046767,False,1,True,False,False,False,False,False,False
13.388462,500,1312.295236,False,1,True,False,False,False,False,False,False
13.776402,500,1313.547092,False,1,True,False,False,False,False,False,False
10.195249,500,1316.123323,False,1,True,True,False,False,False,False,False
12.940574,500,1317.371245,False,1,True,False,False,False,False,False,False
7.799287,500,1318.46435,False,1,False,True,False,False,False,False,False
9.38593,500,1319.719542,False,1,False,False,False,False,False,False,False
13.732932,500,1320.96734,False,1,True,False,False,False,False,False,False
12.355234,500,1323.396037,False,1,True,False,False,False,False,False,False
16.626706,500,1391.618001,False,1,True,True,True,False,False,False,False
10.03883,500,1392.925129,False,1,True,True,False,False,False,False,False
13.135483,500,1394.189041,False,1,True,False,False,False,False,False,False
12.735653,500,1397.064532,False,1,True,False,False,False,False,False,False
12.718306,500,1398.318173,False,1,True,False,False,False,False,False,False
12.578748,500,1399.59122,False,1,True,False,False,False,False,False,False
10.582158,500,1400.87213,False,1,True,True,False,False,False,False,False
13.137539,500,1403.676233,False,1,True,False,False,False,False,False,False
11.402264,500,1404.988595,False,1,True,True,False,False,False,False,False
12.922948,500,1406.293907,False,1,True,False,False,False,False,False,False
11.1294,500,1407.658941,False,1,True,True,False,False,False,False,False
12.5848,500,1410.723249,False,1,True,False,False,False,False,False,False
10.481292,500,1411.96107,False,1,False,False,False,False,False,False,False
11.847175,500,1413.305104,False,1,True,True,False,False,False,False,False
12.939289,500,1414.666218,False,1,True,False,False,False,False,False,False
13.099382,500,1417.751069,False,1,True,False,False,False,False,False,False
13.143843,500,1419.137028,False,1,True,False,False,False,False,False,False
12.384435,500,1420.45116,False,1,True,False,False,False,False,False,False
11.833657,500,1421.723634,False,1,True,False,False,False,False,False,False
13.600823,500,1424.481898,False,1,True,False,False,False,False,False,False
14.451302,500,1425.831545,False,1,True,True,True,False,False,False,False
11.246238,500,1427.120027,False,1,True,True,False,False,False,False,False
18.021768,500,1428.848421,False,1,False,True,True,False,False,False,False
10.800133,500,1431.804467,False,1,False,False,False,False,False,False,False
13.557043,500,1433.099449,False,1,True,False,False,False,False,False,False
11.796421,500,1434.427534,False,1,True,True,False,False,False,False,False
11.589179,500,1435.743333,False,1,True,True,False,False,False,False,False
13.882678,500,1438.66046,False,1,True,False,False,False,False,False,False
10.164212,500,1439.926571,False,1,False,False,False,False,False,False,False
11.772056,500,1441.245609,False,1,True,True,False,False,False,False,False
10.353798,500,1442.544919,False,1,False,False,False,False,False,False,False
13.967647,500,1445.438821,False,1,True,False,False,False,False,False,False
10.990343,500,1446.742135,False,1,False,False,False,False,False,False,False
13.928905,500,1448.064103,False,1,True,False,False,False,False,False,False
13.367152,500,1449.344574,False,1,True,False,False,False,False,False,False
13.672684,500,1452.082901,False,1,True,False,False,False,False,False,False
10.467952,500,1453.375336,False,1,False,False,False,False,False,False,False
13.018719,500,1454.628067,False,1,True,False,False,False,False,False,False
10.422502,500,1455.977662,False,1,True,True,False,False,False,False,False
13.576054,500,1457.255565,False,1,True,False,False,False,False,False,False
11.531444,500,1460.101172,False,1,True,True,False,False,False,False,False
10.818175,500,1461.494308,False,1,True,True,False,False,False,False,False
8.568832,500,1462.904425,False,1,False,True,False,False,False,False,False
13.781697,500,1464.159212,False,1,True,False,False,False,False,False,False
11.250075,500,1466.86729,False,1,True,True,False,False,False,False,False
12.916883,500,1468.13506,False,1,True,False,False,False,False,False,False
8.733549,500,1469.207526,False,1,False,False,False,False,False,False,False
11.458912,500,1470.401485,False,1,False,True,True,False,False,False,False
13.630143,500,1472.950186,False,1,True,False,False,False,False,False,False
10.195093,500,1474.300951,False,1,True,True,False,False,False,False,False
10.291343,500,1546.767565,False,1,True,True,False,False,False,False,False
6.496572,500,1547.897998,False,1,False,True,False,False,False,False,False
13.68299,500,1551.052725,False,1,True,False,False,False,False,False,False
10.668653,500,1552.363236,False,1,False,False,False,False,False,False,False
11.370229,500,1553.775758,False,1,True,True,False,False,False,False,False
11.280319,500,1555.10986,False,1,True,True,False,False,False,False,False
9.364366,500,1558.433213,False,1,False,False,False,False,False,False,False
11.419569,500,1559.787431,False,1,True,True,False,False,False,False,False
11.892666,500,1561.156012,False,1,True,True,False,False,False,False,False
10.366408,500,1562.517118,False,1,True,True,False,False,False,False,False
13.559501,500,1565.470162,False,1,True,False,False,False,False,False,False
7.652513,500,1566.776013,False,1,False,False,False,False,False,False,False
6.592457,500,1567.962576,False,1,False,True,False,False,False,False,False
9.966446,500,1569.247658,False,1,False,False,False,False,False,False,False
11.381832,500,1572.32437,False,1,True,True,False,False,False,False,False
13.319288,500,1573.638224,False,1,True,False,False,False,False,False,False
10.816997,500,1574.967206,False,1,False,False,False,False,False,False,False
9.964138,500,1576.287277,False,1,False,False,False,False,False,False,False
9.381017,500,1579.428718,False,1,False,False,False,False,False,False,False
12.745524,500,1580.721661,False,1,True,False,False,False,False,False,False
13.531023,500,1582.016808,False,1,True,False,False,False,False,False,False
11.140727,500,1583.318894,False,1,True,True,False,False,False,False,False
17.255643,500,1586.514261,False,1,False,True,True,False,False,False,False
13.360026,500,1587.811122,False,1,True,False,False,False,False,False,False
12.991718,500,1589.066247,False,1,True,False,False,False,False,False,False
13.20714,500,1590.342868,False,1,True,False,False,False,False,False,False
10.048415,500,1593.48118,False,1,False,False,False,False,False,False,False
12.210943,500,1594.768545,False,1,True,False,False,False,False,False,False
8.589095,500,1595.870508,False,1,False,False,False,False,False,False,False
7.460131,500,1597.19425,False,1,False,True,False,False,False,False,False
13.052395,500,1600.248632,False,1,True,False,False,False,False,False,False
11.503768,500,1601.527423,False,1,True,False,False,False,False,False,False
10.448222,500,1602.82864,False,1,False,False,False,False,False,False,False
10.97207,500,1604.246312,False,1,True,True,False,False,False,False,False
11.213618,500,1605.60984,False,1,True,True,False,False,False,False,False
11.18213,500,1608.324039,False,1,True,True,False,False,False,False,False
12.915561,500,1609.601651,False,1,True,False,False,False,False,False,False
12.442579,500,1610.870978,False,1,True,False,False,False,False,False,False
10.715906,500,1612.173839,False,1,True,True,False,False,False,False,False
9.217786,500,1615.213592,False,1,False,False,False,False,False,False,False
8.860422,500,1616.535944,False,1,True,True,False,False,False,False,False
12.783203,500,1617.834199,False,1,True,False,False,False,False,False,False
12.782519,500,1619.103767,False,1,True,False,False,False,False,False,False
11.015565,500,1622.225857,False,1,True,True,False,False,False,False,False
10.840945,500,1623.536014,False,1,True,True,False,False,False,False,False
19.125842,500,1624.83494,False,1,True,True,True,False,False,False,False
11.081203,500,1626.163975,False,1,True,True,False,False,False,False,False
11.738883,500,1629.304141,False,1,True,True,False,False,False,False,False
12.837779,500,1630.635912,False,1,True,False,False,False,False,False,False
18.295364,500,1631.959001,False,1,True,True,True,False,False,False,False
10.873184,500,1699.474517,False,1,True,True,False,False,False,False,False
12.316448,500,1702.234661,False,1,True,False,False,False,False,False,False
12.035833,500,1703.541241,False,1,True,False,False,False,False,False,False
8.82322,500,1704.606834,False,1,False,False,False,False,False,False,False
5.936421,500,1705.688187,False,1,False,False,False,False,False,False,False
10.970627,500,1708.561397,False,1,True,True,False,False,False,False,False
11.818927,500,1709.856499,False,1,True,False,False,False,False,False,False
10.430599,500,1711.174983,False,1,True,True,False,False,False,False,False
9.782491,500,1712.573481,False,1,True,True,False,False,False,False,False
9.999821,500,1715.595413,False,1,True,True,False,False,False,False,False
11.334892,500,1716.941562,False,1,True,True,False,False,False,False,False
4.959297,500,1718.089168,False,1,False,True,False,False,False,False,False
10.042125,500,1719.474653,False,1,True,True,False,False,False,False,False
10.268184,500,1722.089652,False,1,False,True,True,False,False,False,False
9.8887,500,1723.439021,False,1,True,True,False,False,False,False,False
11.809246,500,1724.73921,False,1,True,False,False,False,False,False,False
11.167119,500,1726.068764,False,1,True,True,False,False,False,False,False
10.456737,500,1729.018982,False,1,True,True,False,False,False,False,False
10.451813,500,1730.360074,False,1,True,True,False,False,False,False,False
12.306084,500,1731.669409,False,1,True,False,False,False,False,False,False
11.820668,500,1733.020264,False,1,True,True,False,False,False,False,False
10.328415,500,1735.868367,False,1,True,True,False,False,False,False,False
11.130124,500,1737.188997,False,1,True,True,False,False,False,False,False
7.155808,500,1738.443572,False,1,False,True,True,False,False,False,False
10.970766,500,1739.747185,False,1,True,True,False,False,False,False,False
10.925091,500,1741.106677,False,1,True,True,False,False,False,False,False
10.82603,500,1743.970516,False,1,True,True,False,False,False,False,False
13.157737,500,1745.241586,False,1,True,False,False,False,False,False,False
17.730262,500,1746.654844,False,1,True,True,True,False,False,False,False
11.418304,500,1747.97778,False,1,True,True,False,False,False,False,False
11.569712,500,1750.78982,False,1,True,True,False,False,False,False,False
10.908171,500,1752.172586,False,1,True,True,False,False,False,False,False
10.7686,500,1753.467213,False,1,True,True,False,False,False,False,False
10.740423,500,1754.815787,False,1,True,True,False,False,False,False,False
11.157701,500,1757.744875,False,1,True,True,False,False,False,False,False
9.23365,500,1759.009894,False,1,False,False,False,False,False,False,False
12.239624,500,1760.285801,False,1,True,False,False,False,False,False,False
1.08342,500,1761.385009,False,1,False,False,False,False,False,False,False
10.73729,500,1764.330767,False,1,True,True,False,False,False,False,False
10.433158,500,1765.699484,False,1,True,True,False,False,False,False,False
11.727623,500,1767.011608,False,1,True,True,False,False,False,False,False
11.219521,500,1768.38222,False,1,True,True,False,False,False,False,False
11.104307,500,1771.211491,False,1,True,True,False,False,False,False,False
8.012731,500,1772.495499,False,1,False,False,False,False,False,False,False
12.448508,500,1773.792365,False,1,True,False,False,False,False,False,False
12.576288,500,1775.075514,False,1,True,False,False,False,False,False,False
10.499544,500,1778.022807,False,1,True,True,False,False,False,False,False
10.881358,500,1779.359204,False,1,True,True,False,False,False,False,False
12.533334,500,1780.665069,False,1,True,False,False,False,False,False,False
11.048993,500,1781.997306,False,1,True,True,False,False,False,False,False
17.551814,500,1855.506467,False,1,True,True,True,False,False,False,False
12.496195,500,1856.818136,False,1,True,False,False,False,False,False,False
12.425548,500,1858.10111,False,1,True,False,False,False,False,False,False
10.694591,500,1859.425452,False,1,True,True,False,False,False,False,False
10.873633,500,1862.08607,False,1,True,True,False,False,False,False,False
11.800236,500,1863.367577,False,1,True,False,False,False,False,False,False
11.911954,500,1864.69973,False,1,True,True,False,False,False,False,False
6.841491,500,1865.992119,False,1,False,True,False,False,False,False,False
18.754201,500,1868.82709,False,1,True,True,True,False,False,False,False
11.162417,500,1870.203675,False,1,True,True,False,False,False,False,False
11.861188,500,1871.52518,False,1,True,False,False,False,False,False,False
12.158194,500,1872.809188,False,1,True,False,False,False,False,False,False
11.252039,500,1875.738881,False,1,True,True,False,False,False,False,False
11.47183,500,1877.062541,False,1,True,True,False,False,False,False,False
11.281324,500,1878.432838,False,1,True,True,False,False,False,False,False
11.817015,500,1879.746514,False,1,True,True,False,False,False,False,False
11.267912,500,1882.624117,False,1,True,True,False,False,False,False,False
10.722567,500,1883.938751,False,1,True,False,False,False,False,False,False
18.202432,500,1885.29044,False,1,True,True,True,False,False,False,False
11.049199,500,1886.6207,False,1,True,True,False,False,False,False,False
10.913759,500,1887.933082,False,1,True,True,False,False,False,False,False
10.983101,500,1890.822066,False,1,True,True,False,False,False,False,False
5.040022,500,1892.049691,False,1,False,False,False,False,False,False,False
12.148506,500,1893.356146,False,1,True,False,False,False,False,False,False
12.651747,500,1894.659493,False,1,True,False,False,False,False,False,False
12.910348,500,1897.571315,False,1,True,False,False,False,False,False,False
12.37502,500,1898.864586,False,1,True,False,False,False,False,False,False
9.912579,500,1900.202419,False,1,True,True,False,False,False,False,False
11.667051,500,1901.516174,False,1,True,True,False,False,False,False,False
7.252606,500,1904.310871,False,1,False,True,False,False,False,False,False
8.089636,500,1905.623626,False,1,False,True,False,False,False,False,False
18.252791,500,1906.909159,False,1,True,True,True,False,False,False,False
12.013065,500,1908.19105,False,1,True,False,False,False,False,False,False
16.933249,500,1911.081473,False,1,True,True,True,False,False,False,False
17.747053,500,1912.458449,False,1,True,True,True,False,False,False,False
12.405751,500,1913.755638,False,1,True,False,False,False,False,False,False
9.356069,500,1915.122894,False,1,False,False,False,False,False,False,False
17.277271,500,1917.922414,False,1,True,True,True,False,False,False,False
11.202183,500,1919.252944,False,1,True,True,False,False,False,False,False
11.570221,500,1920.577074,False,1,True,True,False,False,False,False,False
10.545185,500,1921.804161,False,1,False,True,True,False,False,False,False
18.138358,500,1924.613101,False,1,True,True,True,False,False,False,False
8.124051,500,1925.90336,False,1,False,False,False,False,False,False,False
17.190449,500,1927.263834,False,1,True,True,True,False,False,False,False
5.306576,500,1928.374799,False,1,False,False,False,False,False,False,False
11.413798,500,1931.262044,False,1,True,True,False,False,False,False,False
17.083492,500,1932.583857,False,1,True,True,True,False,False,False,False
17.871281,500,1933.889499,False,1,True,True,True,False,False,False,False
11.539419,500,1935.052006,False,1,False,True,True,False,False,False,False
10.117003,500,1938.013734,False,1,True,True,False,False,False,False,False
12.490125,500,2009.840537,False,1,True,False,False,False,False,False,False
7.877552,500,2010.907292,False,1,False,False,False,False,False,False,False
17.528201,500,2012.296026,False,1,True,True,True,False,False,False,False
4.968482,500,2014.835044,False,1,False,False,False,False,False,False,False
6.32069,500,2015.933793,False,1,False,True,False,False,False,False,False
5.301188,500,2016.993274,False,1,False,False,False,False,False,False,False
17.819322,500,2018.349107,False,1,True,True,True,False,False,False,False
11.013919,500,2020.943054,False,1,True,True,False,False,False,False,False
7.017588,500,2022.04485,False,1,False,True,False,False,False,False,False
8.074965,500,2023.405001,False,1,True,True,False,False,False,False,False
10.264726,500,2024.773558,False,1,True,True,False,False,False,False,False
9.890104,500,2026.185944,False,1,True,True,False,False,False,False,False
10.94171,500,2029.011688,False,1,True,True,False,False,False,False,False
11.596824,500,2030.363984,False,1,True,True,False,False,False,False,False
12.144862,500,2031.660323,False,1,True,False,False,False,False,False,False
5.475658,500,2032.722482,False,1,False,False,False,False,False,False,False
10.928577,500,2035.758064,False,1,True,True,False,False,False,False,False
12.019993,500,2037.031138,False,1,True,False,False,False,False,False,False
12.39383,500,2038.317174,False,1,True,False,False,False,False,False,False
4.815067,500,2039.426892,False,1,False,True,False,False,False,False,False
11.720123,500,2042.619283,False,1,True,True,False,False,False,False,False
11.156677,500,2044.020835,False,1,True,True,False,False,False,False,False
7.312007,500,2045.079227,False,1,False,False,False,False,False,False,False
8.286121,500,2046.395288,False,1,False,False,False,False,False,False,False
11.864116,500,2049.333159,False,1,True,True,False,False,False,False,False
11.477579,500,2050.655446,False,1,True,False,False,False,False,False,False
5.927126,500,2051.720634,False,1,False,False,False,False,False,False,False
12.419828,500,2053.019574,False,1,True,False,False,False,False,False,False
12.130133,500,2055.892442,False,1,True,False,False,False,False,False,False
11.328151,500,2057.265129,False,1,True,True,False,False,False,False,False
9.745738,500,2058.581303,False,1,False,False,False,False,False,False,False
1.611816,500,2059.678796,False,1,False,False,False,False,False,False,False
12.158242,500,2062.332089,False,1,True,False,False,False,False,False,False
11.503251,500,2063.650669,False,1,True,True,False,False,False,False,False
12.079033,500,2064.961427,False,1,True,False,False,False,False,False,False
10.777363,500,2066.269458,False,1,True,False,False,False,False,False,False
7.739301,500,2068.996952,False,1,False,False,False,False,False,False,False
10.84079,500,2070.308017,False,1,True,False,False,False,False,False,False
11.418912,500,2071.641004,False,1,True,True,False,False,False,False,False
18.620293,500,2072.934697,False,1,True,True,True,False,False,False,False
11.246244,500,2075.616488,False,1,True,True,False,False,False,False,False
17.980831,500,2076.917435,False,1,True,True,True,False,False,False,False
11.818256,500,2078.266583,False,1,True,True,False,False,False,False,False
10.673748,500,2079.591903,False,1,True,True,False,False,False,False,False
18.908976,500,2082.370644,False,1,True,True,True,False,False,False,False
11.043683,500,2083.748065,False,1,True,True,False,False,False,False,False
6.08869,500,2085.011194,False,1,False,False,False,False,False,False,False
11.875932,500,2086.35786,False,1,True,True,False,False,False,False,False
12.305862,500,2089.55569,False,1,True,False,False,False,False,False,False
11.490718,500,2090.895806,False,1,True,True,False,False,False,False,False
11.242561,500,2162.221904,False,1,True,False,False,False,False,False,False
11.884433,500,2163.503974,False,1,True,False,False,False,False,False,False
11.314894,500,2166.266915,False,1,True,True,False,False,False,False,False
10.756862,500,2167.562314,False,1,True,False,False,False,False,False,False
11.162234,500,2168.906351,False,1,True,True,False,False,False,False,False
17.644491,500,2170.236242,False,1,True,True,True,False,False,False,False
11.257827,500,2171.537605,False,1,True,False,False,False,False,False,False
10.702214,500,2174.445259,False,1,True,True,False,False,False,False,False
11.200237,500,2175.75225,False,1,True,True,False,False,False,False,False
10.696762,500,2177.126716,False,1,True,True,False,False,False,False,False
18.320186,500,2178.482235,False,1,True,True,True,False,False,False,False
11.249873,500,2181.322269,False,1,True,False,False,False,False,False,False
2.669836,500,2182.611421,False,1,False,False,False,False,False,False,False
9.670218,500,2183.98058,False,1,True,True,False,False,False,False,False
19.650468,500,2185.380262,False,1,True,True,True,False,False,False,False
10.46134,500,2188.29778,False,1,True,True,False,False,False,False,False
10.803389,500,2189.623337,False,1,True,True,False,False,False,False,False
11.780489,500,2190.900488,False,1,True,False,False,False,False,False,False
10.474424,500,2192.26231,False,1,True,True,False,False,False,False,False
9.564752,500,2195.123277,False,1,True,False,False,False,False,False,False
10.487707,500,2196.492516,False,1,True,True,False,False,False,False,False
10.945551,500,2197.786744,False,1,True,False,False,False,False,False,False
9.374823,500,2199.164022,False,1,True,True,False,False,False,False,False
12.101383,500,2201.97738,False,1,True,False,False,False,False,False,False
11.791496,500,2203.274444,False,1,True,False,False,False,False,False,False
6.729307,500,2204.597581,False,1,False,False,False,False,False,False,False
10.643573,500,2205.901234,False,1,True,False,False,False,False,False,False
10.386189,500,2208.772787,False,1,True,False,False,False,False,False,False
9.941997,500,2210.120862,False,1,True,True,False,False,False,False,False
18.262493,500,2211.442874,False,1,True,True,True,False,False,False,False
10.641168,500,2212.736404,False,1,True,False,False,False,False,False,False
1.443899,500,2215.58319,False,1,False,False,False,False,False,False,False
19.658812,500,2216.959807,False,1,True,True,True,False,False,False,False
19.008228,500,2218.351364,False,1,True,True,True,False,False,False,False
11.785232,500,2219.671686,False,1,True,False,False,False,False,False,False
12.143726,500,2222.544161,False,1,True,False,False,False,False,False,False
8.105107,500,2223.880073,False,1,False,False,False,False,False,False,False
11.0681,500,2225.199132,False,1,True,False,False,False,False,False,False
9.834236,500,2226.556067,False,1,True,True,False,False,False,False,False
18.205854,500,2229.481621,False,1,True,True,True,False,False,False,False
9.808694,500,2230.761912,False,1,False,False,False,False,False,False,False
10.784367,500,2232.130371,False,1,True,True,False,False,False,False,False
12.576606,500,2233.433676,False,1,True,False,False,False,False,False,False
11.171114,500,2236.256002,False,1,True,True,False,False,False,False,False
12.499439,500,2237.512577,False,1,True,False,False,False,False,False,False
19.419913,500,2238.902012,False,1,True,True,True,False,False,False,False
10.672789,500,2240.221254,False,1,True,True,False,False,False,False,False
12.295541,500,2241.486724,False,1,True,False,False,False,False,False,False
5.991725,500,2244.428917,False,1,False,False,False,False,False,False,False
8.582793,500,2245.699119,False,1,False,False,False,False,False,False,False
7.375728,500,2313.826535,False,1,False,False,False,False,False,False,False
3.339047,500,2315.063582,False,1,False,False,False,False,False,False,False
12.14874,500,2317.710325,False,1,True,False,False,False,False,False,False
13.493489,500,2319.105237,False,1,False,True,True,False,False,False,False
13.008783,500,2320.369572,False,1,True,False,False,False,False,False,False
13.076785,500,2321.633965,False,1,True,False,False,False,False,False,False
13.159935,500,2324.2927,False,1,False,True,True,False,False,False,False
8.735028,500,2325.583872,False,1,False,False,False,False,False,False,False
12.768702,500,2326.883045,False,1,True,False,False,False,False,False,False
4.692855,500,2328.141051,False,1,False,False,False,False,False,False,False
7.613013,500,2331.054259,False,1,False,False,False,False,False,False,False
6.574607,500,2332.282274,False,1,False,False,False,False,False,False,False
11.880059,500,2333.589574,False,1,True,True,False,False,False,False,False
12.578052,500,2334.875914,False,1,True,False,False,False,False,False,False
7.307629,500,2337.832384,False,1,False,False,False,False,False,False,False
12.712114,500,2339.120071,False,1,True,False,False,False,False,False,False
11.631632,500,2340.449919,False,1,True,True,False,False,False,False,False
11.52029,500,2341.721729,False,1,True,False,False,False,False,False,False
0.260119,500,2344.559064,False,1,False,False,False,False,False,False,False
11.740026,500,2345.793618,False,1,True,False,False,False,False,False,False
12.594542,500,2347.050362,False,1,True,False,False,False,False,False,False
10.18733,500,2348.357263,False,1,True,True,False,False,False,False,False
12.911703,500,2351.18203,False,1,True,False,False,False,False,False,False
11.873665,500,2352.526626,False,1,True,True,False,False,False,False,False
8.163355,500,2353.856806,False,1,False,False,False,False,False,False,False
5.642271,500,2355.105495,False,1,False,False,False,False,False,False,False
11.490723,500,2357.943122,False,1,True,True,False,False,False,False,False
12.131949,500,2359.227748,False,1,True,False,False,False,False,False,False
12.260284,500,2360.578068,False,1,True,False,False,False,False,False,False
12.304776,500,2361.925112,False,1,True,False,False,False,False,False,False
12.921614,500,2364.82898,False,1,True,False,False,False,False,False,False
18.869451,500,2366.056399,False,1,True,True,True,False,False,False,False
10.757294,500,2367.355589,False,1,True,False,False,False,False,False,False
12.734208,500,2368.691329,False,1,True,False,False,False,False,False,False
11.582806,500,2371.597136,False,1,True,True,False,False,False,False,False
9.322275,500,2372.881353,False,1,False,False,False,False,False,False,False
11.926763,500,2374.160905,False,1,True,False,False,False,False,False,False
2.255235,500,2375.235568,False,1,False,False,False,False,False,False,False
19.131146,500,2376.516799,False,1,True,True,True,False,False,False,False
10.946334,500,2379.357134,False,1,True,False,False,False,False,False,False
11.744414,500,2380.695907,False,1,True,True,False,False,False,False,False
21.171269,500,2382.127218,False,1,True,True,True,False,False,False,False
9.594306,500,2383.43799,False,1,False,False,False,False,False,False,False
11.744854,500,2386.439998,False,1,True,True,False,False,False,False,False
15.423749,500,2387.833993,False,1,False,True,True,False,False,False,False
19.692123,500,2389.179012,False,1,True,True,True,False,False,False,False
18.84653,500,2390.466544,False,1,True,True,True,False,False,False,False
1.283996,500,2393.16711,False,1,False,False,False,False,False,False,False
11.081447,500,2394.488665,False,1,True,True,False,False,False,False,False
11.061794,500,2395.755467,False,1,True,False,False,False,False,False,False
7.997083,500,2460.184404,False,1,False,False,False,False,False,False,False
12.131216,500,2463.172212,False,1,True,False,False,False,False,False,False
11.869787,500,2464.55875,False,1,True,True,False,False,False,False,False
18.533522,500,2465.799959,False,1,True,True,True,False,False,False,False
11.565848,500,2467.111569,False,1,True,True,False,False,False,False,False
21.091533,500,2470.032757,False,1,True,True,True,False,False,False,False
11.132554,500,2471.284686,False,1,True,False,False,False,False,False,False
19.907157,500,2472.660927,False,1,True,True,True,False,False,False,False
11.889364,500,2473.953797,False,1,True,False,False,False,False,False,False
18.95283,500,2476.939757,False,1,True,True,True,False,False,False,False
9.530975,500,2478.19714,False,1,True,False,False,False,False,False,False
11.7525,500,2479.474252,False,1,True,False,False,False,False,False,False
11.846346,500,2480.766733,False,1,True,True,False,False,False,False,False
11.702334,500,2483.728074,False,1,True,True,False,False,False,False,False
11.308089,500,2485.004419,False,1,True,False,False,False,False,False,False
11.120248,500,2486.272629,False,1,True,False,False,False,False,False,False
9.299636,500,2487.511431,False,1,True,False,False,False,False,False,False
11.817842,500,2490.402066,False,1,True,True,False,False,False,False,False
20.264009,500,2491.814361,False,1,True,True,True,False,False,False,False
10.918921,500,2493.044487,False,1,True,False,False,False,False,False,False
14.703894,500,2494.340974,False,1,False,True,True,False,False,False,False
12.213275,500,2497.318966,False,1,True,False,False,False,False,False,False
11.333857,500,2498.661841,False,1,True,True,False,False,False,False,False
12.620782,500,2499.962613,False,1,True,False,False,False,False,False,False
12.371107,500,2501.247497,False,1,True,False,False,False,False,False,False
19.700776,500,2504.291778,False,1,True,True,True,False,False,False,False
11.568239,500,2505.614721,False,1,True,False,False,False,False,False,False
11.23805,500,2506.844758,False,1,True,False,False,False,False,False,False
11.333162,500,2508.147914,False,1,True,True,False,False,False,False,False
21.570145,500,2511.021773,False,1,True,True,True,False,False,False,False
11.630738,500,2512.364182,False,1,True,True,False,False,False,False,False
11.717683,500,2513.649989,False,1,True,False,False,False,False,False,False
20.424878,500,2514.972951,False,1,True,True,True,False,False,False,False
20.601063,500,2516.170701,False,1,True,True,True,False,False,False,False
20.27477,500,2519.129102,False,1,True,True,True,False,False,False,False
11.933556,500,2520.443645,False,1,True,False,False,False,False,False,False
18.170456,500,2521.625706,False,1,True,True,True,False,False,False,False
20.357125,500,2522.857379,False,1,True,True,True,False,False,False,False
12.320935,500,2525.794283,False,1,True,False,False,False,False,False,False
12.575375,500,2527.042651,False,1,True,False,False,False,False,False,False
20.697184,500,2528.235221,False,1,True,True,True,False,False,False,False
18.364947,500,2529.606014,False,1,True,True,True,False,False,False,False
7.348431,500,2532.341283,False,1,False,False,False,False,False,False,False
6.526835,500,2533.495622,False,1,False,False,False,False,False,False,False
18.744505,500,2534.860725,False,1,True,True,True,False,False,False,False
19.223755,500,2536.138823,False,1,True,True,True,False,False,False,False
21.887907,500,2538.91302,False,1,True,True,True,False,False,False,False
10.630476,500,2540.216544,False,1,True,True,False,False,False,False,False
10.602852,500,2541.548125,False,1,True,True,False,False,False,False,False
16.810824,500,2542.991881,False,1,True,True,True,False,False,False,False
11.822102,500,2615.106494,False,1,False,True,True,False,False,False,False
16.973478,500,2616.280151,False,1,True,True,True,False,False,False,False
17.194778,500,2617.440401,False,1,True,True,True,False,False,False,False
9.752736,500,2618.71928,False,1,True,False,False,False,False,False,False
19.079418,500,2621.52089,False,1,True,True,True,False,False,False,False
11.963007,500,2622.788647,False,1,True,False,False,False,False,False,False
18.553301,500,2624.111921,False,1,True,True,True,False,False,False,False
10.423574,500,2625.46017,False,1,True,True,False,False,False,False,False
18.726769,500,2628.281633,False,1,True,True,True,False,False,False,False
13.065281,500,2629.527663,False,1,False,True,True,False,False,False,False
11.640097,500,2630.842921,False,1,True,True,False,False,False,False,False
20.236709,500,2632.195133,False,1,True,True,True,False,False,False,False
15.182726,500,2634.866051,False,1,False,True,True,False,False,False,False
19.148085,500,2636.353131,False,1,True,True,True,False,False,False,False
10.793182,500,2637.553105,False,1,False,True,True,False,False,False,False
11.347571,500,2638.872516,False,1,True,True,False,False,False,False,False
20.891529,500,2641.644396,False,1,True,True,True,False,False,False,False
19.979943,500,2643.10029,False,1,True,True,True,False,False,False,False
6.612716,500,2644.345713,False,1,False,False,False,False,False,False,False
15.799325,500,2645.700785,False,1,False,True,True,False,False,False,False
19.731289,500,2648.464484,False,1,True,True,True,False,False,False,False
18.548167,500,2649.806405,False,1,True,True,True,False,False,False,False
11.201346,500,2651.132275,False,1,True,True,False,False,False,False,False
13.715087,500,2652.379859,False,1,True,True,True,False,False,False,False
20.836522,500,2653.763943,False,1,True,True,True,False,False,False,False
14.991706,500,2656.506888,False,1,True,True,True,False,False,False,False
19.518833,500,2657.93853,False,1,True,True,True,False,False,False,False
21.648624,500,2659.295692,False,1,True,True,True,False,False,False,False
10.992444,500,2660.64591,False,1,True,True,False,False,False,False,False
20.993946,500,2663.549937,False,1,True,True,True,False,False,False,False
12.868991,500,2664.780399,False,1,False,True,True,False,False,False,False
18.579155,500,2666.148328,False,1,True,True,True,False,False,False,False
20.187515,500,2667.570978,False,1,True,True,True,False,False,False,False
16.769026,500,2670.3623,False,1,True,True,True,False,False,False,False
20.429473,500,2671.787107,False,1,True,True,True,False,False,False,False
19.829817,500,2673.151275,False,1,True,True,True,False,False,False,False
17.84,500,2674.42803,False,1,True,True,True,False,False,False,False
19.485145,500,2677.48855,False,1,True,True,True,False,False,False,False
19.197046,500,2678.937928,False,1,True,True,True,False,False,False,False
17.227464,500,2680.268644,False,1,True,True,True,False,False,False,False
16.637993,500,2681.671061,False,1,False,True,True,False,False,False,False
23.185643,500,2684.522664,False,1,True,True,True,False,False,False,False
20.290993,500,2685.943579,False,1,True,True,True,False,False,False,False
0.920367,500,2687.157612,False,1,False,False,False,False,False,False,False
13.359486,500,2688.411423,False,1,False,True,True,False,False,False,False
20.161639,500,2691.261009,False,1,True,True,True,False,False,False,False
19.536207,500,2692.688345,False,1,True,True,True,False,False,False,False
11.596567,500,2694.057187,False,1,True,True,False,False,False,False,False
8.593657,500,2695.353294,False,1,False,False,False,False,False,False,False
6.779905,500,2697.872205,False,1,False,False,False,False,False,False,False
17.81608,500,2771.936385,False,1,False,True,True,False,False,False,False
8.488043,500,2773.239416,False,1,False,False,False,False,False,False,False
8.622873,500,2774.608834,False,1,False,True,False,False,False,False,False
10.66669,500,2777.329217,False,1,True,True,False,False,False,False,False
19.830512,500,2778.729963,False,1,True,True,True,False,False,False,False
20.148468,500,2780.032768,False,1,True,True,True,False,False,False,False
19.18493,500,2781.451905,False,1,True,True,True,False,False,False,False
20.881027,500,2784.226978,False,1,True,True,True,False,False,False,False
21.049178,500,2785.615569,False,1,True,True,True,False,False,False,False
21.389987,500,2786.956256,False,1,True,True,True,False,False,False,False
20.657004,500,2788.357563,False,1,True,True,True,False,False,False,False
19.394941,500,2790.98229,False,1,True,True,True,False,False,False,False
17.119486,500,2792.342655,False,1,True,True,True,False,False,False,False
16.483298,500,2793.491238,False,1,True,True,True,False,False,False,False
22.105561,500,2794.896304,False,1,True,True,True,False,False,False,False
12.850215,500,2797.676502,False,1,True,True,True,False,False,False,False
21.640164,500,2799.083181,False,1,True,True,True,False,False,False,False
19.877715,500,2800.462244,False,1,True,True,True,False,False,False,False
12.639101,500,2801.743985,False,1,False,True,True,False,False,False,False
11.640669,500,2803.112299,False,1,True,True,False,False,False,False,False
11.145961,500,2805.620618,False,1,False,True,True,False,False,False,False
18.463917,500,2806.861355,False,1,True,True,True,False,False,False,False
17.992879,500,2808.318655,False,1,True,True,True,False,False,False,False
18.448121,500,2809.756869,False,1,False,True,True,False,False,False,False
18.371555,500,2812.625463,False,1,True,True,True,False,False,False,False
20.6042,500,2814.061086,False,1,True,True,True,False,False,False,False
17.812107,500,2815.284127,False,1,True,True,True,False,False,False,False
10.079262,500,2816.617311,False,1,False,True,True,False,False,False,False
21.355127,500,2819.39141,False,1,True,True,True,False,False,False,False
20.499159,500,2820.792549,False,1,True,True,True,False,False,False,False
20.78167,500,2822.387147,False,1,True,True,True,False,False,False,False
21.463056,500,2823.80646,False,1,True,True,True,False,False,False,False
20.653165,500,2826.439502,False,1,True,True,True,False,False,False,False
7.626873,500,2827.608474,False,1,True,False,False,False,False,False,False
20.737735,500,2828.987321,False,1,True,True,True,False,False,False,False
20.326009,500,2830.379707,False,1,True,True,True,False,False,False,False
14.440628,500,2832.962991,False,1,False,True,True,False,False,False,False
11.647121,500,2834.280856,False,1,True,True,False,False,False,False,False
16.425502,500,2835.677034,False,1,False,True,True,False,False,False,False
6.843389,500,2836.941458,False,1,False,False,False,False,False,False,False
7.903151,500,2839.703041,False,1,False,True,False,False,False,False,False
21.477084,500,2841.064088,False,1,True,True,True,False,False,False,False
13.973364,500,2842.190072,False,1,False,True,True,False,False,False,False
18.929457,500,2843.457628,False,1,True,True,True,False,False,False,False
16.930252,500,2846.149061,False,1,True,True,True,False,False,False,False
13.3928,500,2847.412166,False,1,True,True,True,False,False,False,False
11.433523,500,2848.724765,False,1,True,True,False,False,False,False,False
21.99838,500,2850.165385,False,1,True,True,True,False,False,False,False
21.366188,500,2852.986041,False,1,True,True,True,False,False,False,False
16.282898,500,2854.151977,False,1,True,True,True,False,False,False,False
20.90566,500,2922.159855,False,1,True,True,True,False,False,False,False
19.08229,500,2923.738857,False,1,True,True,True,False,False,False,False
11.896966,500,2926.441735,False,1,False,True,True,False,False,False,False
19.858057,500,2927.824182,False,1,True,True,True,False,False,False,False
15.524802,500,2929.191359,False,1,True,True,True,False,False,False,False
22.887406,500,2930.64214,False,1,True,True,True,False,False,False,False
17.115521,500,2933.344456,False,1,True,True,True,False,False,False,False
10.956369,500,2934.706083,False,1,True,True,False,False,False,False,False
14.102325,500,2935.97376,False,1,False,True,True,False,False,False,False
20.619667,500,2937.458638,False,1,True,True,True,False,False,False,False
18.925606,500,2938.691458,False,1,True,True,True,False,False,False,False
20.390903,500,2941.713129,False,1,True,True,True,False,False,False,False
11.561466,500,2942.954144,False,1,True,True,False,False,False,False,False
13.104245,500,2944.199146,False,1,False,True,True,False,False,False,False
18.571896,500,2945.53837,False,1,True,True,True,False,False,False,False
15.629436,500,2948.256619,False,1,True,True,True,False,False,False,False
11.604923,500,2949.480545,False,1,True,True,False,False,False,False,False
21.005071,500,2950.891626,False,1,True,True,True,False,False,False,False
21.310853,500,2952.241874,False,1,True,True,True,False,False,False,False
18.661808,500,2955.209187,False,1,True,True,True,False,False,False,False
20.601475,500,2956.617094,False,1,True,True,True,False,False,False,False
8.246516,500,2957.878742,False,1,False,True,False,False,False,False,False
14.567907,500,2959.036107,False,1,False,True,True,False,False,False,False
18.029167,500,2961.86127,False,1,True,True,True,False,False,False,False
7.324349,500,2963.014469,False,1,False,False,False,False,False,False,False
17.215328,500,2964.381117,False,1,True,True,True,False,False,False,False
11.488779,500,2965.750031,False,1,True,True,False,False,False,False,False
22.023325,500,2968.810007,False,1,True,True,True,False,False,False,False
21.62819,500,2970.323238,False,1,True,True,True,False,False,False,False
17.93706,500,2971.522677,False,1,True,True,True,False,False,False,False
20.962575,500,2972.956307,False,1,True,True,True,False,False,False,False
17.591264,500,2976.012647,False,1,True,True,True,False,False,False,False
15.195336,500,2977.233854,False,1,True,True,True,False,False,False,False
15.030722,500,2978.62508,False,1,True,True,True,False,False,False,False
20.870255,500,2980.024602,False,1,True,True,True,False,False,False,False
17.429623,500,2983.048527,False,1,True,True,True,False,False,False,False
20.33064,500,2984.331164,False,1,True,True,True,False,False,False,False
16.057332,500,2985.604859,False,1,True,True,True,False,False,False,False
10.46942,500,2987.010131,False,1,True,True,False,False,False,False,False
17.886489,500,2989.800184,False,1,True,True,True,False,False,False,False
20.102641,500,2991.202446,False,1,True,True,True,False,False,False,False
21.451642,500,2992.6037,False,1,True,True,True,False,False,False,False
11.437037,500,2993.800833,False,1,True,False,False,False,False,False,False
10.314086,500,2996.679526,False,1,True,True,False,False,False,False,False
20.259817,500,2998.11011,False,1,True,True,True,False,False,False,False
11.287811,500,2999.383312,False,1,True,True,False,False,False,False,False
10.593151,500,3000.589899,False,1,True,True,False,False,False,False,False
17.359904,500,3003.630231,False,1,True,True,True,False,False,False,False
15.217098,500,3005.069064,False,1,True,True,True,False,False,False,False
18.410131,500,3006.413288,False,1,True,True,True,False,False,False,False
21.14431,500,3085.089022,False,1,True,True,True,False,False,False,False
18.240258,500,3086.326306,False,1,True,True,True,False,False,False,False
22.702712,500,3089.284675,False,1,True,True,True,False,False,False,False
16.860399,500,3090.765268,False,1,True,True,True,False,False,False,False
18.388289,500,3092.223784,False,1,True,True,True,False,False,False,False
19.558866,500,3093.677545,False,1,True,True,True,False,False,False,False
19.915697,500,3096.724842,False,1,True,True,True,False,False,False,False
18.150471,500,3098.171903,False,1,True,True,True,False,False,False,False
13.632087,500,3099.374612,False,1,True,True,True,False,False,False,False
19.467864,500,3100.861029,False,1,True,True,True,False,False,False,False
17.071172,500,3103.722276,False,1,True,True,True,False,False,False,False
20.768104,500,3105.207569,False,1,True,True,True,False,False,False,False
11.188683,500,3106.464952,False,1,True,True,False,False,False,False,False
19.100032,500,3107.881999,False,1,True,True,True,False,False,False,False
17.794796,500,3110.871818,False,1,True,True,True,False,False,False,False
16.446692,500,3112.120955,False,1,True,True,True,False,False,False,False
19.04219,500,3113.64496,False,1,True,True,True,False,False,False,False
20.836549,500,3115.043421,False,1,True,True,True,False,False,False,False
16.461128,500,3117.883996,False,1,True,True,True,False,False,False,False
14.22084,500,3119.409751,False,1,True,True,True,False,False,False,False
9.183598,500,3120.894535,False,1,True,True,False,False,False,False,False
17.174791,500,3122.364792,False,1,True,True,True,False,False,False,False
11.355836,500,3125.268164,False,1,True,True,False,False,False,False,False
7.450254,500,3126.597376,False,1,False,False,False,False,False,False,False
19.563752,500,3127.985285,False,1,True,True,True,False,False,False,False
16.00274,500,3129.488025,False,1,True,True,True,False,False,False,False
18.742378,500,3132.537917,False,1,True,True,True,False,False,False,False
6.935774,500,3133.882399,False,1,False,False,False,False,False,False,False
16.734238,500,3135.366799,False,1,True,True,True,False,False,False,False
18.493258,500,3136.860695,False,1,True,True,True,False,False,False,False
20.683691,500,3139.886358,False,1,True,True,True,False,False,False,False
9.177107,500,3141.512555,False,1,True,True,True,False,False,False,False
18.848467,500,3143.126608,False,1,True,True,True,False,False,False,False
16.879297,500,3144.58029,False,1,True,True,True,False,False,False,False
13.879067,500,3147.56882,False,1,True,True,True,False,False,False,False
9.997068,500,3149.007235,False,1,True,True,True,False,False,False,False
7.436967,500,3150.526494,False,1,True,True,False,False,False,False,False
10.249395,500,3151.816304,False,1,True,True,False,False,False,False,False
4.65607,500,3154.79877,False,1,True,False,False,False,False,False,False
10.618019,500,3156.355697,False,1,True,True,True,False,False,False,False
12.132138,500,3157.742764,False,1,True,True,True,False,False,False,False
19.318632,500,3159.195595,False,1,True,True,True,False,False,False,False
6.79184,500,3162.260179,False,1,True,True,True,False,False,False,False
17.30453,500,3163.74931,False,1,True,True,True,False,False,False,False
6.478226,500,3165.254825,False,1,True,True,False,False,False,False,False
15.114803,500,3166.561505,False,1,True,True,True,False,False,False,False
8.359758,500,3168.020319,False,1,True,True,False,False,False,False,False
6.895462,500,3170.935964,False,1,False,True,True,False,False,False,False
19.13195,500,3172.347848,False,1,True,True,True,False,False,False,False
9.438331,500,3173.781687,False,1,True,True,False,False,False,False,False
10.853102,500,3247.714724,False,1,True,True,False,False,False,False,False
15.573503,500,3250.755271,False,1,True,True,True,False,False,False,False
9.397079,500,3252.306007,False,1,True,True,True,False,False,False,False
18.451738,500,3253.76527,False,1,True,True,True,False,False,False,False
10.674716,500,3255.274955,False,1,True,True,True,False,False,False,False
-0.504305,500,3258.07602,False,1,False,False,False,False,False,False,False
1.667578,500,3259.376981,False,1,True,False,False,False,False,False,False
2.018191,500,3260.755929,False,1,False,False,False,False,False,False,False
20.445572,500,3262.140095,False,1,True,True,True,False,False,False,False
6.594993,500,3265.162452,False,1,True,True,True,False,False,False,False
11.120565,500,3266.355952,False,1,True,True,False,False,False,False,False
9.799646,500,3267.871632,False,1,False,True,True,False,False,False,False
14.376815,500,3269.036961,False,1,True,True,True,False,False,False,False
10.55335,500,3271.981143,False,1,True,True,False,False,False,False,False
22.235036,500,3273.350422,False,1,True,True,True,False,False,False,False
9.852918,500,3274.721312,False,1,True,True,False,False,False,False,False
17.002071,500,3276.088701,False,1,True,True,True,False,False,False,False
18.274555,500,3279.068311,False,1,True,True,True,False,False,False,False
14.666672,500,3280.448155,False,1,True,True,True,False,False,False,False
9.452762,500,3281.760881,False,1,True,True,False,False,False,False,False
9.999976,500,3283.112564,False,1,True,False,False,False,False,False,False
16.606478,500,3286.178657,False,1,True,True,True,False,False,False,False
10.382972,500,3287.528067,False,1,True,False,False,False,False,False,False
21.247028,500,3288.951357,False,1,True,True,True,False,False,False,False
22.120076,500,3290.339584,False,1,True,True,True,False,False,False,False
18.397013,500,3293.349582,False,1,True,True,True,False,False,False,False
7.706306,500,3294.660632,False,1,True,False,False,False,False,False,False
16.346742,500,3295.996333,False,1,True,True,True,False,False,False,False
19.994276,500,3297.448614,False,1,True,True,True,False,False,False,False
16.890924,500,3300.480194,False,1,True,True,True,False,False,False,False
19.016892,500,3301.86122,False,1,True,True,True,False,False,False,False
17.36959,500,3303.23931,False,1,True,True,True,False,False,False,False
17.712102,500,3304.777715,False,1,True,True,True,False,False,False,False
14.133071,500,3307.806276,False,1,False,True,True,False,False,False,False
18.842238,500,3309.302514,False,1,True,True,True,False,False,False,False
15.98781,500,3310.660044,False,1,True,True,True,False,False,False,False
9.849425,500,3312.010139,False,1,True,False,False,False,False,False,False
9.483337,500,3313.418921,False,1,True,False,False,False,False,False,False
21.649844,500,3316.553924,False,1,True,True,True,False,False,False,False
20.559364,500,3317.976437,False,1,True,True,True,False,False,False,False
22.234712,500,3319.384421,False,1,True,True,True,False,False,False,False
22.861619,500,3320.746488,False,1,True,True,True,False,False,False,False
22.543855,500,3323.740653,False,1,True,True,True,False,False,False,False
20.97542,500,3325.061544,False,1,True,True,True,False,False,False,False
15.423802,500,3326.461851,False,1,False,True,True,False,False,False,False
20.499506,500,3327.826372,False,1,True,True,True,False,False,False,False
20.480307,500,3330.81342,False,1,True,True,True,False,False,False,False
18.538998,500,3332.238456,False,1,True,True,True,False,False,False,False
13.275765,500,3333.678236,False,1,True,True,True,False,False,False,False
18.551682,500,3335.060808,False,1,True,True,True,False,False,False,False
17.350662,500,3386.959982,False,1,True,True,True,False,False,False,False
20.349223,500,3388.350104,False,1,True,True,True,False,False,False,False
10.293379,500,3389.848375,False,1,False,True,True,False,False,False,False
19.278536,500,3391.188321,False,1,True,True,True,False,False,False,False
21.1861,500,3394.195592,False,1,True,True,True,False,False,False,False
21.879919,500,3395.65101,False,1,True,True,True,False,False,False,False
22.519858,500,3397.065685,False,1,True,True,True,False,False,False,False
19.055985,500,3398.447366,False,1,True,True,True,False,False,False,False
16.91373,500,3401.21477,False,1,True,True,True,False,False,False,False
18.53609,500,3402.623264,False,1,True,True,True,False,False,False,False
22.231879,500,3404.051008,False,1,True,True,True,False,False,False,False
21.633848,500,3405.454986,False,1,True,True,True,False,False,False,False
21.092313,500,3408.400927,False,1,True,True,True,False,False,False,False
6.809863,500,3409.759026,False,1,False,False,False,False,False,False,False
9.259126,500,3411.118572,False,1,True,False,False,False,False,False,False
7.932825,500,3412.488642,False,1,False,False,False,False,False,False,False
13.664179,500,3415.332112,False,1,False,True,True,False,False,False,False
17.654859,500,3416.586986,False,1,True,True,True,False,False,False,False
14.652265,500,3418.055317,False,1,False,True,True,False,False,False,False
17.050693,500,3419.514596,False,1,True,True,True,False,False,False,False
2.656517,500,3422.396475,False,1,False,True,False,False,False,False,False
17.7029,500,3423.87453,False,1,True,True,True,False,False,False,False
5.017964,500,3425.135022,False,1,False,False,False,False,False,False,False
17.785261,500,3426.347212,False,1,True,True,True,False,False,False,False
13.694485,500,3429.135108,False,1,False,True,True,False,False,False,False
19.02011,500,3430.387911,False,1,True,True,True,False,False,False,False
20.092863,500,3431.810121,False,1,True,True,True,False,False,False,False
10.802638,500,3433.302609,False,1,True,True,False,False,False,False,False
21.76924,500,3436.22489,False,1,True,True,True,False,False,False,False
19.887623,500,3437.642421,False,1,False,True,True,False,False,False,False
19.76026,500,3439.037575,False,1,True,True,True,False,False,False,False
3.929104,500,3440.117759,False,1,False,False,False,False,False,False,False
16.904976,500,3441.591244,False,1,True,True,True,False,False,False,False
23.378218,500,3444.643674,False,1,True,True,True,False,False,False,False
14.575764,500,3446.061845,False,1,False,True,True,False,False,False,False
14.654732,500,3447.450394,False,1,False,True,True,False,False,False,False
13.387807,500,3448.632508,False,1,False,True,True,False,False,False,False
13.482149,500,3451.433046,False,1,False,True,True,False,False,False,False
10.902225,500,3452.850199,False,1,True,True,False,False,False,False,False
21.972168,500,3454.22435,False,1,True,True,True,False,False,False,False
15.585502,500,3455.451548,False,1,True,True,True,False,False,False,False
21.994856,500,3458.435009,False,1,True,True,True,False,False,False,False
22.410399,500,3459.972063,False,1,True,True,True,False,False,False,False
10.808779,500,3461.371661,False,1,True,True,False,False,False,False,False
18.647146,500,3462.747924,False,1,False,True,True,False,False,False,False
14.660295,500,3465.639154,False,1,True,True,True,False,False,False,False
10.345566,500,3467.027742,False,1,True,True,False,False,False,False,False
15.585419,500,3468.242698,False,1,True,True,True,False,False,False,False
19.024788,500,3469.480351,False,1,True,True,True,False,False,False,False
17.688994,500,3472.394898,False,1,True,True,True,False,False,False,False
10.843549,500,3549.969589,False,1,True,True,False,False,False,False,False
18.305594,500,3551.361341,False,1,True,True,True,False,False,False,False
18.449412,500,3552.864299,False,1,True,True,True,False,False,False,False
19.558447,500,3555.695332,False,1,True,True,True,False,False,False,False
10.745087,500,3557.05519,False,1,True,True,False,False,False,False,False
10.559664,500,3558.384007,False,1,True,False,False,False,False,False,False
3.552023,500,3559.694801,False,1,False,False,False,False,False,False,False
16.72383,500,3562.675164,False,1,True,True,True,False,False,False,False
19.978829,500,3564.074466,False,1,True,True,True,False,False,False,False
16.693355,500,3565.493224,False,1,True,True,True,False,False,False,False
18.28579,500,3566.868235,False,1,True,True,True,False,False,False,False
19.283809,500,3569.885744,False,1,True,True,True,False,False,False,False
-0.195161,500,3571.223903,False,1,False,False,False,False,False,False,False
15.90489,500,3572.596547,False,1,True,True,True,False,False,False,False
19.960601,500,3573.95027,False,1,True,True,True,False,False,False,False
19.487715,500,3576.982422,False,1,True,True,True,False,False,False,False
17.655131,500,3578.414207,False,1,True,True,True,False,False,False,False
9.625592,500,3579.623996,False,1,False,True,True,False,False,False,False
17.576366,500,3580.844029,False,1,True,True,True,False,False,False,False
10.123198,500,3583.884377,False,1,True,True,False,False,False,False,False
8.512057,500,3585.243671,False,1,False,True,True,False,False,False,False
17.963244,500,3586.632593,False,1,False,True,True,False,False,False,False
12.721491,500,3587.783669,False,1,False,True,True,False,False,False,False
5.955471,500,3588.934994,False,1,False,True,False,False,False,False,False
18.869777,500,3591.963007,False,1,True,True,True,False,False,False,False
15.806148,500,3593.13866,False,1,True,True,True,False,False,False,False
17.532251,500,3594.400803,False,1,True,True,True,False,False,False,False
10.025099,500,3595.791915,False,1,True,True,False,False,False,False,False
3.994234,500,3598.671847,False,1,False,False,False,False,False,False,False
8.187318,500,3599.833147,False,1,True,False,False,False,False,False,False
18.878389,500,3601.140578,False,1,True,True,True,False,False,False,False
18.018771,500,3602.482699,False,1,True,True,True,False,False,False,False
19.4782,500,3605.391493,False,1,True,True,True,False,False,False,False
16.979468,500,3606.590816,False,1,True,True,True,False,False,False,False
19.015425,500,3607.950178,False,1,True,True,True,False,False,False,False
17.750254,500,3609.310086,False,1,True,True,True,False,False,False,False
19.392792,500,3612.221258,False,1,True,True,True,False,False,False,False
9.811134,500,3613.643048,False,1,True,True,False,False,False,False,False
5.29708,500,3614.788867,False,1,False,True,False,False,False,False,False
19.399634,500,3616.198137,False,1,True,True,True,False,False,False,False
17.518397,500,3619.028239,False,1,True,True,True,False,False,False,False
14.637575,500,3620.273032,False,1,True,True,True,False,False,False,False
7.147447,500,3621.36379,False,1,False,False,False,False,False,False,False
4.387835,500,3622.622766,False,1,False,False,False,False,False,False,False
19.6285,500,3625.412163,False,1,True,True,True,False,False,False,False
9.471644,500,3626.826164,False,1,True,True,False,False,False,False,False
15.015669,500,3628.229254,False,1,True,True,True,False,False,False,False
10.25623,500,3629.59674,False,1,True,True,False,False,False,False,False
9.198855,500,3632.521822,False,1,True,True,False,False,False,False,False
20.321212,500,3633.93465,False,1,True,True,True,False,False,False,False
19.179477,500,3707.274673,False,1,True,True,True,False,False,False,False
17.635907,500,3708.597102,False,1,True,True,True,False,False,False,False
7.083013,500,3711.188512,False,1,True,True,False,False,False,False,False
10.42847,500,3712.453659,False,1,True,False,False,False,False,False,False
12.484988,500,3713.688017,False,1,False,True,True,False,False,False,False
15.666999,500,3714.897605,False,1,False,True,True,False,False,False,False
13.685874,500,3717.47888,False,1,True,True,True,False,False,False,False
16.653211,500,3718.862042,False,1,True,True,True,False,False,False,False
18.040586,500,3720.272522,False,1,True,True,True,False,False,False,False
15.914494,500,3721.680532,False,1,True,True,True,False,False,False,False
8.004011,500,3724.377814,False,1,False,True,True,False,False,False,False
10.02303,500,3725.746186,False,1,True,False,False,False,False,False,False
16.133954,500,3727.079731,False,1,True,True,True,False,False,False,False
5.700586,500,3728.380173,False,1,False,False,False,False,False,False,False
15.26909,500,3731.190553,False,1,True,True,True,False,False,False,False
18.518542,500,3732.496007,False,1,True,True,True,False,False,False,False
17.03455,500,3733.793039,False,1,True,True,True,False,False,False,False
18.90004,500,3735.072196,False,1,True,True,True,False,False,False,False
17.128047,500,3736.322613,False,1,True,True,True,False,False,False,False
10.661449,500,3739.359107,False,1,True,True,False,False,False,False,False
11.284628,500,3740.675873,False,1,True,False,False,False,False,False,False
7.829262,500,3741.993335,False,1,False,False,False,False,False,False,False
13.154083,500,3743.159962,False,1,False,True,True,False,False,False,False
5.591727,500,3746.256097,False,1,False,False,False,False,False,False,False
3.038546,500,3747.525031,False,1,False,False,False,False,False,False,False
16.526936,500,3748.695063,False,1,True,True,True,False,False,False,False
19.089013,500,3750.208588,False,1,True,True,True,False,False,False,False
16.743454,500,3753.390206,False,1,True,True,True,False,False,False,False
14.607617,500,3754.823743,False,1,False,True,True,False,False,False,False
4.190299,500,3756.09041,False,1,False,False,False,False,False,False,False
7.138322,500,3757.501381,False,1,False,True,False,False,False,False,False
9.512552,500,3760.540699,False,1,False,True,True,False,False,False,False
15.199138,500,3761.912363,False,1,True,True,True,False,False,False,False
9.479665,500,3763.263142,False,1,True,True,False,False,False,False,False
1.083002,500,3764.531423,False,1,False,False,False,False,False,False,False
18.638615,500,3767.750432,False,1,True,True,True,False,False,False,False
7.547715,500,3769.088236,False,1,False,True,False,False,False,False,False
18.982265,500,3770.568591,False,1,True,True,True,False,False,False,False
19.685701,500,3771.971114,False,1,True,True,True,False,False,False,False
14.405948,500,3775.252713,False,1,False,True,True,False,False,False,False
15.404966,500,3776.380029,False,1,True,True,True,False,False,False,False
9.188597,500,3777.694939,False,1,True,True,False,False,False,False,False
17.289332,500,3779.26245,False,1,False,True,True,False,False,False,False
11.243166,500,3782.317094,False,1,True,True,False,False,False,False,False
21.353873,500,3783.727297,False,1,True,True,True,False,False,False,False
12.193732,500,3785.138985,False,1,True,True,True,False,False,False,False
10.459535,500,3786.516476,False,1,True,True,False,False,False,False,False
10.786906,500,3789.323978,False,1,False,True,True,False,False,False,False
19.329866,500,3790.729433,False,1,True,True,True,False,False,False,False
20.894244,500,3792.161296,False,1,True,True,True,False,False,False,False
8.475541,500,3863.901602,False,1,False,True,False,False,False,False,False
6.211833,500,3866.707899,False,1,False,False,False,False,False,False,False
10.34513,500,3868.076751,False,1,True,False,False,False,False,False,False
7.437573,500,3869.419328,False,1,False,False,False,False,False,False,False
21.152101,500,3870.812979,False,1,True,True,True,False,False,False,False
8.150165,500,3874.064715,False,1,False,True,False,False,False,False,False
9.968591,500,3875.430336,False,1,True,True,False,False,False,False,False
8.077253,500,3876.947411,False,1,False,True,True,False,False,False,False
10.801757,500,3878.34647,False,1,True,True,False,False,False,False,False
20.536718,500,3879.781033,False,1,True,True,True,False,False,False,False
20.021275,500,3882.736795,False,1,True,True,True,False,False,False,False
7.722835,500,3884.131944,False,1,False,True,False,False,False,False,False
8.455512,500,3885.51962,False,1,False,True,False,False,False,False,False
10.307461,500,3886.949765,False,1,True,True,False,False,False,False,False
10.53058,500,3890.223926,False,1,True,True,False,False,False,False,False
16.379666,500,3891.641588,False,1,True,True,True,False,False,False,False
10.681519,500,3893.009508,False,1,True,False,False,False,False,False,False
15.59465,500,3894.222676,False,1,True,True,True,False,False,False,False
17.573833,500,3897.209481,False,1,True,True,True,False,False,False,False
15.682579,500,3898.368008,False,1,True,True,True,False,False,False,False
18.595782,500,3899.78966,False,1,True,True,True,False,False,False,False
20.204804,500,3901.158901,False,1,True,True,True,False,False,False,False
12.381078,500,3904.453893,False,1,True,True,True,False,False,False,False
8.109759,500,3905.846904,False,1,False,True,False,False,False,False,False
15.273924,500,3907.245335,False,1,True,True,True,False,False,False,False
1.708326,500,3908.722952,False,1,False,False,False,False,False,False,False
10.759978,500,3911.967665,False,1,True,True,False,False,False,False,False
17.207169,500,3913.431913,False,1,True,True,True,False,False,False,False
10.321251,500,3914.805329,False,1,True,True,False,False,False,False,False
11.06307,500,3916.22813,False,1,True,True,False,False,False,False,False
16.306643,500,3919.251675,False,1,True,True,True,False,False,False,False
19.716167,500,3920.68837,False,1,True,True,True,False,False,False,False
17.932225,500,3922.147586,False,1,True,True,True,False,False,False,False
10.773254,500,3923.477767,False,1,True,True,False,False,False,False,False
15.915603,500,3926.377895,False,1,True,True,True,False,False,False,False
4.818978,500,3927.505341,False,1,False,True,True,False,False,False,False
17.249327,500,3928.656765,False,1,True,True,True,False,False,False,False
7.457266,500,3930.02787,False,1,False,False,False,False,False,False,False
6.276334,500,3933.047135,False,1,False,True,False,False,False,False,False
10.594008,500,3934.491455,False,1,True,True,False,False,False,False,False
12.874116,500,3936.04541,False,1,True,True,True,False,False,False,False
13.710858,500,3937.444902,False,1,False,True,True,False,False,False,False
6.741067,500,3940.678675,False,1,False,False,False,False,False,False,False
6.568162,500,3942.069553,False,1,False,True,False,False,False,False,False
7.567932,500,3943.591153,False,1,False,True,False,False,False,False,False
17.933371,500,3945.02958,False,1,True,True,True,False,False,False,False
15.361216,500,3948.215157,False,1,True,True,True,False,False,False,False
8.148697,500,3949.579887,False,1,False,False,False,False,False,False,False
13.128225,500,3951.066902,False,1,False,True,True,False,False,False,False
19.061938,500,3952.553162,False,1,False,True,True,False,False,False,False
7.600279,500,4024.056761,False,1,False,False,False,False,False,False,False
19.670495,500,4026.970907,False,1,True,True,True,False,False,False,False
6.39792,500,4028.269255,False,1,False,False,False,False,False,False,False
7.787919,500,4029.686325,False,1,False,True,False,False,False,False,False
20.489144,500,4031.075712,False,1,True,True,True,False,False,False,False
8.301899,500,4034.05091,False,1,False,True,False,False,False,False,False
8.130679,500,4035.497614,False,1,False,True,False,False,False,False,False
5.330882,500,4036.825988,False,1,False,False,False,False,False,False,False
8.266877,500,4038.248012,False,1,False,True,False,False,False,False,False
8.305588,500,4041.018307,False,1,False,True,False,False,False,False,False
8.084947,500,4042.417423,False,1,False,True,False,False,False,False,False
21.665335,500,4043.819531,False,1,True,True,True,False,False,False,False
18.428172,500,4045.26094,False,1,False,True,True,False,False,False,False
18.947452,500,4048.346535,False,1,True,True,True,False,False,False,False
19.618793,500,4049.79125,False,1,True,True,True,False,False,False,False
12.625001,500,4051.238013,False,1,True,True,True,False,False,False,False
11.547202,500,4052.645365,False,1,True,True,False,False,False,False,False
7.88395,500,4055.690615,False,1,False,True,False,False,False,False,False
18.075803,500,4057.172076,False,1,True,True,True,False,False,False,False
14.908939,500,4058.667003,False,1,False,True,True,False,False,False,False
17.072668,500,4060.080962,False,1,True,True,True,False,False,False,False
7.947103,500,4063.038937,False,1,False,True,False,False,False,False,False
21.969476,500,4064.467712,False,1,True,True,True,False,False,False,False
7.619637,500,4065.847988,False,1,False,False,False,False,False,False,False
9.174662,500,4067.215894,False,1,False,False,False,False,False,False,False
20.158566,500,4070.317905,False,1,True,True,True,False,False,False,False
17.806651,500,4071.734296,False,1,False,True,True,False,False,False,False
9.124332,500,4073.096625,False,1,False,False,False,False,False,False,False
17.567235,500,4074.519759,False,1,True,True,True,False,False,False,False
16.784453,500,4077.576882,False,1,False,True,True,False,False,False,False
14.924461,500,4079.008913,False,1,False,True,True,False,False,False,False
18.052003,500,4080.410207,False,1,True,True,True,False,False,False,False
8.117681,500,4081.807164,False,1,False,True,False,False,False,False,False
16.380065,500,4084.796533,False,1,True,True,True,False,False,False,False
8.691181,500,4086.328001,False,1,False,True,False,False,False,False,False
16.239164,500,4087.720013,False,1,True,True,True,False,False,False,False
17.152562,500,4089.077289,False,1,True,True,True,False,False,False,False
20.288848,500,4092.025936,False,1,True,True,True,False,False,False,False
16.88478,500,4093.407732,False,1,True,True,True,False,False,False,False
12.917833,500,4094.798764,False,1,True,True,True,False,False,False,False
18.557777,500,4096.200475,False,1,True,True,True,False,False,False,False
15.739222,500,4099.235538,False,1,True,True,True,False,False,False,False
18.716671,500,4100.661346,False,1,True,True,True,False,False,False,False
18.930959,500,4102.05599,False,1,True,True,True,False,False,False,False
20.193499,500,4103.491738,False,1,True,True,True,False,False,False,False
21.491875,500,4104.885598,False,1,True,True,True,False,False,False,False
11.433986,500,4107.924602,False,1,True,True,False,False,False,False,False
12.965253,500,4109.372098,False,1,True,True,True,False,False,False,False
17.1964,500,4110.704302,False,1,False,True,True,False,False,False,False
10.792163,500,4112.051152,False,1,True,True,False,False,False,False,False
13.308827,500,4187.641212,False,1,False,True,True,False,False,False,False
12.892551,500,4188.974349,False,1,False,True,True,False,False,False,False
19.177237,500,4190.427513,False,1,True,True,True,False,False,False,False
11.165019,500,4191.719886,False,1,True,False,False,False,False,False,False
21.429582,500,4194.70951,False,1,True,True,True,False,False,False,False
18.780747,500,4196.098427,False,1,True,True,True,False,False,False,False
20.796612,500,4197.556827,False,1,True,True,True,False,False,False,False
17.470023,500,4198.953669,False,1,True,True,True,False,False,False,False
9.952375,500,4201.703366,False,1,False,True,True,False,False,False,False
19.068114,500,4203.076946,False,1,True,True,True,False,False,False,False
19.375735,500,4204.538063,False,1,True,True,True,False,False,False,False
18.591011,500,4205.902336,False,1,True,True,True,False,False,False,False
18.696231,500,4208.907292,False,1,True,True,True,False,False,False,False
14.110244,500,4210.283475,False,1,True,True,True,False,False,False,False
11.504116,500,4211.643901,False,1,True,True,False,False,False,False,False
20.419487,500,4213.013113,False,1,True,True,True,False,False,False,False
11.11482,500,4215.783323,False,1,True,True,False,False,False,False,False
8.59603,500,4217.17505,False,1,False,True,False,False,False,False,False
20.781032,500,4218.573318,False,1,True,True,True,False,False,False,False
21.527628,500,4219.98575,False,1,True,True,True,False,False,False,False
11.148825,500,4222.990914,False,1,True,True,False,False,False,False,False
19.36412,500,4224.431303,False,1,True,True,True,False,False,False,False
17.919145,500,4225.848586,False,1,True,True,True,False,False,False,False
6.596234,500,4227.287619,False,1,True,True,True,False,False,False,False
21.342179,500,4230.166932,False,1,True,True,True,False,False,False,False
16.584997,500,4231.659967,False,1,True,True,True,False,False,False,False
20.926837,500,4233.05367,False,1,True,True,True,False,False,False,False
18.810248,500,4234.462927,False,1,True,True,True,False,False,False,False
19.072958,500,4237.437514,False,1,True,True,True,False,False,False,False
17.062837,500,4238.893327,False,1,True,True,True,False,False,False,False
15.890167,500,4240.343788,False,1,True,True,True,False,False,False,False
18.513153,500,4241.772209,False,1,True,True,True,False,False,False,False
11.124766,500,4244.846633,False,1,True,True,False,False,False,False,False
16.702816,500,4246.282274,False,1,True,True,True,False,False,False,False
19.576629,500,4247.761626,False,1,True,True,True,False,False,False,False
14.413036,500,4249.064915,False,1,True,True,True,False,False,False,False
17.030578,500,4250.465474,False,1,True,True,True,False,False,False,False
11.240423,500,4253.280377,False,1,True,True,False,False,False,False,False
18.125238,500,4254.710829,False,1,True,True,True,False,False,False,False
16.496296,500,4256.105493,False,1,True,True,True,False,False,False,False
18.072703,500,4257.580335,False,1,True,True,True,False,False,False,False
10.373304,500,4260.554435,False,1,True,False,False,False,False,False,False
17.096024,500,4261.866932,False,1,True,True,True,False,False,False,False
12.076669,500,4263.164955,False,1,True,True,True,False,False,False,False
21.129412,500,4264.620588,False,1,True,True,True,False,False,False,False
10.045287,500,4267.612319,False,1,True,True,False,False,False,False,False
17.637486,500,4269.050866,False,1,True,True,True,False,False,False,False
17.244876,500,4270.456054,False,1,True,True,True,False,False,False,False
15.625824,500,4271.661642,False,1,True,True,True,False,False,False,False
18.767106,500,4274.601251,False,1,True,True,True,False,False,False,False
15.431326,500,4345.069344,False,1,True,True,True,False,False,False,False
10.562469,500,4346.456669,False,1,True,False,False,False,False,False,False
15.856797,500,4347.802032,False,1,True,True,True,False,False,False,False
15.467666,500,4350.790273,False,1,True,True,True,False,False,False,False
12.033207,500,4352.217994,False,1,True,True,True,False,False,False,False
17.974714,500,4353.619436,False,1,True,True,True,False,False,False,False
18.004676,500,4355.035676,False,1,True,True,True,False,False,False,False
15.992382,500,4358.026631,False,1,True,True,True,False,False,False,False
15.576095,500,4359.346282,False,1,True,True,True,False,False,False,False
6.697853,500,4360.616738,False,1,False,False,False,False,False,False,False
10.116924,500,4362.246966,False,1,True,True,False,False,False,False,False
12.577875,500,4365.245471,False,1,True,True,True,False,False,False,False
2.860423,500,4366.639247,False,1,False,False,False,False,False,False,False
16.786074,500,4367.838166,False,1,True,True,True,False,False,False,False
16.707078,500,4369.232037,False,1,True,True,True,False,False,False,False
11.808681,500,4372.15673,False,1,True,True,True,False,False,False,False
17.217483,500,4373.5215,False,1,True,True,True,False,False,False,False
17.793391,500,4374.863004,False,1,True,True,True,False,False,False,False
21.304953,500,4376.239489,False,1,True,True,True,False,False,False,False
14.875775,500,4379.105053,False,1,True,True,True,False,False,False,False
17.588645,500,4380.506142,False,1,True,True,True,False,False,False,False
19.8976,500,4381.916937,False,1,True,True,True,False,False,False,False
0.505417,500,4383.136183,False,1,False,False,False,False,False,False,False
11.028534,500,4386.235124,False,1,True,True,False,False,False,False,False
18.219302,500,4387.412299,False,1,True,True,True,False,False,False,False
-0.442913,500,4388.703007,False,1,False,False,False,False,False,False,False
11.503351,500,4390.061284,False,1,True,True,False,False,False,False,False
3.301093,500,4393.078898,False,1,False,False,False,False,False,False,False
3.30206,500,4394.44442,False,1,False,False,False,False,False,False,False
20.660772,500,4395.824612,False,1,True,True,True,False,False,False,False
21.669577,500,4397.225622,False,1,True,True,True,False,False,False,False
19.666143,500,4398.450233,False,1,True,True,True,False,False,False,False
5.955519,500,4401.221033,False,1,True,False,False,False,False,False,False
8.007794,500,4402.404616,False,1,True,True,True,False,False,False,False
20.723137,500,4403.836791,False,1,True,True,True,False,False,False,False
11.946901,500,4405.293806,False,1,True,True,True,False,False,False,False
11.801135,500,4407.943117,False,1,True,True,True,False,False,False,False
14.672435,500,4409.13251,False,1,True,True,True,False,False,False,False
20.517463,500,4410.616706,False,1,True,True,True,False,False,False,False
16.986563,500,4411.906983,False,1,True,True,True,False,False,False,False
18.360284,500,4414.947623,False,1,True,True,True,False,False,False,False
18.844166,500,4416.310557,False,1,True,True,True,False,False,False,False
19.648594,500,4417.723849,False,1,True,True,True,False,False,False,False
18.872524,500,4419.053457,False,1,True,True,True,False,False,False,False
0.983155,500,4421.840679,False,1,False,False,False,False,False,False,False
-1.707454,500,4423.116891,False,1,False,False,False,False,False,False,False
20.714798,500,4424.511811,False,1,True,True,True,False,False,False,False
10.229106,500,4425.956067,False,1,True,True,False,False,False,False,False
19.782897,500,4428.66496,False,1,True,True,True,False,False,False,False
17.480341,500,4430.045982,False,1,True,True,True,False,False,False,False
10.85693,500,4488.255012,False,1,True,True,False,False,False,False,False
18.121172,500,4489.649163,False,1,True,True,True,False,False,False,False
18.02348,500,4492.473153,False,1,True,True,True,False,False,False,False
2.179763,500,4494.035029,False,1,True,True,True,False,False,False,False
20.611778,500,4495.414474,False,1,True,True,True,False,False,False,False
19.081973,500,4496.874928,False,1,True,True,True,False,False,False,False
20.158797,500,4499.678953,False,1,True,True,True,False,False,False,False
16.517984,500,4501.010086,False,1,True,True,True,False,False,False,False
22.127616,500,4502.455604,False,1,True,True,True,False,False,False,False
22.31612,500,4503.968037,False,1,True,True,True,False,False,False,False
16.570546,500,4506.776187,False,1,True,True,True,False,False,False,False
17.510568,500,4507.993912,False,1,True,True,True,False,False,False,False
22.074038,500,4509.427349,False,1,True,True,True,False,False,False,False
18.36066,500,4510.886261,False,1,True,True,True,False,False,False,False
16.340245,500,4513.542854,False,1,True,True,True,False,False,False,False
11.945276,500,4514.879623,False,1,True,False,False,False,False,False,False
16.622516,500,4516.081603,False,1,True,True,True,False,False,False,False
19.741408,500,4517.379922,False,1,True,True,True,False,False,False,False
8.112708,500,4520.18734,False,1,False,True,False,False,False,False,False
11.512181,500,4521.625956,False,1,True,True,False,False,False,False,False
18.789462,500,4523.091667,False,1,True,True,True,False,False,False,False
0.269172,500,4524.457339,False,1,False,False,False,False,False,False,False
22.058739,500,4525.880302,False,1,True,True,True,False,False,False,False
7.666146,500,4528.737182,False,1,False,False,False,False,False,False,False
12.021511,500,4529.913977,False,1,True,True,True,False,False,False,False
21.0802,500,4531.391567,False,1,True,True,True,False,False,False,False
11.077465,500,4532.563652,False,1,True,True,False,False,False,False,False
17.119185,500,4535.377342,False,1,True,True,True,False,False,False,False
10.477155,500,4536.802499,False,1,True,True,False,False,False,False,False
18.899094,500,4538.195999,False,1,True,True,True,False,False,False,False
11.11179,500,4539.567755,False,1,True,False,False,False,False,False,False
7.924138,500,4542.506144,False,1,False,True,False,False,False,False,False
14.603417,500,4543.718421,False,1,True,True,True,False,False,False,False
16.415355,500,4545.133976,False,1,True,True,True,False,False,False,False
0.113169,500,4546.559469,False,1,False,False,False,False,False,False,False
17.689529,500,4549.337543,False,1,True,True,True,False,False,False,False
10.986396,500,4550.822597,False,1,True,True,True,False,False,False,False
15.418879,500,4552.035954,False,1,True,True,True,False,False,False,False
12.98577,500,4553.237509,False,1,True,True,True,False,False,False,False
18.926579,500,4556.080648,False,1,True,True,True,False,False,False,False
20.121219,500,4557.308838,False,1,True,True,True,False,False,False,False
17.501172,500,4558.608204,False,1,True,True,True,False,False,False,False
0.394618,500,4559.700799,False,1,False,False,False,False,False,False,False
10.460037,500,4562.637201,False,1,True,False,False,False,False,False,False
18.904706,500,4563.996197,False,1,True,True,True,False,False,False,False
10.653369,500,4565.365,False,1,True,True,False,False,False,False,False
14.237793,500,4566.61232,False,1,True,True,True,False,False,False,False
18.715252,500,4569.632775,False,1,True,True,True,False,False,False,False
10.930834,500,4571.116591,False,1,True,True,False,False,False,False,False
12.232844,500,4572.595975,False,1,False,True,True,False,False,False,False
12.469058,500,4655.411442,False,1,True,True,True,False,False,False,False
10.344419,500,4658.136998,False,1,True,True,False,False,False,False,False
19.45963,500,4659.603339,False,1,True,True,True,False,False,False,False
10.502114,500,4661.02959,False,1,True,True,False,False,False,False,False
13.009951,500,4662.535911,False,1,True,True,True,False,False,False,False
12.549419,500,4665.658337,False,1,True,True,True,False,False,False,False
19.944902,500,4667.216164,False,1,True,True,True,False,False,False,False
3.694945,500,4668.521204,False,1,False,False,False,False,False,False,False
19.119433,500,4669.725122,False,1,True,True,True,False,False,False,False
7.245333,500,4672.618372,False,1,False,False,False,False,False,False,False
7.990142,500,4673.986604,False,1,False,True,False,False,False,False,False
22.199695,500,4675.433957,False,1,True,True,True,False,False,False,False
21.432391,500,4676.913632,False,1,True,True,True,False,False,False,False
8.40231,500,4678.420776,False,1,False,True,False,False,False,False,False
19.041074,500,4681.21365,False,1,True,True,True,False,False,False,False
19.607837,500,4682.488988,False,1,True,True,True,False,False,False,False
10.708552,500,4683.972709,False,1,True,True,False,False,False,False,False
20.421734,500,4685.281205,False,1,True,True,True,False,False,False,False
18.939019,500,4688.274051,False,1,True,True,True,False,False,False,False
11.080713,500,4689.636784,False,1,True,True,False,False,False,False,False
18.552674,500,4691.173023,False,1,True,True,True,False,False,False,False
17.112699,500,4692.596572,False,1,True,True,True,False,False,False,False
13.938226,500,4695.401153,False,1,False,True,True,False,False,False,False
19.289803,500,4697.070514,False,1,False,True,True,False,False,False,False
19.054474,500,4698.540788,False,1,True,True,True,False,False,False,False
21.764096,500,4700.137136,False,1,True,True,True,False,False,False,False
13.920455,500,4703.03416,False,1,False,True,True,False,False,False,False
18.078956,500,4704.539481,False,1,True,True,True,False,False,False,False
7.891445,500,4706.069607,False,1,False,True,False,False,False,False,False
18.5529,500,4707.570267,False,1,True,True,True,False,False,False,False
11.517511,500,4710.587381,False,1,True,True,False,False,False,False,False
19.693456,500,4712.0686,False,1,True,True,True,False,False,False,False
20.087758,500,4713.603449,False,1,True,True,True,False,False,False,False
21.959562,500,4715.076,False,1,True,True,True,False,False,False,False
21.362219,500,4718.11086,False,1,True,True,True,False,False,False,False
13.250347,500,4719.592733,False,1,False,True,True,False,False,False,False
7.858272,500,4721.018593,False,1,False,True,False,False,False,False,False
8.184632,500,4722.484524,False,1,False,True,False,False,False,False,False
11.165572,500,4725.258042,False,1,True,True,False,False,False,False,False
17.90461,500,4726.457064,False,1,True,True,True,False,False,False,False
10.240599,500,4727.939476,False,1,True,True,False,False,False,False,False
18.637406,500,4729.25077,False,1,True,True,True,False,False,False,False
17.903006,500,4732.060794,False,1,True,True,True,False,False,False,False
18.852023,500,4733.559542,False,1,True,True,True,False,False,False,False
18.06075,500,4735.058478,False,1,True,True,True,False,False,False,False
18.092227,500,4736.53968,False,1,True,True,True,False,False,False,False
17.904564,500,4739.390233,False,1,False,True,True,False,False,False,False
11.415184,500,4740.60861,False,1,True,True,False,False,False,False,False
19.443159,500,4741.848127,False,1,True,True,True,False,False,False,False
15.027296,500,4743.339475,False,1,False,True,True,False,False,False,False
17.750044,500,4821.656072,False,1,True,True,True,False,False,False,False
16.887281,500,4823.114534,False,1,True,True,True,False,False,False,False
20.02983,500,4824.621018,False,1,True,True,True,False,False,False,False
22.085207,500,4826.165896,False,1,True,True,True,False,False,False,False
20.5912,500,4828.8302,False,1,True,True,True,False,False,False,False
17.999375,500,4830.038683,False,1,True,True,True,False,False,False,False
8.588008,500,4831.428363,False,1,False,True,False,False,False,False,False
11.37167,500,4832.790942,False,1,True,True,False,False,False,False,False
17.438437,500,4834.120689,False,1,True,True,True,False,False,False,False
10.32098,500,4836.853486,False,1,True,True,False,False,False,False,False
21.550886,500,4838.32143,False,1,True,True,True,False,False,False,False
21.365273,500,4839.721232,False,1,True,True,True,False,False,False,False
20.550403,500,4841.188762,False,1,True,True,True,False,False,False,False
19.30502,500,4843.915578,False,1,True,True,True,False,False,False,False
9.48423,500,4845.401345,False,1,False,True,True,False,False,False,False
6.200046,500,4846.545075,False,1,False,True,False,False,False,False,False
19.888527,500,4847.806294,False,1,True,True,True,False,False,False,False
8.461474,500,4850.804288,False,1,False,True,False,False,False,False,False
19.043524,500,4852.216358,False,1,True,True,True,False,False,False,False
22.098944,500,4853.583848,False,1,True,True,True,False,False,False,False
18.157618,500,4855.019849,False,1,True,True,True,False,False,False,False
-0.91192,500,4857.709663,False,1,False,True,False,False,False,False,False
14.964478,500,4858.915599,False,1,True,True,True,False,False,False,False
17.991651,500,4860.40488,False,1,True,True,True,False,False,False,False
22.24025,500,4861.887511,False,1,True,True,True,False,False,False,False
18.651856,500,4864.7709,False,1,True,True,True,False,False,False,False
19.152939,500,4866.240696,False,1,True,True,True,False,False,False,False
18.997375,500,4867.602181,False,1,True,True,True,False,False,False,False
18.321799,500,4868.852932,False,1,True,True,True,False,False,False,False
20.776774,500,4871.678426,False,1,True,True,True,False,False,False,False
20.54544,500,4873.218769,False,1,True,True,True,False,False,False,False
10.493476,500,4874.666573,False,1,True,True,False,False,False,False,False
18.839024,500,4876.106845,False,1,True,True,True,False,False,False,False
17.936985,500,4878.829224,False,1,True,True,True,False,False,False,False
20.462681,500,4880.338048,False,1,True,True,True,False,False,False,False
18.350766,500,4881.79276,False,1,True,True,True,False,False,False,False
22.394028,500,4883.261248,False,1,True,True,True,False,False,False,False
22.664196,500,4886.360722,False,1,True,True,True,False,False,False,False
15.741656,500,4887.64318,False,1,True,True,True,False,False,False,False
20.782379,500,4889.096529,False,1,True,True,True,False,False,False,False
20.748689,500,4890.585842,False,1,True,True,True,False,False,False,False
8.423983,500,4893.456296,False,1,False,True,False,False,False,False,False
15.924634,500,4894.641708,False,1,True,True,True,False,False,False,False
20.947094,500,4896.149646,False,1,True,True,True,False,False,False,False
14.848824,500,4897.577456,False,1,False,True,True,False,False,False,False
10.375418,500,4900.382408,False,1,True,True,False,False,False,False,False
17.657525,500,4901.557459,False,1,True,True,True,False,False,False,False
21.837966,500,4903.115876,False,1,True,True,True,False,False,False,False
16.319725,500,4904.26509,False,1,True,True,True,False,False,False,False
17.531625,500,4905.721905,False,1,False,True,True,False,False,False,False
20.522047,500,4977.069381,False,1,True,True,True,False,False,False,False
19.992553,500,4978.566349,False,1,True,True,True,False,False,False,False
9.601135,500,4979.755195,False,1,False,True,True,False,False,False,False
17.897146,500,4981.231448,False,1,True,True,True,False,False,False,False
17.28216,500,4984.318139,False,1,True,True,True,False,False,False,False
16.966984,500,4985.816103,False,1,True,True,True,False,False,False,False
18.061462,500,4987.350264,False,1,True,True,True,False,False,False,False
18.391507,500,4988.882499,False,1,True,True,True,False,False,False,False
21.502383,500,4991.819865,False,1,True,True,True,False,False,False,False
19.317722,500,4993.019028,False,1,True,True,True,False,False,False,False
16.274302,500,4994.47061,False,1,True,True,True,False,False,False,False
10.645978,500,4995.966972,False,1,True,True,False,False,False,False,False
20.789229,500,4999.018223,False,1,True,True,True,False,False,False,False
20.731852,500,5000.498045,False,1,True,True,True,False,False,False,False
4.973208,500,5001.573247,False,1,False,False,False,False,False,False,False
1.426318,500,5002.65434,False,1,False,False,False,False,False,False,False
18.850607,500,5005.701175,False,1,True,True,True,False,False,False,False
10.160133,500,5007.094851,False,1,True,True,False,False,False,False,False
18.741723,500,5008.498617,False,1,True,True,True,False,False,False,False
20.871777,500,5009.928379,False,1,True,True,True,False,False,False,False
22.067416,500,5012.874849,False,1,True,True,True,False,False,False,False
11.368937,500,5014.338516,False,1,True,True,False,False,False,False,False
14.947923,500,5015.805432,False,1,False,True,True,False,False,False,False
9.422023,500,5016.968677,False,1,False,True,True,False,False,False,False
7.997133,500,5019.848183,False,1,False,True,False,False,False,False,False
20.138435,500,5021.289385,False,1,True,True,True,False,False,False,False
22.217498,500,5022.700726,False,1,True,True,True,False,False,False,False
16.169498,500,5024.180314,False,1,True,True,True,False,False,False,False
19.111701,500,5027.289877,False,1,True,True,True,False,False,False,False
18.664001,500,5028.476602,False,1,True,True,True,False,False,False,False
17.754309,500,5029.913974,False,1,True,True,True,False,False,False,False
19.873305,500,5031.359988,False,1,True,True,True,False,False,False,False
22.612397,500,5034.437346,False,1,True,True,True,False,False,False,False
22.340623,500,5035.919245,False,1,True,True,True,False,False,False,False
10.805333,500,5037.366139,False,1,True,True,False,False,False,False,False
22.21493,500,5038.847028,False,1,True,True,True,False,False,False,False
11.107758,500,5041.674169,False,1,True,True,False,False,False,False,False
17.429285,500,5042.863643,False,1,True,True,True,False,False,False,False
15.030459,500,5044.054563,False,1,False,True,True,False,False,False,False
11.436416,500,5045.224562,False,1,True,True,False,False,False,False,False
15.133017,500,5047.313133,False,1,False,True,True,False,False,False,False
10.948454,500,5048.700927,False,1,True,False,False,False,False,False,False
10.214179,500,5050.055986,False,1,True,False,False,False,False,False,False
22.967521,500,5051.607406,False,1,True,True,True,False,False,False,False
18.707509,500,5052.818325,False,1,True,True,True,False,False,False,False
15.474297,500,5055.697975,False,1,True,True,True,False,False,False,False
-11.629159,500,5056.94666,False,1,False,False,False,False,False,False,False
15.798064,500,5058.387312,False,1,True,True,True,False,False,False,False
19.118185,500,5059.615285,False,1,True,True,True,False,False,False,False
19.595544,500,5062.407441,False,1,True,True,True,False,False,False,False
22.125864,500,5114.26785,False,1,True,True,True,False,False,False,False
18.844117,500,5115.798622,False,1,True,True,True,False,False,False,False
22.317873,500,5117.283165,False,1,True,True,True,False,False,False,False
4.335908,500,5120.478253,False,1,False,False,False,False,False,False,False
18.193916,500,5121.669734,False,1,True,True,True,False,False,False,False
18.837324,500,5123.116929,False,1,True,True,True,False,False,False,False
6.020098,500,5124.227484,False,1,False,True,False,False,False,False,False
9.4828,500,5127.180067,False,1,True,False,False,False,False,False,False
16.367973,500,5128.608507,False,1,True,True,True,False,False,False,False
-3.125922,500,5129.882966,False,1,True,True,True,False,False,False,False
5.840678,500,5131.030689,False,1,False,True,False,False,False,False,False
9.941052,500,5134.263854,False,1,True,True,False,False,False,False,False
20.717179,500,5135.750057,False,1,True,True,True,False,False,False,False
4.752071,500,5137.118736,False,1,False,False,False,False,False,False,False
23.017991,500,5138.656711,False,1,True,True,True,False,False,False,False
17.157989,500,5141.93788,False,1,True,True,True,False,False,False,False
17.537668,500,5143.321956,False,1,True,True,True,False,False,False,False
7.617234,500,5144.686717,False,1,False,True,False,False,False,False,False
16.588905,500,5146.038674,False,1,True,True,True,False,False,False,False
18.094585,500,5149.073875,False,1,True,True,True,False,False,False,False
11.527986,500,5150.498518,False,1,True,True,False,False,False,False,False
16.151731,500,5151.665928,False,1,True,True,True,False,False,False,False
13.689579,500,5153.088378,False,1,True,True,True,False,False,False,False
20.92339,500,5156.526773,False,1,False,True,True,False,False,False,False
8.414777,500,5157.915338,False,1,False,True,False,False,False,False,False
11.162861,500,5159.283873,False,1,True,True,False,False,False,False,False
17.036127,500,5160.657039,False,1,True,True,True,False,False,False,False
17.015616,500,5163.234239,False,1,True,True,True,False,False,False,False
18.869361,500,5164.730628,False,1,True,True,True,False,False,False,False
4.662007,500,5166.15722,False,1,False,True,False,False,False,False,False
11.33057,500,5167.497563,False,1,True,True,False,False,False,False,False
11.200679,500,5170.590231,False,1,True,True,False,False,False,False,False
12.203711,500,5172.060093,False,1,False,True,True,False,False,False,False
16.450033,500,5173.301557,False,1,False,True,True,False,False,False,False
19.34452,500,5174.833974,False,1,True,True,True,False,False,False,False
18.988108,500,5176.081667,False,1,True,True,True,False,False,False,False
11.580507,500,5178.807943,False,1,True,True,False,False,False,False,False
20.865745,500,5180.025568,False,1,True,True,True,False,False,False,False
18.957055,500,5181.667068,False,1,True,True,True,False,False,False,False
23.196996,500,5183.248988,False,1,True,True,True,False,False,False,False
22.641681,500,5186.271446,False,1,True,True,True,False,False,False,False
4.56451,500,5187.707176,False,1,False,False,False,False,False,False,False
-5.883719,500,5188.892997,False,1,False,True,True,False,False,False,False
4.310483,500,5190.284256,False,1,False,False,False,False,False,False,False
10.611571,500,5193.570827,False,1,True,True,False,False,False,False,False
22.99358,500,5195.081858,False,1,True,True,True,False,False,False,False
17.739628,500,5196.625625,False,1,False,True,True,False,False,False,False
18.21148,500,5198.179827,False,1,False,True,True,False,False,False,False
20.864519,500,5201.59259,False,1,True,True,True,False,False,False,False
8.557402,500,5203.051388,False,1,False,True,False,False,False,False,False
18.47925,500,5273.766195,False,1,True,True,True,False,False,False,False
16.169586,500,5275.156181,False,1,False,True,True,False,False,False,False
12.071423,500,5278.310656,False,1,True,False,False,False,False,False,False
4.195945,500,5279.674968,False,1,False,False,False,False,False,False,False
11.534335,500,5280.904113,False,1,True,False,False,False,False,False,False
-0.826374,500,5282.086127,False,1,False,False,False,False,False,False,False
0.800269,500,5285.139567,False,1,False,False,False,False,False,False,False
18.150605,500,5286.744864,False,1,True,True,True,False,False,False,False
4.425075,500,5288.097561,False,1,False,False,False,False,False,False,False
2.192845,500,5289.406231,False,1,False,False,False,False,False,False,False
83.655378,134,5289.793941,True,1,True,True,True,False,False,True,True
2.43675,500,5292.791223,False,1,False,False,False,False,False,False,False
6.93303,500,5293.914528,False,1,False,True,False,False,False,False,False
15.20511,500,5295.210808,False,1,False,True,True,False,False,False,False
-1.659028,500,5296.388111,False,1,False,False,False,False,False,False,False
11.428815,500,5299.508081,False,1,True,True,False,False,False,False,False
22.527625,500,5300.982567,False,1,True,True,True,False,False,False,False
10.277303,500,5302.356037,False,1,True,False,False,False,False,False,False
23.308691,500,5303.812952,False,1,True,True,True,False,False,False,False
20.000205,500,5307.195951,False,1,True,True,True,False,False,False,False
23.31181,500,5308.630833,False,1,True,True,True,False,False,False,False
16.561476,500,5310.138966,False,1,True,True,True,False,False,False,False
0.950387,500,5311.344076,False,1,False,False,False,False,False,False,False
18.066063,500,5314.717311,False,1,True,True,True,False,False,False,False
17.351855,500,5316.303793,False,1,True,True,True,False,False,False,False
17.695832,500,5317.848037,False,1,False,True,True,False,False,False,False
8.721066,500,5319.132006,False,1,False,False,False,False,False,False,False
21.081997,500,5322.41192,False,1,True,True,True,False,False,False,False
21.529493,500,5323.975376,False,1,True,True,True,False,False,False,False
10.120202,500,5325.346425,False,1,True,True,False,False,False,False,False
2.940265,500,5326.628547,False,1,False,False,False,False,False,False,False
4.146461,500,5329.837308,False,1,False,False,False,False,False,False,False
24.078868,500,5331.43009,False,1,True,True,True,False,False,False,False
12.41742,500,5333.228902,False,1,False,True,True,False,False,False,False
10.916083,500,5334.700067,False,1,True,True,False,False,False,False,False
21.366058,500,5337.604967,False,1,True,True,True,False,False,False,False
3.741273,500,5338.968554,False,1,False,False,False,False,False,False,False
24.099799,500,5340.614283,False,1,True,True,True,False,False,False,False
19.728515,500,5342.121918,False,1,True,True,True,False,False,False,False
6.348002,500,5343.478873,False,1,False,False,False,False,False,False,False
15.500025,500,5346.49834,False,1,True,True,True,False,False,False,False
82.738748,128,5346.845709,True,1,True,True,True,False,False,True,True
11.889466,500,5348.196126,False,1,True,False,False,False,False,False,False
18.588768,500,5349.722892,False,1,False,True,True,False,False,False,False
16.283461,500,5353.194723,False,1,True,True,True,False,False,False,False
20.501626,500,5354.6353,False,1,True,True,True,False,False,False,False
19.491565,500,5356.106114,False,1,True,True,True,False,False,False,False
8.077006,500,5357.604609,False,1,False,False,False,False,False,False,False
21.254741,500,5361.19116,False,1,True,True,True,False,False,False,False
18.172515,500,5362.397376,False,1,True,True,True,False,False,False,False
16.888016,500,5363.909747,False,1,False,True,True,False,False,False,False
9.282779,500,5432.502405,False,1,False,False,False,False,False,False,False
15.105344,500,5433.617868,False,1,False,True,True,False,False,False,False
-16.580427,500,5436.378724,False,1,True,True,True,False,False,False,False
15.235071,500,5437.873954,False,1,False,True,True,False,False,False,False
8.917419,500,5439.260118,False,1,False,False,False,False,False,False,False
17.585311,500,5440.392772,False,1,True,True,True,False,False,False,False
17.599364,500,5443.232021,False,1,True,True,True,False,False,False,False
13.333128,500,5444.393003,False,1,False,True,True,False,False,False,False
18.703494,500,5445.631536,False,1,True,True,True,False,False,False,False
19.109121,500,5447.105294,False,1,True,True,True,False,False,False,False
-20.215099,500,5449.938089,False,1,True,True,True,False,False,False,False
1.483281,500,5451.123708,False,1,False,False,False,False,False,False,False
-16.412096,500,5452.331452,False,1,True,True,True,False,False,False,False
15.835084,500,5453.795805,False,1,False,True,True,False,False,False,False
17.029214,500,5456.713848,False,1,True,True,True,False,False,False,False
11.890469,500,5457.921081,False,1,True,True,False,False,False,False,False
13.356071,500,5459.329723,False,1,False,True,True,False,False,False,False
8.809053,500,5460.713207,False,1,False,False,False,False,False,False,False
19.626696,500,5463.714929,False,1,True,True,True,False,False,False,False
22.027072,500,5465.084713,False,1,True,True,True,False,False,False,False
12.356116,500,5466.371473,False,1,True,False,False,False,False,False,False
11.998323,500,5467.708406,False,1,True,False,False,False,False,False,False
24.268095,500,5470.672883,False,1,True,True,True,False,False,False,False
-16.105205,500,5471.86614,False,1,True,True,True,False,False,False,False
21.534659,500,5473.373368,False,1,True,True,True,False,False,False,False
11.291877,500,5474.583351,False,1,True,True,False,False,False,False,False
5.692589,500,5477.561835,False,1,False,False,False,False,False,False,False
18.751151,500,5478.941425,False,1,True,True,True,False,False,False,False
-11.298518,500,5480.103196,False,1,True,True,True,False,False,False,False
82.520572,140,5480.476796,True,1,True,True,True,False,False,True,True
22.44151,500,5481.876412,False,1,True,True,True,False,False,False,False
10.033143,500,5484.510684,False,1,False,True,True,False,False,False,False
17.55439,500,5486.37911,False,1,True,True,True,False,False,False,False
14.998188,500,5487.766047,False,1,False,True,True,False,False,False,False
17.093408,500,5488.927239,False,1,True,True,True,False,False,False,False
18.324744,500,5491.758712,False,1,True,True,True,False,False,False,False
19.538424,500,5492.971167,False,1,True,True,True,False,False,False,False
12.650966,500,5494.213042,False,1,True,False,False,False,False,False,False
18.263806,500,5495.664833,False,1,True,True,True,False,False,False,False
25.136473,500,5498.72898,False,1,True,True,True,False,False,False,False
5.813905,500,5500.039152,False,1,False,False,False,False,False,False,False
12.704887,500,5501.224735,False,1,True,True,True,False,False,False,False
16.411583,500,5502.389381,False,1,True,True,True,False,False,False,False
-9.566662,500,5505.151425,False,1,True,True,True,False,False,False,False
17.647261,500,5506.298715,False,1,True,True,True,False,False,False,False
17.305117,500,5507.47261,False,1,True,True,True,False,False,False,False
15.111397,500,5508.640829,False,1,True,True,True,False,False,False,False
80.970297,131,5509.008656,True,1,True,True,True,False,False,True,True
18.557157,500,5511.816767,False,1,True,True,True,False,False,False,False
82.86536,141,5512.21079,True,1,True,True,True,False,False,True,True
21.442986,500,5513.610317,False,1,True,True,True,False,False,False,False
86.614549,124,5513.946561,True,1,True,True,True,False,False,True,True
16.135074,500,5515.114902,False,1,True,True,True,False,False,False,False
10.330247,500,5567.454341,False,1,True,False,False,False,False,False,False
10.374442,500,5569.980988,False,1,True,False,False,False,False,False,False
14.311293,500,5571.343374,False,1,False,True,True,False,False,False,False
17.064481,500,5572.709707,False,1,True,True,True,False,False,False,False
19.196181,500,5574.178215,False,1,True,True,True,False,False,False,False
10.527391,500,5576.715987,False,1,True,False,False,False,False,False,False
11.295038,500,5577.998065,False,1,True,False,False,False,False,False,False
8.642297,500,5579.120915,False,1,False,False,False,False,False,False,False
15.785822,500,5580.268089,False,1,True,True,True,False,False,False,False
10.282541,500,5583.044409,False,1,True,False,False,False,False,False,False
17.039779,500,5584.326335,False,1,True,True,True,False,False,False,False
19.691266,500,5585.468443,False,1,True,True,True,False,False,False,False
19.285674,500,5586.814608,False,1,True,True,True,False,False,False,False
19.182708,500,5589.498326,False,1,True,True,True,False,False,False,False
10.940233,500,5590.666513,False,1,True,True,False,False,False,False,False
18.480212,500,5591.913947,False,1,True,True,True,False,False,False,False
19.016825,500,5593.328518,False,1,True,True,True,False,False,False,False
82.655707,161,5593.775862,True,1,True,True,True,False,False,True,True
18.864051,500,5596.769658,False,1,True,True,True,False,False,False,False
11.302757,500,5598.011358,False,1,True,False,False,False,False,False,False
18.502687,500,5599.498049,False,1,True,True,True,False,False,False,False
21.486063,500,5600.85184,False,1,True,True,True,False,False,False,False
21.179137,500,5603.688587,False,1,True,True,True,False,False,False,False
16.590312,500,5604.888898,False,1,True,True,True,False,False,False,False
15.610654,500,5606.412318,False,1,False,True,True,False,False,False,False
13.229719,500,5607.612335,False,1,False,True,True,False,False,False,False
17.924129,500,5610.652892,False,1,True,True,True,False,False,False,False
12.451266,500,5611.934913,False,1,True,False,False,False,False,False,False
18.87234,500,5613.12297,False,1,True,True,True,False,False,False,False
-28.477725,500,5614.342901,False,1,True,True,True,False,False,False,False
16.351103,500,5617.247031,False,1,True,True,True,False,False,False,False
-33.309166,500,5618.468946,False,1,True,True,True,False,False,False,False
11.649687,500,5619.663373,False,1,True,True,False,False,False,False,False
22.411666,500,5621.168143,False,1,True,True,True,False,False,False,False
18.920411,500,5623.997396,False,1,True,True,True,False,False,False,False
18.700197,500,5625.293625,False,1,True,True,True,False,False,False,False
19.64506,500,5626.660422,False,1,True,True,True,False,False,False,False
18.573835,500,5628.428271,False,1,True,True,True,False,False,False,False
18.509926,500,5631.541666,False,1,True,True,True,False,False,False,False
17.613998,500,5632.751695,False,1,True,True,True,False,False,False,False
6.607835,500,5634.151453,False,1,False,False,False,False,False,False,False
15.815634,500,5635.353152,False,1,True,True,True,False,False,False,False
15.059577,500,5638.167671,False,1,False,True,True,False,False,False,False
87.232888,147,5638.579725,True,1,True,True,True,False,False,True,True
11.463705,500,5639.790457,False,1,True,True,False,False,False,False,False
19.274824,500,5641.067047,False,1,True,True,True,False,False,False,False
20.88409,500,5642.411307,False,1,True,True,True,False,False,False,False
24.06395,500,5645.467501,False,1,True,True,True,False,False,False,False
23.380418,500,5646.892,False,1,True,True,True,False,False,False,False
6.061501,500,5648.294415,False,1,False,False,False,False,False,False,False
19.081698,500,5649.515589,False,1,True,True,True,False,False,False,False
11.448407,500,5719.470147,False,1,True,True,False,False,False,False,False
-32.445747,500,5720.686663,False,1,True,True,True,True,False,False,False
16.504316,500,5721.867884,False,1,True,True,True,False,False,False,False
16.212596,500,5723.032704,False,1,True,True,True,False,False,False,False
24.209433,500,5725.630145,False,1,True,True,True,False,False,False,False
9.728539,500,5726.788666,False,1,False,True,True,False,False,False,False
23.263287,500,5728.276978,False,1,True,True,True,False,False,False,False
4.000906,500,5729.50612,False,1,False,False,False,False,False,False,False
11.47447,500,5731.522197,False,1,True,True,False,False,False,False,False
17.969461,500,5733.015928,False,1,True,True,True,False,False,False,False
17.394505,500,5734.464837,False,1,False,True,True,False,False,False,False
21.994976,500,5735.71956,False,1,True,True,True,False,False,False,False
14.253737,500,5738.121905,False,1,True,True,True,False,False,False,False
18.647305,500,5739.314041,False,1,True,True,True,False,False,False,False
11.491315,500,5740.486244,False,1,True,True,True,False,False,False,False
21.278859,500,5741.884596,False,1,True,True,True,False,False,False,False
10.437126,500,5743.051064,False,1,False,True,True,False,False,False,False
12.284899,500,5745.633935,False,1,True,False,False,False,False,False,False
12.193806,500,5746.814504,False,1,True,False,False,False,False,False,False
22.321634,500,5748.308185,False,1,True,True,True,False,False,False,False
18.194051,500,5749.474498,False,1,True,True,True,False,False,False,False
16.193608,500,5751.918974,False,1,False,True,True,False,False,False,False
24.208339,500,5753.365744,False,1,True,True,True,False,False,False,False
16.702845,500,5754.524608,False,1,True,True,True,False,False,False,False
17.473034,500,5755.693291,False,1,True,True,True,False,False,False,False
10.994218,500,5758.150258,False,1,True,True,False,False,False,False,False
23.853466,500,5759.674947,False,1,True,True,True,False,False,False,False
-28.255156,500,5760.890226,False,1,True,True,True,False,False,False,False
12.577389,500,5762.161715,False,1,True,False,False,False,False,False,False
17.899873,500,5764.505869,False,1,True,True,True,False,False,False,False
10.510001,500,5765.627075,False,1,True,False,False,False,False,False,False
19.746471,500,5767.108544,False,1,True,True,True,False,False,False,False
21.464433,500,5768.5458,False,1,True,True,True,False,False,False,False
18.350408,500,5770.965312,False,1,True,True,True,False,False,False,False
19.626109,500,5772.301254,False,1,True,True,True,False,False,False,False
20.891054,500,5773.711842,False,1,True,True,True,False,False,False,False
16.901481,500,5774.979314,False,1,True,True,True,False,False,False,False
3.295218,500,5777.562561,False,1,False,False,False,False,False,False,False
11.719684,500,5778.83408,False,1,True,False,False,False,False,False,False
3.201999,500,5779.932641,False,1,False,False,False,False,False,False,False
24.515226,500,5781.46662,False,1,True,True,True,False,False,False,False
83.686213,139,5781.859556,True,1,True,True,True,False,False,True,True
6.945508,500,5784.629375,False,1,False,False,False,False,False,False,False
11.454695,500,5785.752115,False,1,True,False,False,False,False,False,False
2.30184,500,5786.847952,False,1,False,False,False,False,False,False,False
15.707373,500,5788.018342,False,1,True,True,True,False,False,False,False
15.815933,500,5790.704736,False,1,True,True,True,False,False,False,False
19.046482,500,5792.11665,False,1,True,True,True,False,False,False,False
21.785877,500,5793.647799,False,1,True,True,True,False,False,False,False
87.840026,165,5794.077787,True,1,True,True,True,False,False,True,True
11.595484,500,5795.233685,False,1,True,True,False,False,False,False,False
-12.381704,500,5797.971915,False,1,True,True,True,False,False,False,False
